 VARIABLES = X, RHO, U, T, P, PERTURBATION, error1, error2, N
ZONE I =  600, DATAPACKING=BLOCK
 8.3333333333333339E-04   2.5000000000000001E-03   4.1666666666666666E-03   5.8333333333333336E-03   7.5000000000000006E-03   9.1666666666666667E-03   1.0833333333333334E-02   1.2500000000000001E-02   1.4166666666666668E-02
 1.5833333333333335E-02   1.7500000000000002E-02   1.9166666666666669E-02   2.0833333333333336E-02   2.2500000000000003E-02   2.4166666666666670E-02   2.5833333333333337E-02   2.7500000000000000E-02   2.9166666666666667E-02
 3.0833333333333334E-02   3.2500000000000001E-02   3.4166666666666672E-02   3.5833333333333335E-02   3.7500000000000006E-02   3.9166666666666669E-02   4.0833333333333333E-02   4.2500000000000003E-02   4.4166666666666667E-02
 4.5833333333333337E-02   4.7500000000000001E-02   4.9166666666666671E-02   5.0833333333333335E-02   5.2500000000000005E-02   5.4166666666666669E-02   5.5833333333333339E-02   5.7500000000000002E-02   5.9166666666666673E-02
 6.0833333333333336E-02   6.2500000000000000E-02   6.4166666666666677E-02   6.5833333333333341E-02   6.7500000000000004E-02   6.9166666666666668E-02   7.0833333333333331E-02   7.2500000000000009E-02   7.4166666666666672E-02
 7.5833333333333336E-02   7.7499999999999999E-02   7.9166666666666677E-02   8.0833333333333340E-02   8.2500000000000004E-02   8.4166666666666667E-02   8.5833333333333345E-02   8.7500000000000008E-02   8.9166666666666672E-02
 9.0833333333333335E-02   9.2500000000000013E-02   9.4166666666666676E-02   9.5833333333333340E-02   9.7500000000000003E-02   9.9166666666666667E-02   1.0083333333333334E-01   1.0250000000000001E-01   1.0416666666666667E-01
 1.0583333333333333E-01   1.0750000000000001E-01   1.0916666666666668E-01   1.1083333333333334E-01   1.1250000000000000E-01   1.1416666666666668E-01   1.1583333333333334E-01   1.1750000000000001E-01   1.1916666666666667E-01
 1.2083333333333333E-01   1.2250000000000001E-01   1.2416666666666668E-01   1.2583333333333335E-01   1.2750000000000000E-01   1.2916666666666668E-01   1.3083333333333333E-01   1.3250000000000001E-01   1.3416666666666668E-01
 1.3583333333333333E-01   1.3750000000000001E-01   1.3916666666666669E-01   1.4083333333333334E-01   1.4250000000000002E-01   1.4416666666666667E-01   1.4583333333333334E-01   1.4750000000000002E-01   1.4916666666666667E-01
 1.5083333333333335E-01   1.5250000000000000E-01   1.5416666666666667E-01   1.5583333333333335E-01   1.5750000000000000E-01   1.5916666666666668E-01   1.6083333333333336E-01   1.6250000000000001E-01   1.6416666666666668E-01
 1.6583333333333333E-01   1.6750000000000001E-01   1.6916666666666669E-01   1.7083333333333334E-01   1.7250000000000001E-01   1.7416666666666666E-01   1.7583333333333334E-01   1.7750000000000002E-01   1.7916666666666667E-01
 1.8083333333333335E-01   1.8250000000000002E-01   1.8416666666666667E-01   1.8583333333333335E-01   1.8750000000000000E-01   1.8916666666666668E-01   1.9083333333333335E-01   1.9250000000000000E-01   1.9416666666666668E-01
 1.9583333333333336E-01   1.9750000000000001E-01   1.9916666666666669E-01   2.0083333333333334E-01   2.0250000000000001E-01   2.0416666666666669E-01   2.0583333333333334E-01   2.0750000000000002E-01   2.0916666666666667E-01
 2.1083333333333334E-01   2.1250000000000002E-01   2.1416666666666667E-01   2.1583333333333335E-01   2.1750000000000003E-01   2.1916666666666668E-01   2.2083333333333335E-01   2.2250000000000000E-01   2.2416666666666668E-01
 2.2583333333333336E-01   2.2750000000000001E-01   2.2916666666666669E-01   2.3083333333333333E-01   2.3250000000000001E-01   2.3416666666666669E-01   2.3583333333333334E-01   2.3750000000000002E-01   2.3916666666666669E-01
 2.4083333333333334E-01   2.4250000000000002E-01   2.4416666666666667E-01   2.4583333333333335E-01   2.4750000000000003E-01   2.4916666666666668E-01   2.5083333333333335E-01   2.5250000000000000E-01   2.5416666666666671E-01
 2.5583333333333336E-01   2.5750000000000001E-01   2.5916666666666666E-01   2.6083333333333336E-01   2.6250000000000001E-01   2.6416666666666666E-01   2.6583333333333337E-01   2.6750000000000002E-01   2.6916666666666667E-01
 2.7083333333333337E-01   2.7250000000000002E-01   2.7416666666666667E-01   2.7583333333333337E-01   2.7750000000000002E-01   2.7916666666666667E-01   2.8083333333333332E-01   2.8250000000000003E-01   2.8416666666666668E-01
 2.8583333333333333E-01   2.8750000000000003E-01   2.8916666666666668E-01   2.9083333333333333E-01   2.9250000000000004E-01   2.9416666666666669E-01   2.9583333333333334E-01   2.9750000000000004E-01   2.9916666666666669E-01
 3.0083333333333334E-01   3.0250000000000005E-01   3.0416666666666670E-01   3.0583333333333335E-01   3.0750000000000000E-01   3.0916666666666670E-01   3.1083333333333335E-01   3.1250000000000000E-01   3.1416666666666671E-01
 3.1583333333333335E-01   3.1750000000000000E-01   3.1916666666666671E-01   3.2083333333333336E-01   3.2250000000000001E-01   3.2416666666666671E-01   3.2583333333333336E-01   3.2750000000000001E-01   3.2916666666666666E-01
 3.3083333333333337E-01   3.3250000000000002E-01   3.3416666666666667E-01   3.3583333333333337E-01   3.3750000000000002E-01   3.3916666666666667E-01   3.4083333333333338E-01   3.4250000000000003E-01   3.4416666666666668E-01
 3.4583333333333338E-01   3.4750000000000003E-01   3.4916666666666668E-01   3.5083333333333333E-01   3.5250000000000004E-01   3.5416666666666669E-01   3.5583333333333333E-01   3.5750000000000004E-01   3.5916666666666669E-01
 3.6083333333333334E-01   3.6250000000000004E-01   3.6416666666666669E-01   3.6583333333333334E-01   3.6750000000000005E-01   3.6916666666666670E-01   3.7083333333333335E-01   3.7250000000000000E-01   3.7416666666666670E-01
 3.7583333333333335E-01   3.7750000000000000E-01   3.7916666666666671E-01   3.8083333333333336E-01   3.8250000000000001E-01   3.8416666666666671E-01   3.8583333333333336E-01   3.8750000000000001E-01   3.8916666666666672E-01
 3.9083333333333337E-01   3.9250000000000002E-01   3.9416666666666667E-01   3.9583333333333337E-01   3.9750000000000002E-01   3.9916666666666667E-01   4.0083333333333337E-01   4.0250000000000002E-01   4.0416666666666667E-01
 4.0583333333333338E-01   4.0750000000000003E-01   4.0916666666666668E-01   4.1083333333333338E-01   4.1250000000000003E-01   4.1416666666666668E-01   4.1583333333333333E-01   4.1750000000000004E-01   4.1916666666666669E-01
 4.2083333333333334E-01   4.2250000000000004E-01   4.2416666666666669E-01   4.2583333333333334E-01   4.2750000000000005E-01   4.2916666666666670E-01   4.3083333333333335E-01   4.3250000000000005E-01   4.3416666666666670E-01
 4.3583333333333335E-01   4.3750000000000006E-01   4.3916666666666671E-01   4.4083333333333335E-01   4.4250000000000000E-01   4.4416666666666671E-01   4.4583333333333336E-01   4.4750000000000001E-01   4.4916666666666671E-01
 4.5083333333333336E-01   4.5250000000000001E-01   4.5416666666666672E-01   4.5583333333333337E-01   4.5750000000000002E-01   4.5916666666666672E-01   4.6083333333333337E-01   4.6250000000000002E-01   4.6416666666666667E-01
 4.6583333333333338E-01   4.6750000000000003E-01   4.6916666666666668E-01   4.7083333333333338E-01   4.7250000000000003E-01   4.7416666666666668E-01   4.7583333333333339E-01   4.7750000000000004E-01   4.7916666666666669E-01
 4.8083333333333339E-01   4.8250000000000004E-01   4.8416666666666669E-01   4.8583333333333334E-01   4.8750000000000004E-01   4.8916666666666669E-01   4.9083333333333334E-01   4.9250000000000005E-01   4.9416666666666670E-01
 4.9583333333333335E-01   4.9750000000000005E-01   4.9916666666666670E-01   5.0083333333333335E-01   5.0250000000000006E-01   5.0416666666666665E-01   5.0583333333333336E-01   5.0750000000000006E-01   5.0916666666666666E-01
 5.1083333333333336E-01   5.1250000000000007E-01   5.1416666666666666E-01   5.1583333333333337E-01   5.1750000000000007E-01   5.1916666666666667E-01   5.2083333333333337E-01   5.2250000000000008E-01   5.2416666666666667E-01
 5.2583333333333337E-01   5.2750000000000008E-01   5.2916666666666667E-01   5.3083333333333338E-01   5.3250000000000008E-01   5.3416666666666668E-01   5.3583333333333338E-01   5.3750000000000009E-01   5.3916666666666668E-01
 5.4083333333333339E-01   5.4249999999999998E-01   5.4416666666666669E-01   5.4583333333333339E-01   5.4749999999999999E-01   5.4916666666666669E-01   5.5083333333333340E-01   5.5249999999999999E-01   5.5416666666666670E-01
 5.5583333333333340E-01   5.5750000000000000E-01   5.5916666666666670E-01   5.6083333333333341E-01   5.6250000000000000E-01   5.6416666666666671E-01   5.6583333333333341E-01   5.6750000000000000E-01   5.6916666666666671E-01
 5.7083333333333341E-01   5.7250000000000001E-01   5.7416666666666671E-01   5.7583333333333342E-01   5.7750000000000001E-01   5.7916666666666672E-01   5.8083333333333342E-01   5.8250000000000002E-01   5.8416666666666672E-01
 5.8583333333333332E-01   5.8750000000000002E-01   5.8916666666666673E-01   5.9083333333333332E-01   5.9250000000000003E-01   5.9416666666666673E-01   5.9583333333333333E-01   5.9750000000000003E-01   5.9916666666666674E-01
 6.0083333333333333E-01   6.0250000000000004E-01   6.0416666666666674E-01   6.0583333333333333E-01   6.0750000000000004E-01   6.0916666666666675E-01   6.1083333333333334E-01   6.1250000000000004E-01   6.1416666666666675E-01
 6.1583333333333334E-01   6.1750000000000005E-01   6.1916666666666675E-01   6.2083333333333335E-01   6.2250000000000005E-01   6.2416666666666676E-01   6.2583333333333335E-01   6.2750000000000006E-01   6.2916666666666665E-01
 6.3083333333333336E-01   6.3250000000000006E-01   6.3416666666666666E-01   6.3583333333333336E-01   6.3750000000000007E-01   6.3916666666666666E-01   6.4083333333333337E-01   6.4250000000000007E-01   6.4416666666666667E-01
 6.4583333333333337E-01   6.4750000000000008E-01   6.4916666666666667E-01   6.5083333333333337E-01   6.5250000000000008E-01   6.5416666666666667E-01   6.5583333333333338E-01   6.5750000000000008E-01   6.5916666666666668E-01
 6.6083333333333338E-01   6.6250000000000009E-01   6.6416666666666668E-01   6.6583333333333339E-01   6.6750000000000009E-01   6.6916666666666669E-01   6.7083333333333339E-01   6.7250000000000010E-01   6.7416666666666669E-01
 6.7583333333333340E-01   6.7749999999999999E-01   6.7916666666666670E-01   6.8083333333333340E-01   6.8250000000000000E-01   6.8416666666666670E-01   6.8583333333333341E-01   6.8750000000000000E-01   6.8916666666666671E-01
 6.9083333333333341E-01   6.9250000000000000E-01   6.9416666666666671E-01   6.9583333333333341E-01   6.9750000000000001E-01   6.9916666666666671E-01   7.0083333333333342E-01   7.0250000000000001E-01   7.0416666666666672E-01
 7.0583333333333342E-01   7.0750000000000002E-01   7.0916666666666672E-01   7.1083333333333343E-01   7.1250000000000002E-01   7.1416666666666673E-01   7.1583333333333343E-01   7.1750000000000003E-01   7.1916666666666673E-01
 7.2083333333333333E-01   7.2250000000000003E-01   7.2416666666666674E-01   7.2583333333333333E-01   7.2750000000000004E-01   7.2916666666666674E-01   7.3083333333333333E-01   7.3250000000000004E-01   7.3416666666666675E-01
 7.3583333333333334E-01   7.3750000000000004E-01   7.3916666666666675E-01   7.4083333333333334E-01   7.4250000000000005E-01   7.4416666666666675E-01   7.4583333333333335E-01   7.4750000000000005E-01   7.4916666666666676E-01
 7.5083333333333335E-01   7.5250000000000006E-01   7.5416666666666676E-01   7.5583333333333336E-01   7.5750000000000006E-01   7.5916666666666677E-01   7.6083333333333336E-01   7.6250000000000007E-01   7.6416666666666666E-01
 7.6583333333333337E-01   7.6750000000000007E-01   7.6916666666666667E-01   7.7083333333333337E-01   7.7250000000000008E-01   7.7416666666666667E-01   7.7583333333333337E-01   7.7750000000000008E-01   7.7916666666666667E-01
 7.8083333333333338E-01   7.8250000000000008E-01   7.8416666666666668E-01   7.8583333333333338E-01   7.8750000000000009E-01   7.8916666666666668E-01   7.9083333333333339E-01   7.9250000000000009E-01   7.9416666666666669E-01
 7.9583333333333339E-01   7.9750000000000010E-01   7.9916666666666669E-01   8.0083333333333340E-01   8.0250000000000010E-01   8.0416666666666670E-01   8.0583333333333340E-01   8.0750000000000011E-01   8.0916666666666670E-01
 8.1083333333333341E-01   8.1250000000000000E-01   8.1416666666666671E-01   8.1583333333333341E-01   8.1750000000000000E-01   8.1916666666666671E-01   8.2083333333333341E-01   8.2250000000000001E-01   8.2416666666666671E-01
 8.2583333333333342E-01   8.2750000000000001E-01   8.2916666666666672E-01   8.3083333333333342E-01   8.3250000000000002E-01   8.3416666666666672E-01   8.3583333333333343E-01   8.3750000000000002E-01   8.3916666666666673E-01
 8.4083333333333343E-01   8.4250000000000003E-01   8.4416666666666673E-01   8.4583333333333344E-01   8.4750000000000003E-01   8.4916666666666674E-01   8.5083333333333344E-01   8.5250000000000004E-01   8.5416666666666674E-01
 8.5583333333333333E-01   8.5750000000000004E-01   8.5916666666666675E-01   8.6083333333333334E-01   8.6250000000000004E-01   8.6416666666666675E-01   8.6583333333333334E-01   8.6750000000000005E-01   8.6916666666666675E-01
 8.7083333333333335E-01   8.7250000000000005E-01   8.7416666666666676E-01   8.7583333333333335E-01   8.7750000000000006E-01   8.7916666666666676E-01   8.8083333333333336E-01   8.8250000000000006E-01   8.8416666666666677E-01
 8.8583333333333336E-01   8.8750000000000007E-01   8.8916666666666677E-01   8.9083333333333337E-01   8.9250000000000007E-01   8.9416666666666678E-01   8.9583333333333337E-01   8.9750000000000008E-01   8.9916666666666667E-01
 9.0083333333333337E-01   9.0250000000000008E-01   9.0416666666666667E-01   9.0583333333333338E-01   9.0750000000000008E-01   9.0916666666666668E-01   9.1083333333333338E-01   9.1250000000000009E-01   9.1416666666666668E-01
 9.1583333333333339E-01   9.1750000000000009E-01   9.1916666666666669E-01   9.2083333333333339E-01   9.2250000000000010E-01   9.2416666666666669E-01   9.2583333333333340E-01   9.2750000000000010E-01   9.2916666666666670E-01
 9.3083333333333340E-01   9.3250000000000011E-01   9.3416666666666670E-01   9.3583333333333341E-01   9.3750000000000011E-01   9.3916666666666671E-01   9.4083333333333341E-01   9.4250000000000012E-01   9.4416666666666671E-01
 9.4583333333333341E-01   9.4750000000000001E-01   9.4916666666666671E-01   9.5083333333333342E-01   9.5250000000000001E-01   9.5416666666666672E-01   9.5583333333333342E-01   9.5750000000000002E-01   9.5916666666666672E-01
 9.6083333333333343E-01   9.6250000000000002E-01   9.6416666666666673E-01   9.6583333333333343E-01   9.6750000000000003E-01   9.6916666666666673E-01   9.7083333333333344E-01   9.7250000000000003E-01   9.7416666666666674E-01
 9.7583333333333344E-01   9.7750000000000004E-01   9.7916666666666674E-01   9.8083333333333345E-01   9.8250000000000004E-01   9.8416666666666675E-01   9.8583333333333345E-01   9.8750000000000004E-01   9.8916666666666675E-01
 9.9083333333333334E-01   9.9250000000000005E-01   9.9416666666666675E-01   9.9583333333333335E-01   9.9750000000000005E-01   9.9916666666666676E-01
 1.0000000000000000E+00   1.0000000000000000E+00   1.0000000000000000E+00   1.0000000000000000E+00   1.0000000000000000E+00   1.0000000000000000E+00   1.0000000000000000E+00   1.0000000000000000E+00   1.0000000000000000E+00
 1.0000000000000000E+00   1.0000000000000000E+00   1.0000000000000000E+00   1.0000000000000000E+00   1.0000000000000000E+00   1.0000000000000000E+00   1.0000000000000000E+00   1.0000000000000000E+00   1.0000000000000000E+00
 1.0000000000000000E+00   1.0000000000000000E+00   1.0000000000000000E+00   1.0000000000000000E+00   1.0000000000000000E+00   1.0000000000000000E+00   1.0000000000000000E+00   1.0000000000000000E+00   1.0000000000000000E+00
 1.0000000000000000E+00   1.0000000000000000E+00   1.0000000000000000E+00   1.0000000000000000E+00   1.0000000000000000E+00   1.0000000000000000E+00   1.0000000000000000E+00   1.0000000000000000E+00   1.0000000000000000E+00
 1.0000000000000000E+00   1.0000000000000000E+00   1.0000000000000000E+00   1.0000000000000000E+00   1.0000000000000000E+00   1.0000000000000000E+00   1.0000000000000000E+00   1.0000000000000000E+00   1.0000000000000000E+00
 1.0000000000000000E+00   1.0000000000000000E+00   1.0000000000000000E+00   1.0000000000000000E+00   1.0000000000000000E+00   1.0000000000000000E+00   1.0000000000000000E+00   1.0000000000000000E+00   1.0000000000000000E+00
 1.0000000000000000E+00   1.0000000000000000E+00   1.0000000000000000E+00   1.0000000000000000E+00   1.0000000000000000E+00   1.0000000000000000E+00   1.0000000000000000E+00   1.0000000000000000E+00   1.0000000000000000E+00
 1.0000000000000000E+00   1.0000000000000000E+00   1.0000000000000000E+00   1.0000000000000000E+00   1.0000000000000000E+00   1.0000000000000000E+00   1.0000000000000000E+00   1.0000000000000000E+00   1.0000000000000000E+00
 1.0000000000000000E+00   1.0000000000000000E+00   1.0000000000000000E+00   1.0000000000000000E+00   1.0000000000000000E+00   1.0000000000000000E+00   1.0000000000000000E+00   1.0000000000000000E+00   1.0000000000000000E+00
 1.0000000000000000E+00   1.0000000000000000E+00   1.0000000000000000E+00   1.0000000000000000E+00   1.0000000000000000E+00   1.0000000000000000E+00   1.0000000000000000E+00   1.0000000000000000E+00   1.0000000000000000E+00
 1.0000000000000000E+00   1.0000000000000000E+00   1.0000000000000000E+00   1.0000000000000000E+00   1.0000000000000000E+00   1.0000000000000000E+00   1.0000000000000000E+00   1.0000000000000000E+00   1.0000000000000000E+00
 1.0000000000000000E+00   1.0000000000000000E+00   1.0000000000000000E+00   1.0000000000000000E+00   1.0000000000000000E+00   1.0000000000000000E+00   1.0000000000000000E+00   1.0000000000000000E+00   1.0000000000000000E+00
 1.0000000000000000E+00   1.0000000000000000E+00   1.0000000000000000E+00   1.0000000000000000E+00   1.0000000000000000E+00   1.0000000000000000E+00   1.0000000000000000E+00   1.0000000000000000E+00   1.0000000000000000E+00
 1.0000000000000000E+00   1.0000000000000000E+00   1.0000000000000000E+00   1.0000000000000000E+00   1.0000000000000000E+00   1.0000000000000000E+00   1.0000000000000000E+00   1.0000000000000000E+00   1.0000000000000000E+00
 1.0000000000000000E+00   1.0000000000000000E+00   1.0000000000000000E+00   1.0000000000000000E+00   1.0000000000000000E+00   1.0000000000000000E+00   1.0000000000000000E+00   1.0000000000000000E+00   1.0000000000000000E+00
 1.0000000000000000E+00   1.0000000000000000E+00   1.0000000000000000E+00   1.0000000000000000E+00   1.0000000000000000E+00   1.0000000000000000E+00   1.0000000000000000E+00   1.0000000000000000E+00   1.0000000000000000E+00
 1.0000000000000000E+00   1.0000000000000000E+00   1.0000000000000000E+00   1.0000000000000000E+00   1.0000000000000000E+00   1.0000000000000000E+00   1.0000000000000000E+00   1.0000000000000000E+00   1.0000000000000000E+00
 1.0000000000000000E+00   1.0000000000000000E+00   1.0000000000000000E+00   1.0000000000000000E+00   1.0000000000000000E+00   1.0000000000000000E+00   1.0000000000000000E+00   1.0000000000000000E+00   1.0000000000000000E+00
 1.0000000000000000E+00   1.0000000000000000E+00   1.0000000000000000E+00   1.0000000000000000E+00   1.0000000000000000E+00   1.0000000000000000E+00   1.0000000000000000E+00   1.0000000000000000E+00   1.0000000000000000E+00
 1.0000000000000000E+00   1.0000000000000000E+00   1.0000000000000000E+00   1.0000000000000000E+00   1.0000000000000000E+00   1.0000000000000000E+00   1.0000000000000000E+00   1.0000000000000000E+00   1.0000000000000000E+00
 1.0000000000000000E+00   1.0000000000000000E+00   1.0000000000000000E+00   1.0000000000000000E+00   1.0000000000000000E+00   1.0000000000000000E+00   1.0000000000000000E+00   1.0000000000000000E+00   1.0000000000000000E+00
 1.0000000000000000E+00   1.0000000000000000E+00   1.0000000000000000E+00   1.0000000000000000E+00   1.0000000000000000E+00   1.0000000000000000E+00   1.0000000000000000E+00   1.0000000000000000E+00   1.0000000000000000E+00
 1.0000000000000000E+00   1.0000000000000000E+00   1.0000000000000000E+00   1.0000000000000000E+00   1.0000000000000000E+00   1.0000000000000000E+00   1.0000000000000000E+00   1.0000000000000000E+00   1.0000000000000000E+00
 1.0000000000000000E+00   1.0000000000000000E+00   1.0000000000000000E+00   1.0000000000000000E+00   1.0000000000000000E+00   1.0000000000000000E+00   1.0000000000000000E+00   1.0000000000000000E+00   1.0000000000000000E+00
 1.0000000000000000E+00   1.0000000000000000E+00   1.0000000000000000E+00   1.0000000000000000E+00   1.0000000000000000E+00   1.0000000000000000E+00   1.0000000000000000E+00   1.0000000000000000E+00   1.0000000000000000E+00
 1.0000000000000000E+00   1.0000000000000000E+00   1.0000000000000000E+00   1.0000000000000000E+00   1.0000000000000000E+00   1.0000000000000000E+00   1.0000000000000000E+00   1.0000000000000000E+00   1.0000000000000000E+00
 1.0000000000000000E+00   1.0000000000000000E+00   1.0000000000000000E+00   1.0000000000000000E+00   1.0000000000000000E+00   1.0000000000000000E+00   1.0000000000000000E+00   1.0000000000000000E+00   1.0000000000000000E+00
 1.0000000000000000E+00   1.0000000000000000E+00   1.0000000000000000E+00   1.0000000000000000E+00   1.0000000000000000E+00   1.0000000000000000E+00   1.0000000000000000E+00   1.0000000000000000E+00   1.0000000000000000E+00
 1.0000000000000000E+00   1.0000000000000000E+00   1.0000000000000000E+00   1.0000000000000000E+00   1.0000000000000000E+00   1.0000000000000000E+00   1.0000000000000000E+00   1.0000000000000000E+00   1.0000000000000000E+00
 1.0000000000000000E+00   1.0000000000000000E+00   1.0000000000000000E+00   1.0000000000000000E+00   1.0000000000000000E+00   1.0000000000000000E+00   1.0000000000000000E+00   1.0000000000000000E+00   1.0000000000000000E+00
 1.0000000000000000E+00   1.0000000000000000E+00   1.0000000000000000E+00   1.0000000000000000E+00   1.0000000000000000E+00   1.0000000000000000E+00   1.0000000000000000E+00   1.0000000000000000E+00   1.0000000000000000E+00
 1.0000000000000000E+00   1.0000000000000000E+00   1.0000000000000000E+00   1.0000000000000000E+00   1.0000000000000000E+00   1.0000000000000000E+00   1.0000000000000000E+00   1.0000000000000000E+00   1.0000000000000000E+00
 1.0000000000000000E+00   1.0000000000000000E+00   1.0000000000000000E+00   1.0000000000000000E+00   1.0000000000000000E+00   1.0000000000000000E+00   1.0000000000000000E+00   1.0000000000000000E+00   1.0000000000000000E+00
 1.0000000000000000E+00   1.0000000000000000E+00   1.0000000000000000E+00   1.2500000000000000E-01   1.2500000000000000E-01   1.2500000000000000E-01   1.2500000000000000E-01   1.2500000000000000E-01   1.2500000000000000E-01
 1.2500000000000000E-01   1.2500000000000000E-01   1.2500000000000000E-01   1.2500000000000000E-01   1.2500000000000000E-01   1.2500000000000000E-01   1.2500000000000000E-01   1.2500000000000000E-01   1.2500000000000000E-01
 1.2500000000000000E-01   1.2500000000000000E-01   1.2500000000000000E-01   1.2500000000000000E-01   1.2500000000000000E-01   1.2500000000000000E-01   1.2500000000000000E-01   1.2500000000000000E-01   1.2500000000000000E-01
 1.2500000000000000E-01   1.2500000000000000E-01   1.2500000000000000E-01   1.2500000000000000E-01   1.2500000000000000E-01   1.2500000000000000E-01   1.2500000000000000E-01   1.2500000000000000E-01   1.2500000000000000E-01
 1.2500000000000000E-01   1.2500000000000000E-01   1.2500000000000000E-01   1.2500000000000000E-01   1.2500000000000000E-01   1.2500000000000000E-01   1.2500000000000000E-01   1.2500000000000000E-01   1.2500000000000000E-01
 1.2500000000000000E-01   1.2500000000000000E-01   1.2500000000000000E-01   1.2500000000000000E-01   1.2500000000000000E-01   1.2500000000000000E-01   1.2500000000000000E-01   1.2500000000000000E-01   1.2500000000000000E-01
 1.2500000000000000E-01   1.2500000000000000E-01   1.2500000000000000E-01   1.2500000000000000E-01   1.2500000000000000E-01   1.2500000000000000E-01   1.2500000000000000E-01   1.2500000000000000E-01   1.2500000000000000E-01
 1.2500000000000000E-01   1.2500000000000000E-01   1.2500000000000000E-01   1.2500000000000000E-01   1.2500000000000000E-01   1.2500000000000000E-01   1.2500000000000000E-01   1.2500000000000000E-01   1.2500000000000000E-01
 1.2500000000000000E-01   1.2500000000000000E-01   1.2500000000000000E-01   1.2500000000000000E-01   1.2500000000000000E-01   1.2500000000000000E-01   1.2500000000000000E-01   1.2500000000000000E-01   1.2500000000000000E-01
 1.2500000000000000E-01   1.2500000000000000E-01   1.2500000000000000E-01   1.2500000000000000E-01   1.2500000000000000E-01   1.2500000000000000E-01   1.2500000000000000E-01   1.2500000000000000E-01   1.2500000000000000E-01
 1.2500000000000000E-01   1.2500000000000000E-01   1.2500000000000000E-01   1.2500000000000000E-01   1.2500000000000000E-01   1.2500000000000000E-01   1.2500000000000000E-01   1.2500000000000000E-01   1.2500000000000000E-01
 1.2500000000000000E-01   1.2500000000000000E-01   1.2500000000000000E-01   1.2500000000000000E-01   1.2500000000000000E-01   1.2500000000000000E-01   1.2500000000000000E-01   1.2500000000000000E-01   1.2500000000000000E-01
 1.2500000000000000E-01   1.2500000000000000E-01   1.2500000000000000E-01   1.2500000000000000E-01   1.2500000000000000E-01   1.2500000000000000E-01   1.2500000000000000E-01   1.2500000000000000E-01   1.2500000000000000E-01
 1.2500000000000000E-01   1.2500000000000000E-01   1.2500000000000000E-01   1.2500000000000000E-01   1.2500000000000000E-01   1.2500000000000000E-01   1.2500000000000000E-01   1.2500000000000000E-01   1.2500000000000000E-01
 1.2500000000000000E-01   1.2500000000000000E-01   1.2500000000000000E-01   1.2500000000000000E-01   1.2500000000000000E-01   1.2500000000000000E-01   1.2500000000000000E-01   1.2500000000000000E-01   1.2500000000000000E-01
 1.2500000000000000E-01   1.2500000000000000E-01   1.2500000000000000E-01   1.2500000000000000E-01   1.2500000000000000E-01   1.2500000000000000E-01   1.2500000000000000E-01   1.2500000000000000E-01   1.2500000000000000E-01
 1.2500000000000000E-01   1.2500000000000000E-01   1.2500000000000000E-01   1.2500000000000000E-01   1.2500000000000000E-01   1.2500000000000000E-01   1.2500000000000000E-01   1.2500000000000000E-01   1.2500000000000000E-01
 1.2500000000000000E-01   1.2500000000000000E-01   1.2500000000000000E-01   1.2500000000000000E-01   1.2500000000000000E-01   1.2500000000000000E-01   1.2500000000000000E-01   1.2500000000000000E-01   1.2500000000000000E-01
 1.2500000000000000E-01   1.2500000000000000E-01   1.2500000000000000E-01   1.2500000000000000E-01   1.2500000000000000E-01   1.2500000000000000E-01   1.2500000000000000E-01   1.2500000000000000E-01   1.2500000000000000E-01
 1.2500000000000000E-01   1.2500000000000000E-01   1.2500000000000000E-01   1.2500000000000000E-01   1.2500000000000000E-01   1.2500000000000000E-01   1.2500000000000000E-01   1.2500000000000000E-01   1.2500000000000000E-01
 1.2500000000000000E-01   1.2500000000000000E-01   1.2500000000000000E-01   1.2500000000000000E-01   1.2500000000000000E-01   1.2500000000000000E-01   1.2500000000000000E-01   1.2500000000000000E-01   1.2500000000000000E-01
 1.2500000000000000E-01   1.2500000000000000E-01   1.2500000000000000E-01   1.2500000000000000E-01   1.2500000000000000E-01   1.2500000000000000E-01   1.2500000000000000E-01   1.2500000000000000E-01   1.2500000000000000E-01
 1.2500000000000000E-01   1.2500000000000000E-01   1.2500000000000000E-01   1.2500000000000000E-01   1.2500000000000000E-01   1.2500000000000000E-01   1.2500000000000000E-01   1.2500000000000000E-01   1.2500000000000000E-01
 1.2500000000000000E-01   1.2500000000000000E-01   1.2500000000000000E-01   1.2500000000000000E-01   1.2500000000000000E-01   1.2500000000000000E-01   1.2500000000000000E-01   1.2500000000000000E-01   1.2500000000000000E-01
 1.2500000000000000E-01   1.2500000000000000E-01   1.2500000000000000E-01   1.2500000000000000E-01   1.2500000000000000E-01   1.2500000000000000E-01   1.2500000000000000E-01   1.2500000000000000E-01   1.2500000000000000E-01
 1.2500000000000000E-01   1.2500000000000000E-01   1.2500000000000000E-01   1.2500000000000000E-01   1.2500000000000000E-01   1.2500000000000000E-01   1.2500000000000000E-01   1.2500000000000000E-01   1.2500000000000000E-01
 1.2500000000000000E-01   1.2500000000000000E-01   1.2500000000000000E-01   1.2500000000000000E-01   1.2500000000000000E-01   1.2500000000000000E-01   1.2500000000000000E-01   1.2500000000000000E-01   1.2500000000000000E-01
 1.2500000000000000E-01   1.2500000000000000E-01   1.2500000000000000E-01   1.2500000000000000E-01   1.2500000000000000E-01   1.2500000000000000E-01   1.2500000000000000E-01   1.2500000000000000E-01   1.2500000000000000E-01
 1.2500000000000000E-01   1.2500000000000000E-01   1.2500000000000000E-01   1.2500000000000000E-01   1.2500000000000000E-01   1.2500000000000000E-01   1.2500000000000000E-01   1.2500000000000000E-01   1.2500000000000000E-01
 1.2500000000000000E-01   1.2500000000000000E-01   1.2500000000000000E-01   1.2500000000000000E-01   1.2500000000000000E-01   1.2500000000000000E-01   1.2500000000000000E-01   1.2500000000000000E-01   1.2500000000000000E-01
 1.2500000000000000E-01   1.2500000000000000E-01   1.2500000000000000E-01   1.2500000000000000E-01   1.2500000000000000E-01   1.2500000000000000E-01   1.2500000000000000E-01   1.2500000000000000E-01   1.2500000000000000E-01
 1.2500000000000000E-01   1.2500000000000000E-01   1.2500000000000000E-01   1.2500000000000000E-01   1.2500000000000000E-01   1.2500000000000000E-01   1.2500000000000000E-01   1.2500000000000000E-01   1.2500000000000000E-01
 1.2500000000000000E-01   1.2500000000000000E-01   1.2500000000000000E-01   1.2500000000000000E-01   1.2500000000000000E-01   1.2500000000000000E-01   1.2500000000000000E-01   1.2500000000000000E-01   1.2500000000000000E-01
 1.2500000000000000E-01   1.2500000000000000E-01   1.2500000000000000E-01   1.2500000000000000E-01   1.2500000000000000E-01   1.2500000000000000E-01
 0.0000000000000000E+00   0.0000000000000000E+00   0.0000000000000000E+00   0.0000000000000000E+00   0.0000000000000000E+00   0.0000000000000000E+00   0.0000000000000000E+00   0.0000000000000000E+00   0.0000000000000000E+00
 0.0000000000000000E+00   0.0000000000000000E+00   0.0000000000000000E+00   0.0000000000000000E+00   0.0000000000000000E+00   0.0000000000000000E+00   0.0000000000000000E+00   0.0000000000000000E+00   0.0000000000000000E+00
 0.0000000000000000E+00   0.0000000000000000E+00   0.0000000000000000E+00   0.0000000000000000E+00   0.0000000000000000E+00   0.0000000000000000E+00   0.0000000000000000E+00   0.0000000000000000E+00   0.0000000000000000E+00
 0.0000000000000000E+00   0.0000000000000000E+00   0.0000000000000000E+00   0.0000000000000000E+00   0.0000000000000000E+00   0.0000000000000000E+00   0.0000000000000000E+00   0.0000000000000000E+00   0.0000000000000000E+00
 0.0000000000000000E+00   0.0000000000000000E+00   0.0000000000000000E+00   0.0000000000000000E+00   0.0000000000000000E+00   0.0000000000000000E+00   0.0000000000000000E+00   0.0000000000000000E+00   0.0000000000000000E+00
 0.0000000000000000E+00   0.0000000000000000E+00   0.0000000000000000E+00   0.0000000000000000E+00   0.0000000000000000E+00   0.0000000000000000E+00   0.0000000000000000E+00   0.0000000000000000E+00   0.0000000000000000E+00
 0.0000000000000000E+00   0.0000000000000000E+00   0.0000000000000000E+00   0.0000000000000000E+00   0.0000000000000000E+00   0.0000000000000000E+00   0.0000000000000000E+00   0.0000000000000000E+00   0.0000000000000000E+00
 0.0000000000000000E+00   0.0000000000000000E+00   0.0000000000000000E+00   0.0000000000000000E+00   0.0000000000000000E+00   0.0000000000000000E+00   0.0000000000000000E+00   0.0000000000000000E+00   0.0000000000000000E+00
 0.0000000000000000E+00   0.0000000000000000E+00   0.0000000000000000E+00   0.0000000000000000E+00   0.0000000000000000E+00   0.0000000000000000E+00   0.0000000000000000E+00   0.0000000000000000E+00   0.0000000000000000E+00
 0.0000000000000000E+00   0.0000000000000000E+00   0.0000000000000000E+00   0.0000000000000000E+00   0.0000000000000000E+00   0.0000000000000000E+00   0.0000000000000000E+00   0.0000000000000000E+00   0.0000000000000000E+00
 0.0000000000000000E+00   0.0000000000000000E+00   0.0000000000000000E+00   0.0000000000000000E+00   0.0000000000000000E+00   0.0000000000000000E+00   0.0000000000000000E+00   0.0000000000000000E+00   0.0000000000000000E+00
 0.0000000000000000E+00   0.0000000000000000E+00   0.0000000000000000E+00   0.0000000000000000E+00   0.0000000000000000E+00   0.0000000000000000E+00   0.0000000000000000E+00   0.0000000000000000E+00   0.0000000000000000E+00
 0.0000000000000000E+00   0.0000000000000000E+00   0.0000000000000000E+00   0.0000000000000000E+00   0.0000000000000000E+00   0.0000000000000000E+00   0.0000000000000000E+00   0.0000000000000000E+00   0.0000000000000000E+00
 0.0000000000000000E+00   0.0000000000000000E+00   0.0000000000000000E+00   0.0000000000000000E+00   0.0000000000000000E+00   0.0000000000000000E+00   0.0000000000000000E+00   0.0000000000000000E+00   0.0000000000000000E+00
 0.0000000000000000E+00   0.0000000000000000E+00   0.0000000000000000E+00   0.0000000000000000E+00   0.0000000000000000E+00   0.0000000000000000E+00   0.0000000000000000E+00   0.0000000000000000E+00   0.0000000000000000E+00
 0.0000000000000000E+00   0.0000000000000000E+00   0.0000000000000000E+00   0.0000000000000000E+00   0.0000000000000000E+00   0.0000000000000000E+00   0.0000000000000000E+00   0.0000000000000000E+00   0.0000000000000000E+00
 0.0000000000000000E+00   0.0000000000000000E+00   0.0000000000000000E+00   0.0000000000000000E+00   0.0000000000000000E+00   0.0000000000000000E+00   0.0000000000000000E+00   0.0000000000000000E+00   0.0000000000000000E+00
 0.0000000000000000E+00   0.0000000000000000E+00   0.0000000000000000E+00   0.0000000000000000E+00   0.0000000000000000E+00   0.0000000000000000E+00   0.0000000000000000E+00   0.0000000000000000E+00   0.0000000000000000E+00
 0.0000000000000000E+00   0.0000000000000000E+00   0.0000000000000000E+00   0.0000000000000000E+00   0.0000000000000000E+00   0.0000000000000000E+00   0.0000000000000000E+00   0.0000000000000000E+00   0.0000000000000000E+00
 0.0000000000000000E+00   0.0000000000000000E+00   0.0000000000000000E+00   0.0000000000000000E+00   0.0000000000000000E+00   0.0000000000000000E+00   0.0000000000000000E+00   0.0000000000000000E+00   0.0000000000000000E+00
 0.0000000000000000E+00   0.0000000000000000E+00   0.0000000000000000E+00   0.0000000000000000E+00   0.0000000000000000E+00   0.0000000000000000E+00   0.0000000000000000E+00   0.0000000000000000E+00   0.0000000000000000E+00
 0.0000000000000000E+00   0.0000000000000000E+00   0.0000000000000000E+00   0.0000000000000000E+00   0.0000000000000000E+00   0.0000000000000000E+00   0.0000000000000000E+00   0.0000000000000000E+00   0.0000000000000000E+00
 0.0000000000000000E+00   0.0000000000000000E+00   0.0000000000000000E+00   0.0000000000000000E+00   0.0000000000000000E+00   0.0000000000000000E+00   0.0000000000000000E+00   0.0000000000000000E+00   0.0000000000000000E+00
 0.0000000000000000E+00   0.0000000000000000E+00   0.0000000000000000E+00   0.0000000000000000E+00   0.0000000000000000E+00   0.0000000000000000E+00   0.0000000000000000E+00   0.0000000000000000E+00   0.0000000000000000E+00
 0.0000000000000000E+00   0.0000000000000000E+00   0.0000000000000000E+00   0.0000000000000000E+00   0.0000000000000000E+00   0.0000000000000000E+00   0.0000000000000000E+00   0.0000000000000000E+00   0.0000000000000000E+00
 0.0000000000000000E+00   0.0000000000000000E+00   0.0000000000000000E+00   0.0000000000000000E+00   0.0000000000000000E+00   0.0000000000000000E+00   0.0000000000000000E+00   0.0000000000000000E+00   0.0000000000000000E+00
 0.0000000000000000E+00   0.0000000000000000E+00   0.0000000000000000E+00   0.0000000000000000E+00   0.0000000000000000E+00   0.0000000000000000E+00   0.0000000000000000E+00   0.0000000000000000E+00   0.0000000000000000E+00
 0.0000000000000000E+00   0.0000000000000000E+00   0.0000000000000000E+00   0.0000000000000000E+00   0.0000000000000000E+00   0.0000000000000000E+00   0.0000000000000000E+00   0.0000000000000000E+00   0.0000000000000000E+00
 0.0000000000000000E+00   0.0000000000000000E+00   0.0000000000000000E+00   0.0000000000000000E+00   0.0000000000000000E+00   0.0000000000000000E+00   0.0000000000000000E+00   0.0000000000000000E+00   0.0000000000000000E+00
 0.0000000000000000E+00   0.0000000000000000E+00   0.0000000000000000E+00   0.0000000000000000E+00   0.0000000000000000E+00   0.0000000000000000E+00   0.0000000000000000E+00   0.0000000000000000E+00   0.0000000000000000E+00
 0.0000000000000000E+00   0.0000000000000000E+00   0.0000000000000000E+00   0.0000000000000000E+00   0.0000000000000000E+00   0.0000000000000000E+00   0.0000000000000000E+00   0.0000000000000000E+00   0.0000000000000000E+00
 0.0000000000000000E+00   0.0000000000000000E+00   0.0000000000000000E+00   0.0000000000000000E+00   0.0000000000000000E+00   0.0000000000000000E+00   0.0000000000000000E+00   0.0000000000000000E+00   0.0000000000000000E+00
 0.0000000000000000E+00   0.0000000000000000E+00   0.0000000000000000E+00   0.0000000000000000E+00   0.0000000000000000E+00   0.0000000000000000E+00   0.0000000000000000E+00   0.0000000000000000E+00   0.0000000000000000E+00
 0.0000000000000000E+00   0.0000000000000000E+00   0.0000000000000000E+00   0.0000000000000000E+00   0.0000000000000000E+00   0.0000000000000000E+00   0.0000000000000000E+00   0.0000000000000000E+00   0.0000000000000000E+00
 0.0000000000000000E+00   0.0000000000000000E+00   0.0000000000000000E+00   0.0000000000000000E+00   0.0000000000000000E+00   0.0000000000000000E+00   0.0000000000000000E+00   0.0000000000000000E+00   0.0000000000000000E+00
 0.0000000000000000E+00   0.0000000000000000E+00   0.0000000000000000E+00   0.0000000000000000E+00   0.0000000000000000E+00   0.0000000000000000E+00   0.0000000000000000E+00   0.0000000000000000E+00   0.0000000000000000E+00
 0.0000000000000000E+00   0.0000000000000000E+00   0.0000000000000000E+00   0.0000000000000000E+00   0.0000000000000000E+00   0.0000000000000000E+00   0.0000000000000000E+00   0.0000000000000000E+00   0.0000000000000000E+00
 0.0000000000000000E+00   0.0000000000000000E+00   0.0000000000000000E+00   0.0000000000000000E+00   0.0000000000000000E+00   0.0000000000000000E+00   0.0000000000000000E+00   0.0000000000000000E+00   0.0000000000000000E+00
 0.0000000000000000E+00   0.0000000000000000E+00   0.0000000000000000E+00   0.0000000000000000E+00   0.0000000000000000E+00   0.0000000000000000E+00   0.0000000000000000E+00   0.0000000000000000E+00   0.0000000000000000E+00
 0.0000000000000000E+00   0.0000000000000000E+00   0.0000000000000000E+00   0.0000000000000000E+00   0.0000000000000000E+00   0.0000000000000000E+00   0.0000000000000000E+00   0.0000000000000000E+00   0.0000000000000000E+00
 0.0000000000000000E+00   0.0000000000000000E+00   0.0000000000000000E+00   0.0000000000000000E+00   0.0000000000000000E+00   0.0000000000000000E+00   0.0000000000000000E+00   0.0000000000000000E+00   0.0000000000000000E+00
 0.0000000000000000E+00   0.0000000000000000E+00   0.0000000000000000E+00   0.0000000000000000E+00   0.0000000000000000E+00   0.0000000000000000E+00   0.0000000000000000E+00   0.0000000000000000E+00   0.0000000000000000E+00
 0.0000000000000000E+00   0.0000000000000000E+00   0.0000000000000000E+00   0.0000000000000000E+00   0.0000000000000000E+00   0.0000000000000000E+00   0.0000000000000000E+00   0.0000000000000000E+00   0.0000000000000000E+00
 0.0000000000000000E+00   0.0000000000000000E+00   0.0000000000000000E+00   0.0000000000000000E+00   0.0000000000000000E+00   0.0000000000000000E+00   0.0000000000000000E+00   0.0000000000000000E+00   0.0000000000000000E+00
 0.0000000000000000E+00   0.0000000000000000E+00   0.0000000000000000E+00   0.0000000000000000E+00   0.0000000000000000E+00   0.0000000000000000E+00   0.0000000000000000E+00   0.0000000000000000E+00   0.0000000000000000E+00
 0.0000000000000000E+00   0.0000000000000000E+00   0.0000000000000000E+00   0.0000000000000000E+00   0.0000000000000000E+00   0.0000000000000000E+00   0.0000000000000000E+00   0.0000000000000000E+00   0.0000000000000000E+00
 0.0000000000000000E+00   0.0000000000000000E+00   0.0000000000000000E+00   0.0000000000000000E+00   0.0000000000000000E+00   0.0000000000000000E+00   0.0000000000000000E+00   0.0000000000000000E+00   0.0000000000000000E+00
 0.0000000000000000E+00   0.0000000000000000E+00   0.0000000000000000E+00   0.0000000000000000E+00   0.0000000000000000E+00   0.0000000000000000E+00   0.0000000000000000E+00   0.0000000000000000E+00   0.0000000000000000E+00
 0.0000000000000000E+00   0.0000000000000000E+00   0.0000000000000000E+00   0.0000000000000000E+00   0.0000000000000000E+00   0.0000000000000000E+00   0.0000000000000000E+00   0.0000000000000000E+00   0.0000000000000000E+00
 0.0000000000000000E+00   0.0000000000000000E+00   0.0000000000000000E+00   0.0000000000000000E+00   0.0000000000000000E+00   0.0000000000000000E+00   0.0000000000000000E+00   0.0000000000000000E+00   0.0000000000000000E+00
 0.0000000000000000E+00   0.0000000000000000E+00   0.0000000000000000E+00   0.0000000000000000E+00   0.0000000000000000E+00   0.0000000000000000E+00   0.0000000000000000E+00   0.0000000000000000E+00   0.0000000000000000E+00
 0.0000000000000000E+00   0.0000000000000000E+00   0.0000000000000000E+00   0.0000000000000000E+00   0.0000000000000000E+00   0.0000000000000000E+00   0.0000000000000000E+00   0.0000000000000000E+00   0.0000000000000000E+00
 0.0000000000000000E+00   0.0000000000000000E+00   0.0000000000000000E+00   0.0000000000000000E+00   0.0000000000000000E+00   0.0000000000000000E+00   0.0000000000000000E+00   0.0000000000000000E+00   0.0000000000000000E+00
 0.0000000000000000E+00   0.0000000000000000E+00   0.0000000000000000E+00   0.0000000000000000E+00   0.0000000000000000E+00   0.0000000000000000E+00   0.0000000000000000E+00   0.0000000000000000E+00   0.0000000000000000E+00
 0.0000000000000000E+00   0.0000000000000000E+00   0.0000000000000000E+00   0.0000000000000000E+00   0.0000000000000000E+00   0.0000000000000000E+00   0.0000000000000000E+00   0.0000000000000000E+00   0.0000000000000000E+00
 0.0000000000000000E+00   0.0000000000000000E+00   0.0000000000000000E+00   0.0000000000000000E+00   0.0000000000000000E+00   0.0000000000000000E+00   0.0000000000000000E+00   0.0000000000000000E+00   0.0000000000000000E+00
 0.0000000000000000E+00   0.0000000000000000E+00   0.0000000000000000E+00   0.0000000000000000E+00   0.0000000000000000E+00   0.0000000000000000E+00   0.0000000000000000E+00   0.0000000000000000E+00   0.0000000000000000E+00
 0.0000000000000000E+00   0.0000000000000000E+00   0.0000000000000000E+00   0.0000000000000000E+00   0.0000000000000000E+00   0.0000000000000000E+00   0.0000000000000000E+00   0.0000000000000000E+00   0.0000000000000000E+00
 0.0000000000000000E+00   0.0000000000000000E+00   0.0000000000000000E+00   0.0000000000000000E+00   0.0000000000000000E+00   0.0000000000000000E+00   0.0000000000000000E+00   0.0000000000000000E+00   0.0000000000000000E+00
 0.0000000000000000E+00   0.0000000000000000E+00   0.0000000000000000E+00   0.0000000000000000E+00   0.0000000000000000E+00   0.0000000000000000E+00   0.0000000000000000E+00   0.0000000000000000E+00   0.0000000000000000E+00
 0.0000000000000000E+00   0.0000000000000000E+00   0.0000000000000000E+00   0.0000000000000000E+00   0.0000000000000000E+00   0.0000000000000000E+00   0.0000000000000000E+00   0.0000000000000000E+00   0.0000000000000000E+00
 0.0000000000000000E+00   0.0000000000000000E+00   0.0000000000000000E+00   0.0000000000000000E+00   0.0000000000000000E+00   0.0000000000000000E+00   0.0000000000000000E+00   0.0000000000000000E+00   0.0000000000000000E+00
 0.0000000000000000E+00   0.0000000000000000E+00   0.0000000000000000E+00   0.0000000000000000E+00   0.0000000000000000E+00   0.0000000000000000E+00   0.0000000000000000E+00   0.0000000000000000E+00   0.0000000000000000E+00
 0.0000000000000000E+00   0.0000000000000000E+00   0.0000000000000000E+00   0.0000000000000000E+00   0.0000000000000000E+00   0.0000000000000000E+00   0.0000000000000000E+00   0.0000000000000000E+00   0.0000000000000000E+00
 0.0000000000000000E+00   0.0000000000000000E+00   0.0000000000000000E+00   0.0000000000000000E+00   0.0000000000000000E+00   0.0000000000000000E+00   0.0000000000000000E+00   0.0000000000000000E+00   0.0000000000000000E+00
 0.0000000000000000E+00   0.0000000000000000E+00   0.0000000000000000E+00   0.0000000000000000E+00   0.0000000000000000E+00   0.0000000000000000E+00   0.0000000000000000E+00   0.0000000000000000E+00   0.0000000000000000E+00
 0.0000000000000000E+00   0.0000000000000000E+00   0.0000000000000000E+00   0.0000000000000000E+00   0.0000000000000000E+00   0.0000000000000000E+00
 2.0000000000000000E+00   2.0000000000000000E+00   2.0000000000000000E+00   2.0000000000000000E+00   2.0000000000000000E+00   2.0000000000000000E+00   2.0000000000000000E+00   2.0000000000000000E+00   2.0000000000000000E+00
 2.0000000000000000E+00   2.0000000000000000E+00   2.0000000000000000E+00   2.0000000000000000E+00   2.0000000000000000E+00   2.0000000000000000E+00   2.0000000000000000E+00   2.0000000000000000E+00   2.0000000000000000E+00
 2.0000000000000000E+00   2.0000000000000000E+00   2.0000000000000000E+00   2.0000000000000000E+00   2.0000000000000000E+00   2.0000000000000000E+00   2.0000000000000000E+00   2.0000000000000000E+00   2.0000000000000000E+00
 2.0000000000000000E+00   2.0000000000000000E+00   2.0000000000000000E+00   2.0000000000000000E+00   2.0000000000000000E+00   2.0000000000000000E+00   2.0000000000000000E+00   2.0000000000000000E+00   2.0000000000000000E+00
 2.0000000000000000E+00   2.0000000000000000E+00   2.0000000000000000E+00   2.0000000000000000E+00   2.0000000000000000E+00   2.0000000000000000E+00   2.0000000000000000E+00   2.0000000000000000E+00   2.0000000000000000E+00
 2.0000000000000000E+00   2.0000000000000000E+00   2.0000000000000000E+00   2.0000000000000000E+00   2.0000000000000000E+00   2.0000000000000000E+00   2.0000000000000000E+00   2.0000000000000000E+00   2.0000000000000000E+00
 2.0000000000000000E+00   2.0000000000000000E+00   2.0000000000000000E+00   2.0000000000000000E+00   2.0000000000000000E+00   2.0000000000000000E+00   2.0000000000000000E+00   2.0000000000000000E+00   2.0000000000000000E+00
 2.0000000000000000E+00   2.0000000000000000E+00   2.0000000000000000E+00   2.0000000000000000E+00   2.0000000000000000E+00   2.0000000000000000E+00   2.0000000000000000E+00   2.0000000000000000E+00   2.0000000000000000E+00
 2.0000000000000000E+00   2.0000000000000000E+00   2.0000000000000000E+00   2.0000000000000000E+00   2.0000000000000000E+00   2.0000000000000000E+00   2.0000000000000000E+00   2.0000000000000000E+00   2.0000000000000000E+00
 2.0000000000000000E+00   2.0000000000000000E+00   2.0000000000000000E+00   2.0000000000000000E+00   2.0000000000000000E+00   2.0000000000000000E+00   2.0000000000000000E+00   2.0000000000000000E+00   2.0000000000000000E+00
 2.0000000000000000E+00   2.0000000000000000E+00   2.0000000000000000E+00   2.0000000000000000E+00   2.0000000000000000E+00   2.0000000000000000E+00   2.0000000000000000E+00   2.0000000000000000E+00   2.0000000000000000E+00
 2.0000000000000000E+00   2.0000000000000000E+00   2.0000000000000000E+00   2.0000000000000000E+00   2.0000000000000000E+00   2.0000000000000000E+00   2.0000000000000000E+00   2.0000000000000000E+00   2.0000000000000000E+00
 2.0000000000000000E+00   2.0000000000000000E+00   2.0000000000000000E+00   2.0000000000000000E+00   2.0000000000000000E+00   2.0000000000000000E+00   2.0000000000000000E+00   2.0000000000000000E+00   2.0000000000000000E+00
 2.0000000000000000E+00   2.0000000000000000E+00   2.0000000000000000E+00   2.0000000000000000E+00   2.0000000000000000E+00   2.0000000000000000E+00   2.0000000000000000E+00   2.0000000000000000E+00   2.0000000000000000E+00
 2.0000000000000000E+00   2.0000000000000000E+00   2.0000000000000000E+00   2.0000000000000000E+00   2.0000000000000000E+00   2.0000000000000000E+00   2.0000000000000000E+00   2.0000000000000000E+00   2.0000000000000000E+00
 2.0000000000000000E+00   2.0000000000000000E+00   2.0000000000000000E+00   2.0000000000000000E+00   2.0000000000000000E+00   2.0000000000000000E+00   2.0000000000000000E+00   2.0000000000000000E+00   2.0000000000000000E+00
 2.0000000000000000E+00   2.0000000000000000E+00   2.0000000000000000E+00   2.0000000000000000E+00   2.0000000000000000E+00   2.0000000000000000E+00   2.0000000000000000E+00   2.0000000000000000E+00   2.0000000000000000E+00
 2.0000000000000000E+00   2.0000000000000000E+00   2.0000000000000000E+00   2.0000000000000000E+00   2.0000000000000000E+00   2.0000000000000000E+00   2.0000000000000000E+00   2.0000000000000000E+00   2.0000000000000000E+00
 2.0000000000000000E+00   2.0000000000000000E+00   2.0000000000000000E+00   2.0000000000000000E+00   2.0000000000000000E+00   2.0000000000000000E+00   2.0000000000000000E+00   2.0000000000000000E+00   2.0000000000000000E+00
 2.0000000000000000E+00   2.0000000000000000E+00   2.0000000000000000E+00   2.0000000000000000E+00   2.0000000000000000E+00   2.0000000000000000E+00   2.0000000000000000E+00   2.0000000000000000E+00   2.0000000000000000E+00
 2.0000000000000000E+00   2.0000000000000000E+00   2.0000000000000000E+00   2.0000000000000000E+00   2.0000000000000000E+00   2.0000000000000000E+00   2.0000000000000000E+00   2.0000000000000000E+00   2.0000000000000000E+00
 2.0000000000000000E+00   2.0000000000000000E+00   2.0000000000000000E+00   2.0000000000000000E+00   2.0000000000000000E+00   2.0000000000000000E+00   2.0000000000000000E+00   2.0000000000000000E+00   2.0000000000000000E+00
 2.0000000000000000E+00   2.0000000000000000E+00   2.0000000000000000E+00   2.0000000000000000E+00   2.0000000000000000E+00   2.0000000000000000E+00   2.0000000000000000E+00   2.0000000000000000E+00   2.0000000000000000E+00
 2.0000000000000000E+00   2.0000000000000000E+00   2.0000000000000000E+00   2.0000000000000000E+00   2.0000000000000000E+00   2.0000000000000000E+00   2.0000000000000000E+00   2.0000000000000000E+00   2.0000000000000000E+00
 2.0000000000000000E+00   2.0000000000000000E+00   2.0000000000000000E+00   2.0000000000000000E+00   2.0000000000000000E+00   2.0000000000000000E+00   2.0000000000000000E+00   2.0000000000000000E+00   2.0000000000000000E+00
 2.0000000000000000E+00   2.0000000000000000E+00   2.0000000000000000E+00   2.0000000000000000E+00   2.0000000000000000E+00   2.0000000000000000E+00   2.0000000000000000E+00   2.0000000000000000E+00   2.0000000000000000E+00
 2.0000000000000000E+00   2.0000000000000000E+00   2.0000000000000000E+00   2.0000000000000000E+00   2.0000000000000000E+00   2.0000000000000000E+00   2.0000000000000000E+00   2.0000000000000000E+00   2.0000000000000000E+00
 2.0000000000000000E+00   2.0000000000000000E+00   2.0000000000000000E+00   2.0000000000000000E+00   2.0000000000000000E+00   2.0000000000000000E+00   2.0000000000000000E+00   2.0000000000000000E+00   2.0000000000000000E+00
 2.0000000000000000E+00   2.0000000000000000E+00   2.0000000000000000E+00   2.0000000000000000E+00   2.0000000000000000E+00   2.0000000000000000E+00   2.0000000000000000E+00   2.0000000000000000E+00   2.0000000000000000E+00
 2.0000000000000000E+00   2.0000000000000000E+00   2.0000000000000000E+00   2.0000000000000000E+00   2.0000000000000000E+00   2.0000000000000000E+00   2.0000000000000000E+00   2.0000000000000000E+00   2.0000000000000000E+00
 2.0000000000000000E+00   2.0000000000000000E+00   2.0000000000000000E+00   2.0000000000000000E+00   2.0000000000000000E+00   2.0000000000000000E+00   2.0000000000000000E+00   2.0000000000000000E+00   2.0000000000000000E+00
 2.0000000000000000E+00   2.0000000000000000E+00   2.0000000000000000E+00   2.0000000000000000E+00   2.0000000000000000E+00   2.0000000000000000E+00   2.0000000000000000E+00   2.0000000000000000E+00   2.0000000000000000E+00
 2.0000000000000000E+00   2.0000000000000000E+00   2.0000000000000000E+00   2.0000000000000000E+00   2.0000000000000000E+00   2.0000000000000000E+00   2.0000000000000000E+00   2.0000000000000000E+00   2.0000000000000000E+00
 2.0000000000000000E+00   2.0000000000000000E+00   2.0000000000000000E+00   1.6000000000000003E+00   1.6000000000000003E+00   1.6000000000000003E+00   1.6000000000000003E+00   1.6000000000000003E+00   1.6000000000000003E+00
 1.6000000000000003E+00   1.6000000000000003E+00   1.6000000000000003E+00   1.6000000000000003E+00   1.6000000000000003E+00   1.6000000000000003E+00   1.6000000000000003E+00   1.6000000000000003E+00   1.6000000000000003E+00
 1.6000000000000003E+00   1.6000000000000003E+00   1.6000000000000003E+00   1.6000000000000003E+00   1.6000000000000003E+00   1.6000000000000003E+00   1.6000000000000003E+00   1.6000000000000003E+00   1.6000000000000003E+00
 1.6000000000000003E+00   1.6000000000000003E+00   1.6000000000000003E+00   1.6000000000000003E+00   1.6000000000000003E+00   1.6000000000000003E+00   1.6000000000000003E+00   1.6000000000000003E+00   1.6000000000000003E+00
 1.6000000000000003E+00   1.6000000000000003E+00   1.6000000000000003E+00   1.6000000000000003E+00   1.6000000000000003E+00   1.6000000000000003E+00   1.6000000000000003E+00   1.6000000000000003E+00   1.6000000000000003E+00
 1.6000000000000003E+00   1.6000000000000003E+00   1.6000000000000003E+00   1.6000000000000003E+00   1.6000000000000003E+00   1.6000000000000003E+00   1.6000000000000003E+00   1.6000000000000003E+00   1.6000000000000003E+00
 1.6000000000000003E+00   1.6000000000000003E+00   1.6000000000000003E+00   1.6000000000000003E+00   1.6000000000000003E+00   1.6000000000000003E+00   1.6000000000000003E+00   1.6000000000000003E+00   1.6000000000000003E+00
 1.6000000000000003E+00   1.6000000000000003E+00   1.6000000000000003E+00   1.6000000000000003E+00   1.6000000000000003E+00   1.6000000000000003E+00   1.6000000000000003E+00   1.6000000000000003E+00   1.6000000000000003E+00
 1.6000000000000003E+00   1.6000000000000003E+00   1.6000000000000003E+00   1.6000000000000003E+00   1.6000000000000003E+00   1.6000000000000003E+00   1.6000000000000003E+00   1.6000000000000003E+00   1.6000000000000003E+00
 1.6000000000000003E+00   1.6000000000000003E+00   1.6000000000000003E+00   1.6000000000000003E+00   1.6000000000000003E+00   1.6000000000000003E+00   1.6000000000000003E+00   1.6000000000000003E+00   1.6000000000000003E+00
 1.6000000000000003E+00   1.6000000000000003E+00   1.6000000000000003E+00   1.6000000000000003E+00   1.6000000000000003E+00   1.6000000000000003E+00   1.6000000000000003E+00   1.6000000000000003E+00   1.6000000000000003E+00
 1.6000000000000003E+00   1.6000000000000003E+00   1.6000000000000003E+00   1.6000000000000003E+00   1.6000000000000003E+00   1.6000000000000003E+00   1.6000000000000003E+00   1.6000000000000003E+00   1.6000000000000003E+00
 1.6000000000000003E+00   1.6000000000000003E+00   1.6000000000000003E+00   1.6000000000000003E+00   1.6000000000000003E+00   1.6000000000000003E+00   1.6000000000000003E+00   1.6000000000000003E+00   1.6000000000000003E+00
 1.6000000000000003E+00   1.6000000000000003E+00   1.6000000000000003E+00   1.6000000000000003E+00   1.6000000000000003E+00   1.6000000000000003E+00   1.6000000000000003E+00   1.6000000000000003E+00   1.6000000000000003E+00
 1.6000000000000003E+00   1.6000000000000003E+00   1.6000000000000003E+00   1.6000000000000003E+00   1.6000000000000003E+00   1.6000000000000003E+00   1.6000000000000003E+00   1.6000000000000003E+00   1.6000000000000003E+00
 1.6000000000000003E+00   1.6000000000000003E+00   1.6000000000000003E+00   1.6000000000000003E+00   1.6000000000000003E+00   1.6000000000000003E+00   1.6000000000000003E+00   1.6000000000000003E+00   1.6000000000000003E+00
 1.6000000000000003E+00   1.6000000000000003E+00   1.6000000000000003E+00   1.6000000000000003E+00   1.6000000000000003E+00   1.6000000000000003E+00   1.6000000000000003E+00   1.6000000000000003E+00   1.6000000000000003E+00
 1.6000000000000003E+00   1.6000000000000003E+00   1.6000000000000003E+00   1.6000000000000003E+00   1.6000000000000003E+00   1.6000000000000003E+00   1.6000000000000003E+00   1.6000000000000003E+00   1.6000000000000003E+00
 1.6000000000000003E+00   1.6000000000000003E+00   1.6000000000000003E+00   1.6000000000000003E+00   1.6000000000000003E+00   1.6000000000000003E+00   1.6000000000000003E+00   1.6000000000000003E+00   1.6000000000000003E+00
 1.6000000000000003E+00   1.6000000000000003E+00   1.6000000000000003E+00   1.6000000000000003E+00   1.6000000000000003E+00   1.6000000000000003E+00   1.6000000000000003E+00   1.6000000000000003E+00   1.6000000000000003E+00
 1.6000000000000003E+00   1.6000000000000003E+00   1.6000000000000003E+00   1.6000000000000003E+00   1.6000000000000003E+00   1.6000000000000003E+00   1.6000000000000003E+00   1.6000000000000003E+00   1.6000000000000003E+00
 1.6000000000000003E+00   1.6000000000000003E+00   1.6000000000000003E+00   1.6000000000000003E+00   1.6000000000000003E+00   1.6000000000000003E+00   1.6000000000000003E+00   1.6000000000000003E+00   1.6000000000000003E+00
 1.6000000000000003E+00   1.6000000000000003E+00   1.6000000000000003E+00   1.6000000000000003E+00   1.6000000000000003E+00   1.6000000000000003E+00   1.6000000000000003E+00   1.6000000000000003E+00   1.6000000000000003E+00
 1.6000000000000003E+00   1.6000000000000003E+00   1.6000000000000003E+00   1.6000000000000003E+00   1.6000000000000003E+00   1.6000000000000003E+00   1.6000000000000003E+00   1.6000000000000003E+00   1.6000000000000003E+00
 1.6000000000000003E+00   1.6000000000000003E+00   1.6000000000000003E+00   1.6000000000000003E+00   1.6000000000000003E+00   1.6000000000000003E+00   1.6000000000000003E+00   1.6000000000000003E+00   1.6000000000000003E+00
 1.6000000000000003E+00   1.6000000000000003E+00   1.6000000000000003E+00   1.6000000000000003E+00   1.6000000000000003E+00   1.6000000000000003E+00   1.6000000000000003E+00   1.6000000000000003E+00   1.6000000000000003E+00
 1.6000000000000003E+00   1.6000000000000003E+00   1.6000000000000003E+00   1.6000000000000003E+00   1.6000000000000003E+00   1.6000000000000003E+00   1.6000000000000003E+00   1.6000000000000003E+00   1.6000000000000003E+00
 1.6000000000000003E+00   1.6000000000000003E+00   1.6000000000000003E+00   1.6000000000000003E+00   1.6000000000000003E+00   1.6000000000000003E+00   1.6000000000000003E+00   1.6000000000000003E+00   1.6000000000000003E+00
 1.6000000000000003E+00   1.6000000000000003E+00   1.6000000000000003E+00   1.6000000000000003E+00   1.6000000000000003E+00   1.6000000000000003E+00   1.6000000000000003E+00   1.6000000000000003E+00   1.6000000000000003E+00
 1.6000000000000003E+00   1.6000000000000003E+00   1.6000000000000003E+00   1.6000000000000003E+00   1.6000000000000003E+00   1.6000000000000003E+00   1.6000000000000003E+00   1.6000000000000003E+00   1.6000000000000003E+00
 1.6000000000000003E+00   1.6000000000000003E+00   1.6000000000000003E+00   1.6000000000000003E+00   1.6000000000000003E+00   1.6000000000000003E+00   1.6000000000000003E+00   1.6000000000000003E+00   1.6000000000000003E+00
 1.6000000000000003E+00   1.6000000000000003E+00   1.6000000000000003E+00   1.6000000000000003E+00   1.6000000000000003E+00   1.6000000000000003E+00   1.6000000000000003E+00   1.6000000000000003E+00   1.6000000000000003E+00
 1.6000000000000003E+00   1.6000000000000003E+00   1.6000000000000003E+00   1.6000000000000003E+00   1.6000000000000003E+00   1.6000000000000003E+00   1.6000000000000003E+00   1.6000000000000003E+00   1.6000000000000003E+00
 1.6000000000000003E+00   1.6000000000000003E+00   1.6000000000000003E+00   1.6000000000000003E+00   1.6000000000000003E+00   1.6000000000000003E+00
 1.0000000000000000E+00   1.0000000000000000E+00   1.0000000000000000E+00   1.0000000000000000E+00   1.0000000000000000E+00   1.0000000000000000E+00   1.0000000000000000E+00   1.0000000000000000E+00   1.0000000000000000E+00
 1.0000000000000000E+00   1.0000000000000000E+00   1.0000000000000000E+00   1.0000000000000000E+00   1.0000000000000000E+00   1.0000000000000000E+00   1.0000000000000000E+00   1.0000000000000000E+00   1.0000000000000000E+00
 1.0000000000000000E+00   1.0000000000000000E+00   1.0000000000000000E+00   1.0000000000000000E+00   1.0000000000000000E+00   1.0000000000000000E+00   1.0000000000000000E+00   1.0000000000000000E+00   1.0000000000000000E+00
 1.0000000000000000E+00   1.0000000000000000E+00   1.0000000000000000E+00   1.0000000000000000E+00   1.0000000000000000E+00   1.0000000000000000E+00   1.0000000000000000E+00   1.0000000000000000E+00   1.0000000000000000E+00
 1.0000000000000000E+00   1.0000000000000000E+00   1.0000000000000000E+00   1.0000000000000000E+00   1.0000000000000000E+00   1.0000000000000000E+00   1.0000000000000000E+00   1.0000000000000000E+00   1.0000000000000000E+00
 1.0000000000000000E+00   1.0000000000000000E+00   1.0000000000000000E+00   1.0000000000000000E+00   1.0000000000000000E+00   1.0000000000000000E+00   1.0000000000000000E+00   1.0000000000000000E+00   1.0000000000000000E+00
 1.0000000000000000E+00   1.0000000000000000E+00   1.0000000000000000E+00   1.0000000000000000E+00   1.0000000000000000E+00   1.0000000000000000E+00   1.0000000000000000E+00   1.0000000000000000E+00   1.0000000000000000E+00
 1.0000000000000000E+00   1.0000000000000000E+00   1.0000000000000000E+00   1.0000000000000000E+00   1.0000000000000000E+00   1.0000000000000000E+00   1.0000000000000000E+00   1.0000000000000000E+00   1.0000000000000000E+00
 1.0000000000000000E+00   1.0000000000000000E+00   1.0000000000000000E+00   1.0000000000000000E+00   1.0000000000000000E+00   1.0000000000000000E+00   1.0000000000000000E+00   1.0000000000000000E+00   1.0000000000000000E+00
 1.0000000000000000E+00   1.0000000000000000E+00   1.0000000000000000E+00   1.0000000000000000E+00   1.0000000000000000E+00   1.0000000000000000E+00   1.0000000000000000E+00   1.0000000000000000E+00   1.0000000000000000E+00
 1.0000000000000000E+00   1.0000000000000000E+00   1.0000000000000000E+00   1.0000000000000000E+00   1.0000000000000000E+00   1.0000000000000000E+00   1.0000000000000000E+00   1.0000000000000000E+00   1.0000000000000000E+00
 1.0000000000000000E+00   1.0000000000000000E+00   1.0000000000000000E+00   1.0000000000000000E+00   1.0000000000000000E+00   1.0000000000000000E+00   1.0000000000000000E+00   1.0000000000000000E+00   1.0000000000000000E+00
 1.0000000000000000E+00   1.0000000000000000E+00   1.0000000000000000E+00   1.0000000000000000E+00   1.0000000000000000E+00   1.0000000000000000E+00   1.0000000000000000E+00   1.0000000000000000E+00   1.0000000000000000E+00
 1.0000000000000000E+00   1.0000000000000000E+00   1.0000000000000000E+00   1.0000000000000000E+00   1.0000000000000000E+00   1.0000000000000000E+00   1.0000000000000000E+00   1.0000000000000000E+00   1.0000000000000000E+00
 1.0000000000000000E+00   1.0000000000000000E+00   1.0000000000000000E+00   1.0000000000000000E+00   1.0000000000000000E+00   1.0000000000000000E+00   1.0000000000000000E+00   1.0000000000000000E+00   1.0000000000000000E+00
 1.0000000000000000E+00   1.0000000000000000E+00   1.0000000000000000E+00   1.0000000000000000E+00   1.0000000000000000E+00   1.0000000000000000E+00   1.0000000000000000E+00   1.0000000000000000E+00   1.0000000000000000E+00
 1.0000000000000000E+00   1.0000000000000000E+00   1.0000000000000000E+00   1.0000000000000000E+00   1.0000000000000000E+00   1.0000000000000000E+00   1.0000000000000000E+00   1.0000000000000000E+00   1.0000000000000000E+00
 1.0000000000000000E+00   1.0000000000000000E+00   1.0000000000000000E+00   1.0000000000000000E+00   1.0000000000000000E+00   1.0000000000000000E+00   1.0000000000000000E+00   1.0000000000000000E+00   1.0000000000000000E+00
 1.0000000000000000E+00   1.0000000000000000E+00   1.0000000000000000E+00   1.0000000000000000E+00   1.0000000000000000E+00   1.0000000000000000E+00   1.0000000000000000E+00   1.0000000000000000E+00   1.0000000000000000E+00
 1.0000000000000000E+00   1.0000000000000000E+00   1.0000000000000000E+00   1.0000000000000000E+00   1.0000000000000000E+00   1.0000000000000000E+00   1.0000000000000000E+00   1.0000000000000000E+00   1.0000000000000000E+00
 1.0000000000000000E+00   1.0000000000000000E+00   1.0000000000000000E+00   1.0000000000000000E+00   1.0000000000000000E+00   1.0000000000000000E+00   1.0000000000000000E+00   1.0000000000000000E+00   1.0000000000000000E+00
 1.0000000000000000E+00   1.0000000000000000E+00   1.0000000000000000E+00   1.0000000000000000E+00   1.0000000000000000E+00   1.0000000000000000E+00   1.0000000000000000E+00   1.0000000000000000E+00   1.0000000000000000E+00
 1.0000000000000000E+00   1.0000000000000000E+00   1.0000000000000000E+00   1.0000000000000000E+00   1.0000000000000000E+00   1.0000000000000000E+00   1.0000000000000000E+00   1.0000000000000000E+00   1.0000000000000000E+00
 1.0000000000000000E+00   1.0000000000000000E+00   1.0000000000000000E+00   1.0000000000000000E+00   1.0000000000000000E+00   1.0000000000000000E+00   1.0000000000000000E+00   1.0000000000000000E+00   1.0000000000000000E+00
 1.0000000000000000E+00   1.0000000000000000E+00   1.0000000000000000E+00   1.0000000000000000E+00   1.0000000000000000E+00   1.0000000000000000E+00   1.0000000000000000E+00   1.0000000000000000E+00   1.0000000000000000E+00
 1.0000000000000000E+00   1.0000000000000000E+00   1.0000000000000000E+00   1.0000000000000000E+00   1.0000000000000000E+00   1.0000000000000000E+00   1.0000000000000000E+00   1.0000000000000000E+00   1.0000000000000000E+00
 1.0000000000000000E+00   1.0000000000000000E+00   1.0000000000000000E+00   1.0000000000000000E+00   1.0000000000000000E+00   1.0000000000000000E+00   1.0000000000000000E+00   1.0000000000000000E+00   1.0000000000000000E+00
 1.0000000000000000E+00   1.0000000000000000E+00   1.0000000000000000E+00   1.0000000000000000E+00   1.0000000000000000E+00   1.0000000000000000E+00   1.0000000000000000E+00   1.0000000000000000E+00   1.0000000000000000E+00
 1.0000000000000000E+00   1.0000000000000000E+00   1.0000000000000000E+00   1.0000000000000000E+00   1.0000000000000000E+00   1.0000000000000000E+00   1.0000000000000000E+00   1.0000000000000000E+00   1.0000000000000000E+00
 1.0000000000000000E+00   1.0000000000000000E+00   1.0000000000000000E+00   1.0000000000000000E+00   1.0000000000000000E+00   1.0000000000000000E+00   1.0000000000000000E+00   1.0000000000000000E+00   1.0000000000000000E+00
 1.0000000000000000E+00   1.0000000000000000E+00   1.0000000000000000E+00   1.0000000000000000E+00   1.0000000000000000E+00   1.0000000000000000E+00   1.0000000000000000E+00   1.0000000000000000E+00   1.0000000000000000E+00
 1.0000000000000000E+00   1.0000000000000000E+00   1.0000000000000000E+00   1.0000000000000000E+00   1.0000000000000000E+00   1.0000000000000000E+00   1.0000000000000000E+00   1.0000000000000000E+00   1.0000000000000000E+00
 1.0000000000000000E+00   1.0000000000000000E+00   1.0000000000000000E+00   1.0000000000000000E+00   1.0000000000000000E+00   1.0000000000000000E+00   1.0000000000000000E+00   1.0000000000000000E+00   1.0000000000000000E+00
 1.0000000000000000E+00   1.0000000000000000E+00   1.0000000000000000E+00   1.0000000000000002E-01   1.0000000000000002E-01   1.0000000000000002E-01   1.0000000000000002E-01   1.0000000000000002E-01   1.0000000000000002E-01
 1.0000000000000002E-01   1.0000000000000002E-01   1.0000000000000002E-01   1.0000000000000002E-01   1.0000000000000002E-01   1.0000000000000002E-01   1.0000000000000002E-01   1.0000000000000002E-01   1.0000000000000002E-01
 1.0000000000000002E-01   1.0000000000000002E-01   1.0000000000000002E-01   1.0000000000000002E-01   1.0000000000000002E-01   1.0000000000000002E-01   1.0000000000000002E-01   1.0000000000000002E-01   1.0000000000000002E-01
 1.0000000000000002E-01   1.0000000000000002E-01   1.0000000000000002E-01   1.0000000000000002E-01   1.0000000000000002E-01   1.0000000000000002E-01   1.0000000000000002E-01   1.0000000000000002E-01   1.0000000000000002E-01
 1.0000000000000002E-01   1.0000000000000002E-01   1.0000000000000002E-01   1.0000000000000002E-01   1.0000000000000002E-01   1.0000000000000002E-01   1.0000000000000002E-01   1.0000000000000002E-01   1.0000000000000002E-01
 1.0000000000000002E-01   1.0000000000000002E-01   1.0000000000000002E-01   1.0000000000000002E-01   1.0000000000000002E-01   1.0000000000000002E-01   1.0000000000000002E-01   1.0000000000000002E-01   1.0000000000000002E-01
 1.0000000000000002E-01   1.0000000000000002E-01   1.0000000000000002E-01   1.0000000000000002E-01   1.0000000000000002E-01   1.0000000000000002E-01   1.0000000000000002E-01   1.0000000000000002E-01   1.0000000000000002E-01
 1.0000000000000002E-01   1.0000000000000002E-01   1.0000000000000002E-01   1.0000000000000002E-01   1.0000000000000002E-01   1.0000000000000002E-01   1.0000000000000002E-01   1.0000000000000002E-01   1.0000000000000002E-01
 1.0000000000000002E-01   1.0000000000000002E-01   1.0000000000000002E-01   1.0000000000000002E-01   1.0000000000000002E-01   1.0000000000000002E-01   1.0000000000000002E-01   1.0000000000000002E-01   1.0000000000000002E-01
 1.0000000000000002E-01   1.0000000000000002E-01   1.0000000000000002E-01   1.0000000000000002E-01   1.0000000000000002E-01   1.0000000000000002E-01   1.0000000000000002E-01   1.0000000000000002E-01   1.0000000000000002E-01
 1.0000000000000002E-01   1.0000000000000002E-01   1.0000000000000002E-01   1.0000000000000002E-01   1.0000000000000002E-01   1.0000000000000002E-01   1.0000000000000002E-01   1.0000000000000002E-01   1.0000000000000002E-01
 1.0000000000000002E-01   1.0000000000000002E-01   1.0000000000000002E-01   1.0000000000000002E-01   1.0000000000000002E-01   1.0000000000000002E-01   1.0000000000000002E-01   1.0000000000000002E-01   1.0000000000000002E-01
 1.0000000000000002E-01   1.0000000000000002E-01   1.0000000000000002E-01   1.0000000000000002E-01   1.0000000000000002E-01   1.0000000000000002E-01   1.0000000000000002E-01   1.0000000000000002E-01   1.0000000000000002E-01
 1.0000000000000002E-01   1.0000000000000002E-01   1.0000000000000002E-01   1.0000000000000002E-01   1.0000000000000002E-01   1.0000000000000002E-01   1.0000000000000002E-01   1.0000000000000002E-01   1.0000000000000002E-01
 1.0000000000000002E-01   1.0000000000000002E-01   1.0000000000000002E-01   1.0000000000000002E-01   1.0000000000000002E-01   1.0000000000000002E-01   1.0000000000000002E-01   1.0000000000000002E-01   1.0000000000000002E-01
 1.0000000000000002E-01   1.0000000000000002E-01   1.0000000000000002E-01   1.0000000000000002E-01   1.0000000000000002E-01   1.0000000000000002E-01   1.0000000000000002E-01   1.0000000000000002E-01   1.0000000000000002E-01
 1.0000000000000002E-01   1.0000000000000002E-01   1.0000000000000002E-01   1.0000000000000002E-01   1.0000000000000002E-01   1.0000000000000002E-01   1.0000000000000002E-01   1.0000000000000002E-01   1.0000000000000002E-01
 1.0000000000000002E-01   1.0000000000000002E-01   1.0000000000000002E-01   1.0000000000000002E-01   1.0000000000000002E-01   1.0000000000000002E-01   1.0000000000000002E-01   1.0000000000000002E-01   1.0000000000000002E-01
 1.0000000000000002E-01   1.0000000000000002E-01   1.0000000000000002E-01   1.0000000000000002E-01   1.0000000000000002E-01   1.0000000000000002E-01   1.0000000000000002E-01   1.0000000000000002E-01   1.0000000000000002E-01
 1.0000000000000002E-01   1.0000000000000002E-01   1.0000000000000002E-01   1.0000000000000002E-01   1.0000000000000002E-01   1.0000000000000002E-01   1.0000000000000002E-01   1.0000000000000002E-01   1.0000000000000002E-01
 1.0000000000000002E-01   1.0000000000000002E-01   1.0000000000000002E-01   1.0000000000000002E-01   1.0000000000000002E-01   1.0000000000000002E-01   1.0000000000000002E-01   1.0000000000000002E-01   1.0000000000000002E-01
 1.0000000000000002E-01   1.0000000000000002E-01   1.0000000000000002E-01   1.0000000000000002E-01   1.0000000000000002E-01   1.0000000000000002E-01   1.0000000000000002E-01   1.0000000000000002E-01   1.0000000000000002E-01
 1.0000000000000002E-01   1.0000000000000002E-01   1.0000000000000002E-01   1.0000000000000002E-01   1.0000000000000002E-01   1.0000000000000002E-01   1.0000000000000002E-01   1.0000000000000002E-01   1.0000000000000002E-01
 1.0000000000000002E-01   1.0000000000000002E-01   1.0000000000000002E-01   1.0000000000000002E-01   1.0000000000000002E-01   1.0000000000000002E-01   1.0000000000000002E-01   1.0000000000000002E-01   1.0000000000000002E-01
 1.0000000000000002E-01   1.0000000000000002E-01   1.0000000000000002E-01   1.0000000000000002E-01   1.0000000000000002E-01   1.0000000000000002E-01   1.0000000000000002E-01   1.0000000000000002E-01   1.0000000000000002E-01
 1.0000000000000002E-01   1.0000000000000002E-01   1.0000000000000002E-01   1.0000000000000002E-01   1.0000000000000002E-01   1.0000000000000002E-01   1.0000000000000002E-01   1.0000000000000002E-01   1.0000000000000002E-01
 1.0000000000000002E-01   1.0000000000000002E-01   1.0000000000000002E-01   1.0000000000000002E-01   1.0000000000000002E-01   1.0000000000000002E-01   1.0000000000000002E-01   1.0000000000000002E-01   1.0000000000000002E-01
 1.0000000000000002E-01   1.0000000000000002E-01   1.0000000000000002E-01   1.0000000000000002E-01   1.0000000000000002E-01   1.0000000000000002E-01   1.0000000000000002E-01   1.0000000000000002E-01   1.0000000000000002E-01
 1.0000000000000002E-01   1.0000000000000002E-01   1.0000000000000002E-01   1.0000000000000002E-01   1.0000000000000002E-01   1.0000000000000002E-01   1.0000000000000002E-01   1.0000000000000002E-01   1.0000000000000002E-01
 1.0000000000000002E-01   1.0000000000000002E-01   1.0000000000000002E-01   1.0000000000000002E-01   1.0000000000000002E-01   1.0000000000000002E-01   1.0000000000000002E-01   1.0000000000000002E-01   1.0000000000000002E-01
 1.0000000000000002E-01   1.0000000000000002E-01   1.0000000000000002E-01   1.0000000000000002E-01   1.0000000000000002E-01   1.0000000000000002E-01   1.0000000000000002E-01   1.0000000000000002E-01   1.0000000000000002E-01
 1.0000000000000002E-01   1.0000000000000002E-01   1.0000000000000002E-01   1.0000000000000002E-01   1.0000000000000002E-01   1.0000000000000002E-01   1.0000000000000002E-01   1.0000000000000002E-01   1.0000000000000002E-01
 1.0000000000000002E-01   1.0000000000000002E-01   1.0000000000000002E-01   1.0000000000000002E-01   1.0000000000000002E-01   1.0000000000000002E-01   1.0000000000000002E-01   1.0000000000000002E-01   1.0000000000000002E-01
 1.0000000000000002E-01   1.0000000000000002E-01   1.0000000000000002E-01   1.0000000000000002E-01   1.0000000000000002E-01   1.0000000000000002E-01
 8.3298620754168606E-04   2.4968776025399153E-03   4.1579981548900413E-03   5.8163524788169552E-03   7.4719451808615833E-03   9.1247808598934332E-03   1.0774864107123916E-02   1.2422199506118559E-02   1.4066791632810216E-02
 1.5708645055511283E-02   1.7347764334926796E-02   1.8984154024167088E-02   2.0617818668759891E-02   2.2248762806663658E-02   2.3876990968279888E-02   2.5502507676465558E-02   2.7125317446546005E-02   2.8745424786327134E-02
 3.0362834196108079E-02   3.1977550168693969E-02   3.3589577189407804E-02   3.5198919736103562E-02   3.6805582279178184E-02   3.8409569281584344E-02   4.0010885198842328E-02   4.1609534479053023E-02   4.3205521562910021E-02
 4.4798850883711605E-02   4.6389526867373632E-02   4.7977553932441630E-02   4.9562936490102905E-02   5.1145678944198747E-02   5.2725785691237093E-02   5.4303261120404400E-02   5.5878109613577864E-02   5.7450335545337516E-02
 5.9019943282978882E-02   6.0586937186524192E-02   6.2151321608735488E-02   6.3713100895125940E-02   6.5272279383972509E-02   6.6828861406327267E-02   6.8382851286030499E-02   6.9934253339721586E-02   7.1483071876851545E-02
 7.3029311199695357E-02   7.4572975603363179E-02   7.6114069375812554E-02   7.7652596797860518E-02   7.9188562143195473E-02   8.0721969678388739E-02   8.2252823662906649E-02   8.3781128349122436E-02   8.5306887982327773E-02
 8.6830106800744877E-02   8.8350789035538280E-02   8.9868938910826035E-02   9.1384560643692270E-02   9.2897658444198283E-02   9.4408236515394428E-02   9.5916299053331988E-02   9.7421850247074393E-02   9.8924894278709430E-02
 1.0042543532336023E-01   1.0192347754919751E-01   1.0341902511745038E-01   1.0491208218241876E-01   1.0640265289148432E-01   1.0789074138512222E-01   1.0937635179691263E-01   1.1085948825355196E-01   1.1234015487486471E-01
 1.1381835577381472E-01   1.1529409505651644E-01   1.1676737682224669E-01   1.1823820516345585E-01   1.1970658416577884E-01   1.2117251790804751E-01   1.2263601046230088E-01   1.2409706589379688E-01   1.2555568826102381E-01
 1.2701188161571142E-01   1.2846565000284216E-01   1.2991699746066254E-01   1.3136592802069413E-01   1.3281244570774509E-01   1.3425655453992091E-01   1.3569825852863604E-01   1.3713756167862468E-01   1.3857446798795192E-01
 1.4000898144802532E-01   1.4144110604360538E-01   1.4287084575281672E-01   1.4429820454715969E-01   1.4572318639152049E-01   1.4714579524418314E-01   1.4856603505683985E-01   1.4998390977460185E-01   1.5139942333601120E-01
 1.5281257967305084E-01   1.5422338271115588E-01   1.5563183636922462E-01   1.5703794455962927E-01   1.5844171118822681E-01   1.5984314015436973E-01   1.6124223535091742E-01   1.6263900066424619E-01   1.6403343997426056E-01
 1.6542555715440399E-01   1.6681535607166953E-01   1.6820284058661072E-01   1.6958801455335193E-01   1.7097088181959963E-01   1.7235144622665266E-01   1.7372971160941308E-01   1.7510568179639663E-01   1.7647936060974367E-01
 1.7785075186522958E-01   1.7921985937227525E-01   1.8058668693395818E-01   1.8195123834702231E-01   1.8331351740188917E-01   1.8467352788266811E-01   1.8603127356716698E-01   1.8738675822690232E-01   1.8873998562711025E-01
 1.9009095952675659E-01   1.9143968367854758E-01   1.9278616182893993E-01   1.9413039771815166E-01   1.9547239508017222E-01   1.9681215764277282E-01   1.9814968912751718E-01   1.9948499324977120E-01   2.0081807371871407E-01
 2.0214893423734781E-01   2.0347757850250814E-01   2.0480401020487426E-01   2.0612823302897965E-01   2.0745025065322187E-01   2.0877006674987297E-01   2.1008768498508967E-01   2.1140310901892334E-01   2.1271634250533067E-01
 2.1402738909218300E-01   2.1533625242127752E-01   2.1664293612834640E-01   2.1794744384306752E-01   2.1924977918907429E-01   2.2054994578396558E-01   2.2184794723931622E-01   2.2314378716068661E-01   2.2443746914763296E-01
 2.2572899679371716E-01   2.2701837368651678E-01   2.2830560340763506E-01   2.2959068953271122E-01   2.3087363563142949E-01   2.3215444526753004E-01   2.3343312199881805E-01   2.3470966937717430E-01   2.3598409094856454E-01
 2.3725639025304956E-01   2.3852657082479478E-01   2.3979463619208030E-01   2.4106058987731105E-01   2.4232443539702564E-01   2.4358617626190682E-01   2.4484581597679134E-01   2.4610335804067918E-01   2.4735880594674331E-01
 2.4861216318234014E-01   2.4986343322901816E-01   2.5111261956252839E-01   2.5235972565283360E-01   2.5360475496411827E-01   2.5484771095479797E-01   2.5608859707752885E-01   2.5732741677921778E-01   2.5856417350103122E-01
 2.5979887067840557E-01   2.6103151174105577E-01   2.6226210011298567E-01   2.6349063921249705E-01   2.6471713245219930E-01   2.6594158323901906E-01   2.6716399497420895E-01   2.6838437105335822E-01   2.6960271486640108E-01
 2.7081902979762673E-01   2.7203331922568841E-01   2.7324558652361330E-01   2.7445583505881110E-01   2.7566406819308431E-01   2.7687028928263668E-01   2.7807450167808323E-01   2.7927670872445909E-01   2.8047691376122919E-01
 2.8167512012229701E-01   2.8287133113601437E-01   2.8406555012519041E-01   2.8525778040710104E-01   2.8644802529349755E-01   2.8763628809061659E-01   2.8882257209918905E-01   2.9000688061444879E-01   2.9118921692614275E-01
 2.9236958431853899E-01   2.9354798607043664E-01   2.9472442545517474E-01   2.9589890574064115E-01   2.9707143018928184E-01   2.9824200205811002E-01   2.9941062459871481E-01   3.0057730105727087E-01   3.0174203467454674E-01
 3.0290482868591440E-01   3.0406568632135800E-01   3.0522461080548280E-01   3.0638160535752412E-01   3.0753667319135658E-01   3.0868981751550273E-01   3.0984104153314174E-01   3.1099034844211915E-01   3.1213774143495465E-01
 3.1328322369885198E-01   3.1442679841570675E-01   3.1556846876211642E-01   3.1670823790938807E-01   3.1784610902354782E-01   3.1898208526534966E-01   3.2011616979028379E-01   3.2124836574858562E-01   3.2237867628524486E-01
 3.2350710454001352E-01   3.2463365364741548E-01   3.2575832673675431E-01   3.2688112693212279E-01   3.2800205735241106E-01   3.2912112111131542E-01   3.3023832131734709E-01   3.3135366107384057E-01   3.3246714347896267E-01
 3.3357877162572080E-01   3.3468854860197161E-01   3.3579647749042962E-01   3.3690256136867580E-01   3.3800680330916599E-01   3.3910920637923980E-01   3.4020977364112859E-01   3.4130850815196434E-01   3.4240541296378801E-01
 3.4350049112355829E-01   3.4459374567315948E-01   3.4568517964941059E-01   3.4677479608407336E-01   3.4786259800386077E-01   3.4894858843044552E-01   3.5003277038046843E-01   3.5111514686554668E-01   3.5219572089228224E-01
 3.5327449546227041E-01   3.5435147357210794E-01   3.5542665821340136E-01   3.5650005237277538E-01   3.5757165903188104E-01   3.5864148116740435E-01   3.5970952175107407E-01   3.6077578374967012E-01   3.6184027012503239E-01
 3.6290298383406794E-01   3.6396392782875997E-01   3.6502310505617608E-01   3.6608051845847556E-01   3.6713617097291873E-01   3.6819006553187428E-01   3.6924220506282790E-01   3.7029259248838997E-01   3.7134123072630409E-01
 3.7238812268945487E-01   3.7343327128587622E-01   3.7447667941875940E-01   3.7551834998646094E-01   3.7655828588251095E-01   3.7759648999562079E-01   3.7863296520969159E-01   3.7966771440382174E-01   3.8070074045231517E-01
 3.8173204622468948E-01   3.8276163458568357E-01   3.8378950839526571E-01   3.8481567050864163E-01   3.8584012377626220E-01   3.8686287104383177E-01   3.8788391515231557E-01   3.8890325893794775E-01   3.8992090523223966E-01
 3.9093685686198720E-01   3.9195111664927884E-01   3.9296368741150345E-01  -5.0602542803864170E-01  -5.0501622689314318E-01  -5.0400870634866413E-01  -5.0300286360653534E-01  -5.0199869587274881E-01  -5.0099620035794912E-01
-4.9999537427742552E-01  -4.9899621485110529E-01  -4.9799871930354483E-01  -4.9700288486392247E-01  -4.9600870876603093E-01  -4.9501618824826915E-01  -4.9402532055363496E-01  -4.9303610292971772E-01  -4.9204853262869003E-01
-4.9106260690730025E-01  -4.9007832302686521E-01  -4.8909567825326256E-01  -4.8811466985692259E-01  -4.8713529511282155E-01  -4.8615755130047339E-01  -4.8518143570392241E-01  -4.8420694561173577E-01  -4.8323407831699589E-01
-4.8226283111729312E-01  -4.8129320131471781E-01  -4.8032518621585313E-01  -4.7935878313176788E-01  -4.7839398937800831E-01  -4.7743080227459106E-01  -4.7646921914599588E-01  -4.7550923732115796E-01  -4.7455085413346038E-01
-4.7359406692072709E-01  -4.7263887302521518E-01  -4.7168526979360764E-01  -4.7073325457700593E-01  -4.6978282473092298E-01  -4.6883397761527495E-01  -4.6788671059437498E-01  -4.6694102103692520E-01  -4.6599690631600948E-01
-4.6505436380908632E-01  -4.6411339089798159E-01  -4.6317398496888101E-01  -4.6223614341232294E-01  -4.6129986362319148E-01  -4.6036514300070869E-01  -4.5943197894842785E-01  -4.5850036887422613E-01  -4.5757031019029709E-01
-4.5664180031314378E-01  -4.5571483666357132E-01  -4.5478941666668043E-01  -4.5386553775185917E-01  -4.5294319735277661E-01  -4.5202239290737573E-01  -4.5110312185786555E-01  -4.5018538165071492E-01  -4.4926916973664482E-01
-4.4835448357062174E-01  -4.4744132061184999E-01  -4.4652967832376517E-01  -4.4561955417402727E-01  -4.4471094563451291E-01  -4.4380385018130880E-01  -4.4289826529470494E-01  -4.4199418845918709E-01  -4.4109161716342998E-01
-4.4019054890029091E-01  -4.3929098116680160E-01  -4.3839291146416220E-01  -4.3749633729773435E-01  -4.3660125617703333E-01  -4.3570766561572244E-01  -4.3481556313160480E-01  -4.3392494624661765E-01  -4.3303581248682449E-01
-4.3214815938240864E-01  -4.3126198446766667E-01  -4.3037728528100089E-01  -4.2949405936491308E-01  -4.2861230426599722E-01  -4.2773201753493323E-01  -4.2685319672647942E-01  -4.2597583939946643E-01  -4.2509994311679006E-01
-4.2422550544540433E-01  -4.2335252395631523E-01  -4.2248099622457375E-01  -4.2161091982926874E-01  -4.2074229235352084E-01  -4.1987511138447559E-01  -4.1900937451329606E-01  -4.1814507933515738E-01  -4.1728222344923888E-01
-4.1642080445871815E-01  -4.1556081997076394E-01  -4.1470226759653023E-01  -4.1384514495114849E-01  -4.1298944965372203E-01  -4.1213517932731897E-01  -4.1128233159896549E-01  -4.1043090409963962E-01  -4.0958089446426454E-01
-4.0873230033170177E-01  -4.0788511934474475E-01  -4.0703934915011247E-01  -4.0619498739844279E-01  -4.0535203174428586E-01  -4.0451047984609750E-01  -4.0367032936623309E-01  -4.0283157797094088E-01  -4.0199422333035523E-01
-4.0115826311849051E-01  -4.0032369501323445E-01  -3.9949051669634184E-01  -3.9865872585342782E-01  -3.9782832017396191E-01  -3.9699929735126094E-01  -3.9617165508248331E-01  -3.9534539106862226E-01  -3.9452050301449926E-01
-3.9369698862875818E-01  -3.9287484562385855E-01  -3.9205407171606921E-01  -3.9123466462546214E-01  -3.9041662207590611E-01  -3.8959994179505997E-01  -3.8878462151436693E-01  -3.8797065896904803E-01  -3.8715805189809555E-01
-3.8634679804426719E-01  -3.8553689515407941E-01  -3.8472834097780145E-01  -3.8392113326944904E-01  -3.8311526978677801E-01  -3.8231074829127809E-01  -3.8150756654816692E-01  -3.8070572232638356E-01  -3.7990521339858235E-01
-3.7910603754112704E-01  -3.7830819253408404E-01  -3.7751167616121672E-01  -3.7671648620997916E-01  -3.7592262047150976E-01  -3.7513007674062548E-01  -3.7433885281581547E-01  -3.7354894649923492E-01  -3.7276035559669918E-01
-3.7197307791767742E-01  -3.7118711127528664E-01  -3.7040245348628570E-01  -3.6961910237106921E-01  -3.6883705575366121E-01  -3.6805631146170958E-01  -3.6727686732647963E-01  -3.6649872118284826E-01  -3.6572187086929797E-01
-3.6494631422791063E-01  -3.6417204910436174E-01  -3.6339907334791444E-01  -3.6262738481141321E-01  -3.6185698135127842E-01  -3.6108786082750000E-01  -3.6032002110363132E-01  -3.5955346004678401E-01  -3.5878817552762121E-01
-3.5802416542035204E-01  -3.5726142760272583E-01  -3.5649995995602590E-01  -3.5573976036506372E-01  -3.5498082671817344E-01  -3.5422315690720552E-01  -3.5346674882752099E-01  -3.5271160037798593E-01  -3.5195770946096527E-01
-3.5120507398231704E-01  -3.5045369185138664E-01  -3.4970356098100108E-01  -3.4895467928746293E-01  -3.4820704469054475E-01  -3.4746065511348345E-01  -3.4671550848297406E-01  -3.4597160272916433E-01  -3.4522893578564895E-01
-3.4448750558946373E-01  -3.4374731008107984E-01  -3.4300834720439816E-01  -3.4227061490674354E-01  -3.4153411113885918E-01  -3.4079883385490078E-01  -3.4006478101243093E-01  -3.3933195057241361E-01  -3.3860034049920806E-01
-3.3786994876056375E-01  -3.3714077332761422E-01  -3.3641281217487168E-01  -3.3568606328022133E-01  -3.3496052462491582E-01  -3.3423619419356948E-01  -3.3351306997415286E-01  -3.3279114995798720E-01  -3.3207043213973858E-01
-3.3135091451741261E-01  -3.3063259509234882E-01  -3.2991547186921488E-01  -3.2919954285600150E-01  -3.2848480606401653E-01  -3.2777125950787939E-01  -3.2705890120551595E-01  -3.2634772917815275E-01  -3.2563774145031132E-01
-3.2492893604980327E-01  -3.2422131100772406E-01  -3.2351486435844823E-01  -3.2280959413962351E-01  -3.2210549839216546E-01  -3.2140257516025211E-01  -3.2070082249131859E-01  -3.2000023843605130E-01  -3.1930082104838309E-01
-3.1860256838548745E-01  -3.1790547850777312E-01  -3.1720954947887892E-01  -3.1651477936566819E-01  -3.1582116623822354E-01  -3.1512870816984134E-01  -3.1443740323702662E-01  -3.1374724951948729E-01  -3.1305824510012936E-01
-3.1237038806505124E-01  -3.1168367650353840E-01  -3.1099810850805831E-01  -3.1031368217425509E-01  -3.0963039560094396E-01  -3.0894824689010619E-01  -3.0826723414688390E-01  -3.0758735547957444E-01  -3.0690860899962574E-01
-3.0623099282163024E-01  -3.0555450506332049E-01  -3.0487914384556336E-01  -3.0420490729235505E-01  -3.0353179353081577E-01  -3.0285980069118468E-01  -3.0218892690681448E-01  -3.0151917031416658E-01  -3.0085052905280552E-01
-3.0018300126539399E-01  -2.9951658509768775E-01  -2.9885127869853034E-01  -2.9818708021984802E-01  -2.9752398781664452E-01  -2.9686199964699617E-01  -2.9620111387204645E-01  -2.9554132865600108E-01  -2.9488264216612309E-01
-2.9422505257272713E-01  -2.9356855804917520E-01  -2.9291315677187096E-01  -2.9225884692025478E-01  -2.9160562667679890E-01  -2.9095349422700234E-01  -2.9030244775938552E-01  -2.8965248546548572E-01  -2.8900360553985160E-01
-2.8835580618003859E-01  -2.8770908558660357E-01  -2.8706344196310002E-01  -2.8641887351607298E-01  -2.8577537845505430E-01  -2.8513295499255703E-01  -2.8449160134407131E-01  -2.8385131572805883E-01  -2.8321209636594791E-01
-2.8257394148212889E-01  -2.8193684930394886E-01  -2.8130081806170693E-01  -2.8066584598864919E-01  -2.8003193132096404E-01  -2.7939907229777688E-01  -2.7876726716114564E-01  -2.7813651415605561E-01  -2.7750681153041473E-01
-2.7687815753504857E-01  -2.7625055042369573E-01  -2.7562398845300262E-01  -2.7499846988251897E-01  -2.7437399297469278E-01  -2.7375055599486559E-01  -2.7312815721126760E-01  -2.7250679489501289E-01  -2.7188646732009464E-01
-2.7126717276338030E-01  -2.7064890950460679E-01  -2.7003167582637583E-01  -2.6941547001414895E-01  -2.6880029035624298E-01  -2.6818613514382511E-01
 0.0000000000000000E+00   0.0000000000000000E+00   0.0000000000000000E+00   0.0000000000000000E+00   0.0000000000000000E+00   0.0000000000000000E+00   0.0000000000000000E+00   0.0000000000000000E+00   0.0000000000000000E+00
 0.0000000000000000E+00   0.0000000000000000E+00   0.0000000000000000E+00   0.0000000000000000E+00   0.0000000000000000E+00   0.0000000000000000E+00   0.0000000000000000E+00   0.0000000000000000E+00   0.0000000000000000E+00
 0.0000000000000000E+00   0.0000000000000000E+00   0.0000000000000000E+00   0.0000000000000000E+00   0.0000000000000000E+00   0.0000000000000000E+00   0.0000000000000000E+00   0.0000000000000000E+00   0.0000000000000000E+00
 0.0000000000000000E+00   0.0000000000000000E+00   0.0000000000000000E+00   0.0000000000000000E+00   0.0000000000000000E+00   0.0000000000000000E+00   0.0000000000000000E+00   0.0000000000000000E+00   0.0000000000000000E+00
 0.0000000000000000E+00   0.0000000000000000E+00   0.0000000000000000E+00   0.0000000000000000E+00   0.0000000000000000E+00   0.0000000000000000E+00   0.0000000000000000E+00   0.0000000000000000E+00   0.0000000000000000E+00
 0.0000000000000000E+00   0.0000000000000000E+00   0.0000000000000000E+00   0.0000000000000000E+00   0.0000000000000000E+00   0.0000000000000000E+00   0.0000000000000000E+00   0.0000000000000000E+00   0.0000000000000000E+00
 0.0000000000000000E+00   0.0000000000000000E+00   0.0000000000000000E+00   0.0000000000000000E+00   0.0000000000000000E+00   0.0000000000000000E+00   0.0000000000000000E+00   0.0000000000000000E+00   0.0000000000000000E+00
 0.0000000000000000E+00   0.0000000000000000E+00   0.0000000000000000E+00   0.0000000000000000E+00   0.0000000000000000E+00   0.0000000000000000E+00   0.0000000000000000E+00   0.0000000000000000E+00   0.0000000000000000E+00
 0.0000000000000000E+00   0.0000000000000000E+00   0.0000000000000000E+00   0.0000000000000000E+00   0.0000000000000000E+00   0.0000000000000000E+00   0.0000000000000000E+00   0.0000000000000000E+00   0.0000000000000000E+00
 0.0000000000000000E+00   0.0000000000000000E+00   0.0000000000000000E+00   0.0000000000000000E+00   0.0000000000000000E+00   0.0000000000000000E+00   0.0000000000000000E+00   0.0000000000000000E+00   0.0000000000000000E+00
 0.0000000000000000E+00   0.0000000000000000E+00   0.0000000000000000E+00   0.0000000000000000E+00   0.0000000000000000E+00   0.0000000000000000E+00   0.0000000000000000E+00   0.0000000000000000E+00   0.0000000000000000E+00
 0.0000000000000000E+00   0.0000000000000000E+00   0.0000000000000000E+00   0.0000000000000000E+00   0.0000000000000000E+00   0.0000000000000000E+00   0.0000000000000000E+00   0.0000000000000000E+00   0.0000000000000000E+00
 0.0000000000000000E+00   0.0000000000000000E+00   0.0000000000000000E+00   0.0000000000000000E+00   0.0000000000000000E+00   0.0000000000000000E+00   0.0000000000000000E+00   0.0000000000000000E+00   0.0000000000000000E+00
 0.0000000000000000E+00   0.0000000000000000E+00   0.0000000000000000E+00   0.0000000000000000E+00   0.0000000000000000E+00   0.0000000000000000E+00   0.0000000000000000E+00   0.0000000000000000E+00   0.0000000000000000E+00
 0.0000000000000000E+00   0.0000000000000000E+00   0.0000000000000000E+00   0.0000000000000000E+00   0.0000000000000000E+00   0.0000000000000000E+00   0.0000000000000000E+00   0.0000000000000000E+00   0.0000000000000000E+00
 0.0000000000000000E+00   0.0000000000000000E+00   0.0000000000000000E+00   0.0000000000000000E+00   0.0000000000000000E+00   0.0000000000000000E+00   0.0000000000000000E+00   0.0000000000000000E+00   0.0000000000000000E+00
 0.0000000000000000E+00   0.0000000000000000E+00   0.0000000000000000E+00   0.0000000000000000E+00   0.0000000000000000E+00   0.0000000000000000E+00   0.0000000000000000E+00   0.0000000000000000E+00   0.0000000000000000E+00
 0.0000000000000000E+00   0.0000000000000000E+00   0.0000000000000000E+00   0.0000000000000000E+00   0.0000000000000000E+00   0.0000000000000000E+00   0.0000000000000000E+00   0.0000000000000000E+00   0.0000000000000000E+00
 0.0000000000000000E+00   0.0000000000000000E+00   0.0000000000000000E+00   0.0000000000000000E+00   0.0000000000000000E+00   0.0000000000000000E+00   0.0000000000000000E+00   0.0000000000000000E+00   0.0000000000000000E+00
 0.0000000000000000E+00   0.0000000000000000E+00   0.0000000000000000E+00   0.0000000000000000E+00   0.0000000000000000E+00   0.0000000000000000E+00   0.0000000000000000E+00   0.0000000000000000E+00   0.0000000000000000E+00
 0.0000000000000000E+00   0.0000000000000000E+00   0.0000000000000000E+00   0.0000000000000000E+00   0.0000000000000000E+00   0.0000000000000000E+00   0.0000000000000000E+00   0.0000000000000000E+00   0.0000000000000000E+00
 0.0000000000000000E+00   0.0000000000000000E+00   0.0000000000000000E+00   0.0000000000000000E+00   0.0000000000000000E+00   0.0000000000000000E+00   0.0000000000000000E+00   0.0000000000000000E+00   0.0000000000000000E+00
 0.0000000000000000E+00   0.0000000000000000E+00   0.0000000000000000E+00   0.0000000000000000E+00   0.0000000000000000E+00   0.0000000000000000E+00   0.0000000000000000E+00   0.0000000000000000E+00   0.0000000000000000E+00
 0.0000000000000000E+00   0.0000000000000000E+00   0.0000000000000000E+00   0.0000000000000000E+00   0.0000000000000000E+00   0.0000000000000000E+00   0.0000000000000000E+00   0.0000000000000000E+00   0.0000000000000000E+00
 0.0000000000000000E+00   0.0000000000000000E+00   0.0000000000000000E+00   0.0000000000000000E+00   0.0000000000000000E+00   0.0000000000000000E+00   0.0000000000000000E+00   0.0000000000000000E+00   0.0000000000000000E+00
 0.0000000000000000E+00   0.0000000000000000E+00   0.0000000000000000E+00   0.0000000000000000E+00   0.0000000000000000E+00   0.0000000000000000E+00   0.0000000000000000E+00   0.0000000000000000E+00   0.0000000000000000E+00
 0.0000000000000000E+00   0.0000000000000000E+00   0.0000000000000000E+00   0.0000000000000000E+00   0.0000000000000000E+00   0.0000000000000000E+00   0.0000000000000000E+00   0.0000000000000000E+00   0.0000000000000000E+00
 0.0000000000000000E+00   0.0000000000000000E+00   0.0000000000000000E+00   0.0000000000000000E+00   0.0000000000000000E+00   0.0000000000000000E+00   0.0000000000000000E+00   0.0000000000000000E+00   0.0000000000000000E+00
 0.0000000000000000E+00   0.0000000000000000E+00   0.0000000000000000E+00   0.0000000000000000E+00   0.0000000000000000E+00   0.0000000000000000E+00   0.0000000000000000E+00   0.0000000000000000E+00   0.0000000000000000E+00
 0.0000000000000000E+00   0.0000000000000000E+00   0.0000000000000000E+00   0.0000000000000000E+00   0.0000000000000000E+00   0.0000000000000000E+00   0.0000000000000000E+00   0.0000000000000000E+00   0.0000000000000000E+00
 0.0000000000000000E+00   0.0000000000000000E+00   0.0000000000000000E+00   0.0000000000000000E+00   0.0000000000000000E+00   0.0000000000000000E+00   0.0000000000000000E+00   0.0000000000000000E+00   0.0000000000000000E+00
 0.0000000000000000E+00   0.0000000000000000E+00   0.0000000000000000E+00   0.0000000000000000E+00   0.0000000000000000E+00   0.0000000000000000E+00   0.0000000000000000E+00   0.0000000000000000E+00   0.0000000000000000E+00
 0.0000000000000000E+00   0.0000000000000000E+00   0.0000000000000000E+00   0.0000000000000000E+00   0.0000000000000000E+00   0.0000000000000000E+00   0.0000000000000000E+00   0.0000000000000000E+00   0.0000000000000000E+00
 0.0000000000000000E+00   0.0000000000000000E+00   0.0000000000000000E+00   0.0000000000000000E+00   0.0000000000000000E+00   0.0000000000000000E+00   0.0000000000000000E+00   0.0000000000000000E+00   0.0000000000000000E+00
 0.0000000000000000E+00   0.0000000000000000E+00   0.0000000000000000E+00   0.0000000000000000E+00   0.0000000000000000E+00   0.0000000000000000E+00   0.0000000000000000E+00   0.0000000000000000E+00   0.0000000000000000E+00
 0.0000000000000000E+00   0.0000000000000000E+00   0.0000000000000000E+00   0.0000000000000000E+00   0.0000000000000000E+00   0.0000000000000000E+00   0.0000000000000000E+00   0.0000000000000000E+00   0.0000000000000000E+00
 0.0000000000000000E+00   0.0000000000000000E+00   0.0000000000000000E+00   0.0000000000000000E+00   0.0000000000000000E+00   0.0000000000000000E+00   0.0000000000000000E+00   0.0000000000000000E+00   0.0000000000000000E+00
 0.0000000000000000E+00   0.0000000000000000E+00   0.0000000000000000E+00   0.0000000000000000E+00   0.0000000000000000E+00   0.0000000000000000E+00   0.0000000000000000E+00   0.0000000000000000E+00   0.0000000000000000E+00
 0.0000000000000000E+00   0.0000000000000000E+00   0.0000000000000000E+00   0.0000000000000000E+00   0.0000000000000000E+00   0.0000000000000000E+00   0.0000000000000000E+00   0.0000000000000000E+00   0.0000000000000000E+00
 0.0000000000000000E+00   0.0000000000000000E+00   0.0000000000000000E+00   0.0000000000000000E+00   0.0000000000000000E+00   0.0000000000000000E+00   0.0000000000000000E+00   0.0000000000000000E+00   0.0000000000000000E+00
 0.0000000000000000E+00   0.0000000000000000E+00   0.0000000000000000E+00   0.0000000000000000E+00   0.0000000000000000E+00   0.0000000000000000E+00   0.0000000000000000E+00   0.0000000000000000E+00   0.0000000000000000E+00
 0.0000000000000000E+00   0.0000000000000000E+00   0.0000000000000000E+00   0.0000000000000000E+00   0.0000000000000000E+00   0.0000000000000000E+00   0.0000000000000000E+00   0.0000000000000000E+00   0.0000000000000000E+00
 0.0000000000000000E+00   0.0000000000000000E+00   0.0000000000000000E+00   0.0000000000000000E+00   0.0000000000000000E+00   0.0000000000000000E+00   0.0000000000000000E+00   0.0000000000000000E+00   0.0000000000000000E+00
 0.0000000000000000E+00   0.0000000000000000E+00   0.0000000000000000E+00   0.0000000000000000E+00   0.0000000000000000E+00   0.0000000000000000E+00   0.0000000000000000E+00   0.0000000000000000E+00   0.0000000000000000E+00
 0.0000000000000000E+00   0.0000000000000000E+00   0.0000000000000000E+00   0.0000000000000000E+00   0.0000000000000000E+00   0.0000000000000000E+00   0.0000000000000000E+00   0.0000000000000000E+00   0.0000000000000000E+00
 0.0000000000000000E+00   0.0000000000000000E+00   0.0000000000000000E+00   0.0000000000000000E+00   0.0000000000000000E+00   0.0000000000000000E+00   0.0000000000000000E+00   0.0000000000000000E+00   0.0000000000000000E+00
 0.0000000000000000E+00   0.0000000000000000E+00   0.0000000000000000E+00   0.0000000000000000E+00   0.0000000000000000E+00   0.0000000000000000E+00   0.0000000000000000E+00   0.0000000000000000E+00   0.0000000000000000E+00
 0.0000000000000000E+00   0.0000000000000000E+00   0.0000000000000000E+00   0.0000000000000000E+00   0.0000000000000000E+00   0.0000000000000000E+00   0.0000000000000000E+00   0.0000000000000000E+00   0.0000000000000000E+00
 0.0000000000000000E+00   0.0000000000000000E+00   0.0000000000000000E+00   0.0000000000000000E+00   0.0000000000000000E+00   0.0000000000000000E+00   0.0000000000000000E+00   0.0000000000000000E+00   0.0000000000000000E+00
 0.0000000000000000E+00   0.0000000000000000E+00   0.0000000000000000E+00   0.0000000000000000E+00   0.0000000000000000E+00   0.0000000000000000E+00   0.0000000000000000E+00   0.0000000000000000E+00   0.0000000000000000E+00
 0.0000000000000000E+00   0.0000000000000000E+00   0.0000000000000000E+00   0.0000000000000000E+00   0.0000000000000000E+00   0.0000000000000000E+00   0.0000000000000000E+00   0.0000000000000000E+00   0.0000000000000000E+00
 0.0000000000000000E+00   0.0000000000000000E+00   0.0000000000000000E+00   0.0000000000000000E+00   0.0000000000000000E+00   0.0000000000000000E+00   0.0000000000000000E+00   0.0000000000000000E+00   0.0000000000000000E+00
 0.0000000000000000E+00   0.0000000000000000E+00   0.0000000000000000E+00   0.0000000000000000E+00   0.0000000000000000E+00   0.0000000000000000E+00   0.0000000000000000E+00   0.0000000000000000E+00   0.0000000000000000E+00
 0.0000000000000000E+00   0.0000000000000000E+00   0.0000000000000000E+00   0.0000000000000000E+00   0.0000000000000000E+00   0.0000000000000000E+00   0.0000000000000000E+00   0.0000000000000000E+00   0.0000000000000000E+00
 0.0000000000000000E+00   0.0000000000000000E+00   0.0000000000000000E+00   0.0000000000000000E+00   0.0000000000000000E+00   0.0000000000000000E+00   0.0000000000000000E+00   0.0000000000000000E+00   0.0000000000000000E+00
 0.0000000000000000E+00   0.0000000000000000E+00   0.0000000000000000E+00   0.0000000000000000E+00   0.0000000000000000E+00   0.0000000000000000E+00   0.0000000000000000E+00   0.0000000000000000E+00   0.0000000000000000E+00
 0.0000000000000000E+00   0.0000000000000000E+00   0.0000000000000000E+00   0.0000000000000000E+00   0.0000000000000000E+00   0.0000000000000000E+00   0.0000000000000000E+00   0.0000000000000000E+00   0.0000000000000000E+00
 0.0000000000000000E+00   0.0000000000000000E+00   0.0000000000000000E+00   0.0000000000000000E+00   0.0000000000000000E+00   0.0000000000000000E+00   0.0000000000000000E+00   0.0000000000000000E+00   0.0000000000000000E+00
 0.0000000000000000E+00   0.0000000000000000E+00   0.0000000000000000E+00   0.0000000000000000E+00   0.0000000000000000E+00   0.0000000000000000E+00   0.0000000000000000E+00   0.0000000000000000E+00   0.0000000000000000E+00
 0.0000000000000000E+00   0.0000000000000000E+00   0.0000000000000000E+00   0.0000000000000000E+00   0.0000000000000000E+00   0.0000000000000000E+00   0.0000000000000000E+00   0.0000000000000000E+00   0.0000000000000000E+00
 0.0000000000000000E+00   0.0000000000000000E+00   0.0000000000000000E+00   0.0000000000000000E+00   0.0000000000000000E+00   0.0000000000000000E+00   0.0000000000000000E+00   0.0000000000000000E+00   0.0000000000000000E+00
 0.0000000000000000E+00   0.0000000000000000E+00   0.0000000000000000E+00   0.0000000000000000E+00   0.0000000000000000E+00   0.0000000000000000E+00   0.0000000000000000E+00   0.0000000000000000E+00   0.0000000000000000E+00
 0.0000000000000000E+00   0.0000000000000000E+00   0.0000000000000000E+00   0.0000000000000000E+00   0.0000000000000000E+00   0.0000000000000000E+00   0.0000000000000000E+00   0.0000000000000000E+00   0.0000000000000000E+00
 0.0000000000000000E+00   0.0000000000000000E+00   0.0000000000000000E+00   0.0000000000000000E+00   0.0000000000000000E+00   0.0000000000000000E+00   0.0000000000000000E+00   0.0000000000000000E+00   0.0000000000000000E+00
 0.0000000000000000E+00   0.0000000000000000E+00   0.0000000000000000E+00   0.0000000000000000E+00   0.0000000000000000E+00   0.0000000000000000E+00   0.0000000000000000E+00   0.0000000000000000E+00   0.0000000000000000E+00
 0.0000000000000000E+00   0.0000000000000000E+00   0.0000000000000000E+00   0.0000000000000000E+00   0.0000000000000000E+00   0.0000000000000000E+00   0.0000000000000000E+00   0.0000000000000000E+00   0.0000000000000000E+00
 0.0000000000000000E+00   0.0000000000000000E+00   0.0000000000000000E+00   0.0000000000000000E+00   0.0000000000000000E+00   0.0000000000000000E+00
 0.0000000000000000E+00   0.0000000000000000E+00   0.0000000000000000E+00   0.0000000000000000E+00   0.0000000000000000E+00   0.0000000000000000E+00   0.0000000000000000E+00   0.0000000000000000E+00   0.0000000000000000E+00
 0.0000000000000000E+00   0.0000000000000000E+00   0.0000000000000000E+00   0.0000000000000000E+00   0.0000000000000000E+00   0.0000000000000000E+00   0.0000000000000000E+00   0.0000000000000000E+00   0.0000000000000000E+00
 0.0000000000000000E+00   0.0000000000000000E+00   0.0000000000000000E+00   0.0000000000000000E+00   0.0000000000000000E+00   0.0000000000000000E+00   0.0000000000000000E+00   0.0000000000000000E+00   0.0000000000000000E+00
 0.0000000000000000E+00   0.0000000000000000E+00   0.0000000000000000E+00   0.0000000000000000E+00   0.0000000000000000E+00   0.0000000000000000E+00   0.0000000000000000E+00   0.0000000000000000E+00   0.0000000000000000E+00
 0.0000000000000000E+00   0.0000000000000000E+00   0.0000000000000000E+00   0.0000000000000000E+00   0.0000000000000000E+00   0.0000000000000000E+00   0.0000000000000000E+00   0.0000000000000000E+00   0.0000000000000000E+00
 0.0000000000000000E+00   0.0000000000000000E+00   0.0000000000000000E+00   0.0000000000000000E+00   0.0000000000000000E+00   0.0000000000000000E+00   0.0000000000000000E+00   0.0000000000000000E+00   0.0000000000000000E+00
 0.0000000000000000E+00   0.0000000000000000E+00   0.0000000000000000E+00   0.0000000000000000E+00   0.0000000000000000E+00   0.0000000000000000E+00   0.0000000000000000E+00   0.0000000000000000E+00   0.0000000000000000E+00
 0.0000000000000000E+00   0.0000000000000000E+00   0.0000000000000000E+00   0.0000000000000000E+00   0.0000000000000000E+00   0.0000000000000000E+00   0.0000000000000000E+00   0.0000000000000000E+00   0.0000000000000000E+00
 0.0000000000000000E+00   0.0000000000000000E+00   0.0000000000000000E+00   0.0000000000000000E+00   0.0000000000000000E+00   0.0000000000000000E+00   0.0000000000000000E+00   0.0000000000000000E+00   0.0000000000000000E+00
 0.0000000000000000E+00   0.0000000000000000E+00   0.0000000000000000E+00   0.0000000000000000E+00   0.0000000000000000E+00   0.0000000000000000E+00   0.0000000000000000E+00   0.0000000000000000E+00   0.0000000000000000E+00
 0.0000000000000000E+00   0.0000000000000000E+00   0.0000000000000000E+00   0.0000000000000000E+00   0.0000000000000000E+00   0.0000000000000000E+00   0.0000000000000000E+00   0.0000000000000000E+00   0.0000000000000000E+00
 0.0000000000000000E+00   0.0000000000000000E+00   0.0000000000000000E+00   0.0000000000000000E+00   0.0000000000000000E+00   0.0000000000000000E+00   0.0000000000000000E+00   0.0000000000000000E+00   0.0000000000000000E+00
 0.0000000000000000E+00   0.0000000000000000E+00   0.0000000000000000E+00   0.0000000000000000E+00   0.0000000000000000E+00   0.0000000000000000E+00   0.0000000000000000E+00   0.0000000000000000E+00   0.0000000000000000E+00
 0.0000000000000000E+00   0.0000000000000000E+00   0.0000000000000000E+00   0.0000000000000000E+00   0.0000000000000000E+00   0.0000000000000000E+00   0.0000000000000000E+00   0.0000000000000000E+00   0.0000000000000000E+00
 0.0000000000000000E+00   0.0000000000000000E+00   0.0000000000000000E+00   0.0000000000000000E+00   0.0000000000000000E+00   0.0000000000000000E+00   0.0000000000000000E+00   0.0000000000000000E+00   0.0000000000000000E+00
 0.0000000000000000E+00   0.0000000000000000E+00   0.0000000000000000E+00   0.0000000000000000E+00   0.0000000000000000E+00   0.0000000000000000E+00   0.0000000000000000E+00   0.0000000000000000E+00   0.0000000000000000E+00
 0.0000000000000000E+00   0.0000000000000000E+00   0.0000000000000000E+00   0.0000000000000000E+00   0.0000000000000000E+00   0.0000000000000000E+00   0.0000000000000000E+00   0.0000000000000000E+00   0.0000000000000000E+00
 0.0000000000000000E+00   0.0000000000000000E+00   0.0000000000000000E+00   0.0000000000000000E+00   0.0000000000000000E+00   0.0000000000000000E+00   0.0000000000000000E+00   0.0000000000000000E+00   0.0000000000000000E+00
 0.0000000000000000E+00   0.0000000000000000E+00   0.0000000000000000E+00   0.0000000000000000E+00   0.0000000000000000E+00   0.0000000000000000E+00   0.0000000000000000E+00   0.0000000000000000E+00   0.0000000000000000E+00
 0.0000000000000000E+00   0.0000000000000000E+00   0.0000000000000000E+00   0.0000000000000000E+00   0.0000000000000000E+00   0.0000000000000000E+00   0.0000000000000000E+00   0.0000000000000000E+00   0.0000000000000000E+00
 0.0000000000000000E+00   0.0000000000000000E+00   0.0000000000000000E+00   0.0000000000000000E+00   0.0000000000000000E+00   0.0000000000000000E+00   0.0000000000000000E+00   0.0000000000000000E+00   0.0000000000000000E+00
 0.0000000000000000E+00   0.0000000000000000E+00   0.0000000000000000E+00   0.0000000000000000E+00   0.0000000000000000E+00   0.0000000000000000E+00   0.0000000000000000E+00   0.0000000000000000E+00   0.0000000000000000E+00
 0.0000000000000000E+00   0.0000000000000000E+00   0.0000000000000000E+00   0.0000000000000000E+00   0.0000000000000000E+00   0.0000000000000000E+00   0.0000000000000000E+00   0.0000000000000000E+00   0.0000000000000000E+00
 0.0000000000000000E+00   0.0000000000000000E+00   0.0000000000000000E+00   0.0000000000000000E+00   0.0000000000000000E+00   0.0000000000000000E+00   0.0000000000000000E+00   0.0000000000000000E+00   0.0000000000000000E+00
 0.0000000000000000E+00   0.0000000000000000E+00   0.0000000000000000E+00   0.0000000000000000E+00   0.0000000000000000E+00   0.0000000000000000E+00   0.0000000000000000E+00   0.0000000000000000E+00   0.0000000000000000E+00
 0.0000000000000000E+00   0.0000000000000000E+00   0.0000000000000000E+00   0.0000000000000000E+00   0.0000000000000000E+00   0.0000000000000000E+00   0.0000000000000000E+00   0.0000000000000000E+00   0.0000000000000000E+00
 0.0000000000000000E+00   0.0000000000000000E+00   0.0000000000000000E+00   0.0000000000000000E+00   0.0000000000000000E+00   0.0000000000000000E+00   0.0000000000000000E+00   0.0000000000000000E+00   0.0000000000000000E+00
 0.0000000000000000E+00   0.0000000000000000E+00   0.0000000000000000E+00   0.0000000000000000E+00   0.0000000000000000E+00   0.0000000000000000E+00   0.0000000000000000E+00   0.0000000000000000E+00   0.0000000000000000E+00
 0.0000000000000000E+00   0.0000000000000000E+00   0.0000000000000000E+00   0.0000000000000000E+00   0.0000000000000000E+00   0.0000000000000000E+00   0.0000000000000000E+00   0.0000000000000000E+00   0.0000000000000000E+00
 0.0000000000000000E+00   0.0000000000000000E+00   0.0000000000000000E+00   0.0000000000000000E+00   0.0000000000000000E+00   0.0000000000000000E+00   0.0000000000000000E+00   0.0000000000000000E+00   0.0000000000000000E+00
 0.0000000000000000E+00   0.0000000000000000E+00   0.0000000000000000E+00   0.0000000000000000E+00   0.0000000000000000E+00   0.0000000000000000E+00   0.0000000000000000E+00   0.0000000000000000E+00   0.0000000000000000E+00
 0.0000000000000000E+00   0.0000000000000000E+00   0.0000000000000000E+00   0.0000000000000000E+00   0.0000000000000000E+00   0.0000000000000000E+00   0.0000000000000000E+00   0.0000000000000000E+00   0.0000000000000000E+00
 0.0000000000000000E+00   0.0000000000000000E+00   0.0000000000000000E+00   0.0000000000000000E+00   0.0000000000000000E+00   0.0000000000000000E+00   0.0000000000000000E+00   0.0000000000000000E+00   0.0000000000000000E+00
 0.0000000000000000E+00   0.0000000000000000E+00   0.0000000000000000E+00   0.0000000000000000E+00   0.0000000000000000E+00   0.0000000000000000E+00   0.0000000000000000E+00   0.0000000000000000E+00   0.0000000000000000E+00
 0.0000000000000000E+00   0.0000000000000000E+00   0.0000000000000000E+00   0.0000000000000000E+00   0.0000000000000000E+00   0.0000000000000000E+00   0.0000000000000000E+00   0.0000000000000000E+00   0.0000000000000000E+00
 0.0000000000000000E+00   0.0000000000000000E+00   0.0000000000000000E+00   0.0000000000000000E+00   0.0000000000000000E+00   0.0000000000000000E+00   0.0000000000000000E+00   0.0000000000000000E+00   0.0000000000000000E+00
 0.0000000000000000E+00   0.0000000000000000E+00   0.0000000000000000E+00   0.0000000000000000E+00   0.0000000000000000E+00   0.0000000000000000E+00   0.0000000000000000E+00   0.0000000000000000E+00   0.0000000000000000E+00
 0.0000000000000000E+00   0.0000000000000000E+00   0.0000000000000000E+00   0.0000000000000000E+00   0.0000000000000000E+00   0.0000000000000000E+00   0.0000000000000000E+00   0.0000000000000000E+00   0.0000000000000000E+00
 0.0000000000000000E+00   0.0000000000000000E+00   0.0000000000000000E+00   0.0000000000000000E+00   0.0000000000000000E+00   0.0000000000000000E+00   0.0000000000000000E+00   0.0000000000000000E+00   0.0000000000000000E+00
 0.0000000000000000E+00   0.0000000000000000E+00   0.0000000000000000E+00   0.0000000000000000E+00   0.0000000000000000E+00   0.0000000000000000E+00   0.0000000000000000E+00   0.0000000000000000E+00   0.0000000000000000E+00
 0.0000000000000000E+00   0.0000000000000000E+00   0.0000000000000000E+00   0.0000000000000000E+00   0.0000000000000000E+00   0.0000000000000000E+00   0.0000000000000000E+00   0.0000000000000000E+00   0.0000000000000000E+00
 0.0000000000000000E+00   0.0000000000000000E+00   0.0000000000000000E+00   0.0000000000000000E+00   0.0000000000000000E+00   0.0000000000000000E+00   0.0000000000000000E+00   0.0000000000000000E+00   0.0000000000000000E+00
 0.0000000000000000E+00   0.0000000000000000E+00   0.0000000000000000E+00   0.0000000000000000E+00   0.0000000000000000E+00   0.0000000000000000E+00   0.0000000000000000E+00   0.0000000000000000E+00   0.0000000000000000E+00
 0.0000000000000000E+00   0.0000000000000000E+00   0.0000000000000000E+00   0.0000000000000000E+00   0.0000000000000000E+00   0.0000000000000000E+00   0.0000000000000000E+00   0.0000000000000000E+00   0.0000000000000000E+00
 0.0000000000000000E+00   0.0000000000000000E+00   0.0000000000000000E+00   0.0000000000000000E+00   0.0000000000000000E+00   0.0000000000000000E+00   0.0000000000000000E+00   0.0000000000000000E+00   0.0000000000000000E+00
 0.0000000000000000E+00   0.0000000000000000E+00   0.0000000000000000E+00   0.0000000000000000E+00   0.0000000000000000E+00   0.0000000000000000E+00   0.0000000000000000E+00   0.0000000000000000E+00   0.0000000000000000E+00
 0.0000000000000000E+00   0.0000000000000000E+00   0.0000000000000000E+00   0.0000000000000000E+00   0.0000000000000000E+00   0.0000000000000000E+00   0.0000000000000000E+00   0.0000000000000000E+00   0.0000000000000000E+00
 0.0000000000000000E+00   0.0000000000000000E+00   0.0000000000000000E+00   0.0000000000000000E+00   0.0000000000000000E+00   0.0000000000000000E+00   0.0000000000000000E+00   0.0000000000000000E+00   0.0000000000000000E+00
 0.0000000000000000E+00   0.0000000000000000E+00   0.0000000000000000E+00   0.0000000000000000E+00   0.0000000000000000E+00   0.0000000000000000E+00   0.0000000000000000E+00   0.0000000000000000E+00   0.0000000000000000E+00
 0.0000000000000000E+00   0.0000000000000000E+00   0.0000000000000000E+00   0.0000000000000000E+00   0.0000000000000000E+00   0.0000000000000000E+00   0.0000000000000000E+00   0.0000000000000000E+00   0.0000000000000000E+00
 0.0000000000000000E+00   0.0000000000000000E+00   0.0000000000000000E+00   0.0000000000000000E+00   0.0000000000000000E+00   0.0000000000000000E+00   0.0000000000000000E+00   0.0000000000000000E+00   0.0000000000000000E+00
 0.0000000000000000E+00   0.0000000000000000E+00   0.0000000000000000E+00   0.0000000000000000E+00   0.0000000000000000E+00   0.0000000000000000E+00   0.0000000000000000E+00   0.0000000000000000E+00   0.0000000000000000E+00
 0.0000000000000000E+00   0.0000000000000000E+00   0.0000000000000000E+00   0.0000000000000000E+00   0.0000000000000000E+00   0.0000000000000000E+00   0.0000000000000000E+00   0.0000000000000000E+00   0.0000000000000000E+00
 0.0000000000000000E+00   0.0000000000000000E+00   0.0000000000000000E+00   0.0000000000000000E+00   0.0000000000000000E+00   0.0000000000000000E+00   0.0000000000000000E+00   0.0000000000000000E+00   0.0000000000000000E+00
 0.0000000000000000E+00   0.0000000000000000E+00   0.0000000000000000E+00   0.0000000000000000E+00   0.0000000000000000E+00   0.0000000000000000E+00   0.0000000000000000E+00   0.0000000000000000E+00   0.0000000000000000E+00
 0.0000000000000000E+00   0.0000000000000000E+00   0.0000000000000000E+00   0.0000000000000000E+00   0.0000000000000000E+00   0.0000000000000000E+00   0.0000000000000000E+00   0.0000000000000000E+00   0.0000000000000000E+00
 0.0000000000000000E+00   0.0000000000000000E+00   0.0000000000000000E+00   0.0000000000000000E+00   0.0000000000000000E+00   0.0000000000000000E+00   0.0000000000000000E+00   0.0000000000000000E+00   0.0000000000000000E+00
 0.0000000000000000E+00   0.0000000000000000E+00   0.0000000000000000E+00   0.0000000000000000E+00   0.0000000000000000E+00   0.0000000000000000E+00   0.0000000000000000E+00   0.0000000000000000E+00   0.0000000000000000E+00
 0.0000000000000000E+00   0.0000000000000000E+00   0.0000000000000000E+00   0.0000000000000000E+00   0.0000000000000000E+00   0.0000000000000000E+00   0.0000000000000000E+00   0.0000000000000000E+00   0.0000000000000000E+00
 0.0000000000000000E+00   0.0000000000000000E+00   0.0000000000000000E+00   0.0000000000000000E+00   0.0000000000000000E+00   0.0000000000000000E+00   0.0000000000000000E+00   0.0000000000000000E+00   0.0000000000000000E+00
 0.0000000000000000E+00   0.0000000000000000E+00   0.0000000000000000E+00   0.0000000000000000E+00   0.0000000000000000E+00   0.0000000000000000E+00   0.0000000000000000E+00   0.0000000000000000E+00   0.0000000000000000E+00
 0.0000000000000000E+00   0.0000000000000000E+00   0.0000000000000000E+00   0.0000000000000000E+00   0.0000000000000000E+00   0.0000000000000000E+00   0.0000000000000000E+00   0.0000000000000000E+00   0.0000000000000000E+00
 0.0000000000000000E+00   0.0000000000000000E+00   0.0000000000000000E+00   0.0000000000000000E+00   0.0000000000000000E+00   0.0000000000000000E+00   0.0000000000000000E+00   0.0000000000000000E+00   0.0000000000000000E+00
 0.0000000000000000E+00   0.0000000000000000E+00   0.0000000000000000E+00   0.0000000000000000E+00   0.0000000000000000E+00   0.0000000000000000E+00   0.0000000000000000E+00   0.0000000000000000E+00   0.0000000000000000E+00
 0.0000000000000000E+00   0.0000000000000000E+00   0.0000000000000000E+00   0.0000000000000000E+00   0.0000000000000000E+00   0.0000000000000000E+00   0.0000000000000000E+00   0.0000000000000000E+00   0.0000000000000000E+00
 0.0000000000000000E+00   0.0000000000000000E+00   0.0000000000000000E+00   0.0000000000000000E+00   0.0000000000000000E+00   0.0000000000000000E+00   0.0000000000000000E+00   0.0000000000000000E+00   0.0000000000000000E+00
 0.0000000000000000E+00   0.0000000000000000E+00   0.0000000000000000E+00   0.0000000000000000E+00   0.0000000000000000E+00   0.0000000000000000E+00
 0.0000000000000000E+00   0.0000000000000000E+00   0.0000000000000000E+00   0.0000000000000000E+00   0.0000000000000000E+00   0.0000000000000000E+00   0.0000000000000000E+00   0.0000000000000000E+00   0.0000000000000000E+00
 0.0000000000000000E+00   0.0000000000000000E+00   0.0000000000000000E+00   0.0000000000000000E+00   0.0000000000000000E+00   0.0000000000000000E+00   0.0000000000000000E+00   0.0000000000000000E+00   0.0000000000000000E+00
 0.0000000000000000E+00   0.0000000000000000E+00   0.0000000000000000E+00   0.0000000000000000E+00   0.0000000000000000E+00   0.0000000000000000E+00   0.0000000000000000E+00   0.0000000000000000E+00   0.0000000000000000E+00
 0.0000000000000000E+00   0.0000000000000000E+00   0.0000000000000000E+00   0.0000000000000000E+00   0.0000000000000000E+00   0.0000000000000000E+00   0.0000000000000000E+00   0.0000000000000000E+00   0.0000000000000000E+00
 0.0000000000000000E+00   0.0000000000000000E+00   0.0000000000000000E+00   0.0000000000000000E+00   0.0000000000000000E+00   0.0000000000000000E+00   0.0000000000000000E+00   0.0000000000000000E+00   0.0000000000000000E+00
 0.0000000000000000E+00   0.0000000000000000E+00   0.0000000000000000E+00   0.0000000000000000E+00   0.0000000000000000E+00   0.0000000000000000E+00   0.0000000000000000E+00   0.0000000000000000E+00   0.0000000000000000E+00
 0.0000000000000000E+00   0.0000000000000000E+00   0.0000000000000000E+00   0.0000000000000000E+00   0.0000000000000000E+00   0.0000000000000000E+00   0.0000000000000000E+00   0.0000000000000000E+00   0.0000000000000000E+00
 0.0000000000000000E+00   0.0000000000000000E+00   0.0000000000000000E+00   0.0000000000000000E+00   0.0000000000000000E+00   0.0000000000000000E+00   0.0000000000000000E+00   0.0000000000000000E+00   0.0000000000000000E+00
 0.0000000000000000E+00   0.0000000000000000E+00   0.0000000000000000E+00   0.0000000000000000E+00   0.0000000000000000E+00   0.0000000000000000E+00   0.0000000000000000E+00   0.0000000000000000E+00   0.0000000000000000E+00
 0.0000000000000000E+00   0.0000000000000000E+00   0.0000000000000000E+00   0.0000000000000000E+00   0.0000000000000000E+00   0.0000000000000000E+00   0.0000000000000000E+00   0.0000000000000000E+00   0.0000000000000000E+00
 0.0000000000000000E+00   0.0000000000000000E+00   0.0000000000000000E+00   0.0000000000000000E+00   0.0000000000000000E+00   0.0000000000000000E+00   0.0000000000000000E+00   0.0000000000000000E+00   0.0000000000000000E+00
 0.0000000000000000E+00   0.0000000000000000E+00   0.0000000000000000E+00   0.0000000000000000E+00   0.0000000000000000E+00   0.0000000000000000E+00   0.0000000000000000E+00   0.0000000000000000E+00   0.0000000000000000E+00
 0.0000000000000000E+00   0.0000000000000000E+00   0.0000000000000000E+00   0.0000000000000000E+00   0.0000000000000000E+00   0.0000000000000000E+00   0.0000000000000000E+00   0.0000000000000000E+00   0.0000000000000000E+00
 0.0000000000000000E+00   0.0000000000000000E+00   0.0000000000000000E+00   0.0000000000000000E+00   0.0000000000000000E+00   0.0000000000000000E+00   0.0000000000000000E+00   0.0000000000000000E+00   0.0000000000000000E+00
 0.0000000000000000E+00   0.0000000000000000E+00   0.0000000000000000E+00   0.0000000000000000E+00   0.0000000000000000E+00   0.0000000000000000E+00   0.0000000000000000E+00   0.0000000000000000E+00   0.0000000000000000E+00
 0.0000000000000000E+00   0.0000000000000000E+00   0.0000000000000000E+00   0.0000000000000000E+00   0.0000000000000000E+00   0.0000000000000000E+00   0.0000000000000000E+00   0.0000000000000000E+00   0.0000000000000000E+00
 0.0000000000000000E+00   0.0000000000000000E+00   0.0000000000000000E+00   0.0000000000000000E+00   0.0000000000000000E+00   0.0000000000000000E+00   0.0000000000000000E+00   0.0000000000000000E+00   0.0000000000000000E+00
 0.0000000000000000E+00   0.0000000000000000E+00   0.0000000000000000E+00   0.0000000000000000E+00   0.0000000000000000E+00   0.0000000000000000E+00   0.0000000000000000E+00   0.0000000000000000E+00   0.0000000000000000E+00
 0.0000000000000000E+00   0.0000000000000000E+00   0.0000000000000000E+00   0.0000000000000000E+00   0.0000000000000000E+00   0.0000000000000000E+00   0.0000000000000000E+00   0.0000000000000000E+00   0.0000000000000000E+00
 0.0000000000000000E+00   0.0000000000000000E+00   0.0000000000000000E+00   0.0000000000000000E+00   0.0000000000000000E+00   0.0000000000000000E+00   0.0000000000000000E+00   0.0000000000000000E+00   0.0000000000000000E+00
 0.0000000000000000E+00   0.0000000000000000E+00   0.0000000000000000E+00   0.0000000000000000E+00   0.0000000000000000E+00   0.0000000000000000E+00   0.0000000000000000E+00   0.0000000000000000E+00   0.0000000000000000E+00
 0.0000000000000000E+00   0.0000000000000000E+00   0.0000000000000000E+00   0.0000000000000000E+00   0.0000000000000000E+00   0.0000000000000000E+00   0.0000000000000000E+00   0.0000000000000000E+00   0.0000000000000000E+00
 0.0000000000000000E+00   0.0000000000000000E+00   0.0000000000000000E+00   0.0000000000000000E+00   0.0000000000000000E+00   0.0000000000000000E+00   0.0000000000000000E+00   0.0000000000000000E+00   0.0000000000000000E+00
 0.0000000000000000E+00   0.0000000000000000E+00   0.0000000000000000E+00   0.0000000000000000E+00   0.0000000000000000E+00   0.0000000000000000E+00   0.0000000000000000E+00   0.0000000000000000E+00   0.0000000000000000E+00
 0.0000000000000000E+00   0.0000000000000000E+00   0.0000000000000000E+00   0.0000000000000000E+00   0.0000000000000000E+00   0.0000000000000000E+00   0.0000000000000000E+00   0.0000000000000000E+00   0.0000000000000000E+00
 0.0000000000000000E+00   0.0000000000000000E+00   0.0000000000000000E+00   0.0000000000000000E+00   0.0000000000000000E+00   0.0000000000000000E+00   0.0000000000000000E+00   0.0000000000000000E+00   0.0000000000000000E+00
 0.0000000000000000E+00   0.0000000000000000E+00   0.0000000000000000E+00   0.0000000000000000E+00   0.0000000000000000E+00   0.0000000000000000E+00   0.0000000000000000E+00   0.0000000000000000E+00   0.0000000000000000E+00
 0.0000000000000000E+00   0.0000000000000000E+00   0.0000000000000000E+00   0.0000000000000000E+00   0.0000000000000000E+00   0.0000000000000000E+00   0.0000000000000000E+00   0.0000000000000000E+00   0.0000000000000000E+00
 0.0000000000000000E+00   0.0000000000000000E+00   0.0000000000000000E+00   0.0000000000000000E+00   0.0000000000000000E+00   0.0000000000000000E+00   0.0000000000000000E+00   0.0000000000000000E+00   0.0000000000000000E+00
 0.0000000000000000E+00   0.0000000000000000E+00   0.0000000000000000E+00   0.0000000000000000E+00   0.0000000000000000E+00   0.0000000000000000E+00   0.0000000000000000E+00   0.0000000000000000E+00   0.0000000000000000E+00
 0.0000000000000000E+00   0.0000000000000000E+00   0.0000000000000000E+00   0.0000000000000000E+00   0.0000000000000000E+00   0.0000000000000000E+00   0.0000000000000000E+00   0.0000000000000000E+00   0.0000000000000000E+00
 0.0000000000000000E+00   0.0000000000000000E+00   0.0000000000000000E+00   0.0000000000000000E+00   0.0000000000000000E+00   0.0000000000000000E+00   0.0000000000000000E+00   0.0000000000000000E+00   0.0000000000000000E+00
 0.0000000000000000E+00   0.0000000000000000E+00   0.0000000000000000E+00   0.0000000000000000E+00   0.0000000000000000E+00   0.0000000000000000E+00   0.0000000000000000E+00   0.0000000000000000E+00   0.0000000000000000E+00
 0.0000000000000000E+00   0.0000000000000000E+00   0.0000000000000000E+00   0.0000000000000000E+00   0.0000000000000000E+00   0.0000000000000000E+00   0.0000000000000000E+00   0.0000000000000000E+00   0.0000000000000000E+00
 0.0000000000000000E+00   0.0000000000000000E+00   0.0000000000000000E+00   0.0000000000000000E+00   0.0000000000000000E+00   0.0000000000000000E+00   0.0000000000000000E+00   0.0000000000000000E+00   0.0000000000000000E+00
 0.0000000000000000E+00   0.0000000000000000E+00   0.0000000000000000E+00   0.0000000000000000E+00   0.0000000000000000E+00   0.0000000000000000E+00   0.0000000000000000E+00   0.0000000000000000E+00   0.0000000000000000E+00
 0.0000000000000000E+00   0.0000000000000000E+00   0.0000000000000000E+00   0.0000000000000000E+00   0.0000000000000000E+00   0.0000000000000000E+00   0.0000000000000000E+00   0.0000000000000000E+00   0.0000000000000000E+00
 0.0000000000000000E+00   0.0000000000000000E+00   0.0000000000000000E+00   0.0000000000000000E+00   0.0000000000000000E+00   0.0000000000000000E+00   0.0000000000000000E+00   0.0000000000000000E+00   0.0000000000000000E+00
 0.0000000000000000E+00   0.0000000000000000E+00   0.0000000000000000E+00   0.0000000000000000E+00   0.0000000000000000E+00   0.0000000000000000E+00   0.0000000000000000E+00   0.0000000000000000E+00   0.0000000000000000E+00
 0.0000000000000000E+00   0.0000000000000000E+00   0.0000000000000000E+00   0.0000000000000000E+00   0.0000000000000000E+00   0.0000000000000000E+00   0.0000000000000000E+00   0.0000000000000000E+00   0.0000000000000000E+00
 0.0000000000000000E+00   0.0000000000000000E+00   0.0000000000000000E+00   0.0000000000000000E+00   0.0000000000000000E+00   0.0000000000000000E+00   0.0000000000000000E+00   0.0000000000000000E+00   0.0000000000000000E+00
 0.0000000000000000E+00   0.0000000000000000E+00   0.0000000000000000E+00   0.0000000000000000E+00   0.0000000000000000E+00   0.0000000000000000E+00   0.0000000000000000E+00   0.0000000000000000E+00   0.0000000000000000E+00
 0.0000000000000000E+00   0.0000000000000000E+00   0.0000000000000000E+00   0.0000000000000000E+00   0.0000000000000000E+00   0.0000000000000000E+00   0.0000000000000000E+00   0.0000000000000000E+00   0.0000000000000000E+00
 0.0000000000000000E+00   0.0000000000000000E+00   0.0000000000000000E+00   0.0000000000000000E+00   0.0000000000000000E+00   0.0000000000000000E+00   0.0000000000000000E+00   0.0000000000000000E+00   0.0000000000000000E+00
 0.0000000000000000E+00   0.0000000000000000E+00   0.0000000000000000E+00   0.0000000000000000E+00   0.0000000000000000E+00   0.0000000000000000E+00   0.0000000000000000E+00   0.0000000000000000E+00   0.0000000000000000E+00
 0.0000000000000000E+00   0.0000000000000000E+00   0.0000000000000000E+00   0.0000000000000000E+00   0.0000000000000000E+00   0.0000000000000000E+00   0.0000000000000000E+00   0.0000000000000000E+00   0.0000000000000000E+00
 0.0000000000000000E+00   0.0000000000000000E+00   0.0000000000000000E+00   0.0000000000000000E+00   0.0000000000000000E+00   0.0000000000000000E+00   0.0000000000000000E+00   0.0000000000000000E+00   0.0000000000000000E+00
 0.0000000000000000E+00   0.0000000000000000E+00   0.0000000000000000E+00   0.0000000000000000E+00   0.0000000000000000E+00   0.0000000000000000E+00   0.0000000000000000E+00   0.0000000000000000E+00   0.0000000000000000E+00
 0.0000000000000000E+00   0.0000000000000000E+00   0.0000000000000000E+00   0.0000000000000000E+00   0.0000000000000000E+00   0.0000000000000000E+00   0.0000000000000000E+00   0.0000000000000000E+00   0.0000000000000000E+00
 0.0000000000000000E+00   0.0000000000000000E+00   0.0000000000000000E+00   0.0000000000000000E+00   0.0000000000000000E+00   0.0000000000000000E+00   0.0000000000000000E+00   0.0000000000000000E+00   0.0000000000000000E+00
 0.0000000000000000E+00   0.0000000000000000E+00   0.0000000000000000E+00   0.0000000000000000E+00   0.0000000000000000E+00   0.0000000000000000E+00   0.0000000000000000E+00   0.0000000000000000E+00   0.0000000000000000E+00
 0.0000000000000000E+00   0.0000000000000000E+00   0.0000000000000000E+00   0.0000000000000000E+00   0.0000000000000000E+00   0.0000000000000000E+00   0.0000000000000000E+00   0.0000000000000000E+00   0.0000000000000000E+00
 0.0000000000000000E+00   0.0000000000000000E+00   0.0000000000000000E+00   0.0000000000000000E+00   0.0000000000000000E+00   0.0000000000000000E+00   0.0000000000000000E+00   0.0000000000000000E+00   0.0000000000000000E+00
 0.0000000000000000E+00   0.0000000000000000E+00   0.0000000000000000E+00   0.0000000000000000E+00   0.0000000000000000E+00   0.0000000000000000E+00   0.0000000000000000E+00   0.0000000000000000E+00   0.0000000000000000E+00
 0.0000000000000000E+00   0.0000000000000000E+00   0.0000000000000000E+00   0.0000000000000000E+00   0.0000000000000000E+00   0.0000000000000000E+00   0.0000000000000000E+00   0.0000000000000000E+00   0.0000000000000000E+00
 0.0000000000000000E+00   0.0000000000000000E+00   0.0000000000000000E+00   0.0000000000000000E+00   0.0000000000000000E+00   0.0000000000000000E+00   0.0000000000000000E+00   0.0000000000000000E+00   0.0000000000000000E+00
 0.0000000000000000E+00   0.0000000000000000E+00   0.0000000000000000E+00   0.0000000000000000E+00   0.0000000000000000E+00   0.0000000000000000E+00   0.0000000000000000E+00   0.0000000000000000E+00   0.0000000000000000E+00
 0.0000000000000000E+00   0.0000000000000000E+00   0.0000000000000000E+00   0.0000000000000000E+00   0.0000000000000000E+00   0.0000000000000000E+00   0.0000000000000000E+00   0.0000000000000000E+00   0.0000000000000000E+00
 0.0000000000000000E+00   0.0000000000000000E+00   0.0000000000000000E+00   0.0000000000000000E+00   0.0000000000000000E+00   0.0000000000000000E+00   0.0000000000000000E+00   0.0000000000000000E+00   0.0000000000000000E+00
 0.0000000000000000E+00   0.0000000000000000E+00   0.0000000000000000E+00   0.0000000000000000E+00   0.0000000000000000E+00   0.0000000000000000E+00   0.0000000000000000E+00   0.0000000000000000E+00   0.0000000000000000E+00
 0.0000000000000000E+00   0.0000000000000000E+00   0.0000000000000000E+00   0.0000000000000000E+00   0.0000000000000000E+00   0.0000000000000000E+00   0.0000000000000000E+00   0.0000000000000000E+00   0.0000000000000000E+00
 0.0000000000000000E+00   0.0000000000000000E+00   0.0000000000000000E+00   0.0000000000000000E+00   0.0000000000000000E+00   0.0000000000000000E+00   0.0000000000000000E+00   0.0000000000000000E+00   0.0000000000000000E+00
 0.0000000000000000E+00   0.0000000000000000E+00   0.0000000000000000E+00   0.0000000000000000E+00   0.0000000000000000E+00   0.0000000000000000E+00   0.0000000000000000E+00   0.0000000000000000E+00   0.0000000000000000E+00
 0.0000000000000000E+00   0.0000000000000000E+00   0.0000000000000000E+00   0.0000000000000000E+00   0.0000000000000000E+00   0.0000000000000000E+00   0.0000000000000000E+00   0.0000000000000000E+00   0.0000000000000000E+00
 0.0000000000000000E+00   0.0000000000000000E+00   0.0000000000000000E+00   0.0000000000000000E+00   0.0000000000000000E+00   0.0000000000000000E+00   0.0000000000000000E+00   0.0000000000000000E+00   0.0000000000000000E+00
 0.0000000000000000E+00   0.0000000000000000E+00   0.0000000000000000E+00   0.0000000000000000E+00   0.0000000000000000E+00   0.0000000000000000E+00   0.0000000000000000E+00   0.0000000000000000E+00   0.0000000000000000E+00
 0.0000000000000000E+00   0.0000000000000000E+00   0.0000000000000000E+00   0.0000000000000000E+00   0.0000000000000000E+00   0.0000000000000000E+00
