 VARIABLES = X, RHO, U, T, P, PERTURBATION, error1, error2, N
ZONE I =  600, DATAPACKING=BLOCK
 8.3333333333333339E-04   2.5000000000000001E-03   4.1666666666666666E-03   5.8333333333333336E-03   7.5000000000000006E-03   9.1666666666666667E-03   1.0833333333333334E-02   1.2500000000000001E-02   1.4166666666666668E-02
 1.5833333333333335E-02   1.7500000000000002E-02   1.9166666666666669E-02   2.0833333333333336E-02   2.2500000000000003E-02   2.4166666666666670E-02   2.5833333333333337E-02   2.7500000000000000E-02   2.9166666666666667E-02
 3.0833333333333334E-02   3.2500000000000001E-02   3.4166666666666672E-02   3.5833333333333335E-02   3.7500000000000006E-02   3.9166666666666669E-02   4.0833333333333333E-02   4.2500000000000003E-02   4.4166666666666667E-02
 4.5833333333333337E-02   4.7500000000000001E-02   4.9166666666666671E-02   5.0833333333333335E-02   5.2500000000000005E-02   5.4166666666666669E-02   5.5833333333333339E-02   5.7500000000000002E-02   5.9166666666666673E-02
 6.0833333333333336E-02   6.2500000000000000E-02   6.4166666666666677E-02   6.5833333333333341E-02   6.7500000000000004E-02   6.9166666666666668E-02   7.0833333333333331E-02   7.2500000000000009E-02   7.4166666666666672E-02
 7.5833333333333336E-02   7.7499999999999999E-02   7.9166666666666677E-02   8.0833333333333340E-02   8.2500000000000004E-02   8.4166666666666667E-02   8.5833333333333345E-02   8.7500000000000008E-02   8.9166666666666672E-02
 9.0833333333333335E-02   9.2500000000000013E-02   9.4166666666666676E-02   9.5833333333333340E-02   9.7500000000000003E-02   9.9166666666666667E-02   1.0083333333333334E-01   1.0250000000000001E-01   1.0416666666666667E-01
 1.0583333333333333E-01   1.0750000000000001E-01   1.0916666666666668E-01   1.1083333333333334E-01   1.1250000000000000E-01   1.1416666666666668E-01   1.1583333333333334E-01   1.1750000000000001E-01   1.1916666666666667E-01
 1.2083333333333333E-01   1.2250000000000001E-01   1.2416666666666668E-01   1.2583333333333335E-01   1.2750000000000000E-01   1.2916666666666668E-01   1.3083333333333333E-01   1.3250000000000001E-01   1.3416666666666668E-01
 1.3583333333333333E-01   1.3750000000000001E-01   1.3916666666666669E-01   1.4083333333333334E-01   1.4250000000000002E-01   1.4416666666666667E-01   1.4583333333333334E-01   1.4750000000000002E-01   1.4916666666666667E-01
 1.5083333333333335E-01   1.5250000000000000E-01   1.5416666666666667E-01   1.5583333333333335E-01   1.5750000000000000E-01   1.5916666666666668E-01   1.6083333333333336E-01   1.6250000000000001E-01   1.6416666666666668E-01
 1.6583333333333333E-01   1.6750000000000001E-01   1.6916666666666669E-01   1.7083333333333334E-01   1.7250000000000001E-01   1.7416666666666666E-01   1.7583333333333334E-01   1.7750000000000002E-01   1.7916666666666667E-01
 1.8083333333333335E-01   1.8250000000000002E-01   1.8416666666666667E-01   1.8583333333333335E-01   1.8750000000000000E-01   1.8916666666666668E-01   1.9083333333333335E-01   1.9250000000000000E-01   1.9416666666666668E-01
 1.9583333333333336E-01   1.9750000000000001E-01   1.9916666666666669E-01   2.0083333333333334E-01   2.0250000000000001E-01   2.0416666666666669E-01   2.0583333333333334E-01   2.0750000000000002E-01   2.0916666666666667E-01
 2.1083333333333334E-01   2.1250000000000002E-01   2.1416666666666667E-01   2.1583333333333335E-01   2.1750000000000003E-01   2.1916666666666668E-01   2.2083333333333335E-01   2.2250000000000000E-01   2.2416666666666668E-01
 2.2583333333333336E-01   2.2750000000000001E-01   2.2916666666666669E-01   2.3083333333333333E-01   2.3250000000000001E-01   2.3416666666666669E-01   2.3583333333333334E-01   2.3750000000000002E-01   2.3916666666666669E-01
 2.4083333333333334E-01   2.4250000000000002E-01   2.4416666666666667E-01   2.4583333333333335E-01   2.4750000000000003E-01   2.4916666666666668E-01   2.5083333333333335E-01   2.5250000000000000E-01   2.5416666666666671E-01
 2.5583333333333336E-01   2.5750000000000001E-01   2.5916666666666666E-01   2.6083333333333336E-01   2.6250000000000001E-01   2.6416666666666666E-01   2.6583333333333337E-01   2.6750000000000002E-01   2.6916666666666667E-01
 2.7083333333333337E-01   2.7250000000000002E-01   2.7416666666666667E-01   2.7583333333333337E-01   2.7750000000000002E-01   2.7916666666666667E-01   2.8083333333333332E-01   2.8250000000000003E-01   2.8416666666666668E-01
 2.8583333333333333E-01   2.8750000000000003E-01   2.8916666666666668E-01   2.9083333333333333E-01   2.9250000000000004E-01   2.9416666666666669E-01   2.9583333333333334E-01   2.9750000000000004E-01   2.9916666666666669E-01
 3.0083333333333334E-01   3.0250000000000005E-01   3.0416666666666670E-01   3.0583333333333335E-01   3.0750000000000000E-01   3.0916666666666670E-01   3.1083333333333335E-01   3.1250000000000000E-01   3.1416666666666671E-01
 3.1583333333333335E-01   3.1750000000000000E-01   3.1916666666666671E-01   3.2083333333333336E-01   3.2250000000000001E-01   3.2416666666666671E-01   3.2583333333333336E-01   3.2750000000000001E-01   3.2916666666666666E-01
 3.3083333333333337E-01   3.3250000000000002E-01   3.3416666666666667E-01   3.3583333333333337E-01   3.3750000000000002E-01   3.3916666666666667E-01   3.4083333333333338E-01   3.4250000000000003E-01   3.4416666666666668E-01
 3.4583333333333338E-01   3.4750000000000003E-01   3.4916666666666668E-01   3.5083333333333333E-01   3.5250000000000004E-01   3.5416666666666669E-01   3.5583333333333333E-01   3.5750000000000004E-01   3.5916666666666669E-01
 3.6083333333333334E-01   3.6250000000000004E-01   3.6416666666666669E-01   3.6583333333333334E-01   3.6750000000000005E-01   3.6916666666666670E-01   3.7083333333333335E-01   3.7250000000000000E-01   3.7416666666666670E-01
 3.7583333333333335E-01   3.7750000000000000E-01   3.7916666666666671E-01   3.8083333333333336E-01   3.8250000000000001E-01   3.8416666666666671E-01   3.8583333333333336E-01   3.8750000000000001E-01   3.8916666666666672E-01
 3.9083333333333337E-01   3.9250000000000002E-01   3.9416666666666667E-01   3.9583333333333337E-01   3.9750000000000002E-01   3.9916666666666667E-01   4.0083333333333337E-01   4.0250000000000002E-01   4.0416666666666667E-01
 4.0583333333333338E-01   4.0750000000000003E-01   4.0916666666666668E-01   4.1083333333333338E-01   4.1250000000000003E-01   4.1416666666666668E-01   4.1583333333333333E-01   4.1750000000000004E-01   4.1916666666666669E-01
 4.2083333333333334E-01   4.2250000000000004E-01   4.2416666666666669E-01   4.2583333333333334E-01   4.2750000000000005E-01   4.2916666666666670E-01   4.3083333333333335E-01   4.3250000000000005E-01   4.3416666666666670E-01
 4.3583333333333335E-01   4.3750000000000006E-01   4.3916666666666671E-01   4.4083333333333335E-01   4.4250000000000000E-01   4.4416666666666671E-01   4.4583333333333336E-01   4.4750000000000001E-01   4.4916666666666671E-01
 4.5083333333333336E-01   4.5250000000000001E-01   4.5416666666666672E-01   4.5583333333333337E-01   4.5750000000000002E-01   4.5916666666666672E-01   4.6083333333333337E-01   4.6250000000000002E-01   4.6416666666666667E-01
 4.6583333333333338E-01   4.6750000000000003E-01   4.6916666666666668E-01   4.7083333333333338E-01   4.7250000000000003E-01   4.7416666666666668E-01   4.7583333333333339E-01   4.7750000000000004E-01   4.7916666666666669E-01
 4.8083333333333339E-01   4.8250000000000004E-01   4.8416666666666669E-01   4.8583333333333334E-01   4.8750000000000004E-01   4.8916666666666669E-01   4.9083333333333334E-01   4.9250000000000005E-01   4.9416666666666670E-01
 4.9583333333333335E-01   4.9750000000000005E-01   4.9916666666666670E-01   5.0083333333333335E-01   5.0250000000000006E-01   5.0416666666666665E-01   5.0583333333333336E-01   5.0750000000000006E-01   5.0916666666666666E-01
 5.1083333333333336E-01   5.1250000000000007E-01   5.1416666666666666E-01   5.1583333333333337E-01   5.1750000000000007E-01   5.1916666666666667E-01   5.2083333333333337E-01   5.2250000000000008E-01   5.2416666666666667E-01
 5.2583333333333337E-01   5.2750000000000008E-01   5.2916666666666667E-01   5.3083333333333338E-01   5.3250000000000008E-01   5.3416666666666668E-01   5.3583333333333338E-01   5.3750000000000009E-01   5.3916666666666668E-01
 5.4083333333333339E-01   5.4249999999999998E-01   5.4416666666666669E-01   5.4583333333333339E-01   5.4749999999999999E-01   5.4916666666666669E-01   5.5083333333333340E-01   5.5249999999999999E-01   5.5416666666666670E-01
 5.5583333333333340E-01   5.5750000000000000E-01   5.5916666666666670E-01   5.6083333333333341E-01   5.6250000000000000E-01   5.6416666666666671E-01   5.6583333333333341E-01   5.6750000000000000E-01   5.6916666666666671E-01
 5.7083333333333341E-01   5.7250000000000001E-01   5.7416666666666671E-01   5.7583333333333342E-01   5.7750000000000001E-01   5.7916666666666672E-01   5.8083333333333342E-01   5.8250000000000002E-01   5.8416666666666672E-01
 5.8583333333333332E-01   5.8750000000000002E-01   5.8916666666666673E-01   5.9083333333333332E-01   5.9250000000000003E-01   5.9416666666666673E-01   5.9583333333333333E-01   5.9750000000000003E-01   5.9916666666666674E-01
 6.0083333333333333E-01   6.0250000000000004E-01   6.0416666666666674E-01   6.0583333333333333E-01   6.0750000000000004E-01   6.0916666666666675E-01   6.1083333333333334E-01   6.1250000000000004E-01   6.1416666666666675E-01
 6.1583333333333334E-01   6.1750000000000005E-01   6.1916666666666675E-01   6.2083333333333335E-01   6.2250000000000005E-01   6.2416666666666676E-01   6.2583333333333335E-01   6.2750000000000006E-01   6.2916666666666665E-01
 6.3083333333333336E-01   6.3250000000000006E-01   6.3416666666666666E-01   6.3583333333333336E-01   6.3750000000000007E-01   6.3916666666666666E-01   6.4083333333333337E-01   6.4250000000000007E-01   6.4416666666666667E-01
 6.4583333333333337E-01   6.4750000000000008E-01   6.4916666666666667E-01   6.5083333333333337E-01   6.5250000000000008E-01   6.5416666666666667E-01   6.5583333333333338E-01   6.5750000000000008E-01   6.5916666666666668E-01
 6.6083333333333338E-01   6.6250000000000009E-01   6.6416666666666668E-01   6.6583333333333339E-01   6.6750000000000009E-01   6.6916666666666669E-01   6.7083333333333339E-01   6.7250000000000010E-01   6.7416666666666669E-01
 6.7583333333333340E-01   6.7749999999999999E-01   6.7916666666666670E-01   6.8083333333333340E-01   6.8250000000000000E-01   6.8416666666666670E-01   6.8583333333333341E-01   6.8750000000000000E-01   6.8916666666666671E-01
 6.9083333333333341E-01   6.9250000000000000E-01   6.9416666666666671E-01   6.9583333333333341E-01   6.9750000000000001E-01   6.9916666666666671E-01   7.0083333333333342E-01   7.0250000000000001E-01   7.0416666666666672E-01
 7.0583333333333342E-01   7.0750000000000002E-01   7.0916666666666672E-01   7.1083333333333343E-01   7.1250000000000002E-01   7.1416666666666673E-01   7.1583333333333343E-01   7.1750000000000003E-01   7.1916666666666673E-01
 7.2083333333333333E-01   7.2250000000000003E-01   7.2416666666666674E-01   7.2583333333333333E-01   7.2750000000000004E-01   7.2916666666666674E-01   7.3083333333333333E-01   7.3250000000000004E-01   7.3416666666666675E-01
 7.3583333333333334E-01   7.3750000000000004E-01   7.3916666666666675E-01   7.4083333333333334E-01   7.4250000000000005E-01   7.4416666666666675E-01   7.4583333333333335E-01   7.4750000000000005E-01   7.4916666666666676E-01
 7.5083333333333335E-01   7.5250000000000006E-01   7.5416666666666676E-01   7.5583333333333336E-01   7.5750000000000006E-01   7.5916666666666677E-01   7.6083333333333336E-01   7.6250000000000007E-01   7.6416666666666666E-01
 7.6583333333333337E-01   7.6750000000000007E-01   7.6916666666666667E-01   7.7083333333333337E-01   7.7250000000000008E-01   7.7416666666666667E-01   7.7583333333333337E-01   7.7750000000000008E-01   7.7916666666666667E-01
 7.8083333333333338E-01   7.8250000000000008E-01   7.8416666666666668E-01   7.8583333333333338E-01   7.8750000000000009E-01   7.8916666666666668E-01   7.9083333333333339E-01   7.9250000000000009E-01   7.9416666666666669E-01
 7.9583333333333339E-01   7.9750000000000010E-01   7.9916666666666669E-01   8.0083333333333340E-01   8.0250000000000010E-01   8.0416666666666670E-01   8.0583333333333340E-01   8.0750000000000011E-01   8.0916666666666670E-01
 8.1083333333333341E-01   8.1250000000000000E-01   8.1416666666666671E-01   8.1583333333333341E-01   8.1750000000000000E-01   8.1916666666666671E-01   8.2083333333333341E-01   8.2250000000000001E-01   8.2416666666666671E-01
 8.2583333333333342E-01   8.2750000000000001E-01   8.2916666666666672E-01   8.3083333333333342E-01   8.3250000000000002E-01   8.3416666666666672E-01   8.3583333333333343E-01   8.3750000000000002E-01   8.3916666666666673E-01
 8.4083333333333343E-01   8.4250000000000003E-01   8.4416666666666673E-01   8.4583333333333344E-01   8.4750000000000003E-01   8.4916666666666674E-01   8.5083333333333344E-01   8.5250000000000004E-01   8.5416666666666674E-01
 8.5583333333333333E-01   8.5750000000000004E-01   8.5916666666666675E-01   8.6083333333333334E-01   8.6250000000000004E-01   8.6416666666666675E-01   8.6583333333333334E-01   8.6750000000000005E-01   8.6916666666666675E-01
 8.7083333333333335E-01   8.7250000000000005E-01   8.7416666666666676E-01   8.7583333333333335E-01   8.7750000000000006E-01   8.7916666666666676E-01   8.8083333333333336E-01   8.8250000000000006E-01   8.8416666666666677E-01
 8.8583333333333336E-01   8.8750000000000007E-01   8.8916666666666677E-01   8.9083333333333337E-01   8.9250000000000007E-01   8.9416666666666678E-01   8.9583333333333337E-01   8.9750000000000008E-01   8.9916666666666667E-01
 9.0083333333333337E-01   9.0250000000000008E-01   9.0416666666666667E-01   9.0583333333333338E-01   9.0750000000000008E-01   9.0916666666666668E-01   9.1083333333333338E-01   9.1250000000000009E-01   9.1416666666666668E-01
 9.1583333333333339E-01   9.1750000000000009E-01   9.1916666666666669E-01   9.2083333333333339E-01   9.2250000000000010E-01   9.2416666666666669E-01   9.2583333333333340E-01   9.2750000000000010E-01   9.2916666666666670E-01
 9.3083333333333340E-01   9.3250000000000011E-01   9.3416666666666670E-01   9.3583333333333341E-01   9.3750000000000011E-01   9.3916666666666671E-01   9.4083333333333341E-01   9.4250000000000012E-01   9.4416666666666671E-01
 9.4583333333333341E-01   9.4750000000000001E-01   9.4916666666666671E-01   9.5083333333333342E-01   9.5250000000000001E-01   9.5416666666666672E-01   9.5583333333333342E-01   9.5750000000000002E-01   9.5916666666666672E-01
 9.6083333333333343E-01   9.6250000000000002E-01   9.6416666666666673E-01   9.6583333333333343E-01   9.6750000000000003E-01   9.6916666666666673E-01   9.7083333333333344E-01   9.7250000000000003E-01   9.7416666666666674E-01
 9.7583333333333344E-01   9.7750000000000004E-01   9.7916666666666674E-01   9.8083333333333345E-01   9.8250000000000004E-01   9.8416666666666675E-01   9.8583333333333345E-01   9.8750000000000004E-01   9.8916666666666675E-01
 9.9083333333333334E-01   9.9250000000000005E-01   9.9416666666666675E-01   9.9583333333333335E-01   9.9750000000000005E-01   9.9916666666666676E-01
 9.9915637270731517E-01   9.9749105917219338E-01   9.9582970607769117E-01   9.9417080239654809E-01   9.9251475684579593E-01   9.9086146029485767E-01   9.8921095412440063E-01   9.8756328160440587E-01   9.8591844305548160E-01
 9.8427638522925087E-01   9.8263706014431840E-01   9.8100046525382023E-01   9.7936662536140950E-01   9.7773555515819055E-01   9.7610725063698645E-01   9.7448170822545865E-01   9.7285893556734371E-01   9.7123893720973919E-01
 9.6962169478651272E-01   9.6800716833994804E-01   9.6639531962347247E-01   9.6478613503547328E-01   9.6317962910252797E-01   9.6157583016780801E-01   9.5997476327632447E-01   9.5837644094560581E-01   9.5678086087184300E-01
 9.5518800562822503E-01   9.5359784438167150E-01   9.5201034045507560E-01   9.5042546472851541E-01   9.4884320782894538E-01   9.4726358322966187E-01   9.4568661896391948E-01   9.4411234281450229E-01   9.4254076899722905E-01
 9.4097189166571293E-01   9.3940568623542808E-01   9.3784211685017405E-01   9.3628114765197268E-01   9.3472275481500211E-01   9.3316693487695435E-01   9.3161370533640386E-01   9.3006309649334717E-01   9.2851513771509320E-01
 9.2696984432843654E-01   9.2542721038153386E-01   9.2388721003035668E-01   9.2234980702767977E-01   9.2081496759378323E-01   9.1928267164291444E-01   9.1775291852598995E-01   9.1622572526402524E-01   9.1470111798262832E-01
 9.1317912003664203E-01   9.1165974144141448E-01   9.1014297388236920E-01   9.0862879340761127E-01   9.0711716905546003E-01   9.0560807385312558E-01   9.0410149399316042E-01   9.0259743283072613E-01   9.0109590833256448E-01
 8.9959694497521236E-01   8.9810056333139032E-01   8.9660677152817803E-01   8.9511556185757868E-01   8.9362691362318281E-01   8.9214080077434943E-01   8.9065720114140712E-01   8.8917610370145295E-01   8.8769751136435948E-01
 8.8622143824403599E-01   8.8474790270638737E-01   8.8327691915564988E-01   8.8180849185644883E-01   8.8034261310041062E-01   8.7887926615738632E-01   8.7741843154635291E-01   8.7596009404192354E-01   8.7450424775372460E-01
 8.7305089746923092E-01   8.7160005590827638E-01   8.7015173808452251E-01   8.6870595505884785E-01   8.6726270953086648E-01   8.6582199486478328E-01   8.6438379769113027E-01   8.6294810283568402E-01   8.6151489854910823E-01
 8.6008418006642939E-01   8.5865595028155917E-01   8.5723021746575834E-01   8.5580699108139235E-01   8.5438627743569440E-01   8.5296807687901588E-01   8.5155238352121376E-01   8.5013918737380734E-01   8.4872847788946126E-01
 8.4732024745462065E-01   8.4591449352758441E-01   8.4451121870512813E-01   8.4311042881360554E-01   8.4171212986055877E-01   8.4031632508267562E-01   8.3892301321249052E-01   8.3753218852716083E-01   8.3614384250631846E-01
 8.3475796632846588E-01   8.3337455320528042E-01   8.3199359970249509E-01   8.3061510563441410E-01   8.2923907268929553E-01   8.2786550240395818E-01   8.2649439432067484E-01   8.2512574502709923E-01   8.2375954835786136E-01
 8.2239579656691586E-01   8.2103448192412976E-01   8.1967559809462964E-01   8.1831914079765544E-01   8.1696510755271878E-01   8.1561349667603400E-01   8.1426430595889721E-01   8.1291753155804558E-01   8.1157316749590291E-01
 8.1023120589973419E-01   8.0889163780988316E-01   8.0755445419335536E-01   8.0621964676773439E-01   8.0488720834818273E-01   8.0355713263462558E-01   8.0222941356743271E-01   8.0090404454098940E-01   7.9958101778704960E-01
 7.9826032414466541E-01   7.9694195326037165E-01   7.9562589409052620E-01   7.9431213547849899E-01   7.9300066658202684E-01   7.9169147700309750E-01   7.9038455659603934E-01   7.8907989505679632E-01   7.8777748146782123E-01
 7.8647730397232629E-01   7.8517934969212344E-01   7.8388360488691988E-01   7.8259005526768233E-01   7.8129868633477595E-01   7.8000948360669675E-01   7.7872243267479102E-01   7.7743751908118708E-01   7.7615472808653141E-01
 7.7487404443423835E-01   7.7359545219657555E-01   7.7231893476073732E-01   7.7104447494067962E-01   7.6977205515824998E-01   7.6850165761939093E-01   7.6723326442314577E-01   7.6596685757473681E-01   7.6470241890854551E-01
 7.6343992996623244E-01   7.6217937188594020E-01   7.6092072534699606E-01   7.5966397058954793E-01   7.5840908749959102E-01   7.5715605572156686E-01   7.5590485476167601E-01   7.5465546405287254E-01   7.5340786296444529E-01
 7.5216203077434174E-01   7.5091794662039224E-01   7.4967558946294588E-01   7.4843493808082051E-01   7.4719597110573521E-01   7.4595866708267178E-01   7.4472300454331197E-01   7.4348896206846249E-01   7.4225651832863926E-01
 7.4102565210226023E-01   7.3979634227362534E-01   7.3856856782760527E-01   7.3734230785442334E-01   7.3611754157142972E-01   7.3489424836377737E-01   7.3367240783582033E-01   7.3245199986747955E-01   7.3123300466084162E-01
 7.3001540277830446E-01   7.2879917516706172E-01   7.2758430317738121E-01   7.2637076857846494E-01   7.2515855358490156E-01   7.2394764088591868E-01   7.2273801368388924E-01   7.2152965574007544E-01   7.2032255141426305E-01
 7.1911668570538789E-01   7.1791204428271360E-01   7.1670861351415405E-01   7.1550638048948434E-01   7.1430533304587207E-01   7.1310545979659812E-01   7.1190675015969407E-01   7.1070919439312064E-01   7.0951278362644954E-01
 7.0831750989344811E-01   7.0712336616079408E-01   7.0593034635323537E-01   7.0473844537635277E-01   7.0354765913368511E-01   7.0235798455107101E-01   7.0116941959358903E-01   6.9998196328776963E-01   6.9879561574064386E-01
 6.9761037815900373E-01   6.9642625286595528E-01   6.9524324331326159E-01   6.9406135409554659E-01   6.9288059095632248E-01   6.9170096079828669E-01   6.9052247168478853E-01   6.8934513284853893E-01   6.8816895469313377E-01
 6.8699394879626297E-01   6.8582012790759350E-01   6.8464750594686696E-01   6.8347609799900955E-01   6.8230592030572712E-01   6.8113699025530594E-01   6.7996932637199625E-01   6.7880294830156707E-01   6.7763787679410814E-01
 6.7647413368904152E-01   6.7531174189423948E-01   6.7415072536359510E-01   6.7299110907418047E-01   6.7183291899973085E-01   6.7067618208037105E-01   6.6952092619300685E-01   6.6836718011989382E-01   6.6721497351231929E-01
 6.6606433685435484E-01   6.6491530142527366E-01   6.6376789925975421E-01   6.6262216310630118E-01   6.6147812638199943E-01   6.6033582312980932E-01   6.5919528797064109E-01   6.5805655605369073E-01   6.5691966300826199E-01
 6.5578464489262001E-01   6.5465153814024701E-01   6.5352037950730546E-01   6.5239120601771727E-01   6.5126405490783257E-01   6.5013896356896050E-01   6.4901596949025619E-01   6.4789511020172530E-01   6.4677642321368367E-01
 6.4565994595867304E-01   6.4454571573278707E-01   6.4343376963403442E-01   6.4232414450387032E-01   6.4121687686550422E-01   6.4011200286493286E-01   6.3900955821416361E-01   6.3790957812617399E-01   6.3681209726095733E-01
 6.3571714966338377E-01   6.3462476870799212E-01   6.3353498704192679E-01   6.3244783652695968E-01   6.3136334818603645E-01   6.3028155214932946E-01   6.2920247760089998E-01   6.2812615272808703E-01   6.2705260467050994E-01
 6.2598185947153195E-01   6.2491394203297101E-01   6.2384887607020567E-01   6.2278668406661986E-01   6.2172738723346621E-01   6.2067100547200482E-01   6.1961755733429869E-01   6.1856705998868700E-01   6.1751952918811936E-01
 6.1647497923764627E-01   6.1543342296771109E-01   6.1439487170855578E-01   6.1335933526525299E-01   6.1232682190066667E-01   6.1129733831072208E-01   6.1027088961444764E-01   6.0924747934139456E-01   6.0822710941640246E-01
 6.0720978015703730E-01   6.0619549026431097E-01   6.0518423682512390E-01   6.0417601530766196E-01   6.0317081956976903E-01   6.0216864186100583E-01   6.0116947283215472E-01   6.0017330154792425E-01   5.9918011549836914E-01
 5.9818990061897614E-01   5.9720264130493517E-01   5.9621832043738743E-01   5.9523691940512413E-01   5.9425841812940206E-01   5.9328279509791881E-01   5.9231002739277538E-01   5.9134009072096905E-01   5.9037295945651092E-01
 5.8940860667391470E-01   5.8844700418894580E-01   5.8748812260078731E-01   5.8653193133455495E-01   5.8557839868741612E-01   5.8462749187586782E-01   5.8367917708478190E-01   5.8273341951441138E-01   5.8179018343530375E-01
 5.8084943224000729E-01   5.7991112849619431E-01   5.7897523400100892E-01   5.7804170984008452E-01   5.7711051643987632E-01   5.7618161362706155E-01   5.7525496068863502E-01   5.7433051642572563E-01   5.7340823921672324E-01
 5.7248808707486776E-01   5.7157001770507609E-01   5.7065398856790339E-01   5.6973995693519253E-01   5.6882787994972583E-01   5.6791771468505892E-01   5.6700941820305240E-01   5.6610294761075830E-01   5.6519826012075602E-01
 5.6429531310294867E-01   5.6339406414327853E-01   5.6249447109911943E-01   5.6159649215039598E-01   5.6070008585414122E-01   5.5980521119424353E-01   5.5891182763365932E-01   5.5801989516173156E-01   5.5712937434172638E-01
 5.5624022635536197E-01   5.5535241305197558E-01   5.5446589698668269E-01   5.5358064146038166E-01   5.5269661056227704E-01   5.5181376920813485E-01   5.5093208317252462E-01   5.5005151912242289E-01   5.4917204465090863E-01
 5.4829362830817807E-01   5.4741623962526176E-01   5.4653984914051756E-01   5.4566442842683560E-01   5.4478995011090681E-01   5.4391638789148189E-01   5.4304371655988304E-01   5.4217191201269765E-01   5.4130095126871303E-01
 5.4043081247607283E-01   5.3956147492279161E-01   5.3869291904499272E-01   5.3782512643190916E-01   5.3695807982865962E-01   5.3609176313605200E-01   5.3522616141392343E-01   5.3436126087470126E-01   5.3349704888142091E-01
 5.3263351394061120E-01   5.3177064569191457E-01   5.3090843490022599E-01   5.3004687344366408E-01   5.2918595430098836E-01   5.2832567153510634E-01   5.2746602028036293E-01   5.2660699672604994E-01   5.2574859809199259E-01
 5.2489082261299946E-01   5.2403366951335917E-01   5.2317713898532880E-01   5.2232123216243365E-01   5.2146595109585936E-01   5.2061129872914780E-01   5.1975727887383616E-01   5.1890389618001731E-01   5.1805115611099806E-01
 5.1719906490839684E-01   5.1634762956698321E-01   5.1549685779707199E-01   5.1464675799522963E-01   5.1379733920982218E-01   5.1294861111123102E-01   5.1210058396655489E-01   5.1125326860228903E-01   5.1040667638077031E-01
 5.0956081916454055E-01   5.0871570928267573E-01   5.0787135949206974E-01   5.0702778294283124E-01   5.0618499314301424E-01   5.0534300392865994E-01   5.0450182942908428E-01   5.0366148404923072E-01   5.0282198244100329E-01
 5.0198333947286311E-01   5.0114557020429162E-01   5.0030868984337851E-01   4.9947271371156282E-01   4.9863765720601866E-01   4.9780353576976688E-01   4.9697036486354979E-01   4.9613815995395666E-01   4.9530693650084562E-01
 4.9447670994361770E-01   4.9364749568153715E-01   4.9281930904346244E-01   4.9199216525526401E-01   4.9116607939235202E-01   4.9034106634112906E-01   4.8951714077659825E-01   4.8869431714788825E-01   4.8787260968299495E-01
 4.8705203240585643E-01   4.8623259914589856E-01   4.8541432353044878E-01   4.8459721896380670E-01   4.8378129857448104E-01   4.8296657515095326E-01   4.8215306108287609E-01   4.8134076833265577E-01   4.8052970845080833E-01
 4.7971989265007015E-01   4.7891133190490104E-01   4.7810403698509829E-01   4.7729801831703728E-01   4.7649328591820245E-01   4.7568984947584952E-01   4.7488771826822240E-01   4.7408690113092394E-01   4.7328740640384670E-01
 4.7248924194792957E-01   4.7169241525251587E-01   4.7089693357953694E-01   4.7010280395384829E-01   4.6931003310414210E-01   4.6851862742260647E-01   4.6772859282578111E-01   4.6693993469151474E-01   4.6615265784927518E-01
 4.6536676660527609E-01   4.6458226484385662E-01   4.6379915614111972E-01   4.6301744389705457E-01   4.6223713147424256E-01   4.6145822222501787E-01   4.6068071934260407E-01   4.5990462562939455E-01   4.5912994307602556E-01
 4.5835667272645320E-01   4.5758481508399823E-01   4.5681437041853462E-01   4.5604533893847193E-01   4.5527772097612279E-01   4.5451151711757704E-01   4.5374672811879330E-01   4.5298335453624033E-01   4.5222139625304913E-01
 4.5146085225883181E-01   4.5070172064876829E-01   4.4994399883554470E-01   4.4918768395764314E-01   4.4843277341423565E-01   4.4767926525034185E-01   4.4692715809832562E-01   4.4617645102525105E-01   4.4542714314129489E-01
 4.4467923294635237E-01   4.4393271775810528E-01   4.4318759356701409E-01   4.4244385540939274E-01   4.4170149806988135E-01   4.4096051694861665E-01   4.4022090869008285E-01   4.3948267124633494E-01   4.3874580333406871E-01
 4.3801030350147691E-01   4.3727616908717287E-01   4.3654339554340044E-01   4.3581197657394344E-01   4.3508190492523174E-01   4.3435317352317493E-01   4.3362577663878510E-01   4.3289971063967347E-01   4.3217497393368892E-01
 4.3145156608689345E-01   4.3072948640015696E-01   4.3000873246248505E-01   4.2928929928188098E-01   4.2857117940043737E-01   4.2785436398861681E-01   4.2713884454278361E-01   4.2642461463259695E-01   4.2571167089903095E-01
 4.2500001280327038E-01   4.2428964117189677E-01   4.2358055609228984E-01   4.2287275495318399E-01   4.2216623146350646E-01   4.2146097611765060E-01   4.2075697797460576E-01   4.2005422715924146E-01   4.1935271713837835E-01
 4.1865244582481664E-01   4.1795341497663679E-01   4.1725562806421440E-01   4.1655908734340991E-01   4.1586379127021877E-01   4.1516973332999063E-01   4.1447690281422905E-01   4.1378528729007708E-01   4.1309487588921373E-01
 4.1240566214445107E-01   4.1171764518289072E-01   4.1103082871369573E-01   4.1034521809095392E-01   4.0966081655502201E-01   4.0897762217128653E-01   4.0829562672769903E-01   4.0761481710317810E-01   4.0693517870243140E-01
 4.0625669969454453E-01   4.0557937440057557E-01   4.0490320439882405E-01   4.0422819677024563E-01   4.0355436009982781E-01   4.0288169981615951E-01   4.0221021471715090E-01   4.0153989605236884E-01   4.0087072950480684E-01
 4.0020269935400532E-01   3.9953579331542766E-01   3.9887000619040935E-01   3.9820534083624542E-01   3.9754180588215032E-01   3.9687941101786750E-01   3.9621816176356184E-01   3.9555805589363657E-01   3.9489908292577863E-01
 3.9424122680892204E-01   3.9358447079873987E-01   3.9292880275791903E-01   3.9227421897763581E-01   3.9162072491373984E-01   3.9096833217017063E-01   3.9031705269372374E-01   3.8966689268777349E-01   3.8901784914739923E-01
 3.8836991056904963E-01   3.8772306102975135E-01   3.8707728529384822E-01   3.8643257290376248E-01   3.8578892056922565E-01   3.8514633277445554E-01   3.8450481998529457E-01   3.8386439377822917E-01   3.8322506011968122E-01
 3.8258681465740457E-01   3.8194964381790464E-01   3.8131353135144191E-01   3.8067846531612209E-01   3.8004444054168585E-01   3.7941145667622295E-01   3.7877951631267426E-01   3.7814862591173559E-01   3.7751879615024048E-01
 3.7689003627884432E-01   3.7626234437363543E-01   3.7563570388222750E-01   3.7501009413613701E-01   3.7438550616513333E-01   3.7376194689053560E-01   3.7313942520773952E-01   3.7251793906467245E-01   3.7189747994438788E-01
 3.7127804872220355E-01   3.7065965922182209E-01   3.7004230856401948E-01   3.6942601303258543E-01   3.6881059926918613E-01   3.6819659525073267E-01
-3.1816300694525914E-05  -3.1197027188385203E-05  -3.1848588776358570E-05  -3.2341653631265196E-05  -3.2873819759017837E-05  -3.3388897188911556E-05  -3.3920455330916228E-05  -3.4459041321832461E-05  -3.4989569015934482E-05
-3.5516316251221639E-05  -3.6056285275621046E-05  -3.6612478168623696E-05  -3.7175629457757424E-05  -3.7740499945445192E-05  -3.8309907346943905E-05  -3.8884056611657598E-05  -3.9457476468340909E-05  -4.0027422707459261E-05
-4.0601732564466268E-05  -4.1195707057915974E-05  -4.1822295423077542E-05  -4.2484868736386846E-05  -4.3177167427548452E-05  -4.3887760730613223E-05  -4.4604923172980221E-05  -4.5320704254012942E-05  -4.6034233842870144E-05
-4.6753878109964182E-05  -4.7496697423937009E-05  -4.8283869406613818E-05  -4.9132662043667544E-05  -5.0047914589349408E-05  -5.1019703178171880E-05  -5.2029053526492510E-05  -5.3057234733072054E-05  -5.4094440327062343E-05
-5.5144892913794173E-05  -5.6227285841970985E-05  -5.7369845879248697E-05  -5.8601167452972106E-05  -5.9940365155736152E-05  -6.1389783484845677E-05  -6.2933975889277986E-05  -6.4546354275059337E-05  -6.6201187319359295E-05
-6.7886529385096191E-05  -6.9610433590958513E-05  -7.1398496768882455E-05  -7.3286697983606503E-05  -7.5309697305631524E-05  -7.7488787262373172E-05  -7.9825094376966070E-05  -8.2300925511617182E-05  -8.4888830784348167E-05
-8.7565230289130978E-05  -9.0322100937095101E-05  -9.3172103586428397E-05  -9.6146581554227705E-05  -9.9285813607935617E-05  -1.0262553512542507E-04  -1.0618504863226419E-04  -1.0996151961268388E-04  -1.1393312778938427E-04
-1.1806931517338847E-04  -1.2234499505617109E-04  -1.2675266600813658E-04  -1.3130779255354918E-04  -1.3604492769440820E-04  -1.4100640108932053E-04  -1.4622838411108941E-04  -1.5172970201873337E-04  -1.5750827918443230E-04
-1.6354557311129244E-04  -1.6981693034843771E-04  -1.7630432196863075E-04  -1.8300617521234183E-04  -1.8994058698873023E-04  -1.9714066604193216E-04  -2.0464397832035389E-04  -2.1248061214396521E-04  -2.2066426779116248E-04
-2.2918981265175630E-04  -2.3803821688588291E-04  -2.4718669748875164E-04  -2.5662012692891735E-04  -2.6633916435102800E-04  -2.7636201777918974E-04  -2.8671947570186695E-04  -2.9744534762500498E-04  -3.0856626106208116E-04
-3.2009464222409979E-04  -3.3202742801503681E-04  -3.4435074925577293E-04  -3.5704854595219361E-04  -3.7011156479189718E-04  -3.8354320059016489E-04  -3.9735994451215698E-04  -4.1158659884420705E-04  -4.2624851825422854E-04
-4.4136373337809757E-04  -4.5693827772020528E-04  -4.7296602098616394E-04  -4.8943311925249823E-04  -5.0632517986914742E-04  -5.2363413108082949E-04  -5.4136223765401668E-04  -5.5952196952038140E-04  -5.7813172467781478E-04
-5.9720971178432844E-04  -6.1676809764992034E-04  -6.3680968064772862E-04  -6.5732821715176542E-04  -6.7831200010055686E-04  -6.9974909959654710E-04  -7.2163213796956247E-04  -7.4396071319383830E-04  -7.6674073709375574E-04
-7.8998115955391949E-04  -8.1368944436322084E-04  -8.3786783682540244E-04  -8.6251143672240308E-04  -8.8760904095112609E-04  -9.1314594431130284E-04  -9.3910780408833303E-04  -9.6548381460616177E-04  -9.9226800313320890E-04
-1.0194585643560111E-03  -1.0470552094290133E-03  -1.0750561336997091E-03  -1.1034554867344463E-03  -1.1322422626733931E-03  -1.1614010305266691E-03  -1.1909139238127601E-03  -1.2207631510660307E-03  -1.2509329079072537E-03
-1.2814099930118172E-03  -1.3121831809781409E-03  -1.3432414311716730E-03  -1.3745720061924685E-03  -1.4061589890952124E-03  -1.4379829028809152E-03  -1.4700213634426711E-03  -1.5022505497555056E-03  -1.5346467527338286E-03
-1.5671875031464026E-03  -1.5998518844999206E-03  -1.6326198723750603E-03  -1.6654712918912676E-03  -1.6983845111975785E-03  -1.7313357082619216E-03  -1.7642986935966292E-03  -1.7972453741657399E-03  -1.8301467543110571E-03
-1.8629737564802731E-03  -1.8956979372413338E-03  -1.9282915096145547E-03  -1.9607269292945938E-03  -1.9929763068049547E-03  -2.0250107111517567E-03  -2.0567998449269255E-03  -2.0883120584350959E-03  -2.1195148074245017E-03
-2.1503751553717592E-03  -2.1808604119207199E-03  -2.2109384091134228E-03  -2.2405774807500987E-03  -2.2697462740964409E-03  -2.2984133228790664E-03  -2.3265467933935059E-03  -2.3541142399273068E-03  -2.3810828080102100E-03
-2.4074194395349545E-03  -2.4330912461272519E-03  -2.4580658127988371E-03  -2.4823113942045736E-03  -2.5057968727486544E-03  -2.5284916764222913E-03  -2.5503656006948439E-03  -2.5713887012398817E-03  -2.5915312792080610E-03
-2.6107639954999059E-03  -2.6290580747716404E-03  -2.6463855164180995E-03  -2.6627192837734327E-03  -2.6780333432840746E-03  -2.6923027666374260E-03  -2.7055035657803034E-03  -2.7176127088972056E-03  -2.7286080924893846E-03
-2.7384685028067875E-03  -2.7471737979290868E-03  -2.7547049454891429E-03  -2.7610442319714978E-03  -2.7661752870063406E-03  -2.7700831899039532E-03  -2.7727544131055069E-03  -2.7741768985045752E-03  -2.7743399784960535E-03
-2.7732343366790109E-03  -2.7708522443014145E-03  -2.7671873369076458E-03  -2.7622349128870178E-03  -2.7559918692149667E-03  -2.7484567514356271E-03  -2.7396298815767499E-03  -2.7295131692123531E-03  -2.7181101975211623E-03
-2.7054262686267093E-03  -2.6914682769152132E-03  -2.6762447958931720E-03  -2.6597660444977679E-03  -2.6420439833728469E-03  -2.6230921867289336E-03  -2.6029259879655248E-03  -2.5815623480314079E-03  -2.5590198473624832E-03
-2.5353187232621394E-03  -2.5104807143679331E-03  -2.4845291465646277E-03  -2.4574888355776260E-03  -2.4293860747885980E-03  -2.4002486102661399E-03  -2.3701055697331903E-03  -2.3389874675389510E-03  -2.3069261444205453E-03
-2.2739546016146729E-03  -2.2401070986670202E-03  -2.2054189822678732E-03  -2.1699266519365126E-03  -2.1336674994011594E-03  -2.0966798431585835E-03  -2.0590028479425017E-03  -2.0206764737269976E-03  -1.9817413894932349E-03
-1.9422388292198267E-03  -1.9022106591275359E-03  -1.8616991254533249E-03  -1.8207468462930003E-03  -1.7793967609913176E-03  -1.7376919561505324E-03  -1.6956756665882119E-03  -1.6533911234926336E-03  -1.6108814755986640E-03
-1.5681897645094668E-03  -1.5253586979164686E-03  -1.4824307336497183E-03  -1.4394477936035986E-03  -1.3964513461318542E-03  -1.3534822351250297E-03  -1.3105805533970972E-03  -1.2677856346623591E-03  -1.2251359427248251E-03
-1.1826689396100083E-03  -1.1404210949878283E-03  -1.0984276911532754E-03  -1.0567228534297853E-03  -1.0153394006504857E-03  -9.7430880864743266E-04  -9.3366111915423836E-04  -8.9342489213953280E-04  -8.5362711757306026E-04
-8.1429319478272240E-04  -7.7544684372243215E-04  -7.3711002043098310E-04  -6.9930297194322876E-04  -6.6204412740269623E-04  -6.2534996854445989E-04  -5.8923520630372456E-04  -5.5371254915255247E-04  -5.1879280458093965E-04
-4.8448477970738083E-04  -4.5079531483615550E-04  -4.1772925313750964E-04  -3.8528943104770060E-04  -3.5347668257528983E-04  -3.2228985644966506E-04  -2.9172580834207031E-04  -2.6177941109141386E-04  -2.3244359095341886E-04
-2.0370933295720128E-04  -1.7556573060450577E-04  -1.4800005436047542E-04  -1.2099767456034802E-04  -9.4542215777489454E-05  -6.8615602686993824E-05  -4.3198042019024316E-05  -1.8268142578833351E-05   6.1970404918963300E-06
 3.0221953724824942E-05   5.3832424718114718E-05   7.7055642119501356E-05   9.9920102134943669E-05   1.2245532786397273E-04   1.4469214440029633E-04   1.6666221327472415E-04   1.8839816225050491E-04   2.0993345684000266E-04
 2.3130223245562985E-04   2.5253930467766832E-04   2.7367993592045071E-04   2.9475989746518638E-04   3.1581515730953681E-04   3.3688200070785775E-04   3.5799675147401281E-04   3.7919574043663033E-04   4.0051522193198825E-04
 4.2199115073743488E-04   4.4365928494328089E-04   4.6555484107867673E-04   4.8771256168134391E-04   5.1016654961755854E-04   5.3295017797608908E-04   5.5609594185204248E-04   5.7963546927057628E-04   6.0359931713268645E-04
 6.2801695540493497E-04   6.5291658650168773E-04   6.7832519257992479E-04   7.0426832276800826E-04   7.3077007861704077E-04   7.5785304686372434E-04   7.8553816787198781E-04   8.1384474159320035E-04   8.4279034958618330E-04
 8.7239066892734398E-04   9.0265963626789481E-04   9.3360927156946360E-04   9.6524957080100580E-04   9.9758859888413498E-04   1.0306323845363681E-03   1.0643849098210590E-03   1.0988480736217365E-03   1.1340216853552307E-03
 1.1699033704480118E-03   1.2064887673316422E-03   1.2437712524161172E-03   1.2817421733880405E-03   1.3203907286327694E-03   1.3597040081681703E-03   1.3996670098693213E-03   1.4402626890479611E-03   1.4814719147091908E-03
 1.5232736789271798E-03   1.5656448354325679E-03   1.6085604602687844E-03   1.6519936294296352E-03   1.6959157187392102E-03   1.7402962823846004E-03   1.7851031052661115E-03   1.8303024316964095E-03   1.8758588466595339E-03
 1.9217355115764766E-03   1.9678940815565172E-03   2.0142948834977214E-03   2.0608970354967743E-03   2.1076583219356462E-03   2.1545356119241905E-03   2.2014846235549170E-03   2.2484602182638270E-03   2.2954163842303131E-03
 2.3423064310941159E-03   2.3890830405681211E-03   2.4356982448569828E-03   2.4821037883837860E-03   2.5282509768490770E-03   2.5740909052086249E-03   2.6195744884821913E-03   2.6646526625393224E-03   2.7092762942305744E-03
 2.7533966173175937E-03   2.7969648132801540E-03   2.8399326864993629E-03   2.8822523380960053E-03   2.9238764330265943E-03   2.9647582867059164E-03   3.0048518670856466E-03   3.0441120146368563E-03   3.0824943745056590E-03
 3.1199556686869359E-03   3.1564535668867346E-03   3.1919469659023227E-03   3.2263958954899417E-03   3.2597617387871160E-03   3.2920071366908830E-03   3.3230962349402714E-03   3.3529946011184495E-03   3.3816692526598266E-03
 3.4090889238099342E-03   3.4352239013567473E-03   3.4600461518952885E-03   3.4835294352563197E-03   3.5056492274620553E-03   3.5263828631871079E-03   3.5457094946770387E-03   3.5636100133276385E-03   3.5800673590496404E-03
 3.5950661636354421E-03   3.6085931259608678E-03   3.6206367618939724E-03   3.6311876284900561E-03   3.6402382293805285E-03   3.6477829315630550E-03   3.6538181922151271E-03   3.6583421760138408E-03   3.6613550796897433E-03
 3.6628588105405021E-03   3.6628572068815876E-03   3.6613559147014286E-03   3.6583624303628596E-03   3.6538860571851874E-03   3.6479380616908389E-03   3.6405312065089734E-03   3.6316801437494208E-03   3.6214010336145432E-03
 3.6097114111219670E-03   3.5966305486662374E-03   3.5821788665264722E-03   3.5663785755131309E-03   3.5492531410885120E-03   3.5308276400194032E-03   3.5111284416489597E-03   3.4901831737698540E-03   3.4680206463786221E-03
 3.4446704995347464E-03   3.4201633512097930E-03   3.3945304791311820E-03   3.3678042081337466E-03   3.3400177308503336E-03   3.3112051583389927E-03   3.2814016140330303E-03   3.2506429930646342E-03   3.2189657492533268E-03
 3.1864066015235347E-03   3.1530026888609199E-03   3.1187910719350999E-03   3.0838092000044044E-03   3.0480949515611089E-03   3.0116866561386603E-03   2.9746230525638873E-03   2.9369432766327783E-03   2.8986862843465699E-03
 2.8598911008123938E-03   2.8205964097902285E-03   2.7808407609099355E-03   2.7406611384055840E-03   2.7000930213447946E-03   2.6591721444002097E-03   2.6179349299116053E-03   2.5764186826826288E-03   2.5346613157172042E-03
 2.4927003238205520E-03   2.4505723581649107E-03   2.4083132505671361E-03   2.3659566658794508E-03   2.3235341829200107E-03   2.2810759649569221E-03   2.2386115276870518E-03   2.1961710112339506E-03   2.1537859441905179E-03
 2.1114888689336233E-03   2.0693123048236505E-03   2.0272871091925088E-03   1.9854406855833251E-03   1.9437974977078065E-03   1.9023796396429552E-03   1.8612083291170397E-03   1.8203051574058849E-03   1.7796915060421595E-03
 1.7393886678011416E-03   1.6994199901144639E-03   1.6598101604326592E-03   1.6205821237744388E-03   1.5817549975498835E-03   1.5433436973646146E-03   1.5053602603149227E-03   1.4678149898969862E-03   1.4307177169381570E-03
 1.3940810371056629E-03   1.3579209471806339E-03   1.3222558268905068E-03   1.2871040669329419E-03   1.2524809196466252E-03   1.2183962256285793E-03   1.1848524328294955E-03   1.1518469772115157E-03   1.1193772729540742E-03
 1.0874435863476861E-03   1.0560513120026508E-03   1.0252102471052680E-03   9.9493340396100889E-04   9.6523276556038440E-04   9.3611589418864571E-04   9.0758395665191578E-04   8.7963114266825630E-04   8.5224659208730017E-04
 8.2541935858617787E-04   7.9914164315072014E-04   7.7341257440522370E-04   7.4823849966934944E-04   7.2363153851041863E-04   6.9960309588835284E-04   6.7615822070534240E-04   6.5329148558084210E-04   6.3098685951638422E-04
 6.0922218545465844E-04   5.8797523053438750E-04   5.6723108194964300E-04   5.4698543840631933E-04   5.2724420334397562E-04   5.0801915971998796E-04   4.8932048308717325E-04   4.7114980139589845E-04   4.5349705450041153E-04
 4.3634058219456449E-04   4.1965230136273280E-04   4.0340606623441995E-04   3.8758540270266264E-04   3.7218764678314305E-04   3.5722332247892707E-04   3.4270882315075329E-04   3.2865775455378176E-04   3.1507135480738512E-04
 3.0193456337084180E-04   2.8921743415741583E-04   2.7688361753731974E-04   2.6490071484051338E-04   2.5324965385439390E-04   2.4192861708730891E-04   2.3095080931030771E-04   2.2033583117842684E-04   2.1009914936079028E-04
 2.0024234460866877E-04   1.9074878499262217E-04   1.8158699681116315E-04   1.7271937975043520E-04   1.6411479324469300E-04   1.5575764735174352E-04   1.4765201346560544E-04   1.3981719424334795E-04   1.3227820801491708E-04
 1.2505230246246703E-04   1.1813976956081758E-04   1.1152054238056985E-04   1.0515839288143847E-04   9.9012987206735555E-05   9.3051980905066984E-05   8.7261194287021736E-05   8.1646417719496915E-05   7.6228919543132952E-05
 7.1033626628635220E-05   6.6078234176078946E-05   6.1362879868320794E-05   5.6868791969207721E-05   5.2563198982910557E-05   4.8410729410008568E-05   4.4385284259073029E-05   4.0478174891749108E-05   3.6699049176974798E-05
 3.3070067860578939E-05   2.9614600936808779E-05   2.6347197395150231E-05   2.3265527969836932E-05   2.0349662635755570E-05   1.7568299741838817E-05   1.4889288967750050E-05   1.2290907987205572E-05   9.7681788887787820E-06
 7.3316979093618961E-06   4.9995964901624772E-06   2.7888471622823018E-06   7.0788606145838181E-07  -1.2463757301236171E-06  -3.0880743943047034E-06  -4.8387037111679746E-06  -6.5206331209852702E-06  -8.1489891561673791E-06
-9.7260192793166631E-06  -1.1242593872785690E-05  -1.2685546275810277E-05  -1.4045761364658851E-05  -1.5322794937782240E-05  -1.6523932047282484E-05  -1.7659953858910655E-05  -1.8741548211010023E-05  -1.9780316908943305E-05
-2.0788082494605996E-05  -2.1771482506637244E-05  -2.2723926627920380E-05  -2.3632760798237794E-05  -2.4493683601393368E-05  -2.5321075604090256E-05  -2.6126263380297742E-05  -2.6906775811232981E-05  -2.7653381198175755E-05
-2.8384421404885940E-05  -2.9125137123084808E-05  -2.9863137920456558E-05  -3.0515565480268827E-05  -3.1330547076215370E-05  -3.0808457927842110E-05
 1.9999911064960902E+00   1.9999918189469483E+00   1.9999922938323156E+00   1.9999927385604916E+00   1.9999932783940408E+00   1.9999939100560340E+00   1.9999945420181020E+00   1.9999951408165686E+00   1.9999957508482595E+00
 1.9999964158556767E+00   1.9999971372164100E+00   1.9999979065820885E+00   1.9999987212850461E+00   1.9999995787570666E+00   2.0000004719995035E+00   2.0000013975638149E+00   2.0000023556147228E+00   2.0000033474701606E+00
 2.0000043808455308E+00   2.0000054761781580E+00   2.0000066576366526E+00   2.0000079362914169E+00   2.0000093045407361E+00   2.0000107461467822E+00   2.0000122483270490E+00   2.0000138067869520E+00   2.0000154250603952E+00
 2.0000171134734024E+00   2.0000188886945649E+00   2.0000207710426721E+00   2.0000227787624714E+00   2.0000249200116427E+00   2.0000271911637517E+00   2.0000295827204106E+00   2.0000320864120780E+00   2.0000347002156231E+00
 2.0000374300517683E+00   2.0000402889184961E+00   2.0000432934643926E+00   2.0000464594793623E+00   2.0000497989023351E+00   2.0000533186678582E+00   2.0000570209870911E+00   2.0000609050545815E+00   2.0000649699860600E+00
 2.0000692194556158E+00   2.0000736613742305E+00   2.0000783034047180E+00   2.0000831543113922E+00   2.0000882246191072E+00   2.0000935249935967E+00   2.0000990653451907E+00   2.0001048548512781E+00   2.0001109026341513E+00
 2.0001172183858014E+00   2.0001238096899545E+00   2.0001306804926680E+00   2.0001378336141364E+00   2.0001452724026647E+00   2.0001530023653014E+00   2.0001610327033652E+00   2.0001693771073872E+00   2.0001780533233502E+00
 2.0001870796157677E+00   2.0001964712740721E+00   2.0002062386706023E+00   2.0002163864860232E+00   2.0002269149006713E+00   2.0002378226173567E+00   2.0002491107622888E+00   2.0002607862661139E+00   2.0002728652774455E+00
 2.0002853718971987E+00   2.0002983309477211E+00   2.0003117628441012E+00   2.0003256793333013E+00   2.0003400817940649E+00   2.0003549640153033E+00   2.0003703187860853E+00   2.0003861452883829E+00   2.0004024535378342E+00
 2.0004192645220913E+00   2.0004366073229436E+00   2.0004545127237510E+00   2.0004730053766520E+00   2.0004920983077925E+00   2.0005117920055362E+00   2.0005320783707092E+00   2.0005529478640831E+00   2.0005743970402778E+00
 2.0005964336063395E+00   2.0006190770992935E+00   2.0006423548807537E+00   2.0006662949892138E+00   2.0006909187033530E+00   2.0007162358274093E+00   2.0007422445732721E+00   2.0007689359927565E+00   2.0007963011231151E+00
 2.0008243380024786E+00   2.0008530558683821E+00   2.0008824749128258E+00   2.0009126216941278E+00   2.0009435219963940E+00   2.0009751939638560E+00   2.0010076441978941E+00   2.0010408682654921E+00   2.0010748552277593E+00
 2.0011095943005106E+00   2.0011450810098665E+00   2.0011813205319879E+00   2.0012183270371366E+00   2.0012561194071923E+00   2.0012947151295997E+00   2.0013341248549317E+00   2.0013743497575511E+00   2.0014153826017487E+00
 2.0014572119020078E+00   2.0014998273870552E+00   2.0015432246263241E+00   2.0015874070717388E+00   2.0016323848315882E+00   2.0016781707479310E+00   2.0017247753914078E+00   2.0017722029625866E+00   2.0018204496307703E+00
 2.0018695048172099E+00   2.0019193547142389E+00   2.0019699865813858E+00   2.0020213921585759E+00   2.0020735689741960E+00   2.0021265192039395E+00   2.0021802466486656E+00   2.0022347531435303E+00   2.0022900358433366E+00
 2.0023460863905438E+00   2.0024028921624222E+00   2.0024604389422764E+00   2.0025187139067877E+00   2.0025777077700209E+00   2.0026374153357813E+00   2.0026978343404696E+00   2.0027589631379277E+00   2.0028207981911397E+00
 2.0028833323623583E+00   2.0029465546108658E+00   2.0030104510909514E+00   2.0030750071385932E+00   2.0031402093257067E+00   2.0032060468350692E+00   2.0032725117018417E+00   2.0033395979435915E+00   2.0034073000135133E+00
 2.0034756112516803E+00   2.0035445229533284E+00   2.0036140243669029E+00   2.0036841035495110E+00   2.0037547486735541E+00   2.0038259492562496E+00   2.0038976968680480E+00   2.0039699850963464E+00   2.0040428088568691E+00
 2.0041161633653859E+00   2.0041900432218411E+00   2.0042644419434343E+00   2.0043393521023627E+00   2.0044147659576161E+00   2.0044906763054668E+00   2.0045670772175406E+00   2.0046439644123399E+00   2.0047213351764226E+00
 2.0047991879095139E+00   2.0048775215242873E+00   2.0049563349535506E+00   2.0050356269531480E+00   2.0051153962464090E+00   2.0051956419134824E+00   2.0052763638577762E+00   2.0053575631591110E+00   2.0054392421947482E+00
 2.0055214045029652E+00   2.0056040544700751E+00   2.0056871969695629E+00   2.0057708371073217E+00   2.0058549801430141E+00   2.0059396316054783E+00   2.0060247975114271E+00   2.0061104846112423E+00   2.0061967005373003E+00
 2.0062834538154490E+00   2.0063707537389002E+00   2.0064586101595161E+00   2.0065470332711430E+00   2.0066360334623292E+00   2.0067256212693501E+00   2.0068158074086448E+00   2.0069066028646869E+00   2.0069980189551817E+00
 2.0070900673450303E+00   2.0071827599840208E+00   2.0072761089762103E+00   2.0073701264260042E+00   2.0074648242900954E+00   2.0075602142755073E+00   2.0076563077890675E+00   2.0077531159216933E+00   2.0078506494506234E+00
 2.0079489188229926E+00   2.0080479341046154E+00   2.0081477048933598E+00   2.0082482401959330E+00   2.0083495483124012E+00   2.0084516367137231E+00   2.0085545119614507E+00   2.0086581796376102E+00   2.0087626442957216E+00
 2.0088679094160891E+00   2.0089739773444308E+00   2.0090808492188481E+00   2.0091885248796157E+00   2.0092970027707091E+00   2.0094062798450021E+00   2.0095163514811811E+00   2.0096272114134623E+00   2.0097388516784838E+00
 2.0098512625604315E+00   2.0099644325459036E+00   2.0100783482681797E+00   2.0101929944471650E+00   2.0103083538273196E+00   2.0104244071146282E+00   2.0105411329214813E+00   2.0106585077210712E+00   2.0107765058108678E+00
 2.0108950992860355E+00   2.0110142580205523E+00   2.0111339496435283E+00   2.0112541395235541E+00   2.0113747907535853E+00   2.0114958641314034E+00   2.0116173181511905E+00   2.0117391090006200E+00   2.0118611905665666E+00
 2.0119835144472367E+00   2.0121060299708402E+00   2.0122286842305956E+00   2.0123514221075824E+00   2.0124741863173718E+00   2.0125969174486076E+00   2.0127195540096792E+00   2.0128420324861565E+00   2.0129642873985079E+00
 2.0130862513677208E+00   2.0132078551898975E+00   2.0133290279106490E+00   2.0134496969133742E+00   2.0135697880050252E+00   2.0136892255128571E+00   2.0138079323839935E+00   2.0139258302883953E+00   2.0140428397300267E+00
 2.0141588801609362E+00   2.0142738700996596E+00   2.0143877272494688E+00   2.0145003686339988E+00   2.0146117107221833E+00   2.0147216695561263E+00   2.0148301609046690E+00   2.0149371003842389E+00   2.0150424036144257E+00
 2.0151459863518730E+00   2.0152477646437017E+00   2.0153476549719365E+00   2.0154455744004403E+00   2.0155414407238346E+00   2.0156351726190200E+00   2.0157266897937780E+00   2.0158159131304800E+00   2.0159027648412757E+00
 2.0159871686077642E+00   2.0160690497278906E+00   2.0161483352662364E+00   2.0162249541781172E+00   2.0162988374608823E+00   2.0163699182861210E+00   2.0164381321249967E+00   2.0165034168786438E+00   2.0165657130012296E+00
 2.0166249636164895E+00   2.0166811146353427E+00   2.0167341148564764E+00   2.0167839160711178E+00   2.0168304731720545E+00   2.0168737442181670E+00   2.0169136905433778E+00   2.0169502768235694E+00   2.0169834711440182E+00
 2.0170132450749638E+00   2.0170395737097575E+00   2.0170624357371065E+00   2.0170818134576849E+00   2.0170976928415185E+00   2.0171100635371824E+00   2.0171189188987366E+00   2.0171242559929370E+00   2.0171260756025999E+00
 2.0171243822260481E+00   2.0171191840529024E+00   2.0171104929552595E+00   2.0170983244537672E+00   2.0170826976760363E+00   2.0170636353214282E+00   2.0170411636088086E+00   2.0170153122077386E+00   2.0169861141834602E+00
 2.0169536059200519E+00   2.0169178270403330E+00   2.0168788203190773E+00   2.0168366315909321E+00   2.0167913096558134E+00   2.0167429061654967E+00   2.0166914755266148E+00   2.0166370747710038E+00   2.0165797634475959E+00
 2.0165196035011723E+00   2.0164566591257231E+00   2.0163909966503240E+00   2.0163226843999098E+00   2.0162517925515520E+00   2.0161783929993486E+00   2.0161025592022845E+00   2.0160243660511017E+00   2.0159438897118847E+00
 2.0158612074862514E+00   2.0157763976495753E+00   2.0156895393211651E+00   2.0156007122953579E+00   2.0155099969075509E+00   2.0154174738779163E+00   2.0153232241746069E+00   2.0152273288550431E+00   2.0151298689379922E+00
 2.0150309252434231E+00   2.0149305782790865E+00   2.0148289080820985E+00   2.0147259941052882E+00   2.0146219150687914E+00   2.0145167488527749E+00   2.0144105723718764E+00   2.0143034614491095E+00   2.0141954907152715E+00
 2.0140867334916188E+00   2.0139772617009282E+00   2.0138671457621653E+00   2.0137564544981403E+00   2.0136452550625838E+00   2.0135336128437413E+00   2.0134215914071389E+00   2.0133092524097682E+00   2.0131966555435881E+00
 2.0130838584749511E+00   2.0129709167894059E+00   2.0128578839510674E+00   2.0127448112586608E+00   2.0126317478234479E+00   2.0125187405430904E+00   2.0124058340800031E+00   2.0122930708495379E+00   2.0121804910139911E+00
 2.0120681324662306E+00   2.0119560308401900E+00   2.0118442195083377E+00   2.0117327296084957E+00   2.0116215900580245E+00   2.0115108275833316E+00   2.0114004667646270E+00   2.0112905300585466E+00   2.0111810378456050E+00
 2.0110720084564453E+00   2.0109634582190203E+00   2.0108554015028521E+00   2.0107478507698540E+00   2.0106408166437912E+00   2.0105343079853149E+00   2.0104283319666836E+00   2.0103228941479605E+00   2.0102179985556972E+00
 2.0101136477322434E+00   2.0100098428034836E+00   2.0099065835369645E+00   2.0098038684072597E+00   2.0097016946836033E+00   2.0096000585259981E+00   2.0094989550929769E+00   2.0093983786500074E+00   2.0092983226471408E+00
 2.0091987798041329E+00   2.0090997421552146E+00   2.0090012010941076E+00   2.0089031474207486E+00   2.0088055714137480E+00   2.0087084629347891E+00   2.0086118115483029E+00   2.0085156066585412E+00   2.0084198376212323E+00
 2.0083244938303304E+00   2.0082295647423032E+00   2.0081350398819739E+00   2.0080409088239337E+00   2.0079471612071180E+00   2.0078537867880581E+00   2.0077607755619904E+00   2.0076681179169946E+00   2.0075758047927765E+00
 2.0074838277965075E+00   2.0073921792091376E+00   2.0073008519385622E+00   2.0072098393738371E+00   2.0071191352804085E+00   2.0070287337606141E+00   2.0069386293541882E+00   2.0068488172662309E+00   2.0067592936567404E+00
 2.0066700558988710E+00   2.0065811026506291E+00   2.0064924337057741E+00   2.0064040496211963E+00   2.0063159513222710E+00   2.0062281399452191E+00   2.0061406170456535E+00   2.0060533847982489E+00   2.0059664456457300E+00
 2.0058798023910973E+00   2.0057934591360826E+00   2.0057074221510831E+00   2.0056216999238967E+00   2.0055363021265800E+00   2.0054512389749259E+00   2.0053665200831321E+00   2.0052821538493046E+00   2.0051981480501162E+00
 2.0051145108434016E+00   2.0050312522915776E+00   2.0049483849611152E+00   2.0048659216920353E+00   2.0047838745848652E+00   2.0047022571827231E+00   2.0046210840681851E+00   2.0045403702866831E+00   2.0044601300231135E+00
 2.0043803761684647E+00   2.0043011211247119E+00   2.0042223796371910E+00   2.0041441684553316E+00   2.0040665048637165E+00   2.0039894064978823E+00   2.0039128898084702E+00   2.0038369699390168E+00   2.0037616614109264E+00
 2.0036869777804558E+00   2.0036129301934382E+00   2.0035395291387501E+00   2.0034667866749798E+00   2.0033947183082210E+00   2.0033233432298814E+00   2.0032526828568109E+00   2.0031827586868878E+00   2.0031135856433750E+00
 2.0030451704355561E+00   2.0029775186682515E+00   2.0029106377611994E+00   2.0028445366033898E+00   2.0027792262128559E+00   2.0027147213567447E+00   2.0026510394029993E+00   2.0025881969823964E+00   2.0025262068252072E+00
 2.0024650776753949E+00   2.0024048143349398E+00   2.0023454181392282E+00   2.0022868884512515E+00   2.0022292260266434E+00   2.0021724359193920E+00   2.0021165253812034E+00   2.0020615050971045E+00   2.0020073895007284E+00
 2.0019541925448814E+00   2.0019019214327756E+00   2.0018505746417543E+00   2.0018001442323508E+00   2.0017506192268790E+00   2.0017019912481846E+00   2.0016542589255346E+00   2.0016074283953600E+00   2.0015615104436875E+00
 2.0015165160508066E+00   2.0014724502550516E+00   2.0014293073953495E+00   2.0013870736664527E+00   2.0013457314713645E+00   2.0013052633889581E+00   2.0012656565917171E+00   2.0012269063762136E+00   2.0011890159565175E+00
 2.0011519934033015E+00   2.0011158467810439E+00   2.0010805783645145E+00   2.0010461807967865E+00   2.0010126370723818E+00   2.0009799236227916E+00   2.0009480150864887E+00   2.0009168919939726E+00   2.0008865452426470E+00
 2.0008569753573693E+00   2.0008281876901823E+00   2.0008001861485289E+00   2.0007729670671552E+00   2.0007465164061342E+00   2.0007208111810946E+00   2.0006958238176087E+00   2.0006715280082266E+00   2.0006479042733232E+00
 2.0006249424474292E+00   2.0006026403336277E+00   2.0005810004855205E+00   2.0005600248214810E+00   2.0005397089178110E+00   2.0005200390961688E+00   2.0005009934081008E+00   2.0004825455989996E+00   2.0004646705402345E+00
 2.0004473489892662E+00   2.0004305694362863E+00   2.0004143268202843E+00   2.0003986190226146E+00   2.0003834425058162E+00   2.0003687890005244E+00   2.0003546444225075E+00   2.0003409900953950E+00   2.0003278054063158E+00
 2.0003150710513546E+00   2.0003027713460049E+00   2.0002908949876184E+00   2.0002794341438643E+00   2.0002683824535401E+00   2.0002577330765385E+00   2.0002474774966745E+00   2.0002376054433095E+00   2.0002281055225120E+00
 2.0002189660188194E+00   2.0002101751627852E+00   2.0002017209709244E+00   2.0001935908702673E+00   2.0001857718129612E+00   2.0001782511004227E+00   2.0001710177557546E+00   2.0001640637961704E+00   2.0001573847301390E+00
 2.0001509788550114E+00   2.0001448453103290E+00   2.0001389811112773E+00   2.0001333783530488E+00   2.0001280229881337E+00   2.0001228964794282E+00   2.0001179801594189E+00   2.0001132602487286E+00   2.0001087309309011E+00
 2.0001043940715935E+00   2.0001002561283014E+00   2.0000963238180720E+00   2.0000926000633918E+00   2.0000890807252341E+00   2.0000857528783036E+00   2.0000825959573851E+00   2.0000795872719226E+00   2.0000767110065492E+00
 2.0000739656971058E+00   2.0000713635126814E+00   2.0000689202932831E+00   2.0000666444549879E+00   2.0000645351840305E+00   2.0000625887532024E+00   2.0000607987376435E+00   2.0000591473254392E+00   2.0000576070381215E+00
 2.0000561582959508E+00   2.0000548060404464E+00   2.0000535701234803E+00   2.0000524697789084E+00   2.0000515103692074E+00   2.0000506970116252E+00   2.0000500138412702E+00   2.0000494395057156E+00   2.0000489555835412E+00
 2.0000485951171849E+00   2.0000483915048535E+00   2.0000482469913967E+00   2.0000481582693319E+00   2.0000480203057363E+00   2.0000487421830444E+00
 9.9915192970676159E-01   9.9748697890855653E-01   9.9582586906234105E-01   9.9416719284097677E-01   9.9251142119924385E-01   9.9085844314947202E-01   9.8920825457666017E-01   9.8756088222883820E-01   9.8591634839694742E-01
 9.8427462133494148E-01   9.8263565360569305E-01   9.8099943843184767E-01   9.7936599919603484E-01   9.7773534922609384E-01   9.7610748099805522E-01   9.7448238917564545E-01   9.7286008140775959E-01   9.7124056280641979E-01
 9.6962381866794678E-01   9.6800981882980408E-01   9.6639853657792285E-01   9.6478996344743462E-01   9.6318411007457561E-01   9.6158099678531461E-01   9.5998064231875424E-01   9.5838305699527582E-01   9.5678824007312491E-01
 9.5519617892048936E-01   9.5360685049088167E-01   9.5202022757877847E-01   9.5043628948646930E-01   9.4885503042083841E-01   9.4727646182926573E-01   9.4570060695534197E-01   9.4412748940334201E-01   9.4255712218118792E-01
 9.4098950197902165E-01   9.3942461005499178E-01   9.3786241806731996E-01   9.3630289721930104E-01   9.3474602889859082E-01   9.3319181248588279E-01   9.3164026610293682E-01   9.3009141926517525E-01   9.2854530052287010E-01
 9.2700192650243485E-01   9.2546129450156733E-01   9.2392338178741706E-01   9.2238815570921284E-01   9.2085558686867530E-01   9.1932565959590395E-01   9.1779837728082669E-01   9.1627376062010513E-01   9.1475183936435100E-01
 9.1323264072784116E-01   9.1171617759638046E-01   9.1020244284848184E-01   9.0869141320286317E-01   9.0718305860078352E-01   9.0567735394179338E-01   9.0417428894700758E-01   9.0267387250188014E-01   9.0117612989313245E-01
 8.9968109310061828E-01   8.9818878881235165E-01   8.9669922902248456E-01   8.9521240731308616E-01   8.9372830225435385E-01   8.9224688640449490E-01   8.9076813728856430E-01   8.8929204615945401E-01   8.8781862227822250E-01
 8.8634788959062094E-01   8.8487987654654177E-01   8.8341460561787233E-01   8.8195208525731239E-01   8.8049230734803807E-01   8.7903525141402739E-01   8.7758089381058246E-01   8.7612921797348642E-01   8.7468022141790436E-01
 8.7323391710287535E-01   8.7179032939182022E-01   8.7034948560279923E-01   8.6891140635258401E-01   8.6747609878675236E-01   8.6604355525237786E-01   8.6461375765250170E-01   8.6318668549082278E-01   8.6176232435304911E-01
 8.6034067162106564E-01   8.5892173739905486E-01   8.5750554047281768E-01   8.5609210103633815E-01   8.5468143316517864E-01   8.5327354002716449E-01   8.5186841358897658E-01   8.5046603868381954E-01   8.4906639960954289E-01
 8.4766948659474384E-01   8.4627529968901105E-01   8.4488384868718169E-01   8.4349514924754587E-01   8.4210921681513629E-01   8.4072606078665080E-01   8.3934568116586228E-01   8.3796806886534381E-01   8.3659320929645675E-01
 8.3522108766933778E-01   8.3385169389277114E-01   8.3248502526340062E-01   8.3112108605473833E-01   8.2975988433549908E-01   8.2840142739957623E-01   8.2704571767763735E-01   8.2569275071091286E-01   8.2434251582424634E-01
 8.2299499903837514E-01   8.2165018692498304E-01   8.2030806987891791E-01   8.1896864359317612E-01   8.1763190827747179E-01   8.1629786603190368E-01   8.1496651747740700E-01   8.1363785898692842E-01   8.1231188153245848E-01
 8.1098857147097592E-01   8.0966791279905259E-01   8.0834988991260504E-01   8.0703448980376746E-01   8.0572170291966172E-01   8.0441152247163061E-01   8.0310394256262840E-01   8.0179895595659145E-01   8.0049655238224160E-01
 7.9919671798595882E-01   7.9789943604706903E-01   7.9660468855717814E-01   7.9531245798947892E-01   7.9402272857196698E-01   7.9273548662442517E-01   7.9145071989552018E-01   7.9016841622846712E-01   7.8888856211519376E-01
 7.8761114170372815E-01   7.8633613660871937E-01   7.8506352651367528E-01   7.8379329027095246E-01   7.8252540704527140E-01   7.8125985707481738E-01   7.7999662181149843E-01   7.7873568345118427E-01   7.7747702409428021E-01
 7.7622062490797372E-01   7.7496646561502613E-01   7.7371452448536027E-01   7.7246477878415953E-01   7.7121720545977224E-01   7.6997178179208869E-01   7.6872848576904795E-01   7.6748729607917032E-01   7.6624819176456183E-01
 7.6501115170193235E-01   7.6377615414143907E-01   7.6254317647539516E-01   7.6131219531348138E-01   7.6008318681031095E-01   7.5885612710105166E-01   7.5763099268208123E-01   7.5640776061219228E-01   7.5518640848724894E-01
 7.5396691423638562E-01   7.5274925584419949E-01   7.5153341112688532E-01   7.5031935765425917E-01   7.4910707283869826E-01   7.4789653414088186E-01   7.4668771931592537E-01   7.4548060660465432E-01   7.4427517481554928E-01
 7.4307140328842536E-01   7.4186927177305717E-01   7.4066876028798700E-01   7.3946984902990565E-01   7.3827251836584229E-01   7.3707674891591024E-01   7.3588252168428636E-01   7.3468981820431145E-01   7.3349862063727833E-01
 7.3230891181226643E-01   7.3112067520211321E-01   7.2993389486358418E-01   7.2874855537299943E-01   7.2756464179844338E-01   7.2638213971163779E-01   7.2520103523797719E-01   7.2402131513372092E-01   7.2284296684858396E-01
 7.2166597857068093E-01   7.2049033923457384E-01   7.1931603850221282E-01   7.1814306673089445E-01   7.1697141494620487E-01   7.1580107483514632E-01   7.1463203875786274E-01   7.1346429977849213E-01   7.1229785169894322E-01
 7.1113268908697180E-01   7.0996880728814205E-01   7.0880620242191206E-01   7.0764487136273901E-01   7.0648481171869182E-01   7.0532602181527515E-01   7.0416850068704739E-01   7.0301224807838592E-01   7.0185726444871632E-01
 7.0070355097962256E-01   6.9955110957359823E-01   6.9839994284473694E-01   6.9725005410558993E-01   6.9610144734326818E-01   6.9495412720144945E-01   6.9380809895789175E-01   6.9266336851392607E-01   6.9151994238288061E-01
 6.9037782767977274E-01   6.8923703210917264E-01   6.8809756394980348E-01   6.8695943203484655E-01   6.8582264572822027E-01   6.8468721489893292E-01   6.8355314989790494E-01   6.8242046153434610E-01   6.8128916105257609E-01
 6.8015926011452998E-01   6.7903077077900542E-01   6.7790370547776824E-01   6.7677807699399661E-01   6.7565389843722701E-01   6.7453118321305316E-01   6.7340994499723883E-01   6.7229019770982601E-01   6.7117195548716746E-01
 6.7005523265609646E-01   6.6894004370883597E-01   6.6782640328098086E-01   6.6671432612348380E-01   6.6560382707867694E-01   6.6449492105597163E-01   6.6338762300477538E-01   6.6228194788897565E-01   6.6117791066274700E-01
 6.6007552624569821E-01   6.5897480949804710E-01   6.5787577519662088E-01   6.5677843801266178E-01   6.5568281248802873E-01   6.5458891301245581E-01   6.5349675380168293E-01   6.5240634887640048E-01   6.5131771203985855E-01
 6.5023085685844573E-01   6.4914579664261807E-01   6.4806254442433042E-01   6.4698111294278238E-01   6.4590151462297452E-01   6.4482376155747667E-01   6.4374786549813234E-01   6.4267383782844312E-01   6.4160168955773145E-01
 6.4053143129961043E-01   6.3946307326315366E-01   6.3839662523881169E-01   6.3733209658369705E-01   6.3626949621155393E-01   6.3520883258254879E-01   6.3415011369225294E-01   6.3309334706135201E-01   6.3203853972810220E-01
 6.3098569823791850E-01   6.2993482863806094E-01   6.2888593647332891E-01   6.2783902677248105E-01   6.2679410404821490E-01   6.2575117229307542E-01   6.2471023497151312E-01   6.2367129501788221E-01   6.2263435483471175E-01
 6.2159941628779725E-01   6.2056648070718401E-01   6.1953554888375628E-01   6.1850662106751730E-01   6.1747969697493099E-01   6.1645477577467278E-01   6.1543185610173290E-01   6.1441093605584385E-01   6.1339201319729397E-01
 6.1237508455790057E-01   6.1136014663375160E-01   6.1034719540009319E-01   6.0933622630220841E-01   6.0832723427175450E-01   6.0732021372217615E-01   6.0631515855705964E-01   6.0531206217584066E-01   6.0431091747716892E-01
 6.0331171686995666E-01   6.0231445227162450E-01   6.0131911512320768E-01   6.0032569639254896E-01   5.9933418657857418E-01   5.9834457572693300E-01   5.9735685343474443E-01   5.9637100885325389E-01   5.9538703070658872E-01
 5.9440490729563289E-01   5.9342462650858119E-01   5.9244617583127268E-01   5.9146954235665383E-01   5.9049471279747401E-01   5.8952167349499152E-01   5.8855041043463452E-01   5.8758090925042339E-01   5.8661315524404911E-01
 5.8564713339725027E-01   5.8468282837863195E-01   5.8372022456157446E-01   5.8275930603993653E-01   5.8180005663612622E-01   5.8084245991919026E-01   5.7988649921908331E-01   5.7893215764048767E-01   5.7797941807970199E-01
 5.7702826324111856E-01   5.7607867564702109E-01   5.7513063766411132E-01   5.7418413151085024E-01   5.7323913927920034E-01   5.7229564295054036E-01   5.7135362441517179E-01   5.7041306548529747E-01   5.6947394792056016E-01
 5.6853625343618086E-01   5.6759996373161048E-01   5.6666506050342813E-01   5.6573152546687455E-01   5.6479934037135282E-01   5.6386848702293424E-01   5.6293894730446559E-01   5.6201070319087254E-01   5.6108373677206291E-01
 5.6015803026835487E-01   5.5923356605871033E-01   5.5831032669351477E-01   5.5738829491303221E-01   5.5646745367395101E-01   5.5554778616528910E-01   5.5462927582923738E-01   5.5371190637561130E-01   5.5279566180462159E-01
 5.5188052642592889E-01   5.5096648487193611E-01   5.5005352211795888E-01   5.4914162350226814E-01   5.4823077474418169E-01   5.4732096196005608E-01   5.4641217168279810E-01   5.4550439087619840E-01   5.4459760695510973E-01
 5.4369180779296977E-01   5.4278698173996931E-01   5.4188311763537078E-01   5.4098020482444942E-01   5.4007823316971593E-01   5.3917719306320366E-01   5.3827707544630254E-01   5.3737787181371566E-01   5.3647957422845183E-01
 5.3558217532587948E-01   5.3468566831998698E-01   5.3379004701127242E-01   5.3289530579206412E-01   5.3200143965608160E-01   5.3110844420535586E-01   5.3021631566067751E-01   5.2932505086843917E-01   5.2843464729997447E-01
 5.2754510305189717E-01   5.2665641684113984E-01   5.2576858800132298E-01   5.2488161647565279E-01   5.2399550281857277E-01   5.2311024819769569E-01   5.2222585439947133E-01   5.2134232382964929E-01   5.2045965950962025E-01
 5.1957786506489467E-01   5.1869694471274108E-01   5.1781690323727803E-01   5.1693774597325060E-01   5.1605947879112513E-01   5.1518210809488785E-01   5.1430564082800279E-01   5.1343008447144434E-01   5.1255544704872980E-01
 5.1168173711219722E-01   5.1080896371515994E-01   5.0993713637425986E-01   5.0906626502975350E-01   5.0819636001357993E-01   5.0732743203250619E-01   5.0645949216349062E-01   5.0559255187419971E-01   5.0472662303324822E-01
 5.0386171790752843E-01   5.0299784913669943E-01   5.0213502967743984E-01   5.0127327273030031E-01   5.0041259167479646E-01   4.9955300002877590E-01   4.9869451144445170E-01   4.9783713975212102E-01   4.9698089901786047E-01
 4.9612580359162456E-01   4.9527186810269025E-01   4.9441910738990746E-01   4.9356753637503126E-01   4.9271716991664843E-01   4.9186802273215929E-01   4.9102010942599444E-01   4.9017344452309508E-01   4.8932804238685196E-01
 4.8848391725822082E-01   4.8764108349279006E-01   4.8679955576173412E-01   4.8595934903829141E-01   4.8512047829052979E-01   4.8428295825997797E-01   4.8344680312559851E-01   4.8261202632879358E-01   4.8177864073431159E-01
 4.8094665894644728E-01   4.8011609377295555E-01   4.7928695839833102E-01   4.7845926570748443E-01   4.7763302797838392E-01   4.7680825748157268E-01   4.7598496630275544E-01   4.7516316617052418E-01   4.7434286808927834E-01
 4.7352408225557191E-01   4.7270681835832035E-01   4.7189108639131788E-01   4.7107689655930252E-01   4.7026425887024659E-01   4.6945318305091577E-01   4.6864367804778018E-01   4.6783575193788363E-01   4.6702941208159138E-01
 4.6622466506939420E-01   4.6542151648985175E-01   4.6461997145496431E-01   4.6382003524944732E-01   4.6302171390072017E-01   4.6222501425437018E-01   4.6142994348173860E-01   4.6063650835057546E-01   4.5984471327562809E-01
 4.5905455982081644E-01   4.5826604874860871E-01   4.5747918099673396E-01   4.5669395776817984E-01   4.5591038086425584E-01   4.5512845317877981E-01   4.5434817834640573E-01   4.5356955961188361E-01   4.5279259864190874E-01
 4.5201729529294082E-01   4.5124364762806740E-01   4.5047165224379759E-01   4.4970130502108668E-01   4.4893260241908312E-01   4.4816554250844026E-01   4.4740012443515775E-01   4.4663634853924933E-01   4.4587421602653554E-01
 4.4511372736729604E-01   4.4435488033341253E-01   4.4359766942811168E-01   4.4284208678661985E-01   4.4208812363741257E-01   4.4133577241893740E-01   4.4058502837378660E-01   4.3983588970884996E-01   4.3908835641108379E-01
 4.3834242832931625E-01   4.3759810279052308E-01   4.3685537289522103E-01   4.3611422823205864E-01   4.3537465663127128E-01   4.3463664617081371E-01   4.3390018730005575E-01   4.3316527434729590E-01   4.3243190540369630E-01
 4.3170008076588157E-01   4.3096980045560712E-01   4.3024106152891067E-01   4.2951385639246831E-01   4.2878817293264498E-01   4.2806399628781028E-01   4.2734131157710958E-01   4.2662010729019167E-01   4.2590037722731838E-01
 4.2518212007219741E-01   4.2446533690084198E-01   4.2375002773917547E-01   4.2303618830977202E-01   4.2232380847245815E-01   4.2161287300964090E-01   4.2090336433795567E-01   4.2019526624849718E-01   4.1948856734711015E-01
 4.1878326266687460E-01   4.1807935276935798E-01   4.1737684092546012E-01   4.1667572905767281E-01   4.1597601396859041E-01   4.1527768557642941E-01   4.1458072791228906E-01   4.1388512242473341E-01   4.1319085239878750E-01
 4.1249790677251508E-01   4.1180628170008848E-01   4.1111597926184562E-01   4.1042700379583891E-01   4.0973935724003929E-01   4.0905303539554522E-01   4.0836802661107563E-01   4.0768431341086231E-01   4.0700187647823077E-01
 4.0632069955729083E-01   4.0564077330712511E-01   4.0496209655513915E-01   4.0428467435029081E-01   4.0360851355447802E-01   4.0293361778614684E-01   4.0225998370568850E-01   4.0158760008487282E-01   4.0091644991841358E-01
 4.0024651474990447E-01   3.9957777956562696E-01   3.9891023641287005E-01   3.9824388529548421E-01   3.9757873191315363E-01   3.9691478311374201E-01   3.9625204193396885E-01   3.9559050427176440E-01   3.9493015846857787E-01
 3.9427098785343301E-01   3.9361297523114663E-01   3.9295610759874910E-01   3.9230037942227119E-01   3.9164579314144909E-01   3.9099235648596642E-01   3.9034007752777411E-01   3.8968895957236704E-01   3.8903899828383670E-01
 3.8839018232717398E-01   3.8774249683622736E-01   3.8709592767485246E-01   3.8645046474413625E-01   3.8580610374764140E-01   3.8516284647775728E-01   3.8452069925715748E-01   3.8387966913817367E-01   3.8323975890972956E-01
 3.8260096380762937E-01   3.8196327245202977E-01   3.8132667147164867E-01   3.8069115037054541E-01   3.8005670366064093E-01   3.7942333012123497E-01   3.7879103097089278E-01   3.7815980915165620E-01   3.7752967002008120E-01
 3.7690061902994348E-01   3.7627265509826752E-01   3.7564576530774779E-01   3.7501993248450088E-01   3.7439514853295758E-01   3.7377142119741891E-01   3.7314875627573152E-01   3.7252714761606120E-01   3.7190658317346198E-01
 3.7128706987234644E-01   3.7066862761117120E-01   3.7005123527805833E-01   3.6943490849130234E-01   3.6881945446805398E-01   3.6820556860365367E-01
-1.5084085696726035E-05  -1.6143488903552772E-05  -1.6132782768907283E-05  -1.6454680206279271E-05  -1.6633619894568241E-05  -1.6775990634543270E-05  -1.6881316215910935E-05  -1.6918265043242009E-05  -1.6859970242366629E-05
-1.6733609547237016E-05  -1.6582059380154668E-05  -1.6407543985241801E-05  -1.6182135205267123E-05  -1.5887967242500523E-05  -1.5528033664891083E-05  -1.5103147888995139E-05  -1.4601145694403961E-05  -1.4012407253072290E-05
-1.3347135945140920E-05  -1.2631001501950401E-05  -1.1886232669344743E-05  -1.1116816461820278E-05  -1.0307646246210389E-05  -9.4339331010440119E-06  -8.4724824034321244E-06  -7.4085256711597935E-06  -6.2383639650720468E-06
-4.9701957990366807E-06  -3.6226417446938441E-06  -2.2184887799037156E-06  -7.7402342779642197E-07   7.0936503715479660E-07   2.2475205028182899E-06   3.8680757463716020E-06   5.5990169198771866E-06   7.4577265254394121E-06
 9.4452620005291976E-06   1.1547241515974527E-05   1.3739676055446459E-05   1.5998114426984955E-05   1.8308282563328504E-05   2.0673892210054667E-05   2.3117388967319741E-05   2.5672604896831430E-05   2.8372399721643404E-05
 3.1237702130204603E-05   3.4270104930511636E-05   3.7451163229618167E-05   4.0752507073360533E-05   4.4149011870775468E-05   4.7629274292693147E-05   5.1200943733342719E-05   5.4888969227562256E-05   5.8727346678777437E-05
 6.2747528586037937E-05   6.6966631918741193E-05   7.1381759307875825E-05   7.5973846555443814E-05   8.0717044981803987E-05   8.5590457187811886E-05   9.0588000339564267E-05   9.5722748954529813E-05   1.0102417184187917E-04
 1.0652842397851359E-04   1.1226636154915148E-04   1.1825413993493683E-04   1.2448949550492028E-04   1.3095514583816303E-04   1.3762778961712296E-04   1.4448908547692874E-04   1.5153441300597148E-04   1.5877715308720841E-04
 1.6624536443565763E-04   1.7397160305820947E-04   1.8198244011902176E-04   1.9029042076823544E-04   1.9889151381691228E-04   2.0776932207489107E-04   2.1690427288334480E-04   2.2628386728329453E-04   2.3590967892817005E-04
 2.4579871858676494E-04   2.5597939466237563E-04   2.6648306346177542E-04   2.7733437327814858E-04   2.8854449449744468E-04   3.0010979229877499E-04   3.1201618113774199E-04   3.2424716944745580E-04   3.3679234100103539E-04
 3.4965306909096050E-04   3.6284344266024338E-04   3.7638622563440638E-04   3.9030558349784084E-04   4.0461955669912619E-04   4.1933527134763171E-04   4.3444864581643206E-04   4.4994845842138975E-04   4.6582294555408410E-04
 4.8206626779467854E-04   4.9868240016692766E-04   5.1568505640631201E-04   5.3309380717514454E-04   5.5092800336309367E-04   5.6920094102053120E-04   5.8791651677969625E-04   6.0706952958999860E-04   6.2664927071731658E-04
 6.4664482374177101E-04   6.6704996444066911E-04   6.8786585001134881E-04   7.0910060809026287E-04   7.3076615509870546E-04   7.5287362622888931E-04   7.7542928705043312E-04   7.9843250730948778E-04   8.2187643399000976E-04
 8.4575090360472505E-04   8.7004629725828675E-04   8.9475681287609632E-04   9.1988194019843039E-04   9.4542567936095612E-04   9.7139391457179425E-04   9.9779104457398127E-04   1.0246172138307363E-03   1.0518671595687312E-03
 1.0795309977325029E-03   1.1075964776001701E-03   1.1360517415449634E-03   1.1648875219191224E-03   1.1940979998339429E-03   1.2236801144034359E-03   1.2536316901455846E-03   1.2839492063626556E-03   1.3146261009556737E-03
 1.3456522233066259E-03   1.3770145495771713E-03   1.4086987620524072E-03   1.4406910184585620E-03   1.4729792251888529E-03   1.5055533742981408E-03   1.5384048806098560E-03   1.5715252473904595E-03   1.6049046205244277E-03
 1.6385307959111417E-03   1.6723890299968902E-03   1.7064626420216777E-03   1.7407341140199817E-03   1.7751862343456937E-03   1.8098028587829607E-03   1.8445690508146484E-03   1.8794706118708815E-03   1.9144932419131733E-03
 1.9496217016908846E-03   1.9848393015429178E-03   2.0201278929953270E-03   2.0554683168707566E-03   2.0908410912017228E-03   2.1262270596187349E-03   2.1616077678660028E-03   2.1969654563446239E-03   2.2322827131263656E-03
 2.2675419549819109E-03   2.3027249662338489E-03   2.3378126674754585E-03   2.3727851907924258E-03   2.4076222073365905E-03   2.4423033629584756E-03   2.4768086588725646E-03   2.5111186528714580E-03   2.5452144339922489E-03
 2.5790774187257615E-03   2.6126890732176555E-03   2.6460306894137142E-03   2.6790833070927667E-03   2.7118278028165355E-03   2.7442450956798314E-03   2.7763163934542145E-03   2.8080233838720936E-03   2.8393483165805034E-03
 2.8702739668309274E-03   2.9007835141129368E-03   2.9308604009726791E-03   2.9604882424026924E-03   2.9896508180415893E-03   3.0183321549293041E-03   3.0465166584953129E-03   3.0741892576696683E-03   3.1013355036794144E-03
 3.1279416098931589E-03   3.1539944278016208E-03   3.1794813871974803E-03   3.2043904318105332E-03   3.2287099915276896E-03   3.2524289942744700E-03   3.2755369160604175E-03   3.2980238581800103E-03   3.3198806098131417E-03
 3.3410986929779396E-03   3.3616703705882101E-03   3.3815886274032314E-03   3.4008471379954885E-03   3.4194402397024204E-03   3.4373629257629101E-03   3.4546108570517875E-03   3.4711803929409202E-03   3.4870686250859650E-03
 3.5022734055107918E-03   3.5167933585786848E-03   3.5306278770868005E-03   3.5437771033801635E-03   3.5562419079736562E-03   3.5680238733851732E-03   3.5791252857622080E-03   3.5895491356567888E-03   3.5992991232630667E-03
 3.6083796655369538E-03   3.6167958949562262E-03   3.6245536502197417E-03   3.6316594631140564E-03   3.6381205346247558E-03   3.6439447169521744E-03   3.6491404910334868E-03   3.6537169560452165E-03   3.6576838178352666E-03
 3.6610513786247134E-03   3.6638305248793968E-03   3.6660327119198977E-03   3.6676699442346195E-03   3.6687547517680885E-03   3.6693001642825740E-03   3.6693196881887324E-03   3.6688272829317192E-03   3.6678373378209450E-03
 3.6663646545435080E-03   3.6644244264208981E-03   3.6620322145225481E-03   3.6592039261194031E-03   3.6559557896380657E-03   3.6523043243685827E-03   3.6482663145859240E-03   3.6438587836665759E-03   3.6390989661301276E-03
 3.6340042818172602E-03   3.6285923108075879E-03   3.6228807714104860E-03   3.6168874921596039E-03   3.6106303878429280E-03   3.6041274352114350E-03   3.5973966459039719E-03   3.5904560409399933E-03   3.5833236265350177E-03
 3.5760173692565012E-03   3.5685551712065777E-03   3.5609548460314722E-03   3.5532340967351361E-03   3.5454104918895002E-03   3.5375014429013252E-03   3.5295241821513557E-03   3.5214957419471560E-03   3.5134329321407920E-03
 3.5053523207161374E-03   3.4972702147260115E-03   3.4892026377317809E-03   3.4811653155577549E-03   3.4731736548555547E-03   3.4652427248810236E-03   3.4573872492064117E-03   3.4496215781132378E-03   3.4419596827638399E-03
 3.4344151336783701E-03   3.4270010919136284E-03   3.4197302949877662E-03   3.4126150421726065E-03   3.4056671844726605E-03   3.3988981144230657E-03   3.3923187550808365E-03   3.3859395497419786E-03   3.3797704544062945E-03
 3.3738209273733721E-03   3.3680999239371623E-03   3.3626158920883054E-03   3.3573767589419878E-03   3.3523899307258409E-03   3.3476622886962071E-03   3.3432001812047085E-03   3.3390094217039534E-03   3.3350952870269124E-03
 3.3314625124867270E-03   3.3281152928675839E-03   3.3250572790219923E-03   3.3222915761589311E-03   3.3198207511931921E-03   3.3176468185045493E-03   3.3157712540484718E-03   3.3141949937915971E-03   3.3129184295336289E-03
 3.3119414198877761E-03   3.3112632830304412E-03   3.3108828115966382E-03   3.3107982635667277E-03   3.3110073786113414E-03   3.3115073735120459E-03   3.3122949505243193E-03   3.3133663030918692E-03   3.3147171192198233E-03
 3.3163425925311074E-03   3.3182374205191767E-03   3.3203958196628136E-03   3.3228115286264570E-03   3.3254778125432205E-03   3.3283874786638190E-03   3.3315328811094336E-03   3.3349059235361356E-03   3.3384980778986550E-03
 3.3423003883326086E-03   3.3463034817159398E-03   3.3504975780100921E-03   3.3548724997312096E-03   3.3594176846524215E-03   3.3641221945180932E-03   3.3689747307120710E-03   3.3739636386875826E-03   3.3790769270531928E-03
 3.3843022799571187E-03   3.3896270639141024E-03   3.3950383457213018E-03   3.4005229081686128E-03   3.4060672581178730E-03   3.4116576445991642E-03   3.4172800730873920E-03   3.4229203193296698E-03   3.4285639462415807E-03
 3.4341963203914361E-03   3.4398026218058764E-03   3.4453678705036461E-03   3.4508769338442713E-03   3.4563145482773283E-03   3.4616653352653737E-03   3.4669138207967798E-03   3.4720444483722357E-03   3.4770416045506458E-03
 3.4818896270945032E-03   3.4865728336288537E-03   3.4910755345470834E-03   3.4953820545515768E-03   3.4994767481613120E-03   3.5033440222255186E-03   3.5069683560376985E-03   3.5103343166463796E-03   3.5134265817657884E-03
 3.5162299552110587E-03   3.5187293951389753E-03   3.5209100268343008E-03   3.5227571611730069E-03   3.5242563211743683E-03   3.5253932579133451E-03   3.5261539713717927E-03   3.5265247248963405E-03   3.5264920679767275E-03
 3.5260428553071099E-03   3.5251642600860889E-03   3.5238437941936818E-03   3.5220693282408400E-03   3.5198291096687484E-03   3.5171117787472506E-03   3.5139063880931243E-03   3.5102024170112767E-03   3.5059897916797089E-03
 3.5012588926788268E-03   3.4960005731676791E-03   3.4902061712085430E-03   3.4838675267150343E-03   3.4769769926825678E-03   3.4695274474811910E-03   3.4615123146977123E-03   3.4529255670979753E-03   3.4437617416273048E-03
 3.4340159434708140E-03   3.4236838523202806E-03   3.4127617302714963E-03   3.4012464271510057E-03   3.3891353900843413E-03   3.3764266704225943E-03   3.3631189341980505E-03   3.3492114689727126E-03   3.3347041831843782E-03
 3.3195976064928079E-03   3.3038928848245774E-03   3.2875917767491991E-03   3.2706966463840192E-03   3.2532104650518923E-03   3.2351368132200742E-03   3.2164798861752386E-03   3.1972444944918799E-03   3.1774360603813445E-03
 3.1570606061764872E-03   3.1361247419771088E-03   3.1146356407477649E-03   3.0926010221020706E-03   3.0700291374030630E-03   3.0469287675688461E-03   3.0233092290372632E-03   2.9991803718046883E-03   2.9745525844652176E-03
 2.9494367804954180E-03   2.9238443704151518E-03   2.8977872241473523E-03   2.8712776313106758E-03   2.8443282692940386E-03   2.8169521864086500E-03   2.7891627972574939E-03   2.7609739032588010E-03   2.7323997028929625E-03
 2.7034547890378846E-03   2.6741541234649446E-03   2.6445129810979684E-03   2.6145468768724589E-03   2.5842715008345118E-03   2.5537026775149241E-03   2.5228563619683619E-03   2.4917486834987179E-03   2.4603960033611760E-03
 2.4288149628663436E-03   2.3970224788316674E-03   2.3650356738382228E-03   2.3328717495690876E-03   2.3005478407422952E-03   2.2680809370992927E-03   2.2354879116274762E-03   2.2027855540470154E-03   2.1699904887563792E-03
 2.1371192139535977E-03   2.1041883387106219E-03   2.0712147839326289E-03   2.0382157688423330E-03   2.0052085037517431E-03   1.9722099686998451E-03   1.9392365774315579E-03   1.9063040024099864E-03   1.8734273357292053E-03
 1.8406214053202086E-03   1.8079012388714788E-03   1.7752822371142618E-03   1.7427794975052313E-03   1.7104075068741231E-03   1.6781807409471661E-03   1.6461134869399374E-03   1.6142196712892187E-03   1.5825124925791245E-03
 1.5510043378944571E-03   1.5197070830336723E-03   1.4886329050321501E-03   1.4577941882332746E-03   1.4272031165853405E-03   1.3968715892061501E-03   1.3668107213005154E-03   1.3370307550353289E-03   1.3075412122933727E-03
 1.2783508414835332E-03   1.2494673854899774E-03   1.2208981070498393E-03   1.1926504380340708E-03   1.1647325494417160E-03   1.1371534268701522E-03   1.1099223781072531E-03   1.0830483037914118E-03   1.0565377480068472E-03
 1.0303944004643739E-03   1.0046211458828447E-03   9.7922104070802263E-04   9.5419740311608603E-04   9.2955414608236753E-04   9.0529627157426296E-04   8.8142951888470211E-04   8.5795923389764273E-04   8.3488918094343223E-04
 8.1222131062375080E-04   7.8995577668072858E-04   7.6809126279647755E-04   7.4662573362371809E-04   7.2555772853832856E-04   7.0488739495677688E-04   6.8461595218366478E-04   6.6474581008496569E-04   6.4528024088655878E-04
 6.2622177783228095E-04   6.0757025233265649E-04   5.8932222371349541E-04   5.7147187987627301E-04   5.5401249855335788E-04   5.3693856403658202E-04   5.2024736135564131E-04   5.0393913643631549E-04   4.8801591187569437E-04
 4.7247956875245967E-04   4.5732946290882870E-04   4.4256072034931648E-04   4.2816495183728431E-04   4.1413200635542768E-04   4.0045197724419834E-04   3.8711732590285264E-04   3.7412438930867209E-04   3.6147326395769008E-04
 3.4916624846892397E-04   3.3720536325826389E-04   3.2558965969575748E-04   3.1431353646677040E-04   3.0336686862841855E-04   2.9273677993085778E-04   2.8241037159359994E-04   2.7237811203889573E-04   2.6263577700702534E-04
 2.5318402239410398E-04   2.4402589311789402E-04   2.3516338072721021E-04   2.2659417014847527E-04   2.1831008029266075E-04   2.1029784938875196E-04   2.0254184663703878E-04   1.9502781244584710E-04   1.8774629872703175E-04
 1.8069428138711707E-04   1.7387426158482766E-04   1.6729144658117479E-04   1.6094969200458609E-04   1.5484773036683608E-04   1.4897740658803560E-04   1.4332467526240178E-04   1.3787290524608364E-04   1.3260729865810506E-04
 1.2751870746380289E-04   1.2260519655005186E-04   1.1787075378727474E-04   1.1332162158378400E-04   1.0896163909529522E-04   1.0478850543899076E-04   1.0079246419170129E-04   9.6957931287833254E-05   9.3267478604996956E-05
 8.9706735660555204E-05   8.6268243804588085E-05   8.2952709575756511E-05   7.9767057935720143E-05   7.6720023662213421E-05   7.3817094962125296E-05   7.1056798873980753E-05   6.8429770706202042E-05   6.5920865608026791E-05
 6.3513484510446805E-05   6.1194467939174046E-05   5.8957714339669121E-05   5.6805075636157110E-05   5.4744096509073970E-05   5.2783466745809360E-05   5.0928061922361767E-05   4.9175615763286107E-05   4.7516302454753134E-05
 4.5935280705844406E-05   4.4417181971401209E-05   4.2950826878107584E-05   4.1532502016383699E-05   4.0166464650159828E-05   3.8862258964045271E-05   3.7629768388558471E-05   3.6474106881290158E-05   3.5392743985063202E-05
 3.4376147135362078E-05   3.3411249623749306E-05   3.2485711752405777E-05   3.1591228063232446E-05   3.0725292587074904E-05   2.9891485200217449E-05   2.9097913086140181E-05   2.8353410114811961E-05   2.7662543781614701E-05
 2.7022325500447586E-05   2.6423148080878534E-05   2.5853409941711814E-05   2.5304381896185113E-05   2.4772339676848443E-05   2.4257823458051497E-05   2.3763809747112674E-05   2.3294995600553481E-05   2.2858489666433002E-05
 2.2461494894876477E-05   2.2104674571754579E-05   2.1776854745136909E-05   2.1462601981880880E-05   2.1155558264762675E-05   2.0865202553288498E-05   2.0599064463888705E-05   2.0352721048277900E-05   2.0115853367308478E-05
 1.9897108966104859E-05   1.9718106564370341E-05   1.9559451682471529E-05   1.9438477153355116E-05   1.9164111810965334E-05   1.9433459828521737E-05
 1.0000000000000000E+00   1.0000000000000000E+00   1.0000000000000000E+00   1.0000000000000000E+00   1.0000000000000000E+00   1.0000000000000000E+00   1.0000000000000000E+00   1.0000000000000000E+00   1.0000000000000000E+00
 1.0000000000000000E+00   1.0000000000000000E+00   1.0000000000000000E+00   1.0000000000000000E+00   1.0000000000000000E+00   1.0000000000000000E+00   1.0000000000000000E+00   1.0000000000000000E+00   1.0000000000000000E+00
 1.0000000000000000E+00   1.0000000000000000E+00   1.0000000000000000E+00   1.0000000000000000E+00   1.0000000000000000E+00   1.0000000000000000E+00   1.0000000000000000E+00   1.0000000000000000E+00   1.0000000000000000E+00
 1.0000000000000000E+00   1.0000000000000000E+00   1.0000000000000000E+00   1.0000000000000000E+00   1.0000000000000000E+00   1.0000000000000000E+00   1.0000000000000000E+00   1.0000000000000000E+00   1.0000000000000000E+00
 1.0000000000000000E+00   1.0000000000000000E+00   1.0000000000000000E+00   1.0000000000000000E+00   1.0000000000000000E+00   1.0000000000000000E+00   1.0000000000000000E+00   1.0000000000000000E+00   1.0000000000000000E+00
 1.0000000000000000E+00   1.0000000000000000E+00   1.0000000000000000E+00   1.0000000000000000E+00   1.0000000000000000E+00   1.0000000000000000E+00   1.0000000000000000E+00   1.0000000000000000E+00   1.0000000000000000E+00
 1.0000000000000000E+00   1.0000000000000000E+00   1.0000000000000000E+00   1.0000000000000000E+00   1.0000000000000000E+00   1.0000000000000000E+00   1.0000000000000000E+00   1.0000000000000000E+00   1.0000000000000000E+00
 1.0000000000000000E+00   1.0000000000000000E+00   1.0000000000000000E+00   1.0000000000000000E+00   1.0000000000000000E+00   1.0000000000000000E+00   1.0000000000000000E+00   1.0000000000000000E+00   1.0000000000000000E+00
 1.0000000000000000E+00   1.0000000000000000E+00   1.0000000000000000E+00   1.0000000000000000E+00   1.0000000000000000E+00   1.0000000000000000E+00   1.0000000000000000E+00   1.0000000000000000E+00   1.0000000000000000E+00
 1.0000000000000000E+00   1.0000000000000000E+00   1.0000000000000000E+00   1.0000000000000000E+00   1.0000000000000000E+00   1.0000000000000000E+00   1.0000000000000000E+00   1.0000000000000000E+00   1.0000000000000000E+00
 1.0000000000000000E+00   1.0000000000000000E+00   1.0000000000000000E+00   1.0000000000000000E+00   1.0000000000000000E+00   1.0000000000000000E+00   1.0000000000000000E+00   1.0000000000000000E+00   1.0000000000000000E+00
 1.0000000000000000E+00   1.0000000000000000E+00   1.0000000000000000E+00   1.0000000000000000E+00   1.0000000000000000E+00   1.0000000000000000E+00   1.0000000000000000E+00   1.0000000000000000E+00   1.0000000000000000E+00
 1.0000000000000000E+00   1.0000000000000000E+00   1.0000000000000000E+00   1.0000000000000000E+00   1.0000000000000000E+00   1.0000000000000000E+00   1.0000000000000000E+00   1.0000000000000000E+00   1.0000000000000000E+00
 1.0000000000000000E+00   1.0000000000000000E+00   1.0000000000000000E+00   1.0000000000000000E+00   1.0000000000000000E+00   1.0000000000000000E+00   1.0000000000000000E+00   1.0000000000000000E+00   1.0000000000000000E+00
 1.0000000000000000E+00   1.0000000000000000E+00   1.0000000000000000E+00   1.0000000000000000E+00   1.0000000000000000E+00   1.0000000000000000E+00   1.0000000000000000E+00   1.0000000000000000E+00   1.0000000000000000E+00
 1.0000000000000000E+00   1.0000000000000000E+00   1.0000000000000000E+00   1.0000000000000000E+00   1.0000000000000000E+00   1.0000000000000000E+00   1.0000000000000000E+00   1.0000000000000000E+00   1.0000000000000000E+00
 1.0000000000000000E+00   1.0000000000000000E+00   1.0000000000000000E+00   1.0000000000000000E+00   1.0000000000000000E+00   1.0000000000000000E+00   1.0000000000000000E+00   1.0000000000000000E+00   1.0000000000000000E+00
 1.0000000000000000E+00   1.0000000000000000E+00   1.0000000000000000E+00   1.0000000000000000E+00   1.0000000000000000E+00   1.0000000000000000E+00   1.0000000000000000E+00   1.0000000000000000E+00   1.0000000000000000E+00
 1.0000000000000000E+00   1.0000000000000000E+00   1.0000000000000000E+00   1.0000000000000000E+00   1.0000000000000000E+00   1.0000000000000000E+00   1.0000000000000000E+00   1.0000000000000000E+00   1.0000000000000000E+00
 1.0000000000000000E+00   1.0000000000000000E+00   1.0000000000000000E+00   1.0000000000000000E+00   1.0000000000000000E+00   1.0000000000000000E+00   1.0000000000000000E+00   1.0000000000000000E+00   1.0000000000000000E+00
 1.0000000000000000E+00   1.0000000000000000E+00   1.0000000000000000E+00   1.0000000000000000E+00   1.0000000000000000E+00   1.0000000000000000E+00   1.0000000000000000E+00   1.0000000000000000E+00   1.0000000000000000E+00
 1.0000000000000000E+00   1.0000000000000000E+00   1.0000000000000000E+00   1.0000000000000000E+00   1.0000000000000000E+00   1.0000000000000000E+00   1.0000000000000000E+00   1.0000000000000000E+00   1.0000000000000000E+00
 1.0000000000000000E+00   1.0000000000000000E+00   1.0000000000000000E+00   1.0000000000000000E+00   1.0000000000000000E+00   1.0000000000000000E+00   1.0000000000000000E+00   1.0000000000000000E+00   1.0000000000000000E+00
 1.0000000000000000E+00   1.0000000000000000E+00   1.0000000000000000E+00   1.0000000000000000E+00   1.0000000000000000E+00   1.0000000000000000E+00   1.0000000000000000E+00   1.0000000000000000E+00   1.0000000000000000E+00
 1.0000000000000000E+00   1.0000000000000000E+00   1.0000000000000000E+00   1.0000000000000000E+00   1.0000000000000000E+00   1.0000000000000000E+00   1.0000000000000000E+00   1.0000000000000000E+00   1.0000000000000000E+00
 1.0000000000000000E+00   1.0000000000000000E+00   1.0000000000000000E+00   1.0000000000000000E+00   1.0000000000000000E+00   1.0000000000000000E+00   1.0000000000000000E+00   1.0000000000000000E+00   1.0000000000000000E+00
 1.0000000000000000E+00   1.0000000000000000E+00   1.0000000000000000E+00   1.0000000000000000E+00   1.0000000000000000E+00   1.0000000000000000E+00   1.0000000000000000E+00   1.0000000000000000E+00   1.0000000000000000E+00
 1.0000000000000000E+00   1.0000000000000000E+00   1.0000000000000000E+00   1.0000000000000000E+00   1.0000000000000000E+00   1.0000000000000000E+00   1.0000000000000000E+00   1.0000000000000000E+00   1.0000000000000000E+00
 1.0000000000000000E+00   1.0000000000000000E+00   1.0000000000000000E+00   1.0000000000000000E+00   1.0000000000000000E+00   1.0000000000000000E+00   1.0000000000000000E+00   1.0000000000000000E+00   1.0000000000000000E+00
 1.0000000000000000E+00   1.0000000000000000E+00   1.0000000000000000E+00   1.0000000000000000E+00   1.0000000000000000E+00   1.0000000000000000E+00   1.0000000000000000E+00   1.0000000000000000E+00   1.0000000000000000E+00
 1.0000000000000000E+00   1.0000000000000000E+00   1.0000000000000000E+00   1.0000000000000000E+00   1.0000000000000000E+00   1.0000000000000000E+00   1.0000000000000000E+00   1.0000000000000000E+00   1.0000000000000000E+00
 1.0000000000000000E+00   1.0000000000000000E+00   1.0000000000000000E+00   1.0000000000000000E+00   1.0000000000000000E+00   1.0000000000000000E+00   1.0000000000000000E+00   1.0000000000000000E+00   1.0000000000000000E+00
 1.0000000000000000E+00   1.0000000000000000E+00   1.0000000000000000E+00   1.0000000000000000E+00   1.0000000000000000E+00   1.0000000000000000E+00   1.0000000000000000E+00   1.0000000000000000E+00   1.0000000000000000E+00
 1.0000000000000000E+00   1.0000000000000000E+00   1.0000000000000000E+00   1.0000000000000000E+00   1.0000000000000000E+00   1.0000000000000000E+00   1.0000000000000000E+00   1.0000000000000000E+00   1.0000000000000000E+00
 1.0000000000000000E+00   1.0000000000000000E+00   1.0000000000000000E+00   1.0000000000000000E+00   1.0000000000000000E+00   1.0000000000000000E+00   1.0000000000000000E+00   1.0000000000000000E+00   1.0000000000000000E+00
 1.0000000000000000E+00   1.0000000000000000E+00   1.0000000000000000E+00   1.0000000000000000E+00   1.0000000000000000E+00   1.0000000000000000E+00   1.0000000000000000E+00   1.0000000000000000E+00   1.0000000000000000E+00
 1.0000000000000000E+00   1.0000000000000000E+00   1.0000000000000000E+00   1.0000000000000000E+00   1.0000000000000000E+00   1.0000000000000000E+00   1.0000000000000000E+00   1.0000000000000000E+00   1.0000000000000000E+00
 1.0000000000000000E+00   1.0000000000000000E+00   1.0000000000000000E+00   1.0000000000000000E+00   1.0000000000000000E+00   1.0000000000000000E+00   1.0000000000000000E+00   1.0000000000000000E+00   1.0000000000000000E+00
 1.0000000000000000E+00   1.0000000000000000E+00   1.0000000000000000E+00   1.0000000000000000E+00   1.0000000000000000E+00   1.0000000000000000E+00   1.0000000000000000E+00   1.0000000000000000E+00   1.0000000000000000E+00
 1.0000000000000000E+00   1.0000000000000000E+00   1.0000000000000000E+00   1.0000000000000000E+00   1.0000000000000000E+00   1.0000000000000000E+00   1.0000000000000000E+00   1.0000000000000000E+00   1.0000000000000000E+00
 1.0000000000000000E+00   1.0000000000000000E+00   1.0000000000000000E+00   1.0000000000000000E+00   1.0000000000000000E+00   1.0000000000000000E+00   1.0000000000000000E+00   1.0000000000000000E+00   1.0000000000000000E+00
 1.0000000000000000E+00   1.0000000000000000E+00   1.0000000000000000E+00   1.0000000000000000E+00   1.0000000000000000E+00   1.0000000000000000E+00   1.0000000000000000E+00   1.0000000000000000E+00   1.0000000000000000E+00
 1.0000000000000000E+00   1.0000000000000000E+00   1.0000000000000000E+00   1.0000000000000000E+00   1.0000000000000000E+00   1.0000000000000000E+00   1.0000000000000000E+00   1.0000000000000000E+00   1.0000000000000000E+00
 1.0000000000000000E+00   1.0000000000000000E+00   1.0000000000000000E+00   1.0000000000000000E+00   1.0000000000000000E+00   1.0000000000000000E+00   1.0000000000000000E+00   1.0000000000000000E+00   1.0000000000000000E+00
 1.0000000000000000E+00   1.0000000000000000E+00   1.0000000000000000E+00   1.0000000000000000E+00   1.0000000000000000E+00   1.0000000000000000E+00   1.0000000000000000E+00   1.0000000000000000E+00   1.0000000000000000E+00
 1.0000000000000000E+00   1.0000000000000000E+00   1.0000000000000000E+00   1.0000000000000000E+00   1.0000000000000000E+00   1.0000000000000000E+00   1.0000000000000000E+00   1.0000000000000000E+00   1.0000000000000000E+00
 1.0000000000000000E+00   1.0000000000000000E+00   1.0000000000000000E+00   1.0000000000000000E+00   1.0000000000000000E+00   1.0000000000000000E+00   1.0000000000000000E+00   1.0000000000000000E+00   1.0000000000000000E+00
 1.0000000000000000E+00   1.0000000000000000E+00   1.0000000000000000E+00   1.0000000000000000E+00   1.0000000000000000E+00   1.0000000000000000E+00   1.0000000000000000E+00   1.0000000000000000E+00   1.0000000000000000E+00
 1.0000000000000000E+00   1.0000000000000000E+00   1.0000000000000000E+00   1.0000000000000000E+00   1.0000000000000000E+00   1.0000000000000000E+00   1.0000000000000000E+00   1.0000000000000000E+00   1.0000000000000000E+00
 1.0000000000000000E+00   1.0000000000000000E+00   1.0000000000000000E+00   1.0000000000000000E+00   1.0000000000000000E+00   1.0000000000000000E+00   1.0000000000000000E+00   1.0000000000000000E+00   1.0000000000000000E+00
 1.0000000000000000E+00   1.0000000000000000E+00   1.0000000000000000E+00   1.0000000000000000E+00   1.0000000000000000E+00   1.0000000000000000E+00   1.0000000000000000E+00   1.0000000000000000E+00   1.0000000000000000E+00
 1.0000000000000000E+00   1.0000000000000000E+00   1.0000000000000000E+00   1.0000000000000000E+00   1.0000000000000000E+00   1.0000000000000000E+00   1.0000000000000000E+00   1.0000000000000000E+00   1.0000000000000000E+00
 1.0000000000000000E+00   1.0000000000000000E+00   1.0000000000000000E+00   1.0000000000000000E+00   1.0000000000000000E+00   1.0000000000000000E+00   1.0000000000000000E+00   1.0000000000000000E+00   1.0000000000000000E+00
 1.0000000000000000E+00   1.0000000000000000E+00   1.0000000000000000E+00   1.0000000000000000E+00   1.0000000000000000E+00   1.0000000000000000E+00   1.0000000000000000E+00   1.0000000000000000E+00   1.0000000000000000E+00
 1.0000000000000000E+00   1.0000000000000000E+00   1.0000000000000000E+00   1.0000000000000000E+00   1.0000000000000000E+00   1.0000000000000000E+00   1.0000000000000000E+00   1.0000000000000000E+00   1.0000000000000000E+00
 1.0000000000000000E+00   1.0000000000000000E+00   1.0000000000000000E+00   1.0000000000000000E+00   1.0000000000000000E+00   1.0000000000000000E+00   1.0000000000000000E+00   1.0000000000000000E+00   1.0000000000000000E+00
 1.0000000000000000E+00   1.0000000000000000E+00   1.0000000000000000E+00   1.0000000000000000E+00   1.0000000000000000E+00   1.0000000000000000E+00   1.0000000000000000E+00   1.0000000000000000E+00   1.0000000000000000E+00
 1.0000000000000000E+00   1.0000000000000000E+00   1.0000000000000000E+00   1.0000000000000000E+00   1.0000000000000000E+00   1.0000000000000000E+00   1.0000000000000000E+00   1.0000000000000000E+00   1.0000000000000000E+00
 1.0000000000000000E+00   1.0000000000000000E+00   1.0000000000000000E+00   1.0000000000000000E+00   1.0000000000000000E+00   1.0000000000000000E+00   1.0000000000000000E+00   1.0000000000000000E+00   1.0000000000000000E+00
 1.0000000000000000E+00   1.0000000000000000E+00   1.0000000000000000E+00   1.0000000000000000E+00   1.0000000000000000E+00   1.0000000000000000E+00   1.0000000000000000E+00   1.0000000000000000E+00   1.0000000000000000E+00
 1.0000000000000000E+00   1.0000000000000000E+00   1.0000000000000000E+00   1.0000000000000000E+00   1.0000000000000000E+00   1.0000000000000000E+00   1.0000000000000000E+00   1.0000000000000000E+00   1.0000000000000000E+00
 1.0000000000000000E+00   1.0000000000000000E+00   1.0000000000000000E+00   1.0000000000000000E+00   1.0000000000000000E+00   1.0000000000000000E+00   1.0000000000000000E+00   1.0000000000000000E+00   1.0000000000000000E+00
 1.0000000000000000E+00   1.0000000000000000E+00   1.0000000000000000E+00   1.0000000000000000E+00   1.0000000000000000E+00   1.0000000000000000E+00   1.0000000000000000E+00   1.0000000000000000E+00   1.0000000000000000E+00
 1.0000000000000000E+00   1.0000000000000000E+00   1.0000000000000000E+00   1.0000000000000000E+00   1.0000000000000000E+00   1.0000000000000000E+00   1.0000000000000000E+00   1.0000000000000000E+00   1.0000000000000000E+00
 1.0000000000000000E+00   1.0000000000000000E+00   1.0000000000000000E+00   1.0000000000000000E+00   1.0000000000000000E+00   1.0000000000000000E+00   1.0000000000000000E+00   1.0000000000000000E+00   1.0000000000000000E+00
 1.0000000000000000E+00   1.0000000000000000E+00   1.0000000000000000E+00   1.0000000000000000E+00   1.0000000000000000E+00   1.0000000000000000E+00   1.0000000000000000E+00   1.0000000000000000E+00   1.0000000000000000E+00
 1.0000000000000000E+00   1.0000000000000000E+00   1.0000000000000000E+00   1.0000000000000000E+00   1.0000000000000000E+00   1.0000000000000000E+00
 1.0000000000000000E+00   1.0000000000000000E+00   1.0000000000000000E+00   1.0000000000000000E+00   1.0000000000000000E+00   1.0000000000000000E+00   1.0000000000000000E+00   1.0000000000000000E+00   1.0000000000000000E+00
 1.0000000000000000E+00   1.0000000000000000E+00   1.0000000000000000E+00   1.0000000000000000E+00   1.0000000000000000E+00   1.0000000000000000E+00   1.0000000000000000E+00   1.0000000000000000E+00   1.0000000000000000E+00
 1.0000000000000000E+00   1.0000000000000000E+00   1.0000000000000000E+00   1.0000000000000000E+00   1.0000000000000000E+00   1.0000000000000000E+00   1.0000000000000000E+00   1.0000000000000000E+00   1.0000000000000000E+00
 1.0000000000000000E+00   1.0000000000000000E+00   1.0000000000000000E+00   1.0000000000000000E+00   1.0000000000000000E+00   1.0000000000000000E+00   1.0000000000000000E+00   1.0000000000000000E+00   1.0000000000000000E+00
 1.0000000000000000E+00   1.0000000000000000E+00   1.0000000000000000E+00   1.0000000000000000E+00   1.0000000000000000E+00   1.0000000000000000E+00   1.0000000000000000E+00   1.0000000000000000E+00   1.0000000000000000E+00
 1.0000000000000000E+00   1.0000000000000000E+00   1.0000000000000000E+00   1.0000000000000000E+00   1.0000000000000000E+00   1.0000000000000000E+00   1.0000000000000000E+00   1.0000000000000000E+00   1.0000000000000000E+00
 1.0000000000000000E+00   1.0000000000000000E+00   1.0000000000000000E+00   1.0000000000000000E+00   1.0000000000000000E+00   1.0000000000000000E+00   1.0000000000000000E+00   1.0000000000000000E+00   1.0000000000000000E+00
 1.0000000000000000E+00   1.0000000000000000E+00   1.0000000000000000E+00   1.0000000000000000E+00   1.0000000000000000E+00   1.0000000000000000E+00   1.0000000000000000E+00   1.0000000000000000E+00   1.0000000000000000E+00
 1.0000000000000000E+00   1.0000000000000000E+00   1.0000000000000000E+00   1.0000000000000000E+00   1.0000000000000000E+00   1.0000000000000000E+00   1.0000000000000000E+00   1.0000000000000000E+00   1.0000000000000000E+00
 1.0000000000000000E+00   1.0000000000000000E+00   1.0000000000000000E+00   1.0000000000000000E+00   1.0000000000000000E+00   1.0000000000000000E+00   1.0000000000000000E+00   1.0000000000000000E+00   1.0000000000000000E+00
 1.0000000000000000E+00   1.0000000000000000E+00   1.0000000000000000E+00   1.0000000000000000E+00   1.0000000000000000E+00   1.0000000000000000E+00   1.0000000000000000E+00   1.0000000000000000E+00   1.0000000000000000E+00
 1.0000000000000000E+00   1.0000000000000000E+00   1.0000000000000000E+00   1.0000000000000000E+00   1.0000000000000000E+00   1.0000000000000000E+00   1.0000000000000000E+00   1.0000000000000000E+00   1.0000000000000000E+00
 1.0000000000000000E+00   1.0000000000000000E+00   1.0000000000000000E+00   1.0000000000000000E+00   1.0000000000000000E+00   1.0000000000000000E+00   1.0000000000000000E+00   1.0000000000000000E+00   1.0000000000000000E+00
 1.0000000000000000E+00   1.0000000000000000E+00   1.0000000000000000E+00   1.0000000000000000E+00   1.0000000000000000E+00   1.0000000000000000E+00   1.0000000000000000E+00   1.0000000000000000E+00   1.0000000000000000E+00
 1.0000000000000000E+00   1.0000000000000000E+00   1.0000000000000000E+00   1.0000000000000000E+00   1.0000000000000000E+00   1.0000000000000000E+00   1.0000000000000000E+00   1.0000000000000000E+00   1.0000000000000000E+00
 1.0000000000000000E+00   1.0000000000000000E+00   1.0000000000000000E+00   1.0000000000000000E+00   1.0000000000000000E+00   1.0000000000000000E+00   1.0000000000000000E+00   1.0000000000000000E+00   1.0000000000000000E+00
 1.0000000000000000E+00   1.0000000000000000E+00   1.0000000000000000E+00   1.0000000000000000E+00   1.0000000000000000E+00   1.0000000000000000E+00   1.0000000000000000E+00   1.0000000000000000E+00   1.0000000000000000E+00
 1.0000000000000000E+00   1.0000000000000000E+00   1.0000000000000000E+00   1.0000000000000000E+00   1.0000000000000000E+00   1.0000000000000000E+00   1.0000000000000000E+00   1.0000000000000000E+00   1.0000000000000000E+00
 1.0000000000000000E+00   1.0000000000000000E+00   1.0000000000000000E+00   1.0000000000000000E+00   1.0000000000000000E+00   1.0000000000000000E+00   1.0000000000000000E+00   1.0000000000000000E+00   1.0000000000000000E+00
 1.0000000000000000E+00   1.0000000000000000E+00   1.0000000000000000E+00   1.0000000000000000E+00   1.0000000000000000E+00   1.0000000000000000E+00   1.0000000000000000E+00   1.0000000000000000E+00   1.0000000000000000E+00
 1.0000000000000000E+00   1.0000000000000000E+00   1.0000000000000000E+00   1.0000000000000000E+00   1.0000000000000000E+00   1.0000000000000000E+00   1.0000000000000000E+00   1.0000000000000000E+00   1.0000000000000000E+00
 1.0000000000000000E+00   1.0000000000000000E+00   1.0000000000000000E+00   1.0000000000000000E+00   1.0000000000000000E+00   1.0000000000000000E+00   1.0000000000000000E+00   1.0000000000000000E+00   1.0000000000000000E+00
 1.0000000000000000E+00   1.0000000000000000E+00   1.0000000000000000E+00   1.0000000000000000E+00   1.0000000000000000E+00   1.0000000000000000E+00   1.0000000000000000E+00   1.0000000000000000E+00   1.0000000000000000E+00
 1.0000000000000000E+00   1.0000000000000000E+00   1.0000000000000000E+00   1.0000000000000000E+00   1.0000000000000000E+00   1.0000000000000000E+00   1.0000000000000000E+00   1.0000000000000000E+00   1.0000000000000000E+00
 1.0000000000000000E+00   1.0000000000000000E+00   1.0000000000000000E+00   1.0000000000000000E+00   1.0000000000000000E+00   1.0000000000000000E+00   1.0000000000000000E+00   1.0000000000000000E+00   1.0000000000000000E+00
 1.0000000000000000E+00   1.0000000000000000E+00   1.0000000000000000E+00   1.0000000000000000E+00   1.0000000000000000E+00   1.0000000000000000E+00   1.0000000000000000E+00   1.0000000000000000E+00   1.0000000000000000E+00
 1.0000000000000000E+00   1.0000000000000000E+00   1.0000000000000000E+00   1.0000000000000000E+00   1.0000000000000000E+00   1.0000000000000000E+00   1.0000000000000000E+00   1.0000000000000000E+00   1.0000000000000000E+00
 1.0000000000000000E+00   1.0000000000000000E+00   1.0000000000000000E+00   1.0000000000000000E+00   1.0000000000000000E+00   1.0000000000000000E+00   1.0000000000000000E+00   1.0000000000000000E+00   1.0000000000000000E+00
 1.0000000000000000E+00   1.0000000000000000E+00   1.0000000000000000E+00   1.0000000000000000E+00   1.0000000000000000E+00   1.0000000000000000E+00   1.0000000000000000E+00   1.0000000000000000E+00   1.0000000000000000E+00
 1.0000000000000000E+00   1.0000000000000000E+00   1.0000000000000000E+00   1.0000000000000000E+00   1.0000000000000000E+00   1.0000000000000000E+00   1.0000000000000000E+00   1.0000000000000000E+00   1.0000000000000000E+00
 1.0000000000000000E+00   1.0000000000000000E+00   1.0000000000000000E+00   1.0000000000000000E+00   1.0000000000000000E+00   1.0000000000000000E+00   1.0000000000000000E+00   1.0000000000000000E+00   1.0000000000000000E+00
 1.0000000000000000E+00   1.0000000000000000E+00   1.0000000000000000E+00   1.0000000000000000E+00   1.0000000000000000E+00   1.0000000000000000E+00   1.0000000000000000E+00   1.0000000000000000E+00   1.0000000000000000E+00
 1.0000000000000000E+00   1.0000000000000000E+00   1.0000000000000000E+00   1.0000000000000000E+00   1.0000000000000000E+00   1.0000000000000000E+00   1.0000000000000000E+00   1.0000000000000000E+00   1.0000000000000000E+00
 1.0000000000000000E+00   1.0000000000000000E+00   1.0000000000000000E+00   1.0000000000000000E+00   1.0000000000000000E+00   1.0000000000000000E+00   1.0000000000000000E+00   1.0000000000000000E+00   1.0000000000000000E+00
 1.0000000000000000E+00   1.0000000000000000E+00   1.0000000000000000E+00   1.0000000000000000E+00   1.0000000000000000E+00   1.0000000000000000E+00   1.0000000000000000E+00   1.0000000000000000E+00   1.0000000000000000E+00
 1.0000000000000000E+00   1.0000000000000000E+00   1.0000000000000000E+00   1.0000000000000000E+00   1.0000000000000000E+00   1.0000000000000000E+00   1.0000000000000000E+00   1.0000000000000000E+00   1.0000000000000000E+00
 1.0000000000000000E+00   1.0000000000000000E+00   1.0000000000000000E+00   1.0000000000000000E+00   1.0000000000000000E+00   1.0000000000000000E+00   1.0000000000000000E+00   1.0000000000000000E+00   1.0000000000000000E+00
 1.0000000000000000E+00   1.0000000000000000E+00   1.0000000000000000E+00   1.0000000000000000E+00   1.0000000000000000E+00   1.0000000000000000E+00   1.0000000000000000E+00   1.0000000000000000E+00   1.0000000000000000E+00
 1.0000000000000000E+00   1.0000000000000000E+00   1.0000000000000000E+00   1.0000000000000000E+00   1.0000000000000000E+00   1.0000000000000000E+00   1.0000000000000000E+00   1.0000000000000000E+00   1.0000000000000000E+00
 1.0000000000000000E+00   1.0000000000000000E+00   1.0000000000000000E+00   1.0000000000000000E+00   1.0000000000000000E+00   1.0000000000000000E+00   1.0000000000000000E+00   1.0000000000000000E+00   1.0000000000000000E+00
 1.0000000000000000E+00   1.0000000000000000E+00   1.0000000000000000E+00   1.0000000000000000E+00   1.0000000000000000E+00   1.0000000000000000E+00   1.0000000000000000E+00   1.0000000000000000E+00   1.0000000000000000E+00
 1.0000000000000000E+00   1.0000000000000000E+00   1.0000000000000000E+00   1.0000000000000000E+00   1.0000000000000000E+00   1.0000000000000000E+00   1.0000000000000000E+00   1.0000000000000000E+00   1.0000000000000000E+00
 1.0000000000000000E+00   1.0000000000000000E+00   1.0000000000000000E+00   1.0000000000000000E+00   1.0000000000000000E+00   1.0000000000000000E+00   1.0000000000000000E+00   1.0000000000000000E+00   1.0000000000000000E+00
 1.0000000000000000E+00   1.0000000000000000E+00   1.0000000000000000E+00   1.0000000000000000E+00   1.0000000000000000E+00   1.0000000000000000E+00   1.0000000000000000E+00   1.0000000000000000E+00   1.0000000000000000E+00
 1.0000000000000000E+00   1.0000000000000000E+00   1.0000000000000000E+00   1.0000000000000000E+00   1.0000000000000000E+00   1.0000000000000000E+00   1.0000000000000000E+00   1.0000000000000000E+00   1.0000000000000000E+00
 1.0000000000000000E+00   1.0000000000000000E+00   1.0000000000000000E+00   1.0000000000000000E+00   1.0000000000000000E+00   1.0000000000000000E+00   1.0000000000000000E+00   1.0000000000000000E+00   1.0000000000000000E+00
 1.0000000000000000E+00   1.0000000000000000E+00   1.0000000000000000E+00   1.0000000000000000E+00   1.0000000000000000E+00   1.0000000000000000E+00   1.0000000000000000E+00   1.0000000000000000E+00   1.0000000000000000E+00
 1.0000000000000000E+00   1.0000000000000000E+00   1.0000000000000000E+00   1.0000000000000000E+00   1.0000000000000000E+00   1.0000000000000000E+00   1.0000000000000000E+00   1.0000000000000000E+00   1.0000000000000000E+00
 1.0000000000000000E+00   1.0000000000000000E+00   1.0000000000000000E+00   1.0000000000000000E+00   1.0000000000000000E+00   1.0000000000000000E+00   1.0000000000000000E+00   1.0000000000000000E+00   1.0000000000000000E+00
 1.0000000000000000E+00   1.0000000000000000E+00   1.0000000000000000E+00   1.0000000000000000E+00   1.0000000000000000E+00   1.0000000000000000E+00   1.0000000000000000E+00   1.0000000000000000E+00   1.0000000000000000E+00
 1.0000000000000000E+00   1.0000000000000000E+00   1.0000000000000000E+00   1.0000000000000000E+00   1.0000000000000000E+00   1.0000000000000000E+00   1.0000000000000000E+00   1.0000000000000000E+00   1.0000000000000000E+00
 1.0000000000000000E+00   1.0000000000000000E+00   1.0000000000000000E+00   1.0000000000000000E+00   1.0000000000000000E+00   1.0000000000000000E+00   1.0000000000000000E+00   1.0000000000000000E+00   1.0000000000000000E+00
 1.0000000000000000E+00   1.0000000000000000E+00   1.0000000000000000E+00   1.0000000000000000E+00   1.0000000000000000E+00   1.0000000000000000E+00   1.0000000000000000E+00   1.0000000000000000E+00   1.0000000000000000E+00
 1.0000000000000000E+00   1.0000000000000000E+00   1.0000000000000000E+00   1.0000000000000000E+00   1.0000000000000000E+00   1.0000000000000000E+00   1.0000000000000000E+00   1.0000000000000000E+00   1.0000000000000000E+00
 1.0000000000000000E+00   1.0000000000000000E+00   1.0000000000000000E+00   1.0000000000000000E+00   1.0000000000000000E+00   1.0000000000000000E+00   1.0000000000000000E+00   1.0000000000000000E+00   1.0000000000000000E+00
 1.0000000000000000E+00   1.0000000000000000E+00   1.0000000000000000E+00   1.0000000000000000E+00   1.0000000000000000E+00   1.0000000000000000E+00   1.0000000000000000E+00   1.0000000000000000E+00   1.0000000000000000E+00
 1.0000000000000000E+00   1.0000000000000000E+00   1.0000000000000000E+00   1.0000000000000000E+00   1.0000000000000000E+00   1.0000000000000000E+00   1.0000000000000000E+00   1.0000000000000000E+00   1.0000000000000000E+00
 1.0000000000000000E+00   1.0000000000000000E+00   1.0000000000000000E+00   1.0000000000000000E+00   1.0000000000000000E+00   1.0000000000000000E+00   1.0000000000000000E+00   1.0000000000000000E+00   1.0000000000000000E+00
 1.0000000000000000E+00   1.0000000000000000E+00   1.0000000000000000E+00   1.0000000000000000E+00   1.0000000000000000E+00   1.0000000000000000E+00   1.0000000000000000E+00   1.0000000000000000E+00   1.0000000000000000E+00
 1.0000000000000000E+00   1.0000000000000000E+00   1.0000000000000000E+00   1.0000000000000000E+00   1.0000000000000000E+00   1.0000000000000000E+00   1.0000000000000000E+00   1.0000000000000000E+00   1.0000000000000000E+00
 1.0000000000000000E+00   1.0000000000000000E+00   1.0000000000000000E+00   1.0000000000000000E+00   1.0000000000000000E+00   1.0000000000000000E+00   1.0000000000000000E+00   1.0000000000000000E+00   1.0000000000000000E+00
 1.0000000000000000E+00   1.0000000000000000E+00   1.0000000000000000E+00   1.0000000000000000E+00   1.0000000000000000E+00   1.0000000000000000E+00   1.0000000000000000E+00   1.0000000000000000E+00   1.0000000000000000E+00
 1.0000000000000000E+00   1.0000000000000000E+00   1.0000000000000000E+00   1.0000000000000000E+00   1.0000000000000000E+00   1.0000000000000000E+00   1.0000000000000000E+00   1.0000000000000000E+00   1.0000000000000000E+00
 1.0000000000000000E+00   1.0000000000000000E+00   1.0000000000000000E+00   1.0000000000000000E+00   1.0000000000000000E+00   1.0000000000000000E+00   1.0000000000000000E+00   1.0000000000000000E+00   1.0000000000000000E+00
 1.0000000000000000E+00   1.0000000000000000E+00   1.0000000000000000E+00   1.0000000000000000E+00   1.0000000000000000E+00   1.0000000000000000E+00   1.0000000000000000E+00   1.0000000000000000E+00   1.0000000000000000E+00
 1.0000000000000000E+00   1.0000000000000000E+00   1.0000000000000000E+00   1.0000000000000000E+00   1.0000000000000000E+00   1.0000000000000000E+00   1.0000000000000000E+00   1.0000000000000000E+00   1.0000000000000000E+00
 1.0000000000000000E+00   1.0000000000000000E+00   1.0000000000000000E+00   1.0000000000000000E+00   1.0000000000000000E+00   1.0000000000000000E+00
 6.0000000000000000E+00   6.0000000000000000E+00   6.0000000000000000E+00   6.0000000000000000E+00   6.0000000000000000E+00   6.0000000000000000E+00   6.0000000000000000E+00   6.0000000000000000E+00   6.0000000000000000E+00
 6.0000000000000000E+00   6.0000000000000000E+00   6.0000000000000000E+00   6.0000000000000000E+00   6.0000000000000000E+00   6.0000000000000000E+00   6.0000000000000000E+00   6.0000000000000000E+00   6.0000000000000000E+00
 6.0000000000000000E+00   6.0000000000000000E+00   6.0000000000000000E+00   6.0000000000000000E+00   6.0000000000000000E+00   6.0000000000000000E+00   6.0000000000000000E+00   6.0000000000000000E+00   6.0000000000000000E+00
 6.0000000000000000E+00   6.0000000000000000E+00   6.0000000000000000E+00   6.0000000000000000E+00   6.0000000000000000E+00   6.0000000000000000E+00   6.0000000000000000E+00   6.0000000000000000E+00   6.0000000000000000E+00
 6.0000000000000000E+00   6.0000000000000000E+00   6.0000000000000000E+00   6.0000000000000000E+00   6.0000000000000000E+00   6.0000000000000000E+00   6.0000000000000000E+00   6.0000000000000000E+00   6.0000000000000000E+00
 6.0000000000000000E+00   6.0000000000000000E+00   6.0000000000000000E+00   6.0000000000000000E+00   6.0000000000000000E+00   6.0000000000000000E+00   6.0000000000000000E+00   6.0000000000000000E+00   6.0000000000000000E+00
 6.0000000000000000E+00   6.0000000000000000E+00   6.0000000000000000E+00   6.0000000000000000E+00   6.0000000000000000E+00   6.0000000000000000E+00   6.0000000000000000E+00   6.0000000000000000E+00   6.0000000000000000E+00
 6.0000000000000000E+00   6.0000000000000000E+00   6.0000000000000000E+00   6.0000000000000000E+00   6.0000000000000000E+00   6.0000000000000000E+00   6.0000000000000000E+00   6.0000000000000000E+00   6.0000000000000000E+00
 6.0000000000000000E+00   6.0000000000000000E+00   6.0000000000000000E+00   6.0000000000000000E+00   6.0000000000000000E+00   6.0000000000000000E+00   6.0000000000000000E+00   6.0000000000000000E+00   6.0000000000000000E+00
 6.0000000000000000E+00   6.0000000000000000E+00   6.0000000000000000E+00   6.0000000000000000E+00   6.0000000000000000E+00   6.0000000000000000E+00   6.0000000000000000E+00   6.0000000000000000E+00   6.0000000000000000E+00
 6.0000000000000000E+00   6.0000000000000000E+00   6.0000000000000000E+00   6.0000000000000000E+00   6.0000000000000000E+00   6.0000000000000000E+00   6.0000000000000000E+00   6.0000000000000000E+00   6.0000000000000000E+00
 6.0000000000000000E+00   6.0000000000000000E+00   6.0000000000000000E+00   6.0000000000000000E+00   6.0000000000000000E+00   6.0000000000000000E+00   6.0000000000000000E+00   6.0000000000000000E+00   6.0000000000000000E+00
 6.0000000000000000E+00   6.0000000000000000E+00   6.0000000000000000E+00   6.0000000000000000E+00   6.0000000000000000E+00   6.0000000000000000E+00   6.0000000000000000E+00   6.0000000000000000E+00   6.0000000000000000E+00
 6.0000000000000000E+00   6.0000000000000000E+00   6.0000000000000000E+00   6.0000000000000000E+00   6.0000000000000000E+00   6.0000000000000000E+00   6.0000000000000000E+00   6.0000000000000000E+00   6.0000000000000000E+00
 6.0000000000000000E+00   6.0000000000000000E+00   6.0000000000000000E+00   6.0000000000000000E+00   6.0000000000000000E+00   6.0000000000000000E+00   6.0000000000000000E+00   6.0000000000000000E+00   6.0000000000000000E+00
 6.0000000000000000E+00   6.0000000000000000E+00   6.0000000000000000E+00   6.0000000000000000E+00   6.0000000000000000E+00   6.0000000000000000E+00   6.0000000000000000E+00   6.0000000000000000E+00   6.0000000000000000E+00
 6.0000000000000000E+00   6.0000000000000000E+00   6.0000000000000000E+00   6.0000000000000000E+00   6.0000000000000000E+00   6.0000000000000000E+00   6.0000000000000000E+00   6.0000000000000000E+00   6.0000000000000000E+00
 6.0000000000000000E+00   6.0000000000000000E+00   6.0000000000000000E+00   6.0000000000000000E+00   6.0000000000000000E+00   6.0000000000000000E+00   6.0000000000000000E+00   6.0000000000000000E+00   6.0000000000000000E+00
 6.0000000000000000E+00   6.0000000000000000E+00   6.0000000000000000E+00   6.0000000000000000E+00   6.0000000000000000E+00   6.0000000000000000E+00   6.0000000000000000E+00   6.0000000000000000E+00   6.0000000000000000E+00
 6.0000000000000000E+00   6.0000000000000000E+00   6.0000000000000000E+00   6.0000000000000000E+00   6.0000000000000000E+00   6.0000000000000000E+00   6.0000000000000000E+00   6.0000000000000000E+00   6.0000000000000000E+00
 6.0000000000000000E+00   6.0000000000000000E+00   6.0000000000000000E+00   6.0000000000000000E+00   6.0000000000000000E+00   6.0000000000000000E+00   6.0000000000000000E+00   6.0000000000000000E+00   6.0000000000000000E+00
 6.0000000000000000E+00   6.0000000000000000E+00   6.0000000000000000E+00   6.0000000000000000E+00   6.0000000000000000E+00   6.0000000000000000E+00   6.0000000000000000E+00   6.0000000000000000E+00   6.0000000000000000E+00
 6.0000000000000000E+00   6.0000000000000000E+00   6.0000000000000000E+00   6.0000000000000000E+00   6.0000000000000000E+00   6.0000000000000000E+00   6.0000000000000000E+00   6.0000000000000000E+00   6.0000000000000000E+00
 6.0000000000000000E+00   6.0000000000000000E+00   6.0000000000000000E+00   6.0000000000000000E+00   6.0000000000000000E+00   6.0000000000000000E+00   6.0000000000000000E+00   6.0000000000000000E+00   6.0000000000000000E+00
 6.0000000000000000E+00   6.0000000000000000E+00   6.0000000000000000E+00   6.0000000000000000E+00   6.0000000000000000E+00   6.0000000000000000E+00   6.0000000000000000E+00   6.0000000000000000E+00   6.0000000000000000E+00
 6.0000000000000000E+00   6.0000000000000000E+00   6.0000000000000000E+00   6.0000000000000000E+00   6.0000000000000000E+00   6.0000000000000000E+00   6.0000000000000000E+00   6.0000000000000000E+00   6.0000000000000000E+00
 6.0000000000000000E+00   6.0000000000000000E+00   6.0000000000000000E+00   6.0000000000000000E+00   6.0000000000000000E+00   6.0000000000000000E+00   6.0000000000000000E+00   6.0000000000000000E+00   6.0000000000000000E+00
 6.0000000000000000E+00   6.0000000000000000E+00   6.0000000000000000E+00   6.0000000000000000E+00   6.0000000000000000E+00   6.0000000000000000E+00   6.0000000000000000E+00   6.0000000000000000E+00   6.0000000000000000E+00
 6.0000000000000000E+00   6.0000000000000000E+00   6.0000000000000000E+00   6.0000000000000000E+00   6.0000000000000000E+00   6.0000000000000000E+00   6.0000000000000000E+00   6.0000000000000000E+00   6.0000000000000000E+00
 6.0000000000000000E+00   6.0000000000000000E+00   6.0000000000000000E+00   6.0000000000000000E+00   6.0000000000000000E+00   6.0000000000000000E+00   6.0000000000000000E+00   6.0000000000000000E+00   6.0000000000000000E+00
 6.0000000000000000E+00   6.0000000000000000E+00   6.0000000000000000E+00   6.0000000000000000E+00   6.0000000000000000E+00   6.0000000000000000E+00   6.0000000000000000E+00   6.0000000000000000E+00   6.0000000000000000E+00
 6.0000000000000000E+00   6.0000000000000000E+00   6.0000000000000000E+00   6.0000000000000000E+00   6.0000000000000000E+00   6.0000000000000000E+00   6.0000000000000000E+00   6.0000000000000000E+00   6.0000000000000000E+00
 6.0000000000000000E+00   6.0000000000000000E+00   6.0000000000000000E+00   6.0000000000000000E+00   6.0000000000000000E+00   6.0000000000000000E+00   6.0000000000000000E+00   6.0000000000000000E+00   6.0000000000000000E+00
 6.0000000000000000E+00   6.0000000000000000E+00   6.0000000000000000E+00   6.0000000000000000E+00   6.0000000000000000E+00   6.0000000000000000E+00   6.0000000000000000E+00   6.0000000000000000E+00   6.0000000000000000E+00
 6.0000000000000000E+00   6.0000000000000000E+00   6.0000000000000000E+00   6.0000000000000000E+00   6.0000000000000000E+00   6.0000000000000000E+00   6.0000000000000000E+00   6.0000000000000000E+00   6.0000000000000000E+00
 6.0000000000000000E+00   6.0000000000000000E+00   6.0000000000000000E+00   6.0000000000000000E+00   6.0000000000000000E+00   6.0000000000000000E+00   6.0000000000000000E+00   6.0000000000000000E+00   6.0000000000000000E+00
 6.0000000000000000E+00   6.0000000000000000E+00   6.0000000000000000E+00   6.0000000000000000E+00   6.0000000000000000E+00   6.0000000000000000E+00   6.0000000000000000E+00   6.0000000000000000E+00   6.0000000000000000E+00
 6.0000000000000000E+00   6.0000000000000000E+00   6.0000000000000000E+00   6.0000000000000000E+00   6.0000000000000000E+00   6.0000000000000000E+00   6.0000000000000000E+00   6.0000000000000000E+00   6.0000000000000000E+00
 6.0000000000000000E+00   6.0000000000000000E+00   6.0000000000000000E+00   6.0000000000000000E+00   6.0000000000000000E+00   6.0000000000000000E+00   6.0000000000000000E+00   6.0000000000000000E+00   6.0000000000000000E+00
 6.0000000000000000E+00   6.0000000000000000E+00   6.0000000000000000E+00   6.0000000000000000E+00   6.0000000000000000E+00   6.0000000000000000E+00   6.0000000000000000E+00   6.0000000000000000E+00   6.0000000000000000E+00
 6.0000000000000000E+00   6.0000000000000000E+00   6.0000000000000000E+00   6.0000000000000000E+00   6.0000000000000000E+00   6.0000000000000000E+00   6.0000000000000000E+00   6.0000000000000000E+00   6.0000000000000000E+00
 6.0000000000000000E+00   6.0000000000000000E+00   6.0000000000000000E+00   6.0000000000000000E+00   6.0000000000000000E+00   6.0000000000000000E+00   6.0000000000000000E+00   6.0000000000000000E+00   6.0000000000000000E+00
 6.0000000000000000E+00   6.0000000000000000E+00   6.0000000000000000E+00   6.0000000000000000E+00   6.0000000000000000E+00   6.0000000000000000E+00   6.0000000000000000E+00   6.0000000000000000E+00   6.0000000000000000E+00
 6.0000000000000000E+00   6.0000000000000000E+00   6.0000000000000000E+00   6.0000000000000000E+00   6.0000000000000000E+00   6.0000000000000000E+00   6.0000000000000000E+00   6.0000000000000000E+00   6.0000000000000000E+00
 6.0000000000000000E+00   6.0000000000000000E+00   6.0000000000000000E+00   6.0000000000000000E+00   6.0000000000000000E+00   6.0000000000000000E+00   6.0000000000000000E+00   6.0000000000000000E+00   6.0000000000000000E+00
 6.0000000000000000E+00   6.0000000000000000E+00   6.0000000000000000E+00   6.0000000000000000E+00   6.0000000000000000E+00   6.0000000000000000E+00   6.0000000000000000E+00   6.0000000000000000E+00   6.0000000000000000E+00
 6.0000000000000000E+00   6.0000000000000000E+00   6.0000000000000000E+00   6.0000000000000000E+00   6.0000000000000000E+00   6.0000000000000000E+00   6.0000000000000000E+00   6.0000000000000000E+00   6.0000000000000000E+00
 6.0000000000000000E+00   6.0000000000000000E+00   6.0000000000000000E+00   6.0000000000000000E+00   6.0000000000000000E+00   6.0000000000000000E+00   6.0000000000000000E+00   6.0000000000000000E+00   6.0000000000000000E+00
 6.0000000000000000E+00   6.0000000000000000E+00   6.0000000000000000E+00   6.0000000000000000E+00   6.0000000000000000E+00   6.0000000000000000E+00   6.0000000000000000E+00   6.0000000000000000E+00   6.0000000000000000E+00
 6.0000000000000000E+00   6.0000000000000000E+00   6.0000000000000000E+00   6.0000000000000000E+00   6.0000000000000000E+00   6.0000000000000000E+00   6.0000000000000000E+00   6.0000000000000000E+00   6.0000000000000000E+00
 6.0000000000000000E+00   6.0000000000000000E+00   6.0000000000000000E+00   6.0000000000000000E+00   6.0000000000000000E+00   6.0000000000000000E+00   6.0000000000000000E+00   6.0000000000000000E+00   6.0000000000000000E+00
 6.0000000000000000E+00   6.0000000000000000E+00   6.0000000000000000E+00   6.0000000000000000E+00   6.0000000000000000E+00   6.0000000000000000E+00   6.0000000000000000E+00   6.0000000000000000E+00   6.0000000000000000E+00
 6.0000000000000000E+00   6.0000000000000000E+00   6.0000000000000000E+00   6.0000000000000000E+00   6.0000000000000000E+00   6.0000000000000000E+00   6.0000000000000000E+00   6.0000000000000000E+00   6.0000000000000000E+00
 6.0000000000000000E+00   6.0000000000000000E+00   6.0000000000000000E+00   6.0000000000000000E+00   6.0000000000000000E+00   6.0000000000000000E+00   6.0000000000000000E+00   6.0000000000000000E+00   6.0000000000000000E+00
 6.0000000000000000E+00   6.0000000000000000E+00   6.0000000000000000E+00   6.0000000000000000E+00   6.0000000000000000E+00   6.0000000000000000E+00   6.0000000000000000E+00   6.0000000000000000E+00   6.0000000000000000E+00
 6.0000000000000000E+00   6.0000000000000000E+00   6.0000000000000000E+00   6.0000000000000000E+00   6.0000000000000000E+00   6.0000000000000000E+00   6.0000000000000000E+00   6.0000000000000000E+00   6.0000000000000000E+00
 6.0000000000000000E+00   6.0000000000000000E+00   6.0000000000000000E+00   6.0000000000000000E+00   6.0000000000000000E+00   6.0000000000000000E+00   6.0000000000000000E+00   6.0000000000000000E+00   6.0000000000000000E+00
 6.0000000000000000E+00   6.0000000000000000E+00   6.0000000000000000E+00   6.0000000000000000E+00   6.0000000000000000E+00   6.0000000000000000E+00   6.0000000000000000E+00   6.0000000000000000E+00   6.0000000000000000E+00
 6.0000000000000000E+00   6.0000000000000000E+00   6.0000000000000000E+00   6.0000000000000000E+00   6.0000000000000000E+00   6.0000000000000000E+00   6.0000000000000000E+00   6.0000000000000000E+00   6.0000000000000000E+00
 6.0000000000000000E+00   6.0000000000000000E+00   6.0000000000000000E+00   6.0000000000000000E+00   6.0000000000000000E+00   6.0000000000000000E+00   6.0000000000000000E+00   6.0000000000000000E+00   6.0000000000000000E+00
 6.0000000000000000E+00   6.0000000000000000E+00   6.0000000000000000E+00   6.0000000000000000E+00   6.0000000000000000E+00   6.0000000000000000E+00   6.0000000000000000E+00   6.0000000000000000E+00   6.0000000000000000E+00
 6.0000000000000000E+00   6.0000000000000000E+00   6.0000000000000000E+00   6.0000000000000000E+00   6.0000000000000000E+00   6.0000000000000000E+00   6.0000000000000000E+00   6.0000000000000000E+00   6.0000000000000000E+00
 6.0000000000000000E+00   6.0000000000000000E+00   6.0000000000000000E+00   6.0000000000000000E+00   6.0000000000000000E+00   6.0000000000000000E+00   6.0000000000000000E+00   6.0000000000000000E+00   6.0000000000000000E+00
 6.0000000000000000E+00   6.0000000000000000E+00   6.0000000000000000E+00   6.0000000000000000E+00   6.0000000000000000E+00   6.0000000000000000E+00   6.0000000000000000E+00   6.0000000000000000E+00   6.0000000000000000E+00
 6.0000000000000000E+00   6.0000000000000000E+00   6.0000000000000000E+00   6.0000000000000000E+00   6.0000000000000000E+00   6.0000000000000000E+00   6.0000000000000000E+00   6.0000000000000000E+00   6.0000000000000000E+00
 6.0000000000000000E+00   6.0000000000000000E+00   6.0000000000000000E+00   6.0000000000000000E+00   6.0000000000000000E+00   6.0000000000000000E+00   6.0000000000000000E+00   6.0000000000000000E+00   6.0000000000000000E+00
 6.0000000000000000E+00   6.0000000000000000E+00   6.0000000000000000E+00   6.0000000000000000E+00   6.0000000000000000E+00   6.0000000000000000E+00
