 VARIABLES = X, RHO, U, T, P, PERTURBATION, error1, error2, N
ZONE I =  600, DATAPACKING=BLOCK
 8.3333333333333339E-04   2.5000000000000001E-03   4.1666666666666666E-03   5.8333333333333336E-03   7.5000000000000006E-03   9.1666666666666667E-03   1.0833333333333334E-02   1.2500000000000001E-02   1.4166666666666668E-02
 1.5833333333333335E-02   1.7500000000000002E-02   1.9166666666666669E-02   2.0833333333333336E-02   2.2500000000000003E-02   2.4166666666666670E-02   2.5833333333333337E-02   2.7500000000000000E-02   2.9166666666666667E-02
 3.0833333333333334E-02   3.2500000000000001E-02   3.4166666666666672E-02   3.5833333333333335E-02   3.7500000000000006E-02   3.9166666666666669E-02   4.0833333333333333E-02   4.2500000000000003E-02   4.4166666666666667E-02
 4.5833333333333337E-02   4.7500000000000001E-02   4.9166666666666671E-02   5.0833333333333335E-02   5.2500000000000005E-02   5.4166666666666669E-02   5.5833333333333339E-02   5.7500000000000002E-02   5.9166666666666673E-02
 6.0833333333333336E-02   6.2500000000000000E-02   6.4166666666666677E-02   6.5833333333333341E-02   6.7500000000000004E-02   6.9166666666666668E-02   7.0833333333333331E-02   7.2500000000000009E-02   7.4166666666666672E-02
 7.5833333333333336E-02   7.7499999999999999E-02   7.9166666666666677E-02   8.0833333333333340E-02   8.2500000000000004E-02   8.4166666666666667E-02   8.5833333333333345E-02   8.7500000000000008E-02   8.9166666666666672E-02
 9.0833333333333335E-02   9.2500000000000013E-02   9.4166666666666676E-02   9.5833333333333340E-02   9.7500000000000003E-02   9.9166666666666667E-02   1.0083333333333334E-01   1.0250000000000001E-01   1.0416666666666667E-01
 1.0583333333333333E-01   1.0750000000000001E-01   1.0916666666666668E-01   1.1083333333333334E-01   1.1250000000000000E-01   1.1416666666666668E-01   1.1583333333333334E-01   1.1750000000000001E-01   1.1916666666666667E-01
 1.2083333333333333E-01   1.2250000000000001E-01   1.2416666666666668E-01   1.2583333333333335E-01   1.2750000000000000E-01   1.2916666666666668E-01   1.3083333333333333E-01   1.3250000000000001E-01   1.3416666666666668E-01
 1.3583333333333333E-01   1.3750000000000001E-01   1.3916666666666669E-01   1.4083333333333334E-01   1.4250000000000002E-01   1.4416666666666667E-01   1.4583333333333334E-01   1.4750000000000002E-01   1.4916666666666667E-01
 1.5083333333333335E-01   1.5250000000000000E-01   1.5416666666666667E-01   1.5583333333333335E-01   1.5750000000000000E-01   1.5916666666666668E-01   1.6083333333333336E-01   1.6250000000000001E-01   1.6416666666666668E-01
 1.6583333333333333E-01   1.6750000000000001E-01   1.6916666666666669E-01   1.7083333333333334E-01   1.7250000000000001E-01   1.7416666666666666E-01   1.7583333333333334E-01   1.7750000000000002E-01   1.7916666666666667E-01
 1.8083333333333335E-01   1.8250000000000002E-01   1.8416666666666667E-01   1.8583333333333335E-01   1.8750000000000000E-01   1.8916666666666668E-01   1.9083333333333335E-01   1.9250000000000000E-01   1.9416666666666668E-01
 1.9583333333333336E-01   1.9750000000000001E-01   1.9916666666666669E-01   2.0083333333333334E-01   2.0250000000000001E-01   2.0416666666666669E-01   2.0583333333333334E-01   2.0750000000000002E-01   2.0916666666666667E-01
 2.1083333333333334E-01   2.1250000000000002E-01   2.1416666666666667E-01   2.1583333333333335E-01   2.1750000000000003E-01   2.1916666666666668E-01   2.2083333333333335E-01   2.2250000000000000E-01   2.2416666666666668E-01
 2.2583333333333336E-01   2.2750000000000001E-01   2.2916666666666669E-01   2.3083333333333333E-01   2.3250000000000001E-01   2.3416666666666669E-01   2.3583333333333334E-01   2.3750000000000002E-01   2.3916666666666669E-01
 2.4083333333333334E-01   2.4250000000000002E-01   2.4416666666666667E-01   2.4583333333333335E-01   2.4750000000000003E-01   2.4916666666666668E-01   2.5083333333333335E-01   2.5250000000000000E-01   2.5416666666666671E-01
 2.5583333333333336E-01   2.5750000000000001E-01   2.5916666666666666E-01   2.6083333333333336E-01   2.6250000000000001E-01   2.6416666666666666E-01   2.6583333333333337E-01   2.6750000000000002E-01   2.6916666666666667E-01
 2.7083333333333337E-01   2.7250000000000002E-01   2.7416666666666667E-01   2.7583333333333337E-01   2.7750000000000002E-01   2.7916666666666667E-01   2.8083333333333332E-01   2.8250000000000003E-01   2.8416666666666668E-01
 2.8583333333333333E-01   2.8750000000000003E-01   2.8916666666666668E-01   2.9083333333333333E-01   2.9250000000000004E-01   2.9416666666666669E-01   2.9583333333333334E-01   2.9750000000000004E-01   2.9916666666666669E-01
 3.0083333333333334E-01   3.0250000000000005E-01   3.0416666666666670E-01   3.0583333333333335E-01   3.0750000000000000E-01   3.0916666666666670E-01   3.1083333333333335E-01   3.1250000000000000E-01   3.1416666666666671E-01
 3.1583333333333335E-01   3.1750000000000000E-01   3.1916666666666671E-01   3.2083333333333336E-01   3.2250000000000001E-01   3.2416666666666671E-01   3.2583333333333336E-01   3.2750000000000001E-01   3.2916666666666666E-01
 3.3083333333333337E-01   3.3250000000000002E-01   3.3416666666666667E-01   3.3583333333333337E-01   3.3750000000000002E-01   3.3916666666666667E-01   3.4083333333333338E-01   3.4250000000000003E-01   3.4416666666666668E-01
 3.4583333333333338E-01   3.4750000000000003E-01   3.4916666666666668E-01   3.5083333333333333E-01   3.5250000000000004E-01   3.5416666666666669E-01   3.5583333333333333E-01   3.5750000000000004E-01   3.5916666666666669E-01
 3.6083333333333334E-01   3.6250000000000004E-01   3.6416666666666669E-01   3.6583333333333334E-01   3.6750000000000005E-01   3.6916666666666670E-01   3.7083333333333335E-01   3.7250000000000000E-01   3.7416666666666670E-01
 3.7583333333333335E-01   3.7750000000000000E-01   3.7916666666666671E-01   3.8083333333333336E-01   3.8250000000000001E-01   3.8416666666666671E-01   3.8583333333333336E-01   3.8750000000000001E-01   3.8916666666666672E-01
 3.9083333333333337E-01   3.9250000000000002E-01   3.9416666666666667E-01   3.9583333333333337E-01   3.9750000000000002E-01   3.9916666666666667E-01   4.0083333333333337E-01   4.0250000000000002E-01   4.0416666666666667E-01
 4.0583333333333338E-01   4.0750000000000003E-01   4.0916666666666668E-01   4.1083333333333338E-01   4.1250000000000003E-01   4.1416666666666668E-01   4.1583333333333333E-01   4.1750000000000004E-01   4.1916666666666669E-01
 4.2083333333333334E-01   4.2250000000000004E-01   4.2416666666666669E-01   4.2583333333333334E-01   4.2750000000000005E-01   4.2916666666666670E-01   4.3083333333333335E-01   4.3250000000000005E-01   4.3416666666666670E-01
 4.3583333333333335E-01   4.3750000000000006E-01   4.3916666666666671E-01   4.4083333333333335E-01   4.4250000000000000E-01   4.4416666666666671E-01   4.4583333333333336E-01   4.4750000000000001E-01   4.4916666666666671E-01
 4.5083333333333336E-01   4.5250000000000001E-01   4.5416666666666672E-01   4.5583333333333337E-01   4.5750000000000002E-01   4.5916666666666672E-01   4.6083333333333337E-01   4.6250000000000002E-01   4.6416666666666667E-01
 4.6583333333333338E-01   4.6750000000000003E-01   4.6916666666666668E-01   4.7083333333333338E-01   4.7250000000000003E-01   4.7416666666666668E-01   4.7583333333333339E-01   4.7750000000000004E-01   4.7916666666666669E-01
 4.8083333333333339E-01   4.8250000000000004E-01   4.8416666666666669E-01   4.8583333333333334E-01   4.8750000000000004E-01   4.8916666666666669E-01   4.9083333333333334E-01   4.9250000000000005E-01   4.9416666666666670E-01
 4.9583333333333335E-01   4.9750000000000005E-01   4.9916666666666670E-01   5.0083333333333335E-01   5.0250000000000006E-01   5.0416666666666665E-01   5.0583333333333336E-01   5.0750000000000006E-01   5.0916666666666666E-01
 5.1083333333333336E-01   5.1250000000000007E-01   5.1416666666666666E-01   5.1583333333333337E-01   5.1750000000000007E-01   5.1916666666666667E-01   5.2083333333333337E-01   5.2250000000000008E-01   5.2416666666666667E-01
 5.2583333333333337E-01   5.2750000000000008E-01   5.2916666666666667E-01   5.3083333333333338E-01   5.3250000000000008E-01   5.3416666666666668E-01   5.3583333333333338E-01   5.3750000000000009E-01   5.3916666666666668E-01
 5.4083333333333339E-01   5.4249999999999998E-01   5.4416666666666669E-01   5.4583333333333339E-01   5.4749999999999999E-01   5.4916666666666669E-01   5.5083333333333340E-01   5.5249999999999999E-01   5.5416666666666670E-01
 5.5583333333333340E-01   5.5750000000000000E-01   5.5916666666666670E-01   5.6083333333333341E-01   5.6250000000000000E-01   5.6416666666666671E-01   5.6583333333333341E-01   5.6750000000000000E-01   5.6916666666666671E-01
 5.7083333333333341E-01   5.7250000000000001E-01   5.7416666666666671E-01   5.7583333333333342E-01   5.7750000000000001E-01   5.7916666666666672E-01   5.8083333333333342E-01   5.8250000000000002E-01   5.8416666666666672E-01
 5.8583333333333332E-01   5.8750000000000002E-01   5.8916666666666673E-01   5.9083333333333332E-01   5.9250000000000003E-01   5.9416666666666673E-01   5.9583333333333333E-01   5.9750000000000003E-01   5.9916666666666674E-01
 6.0083333333333333E-01   6.0250000000000004E-01   6.0416666666666674E-01   6.0583333333333333E-01   6.0750000000000004E-01   6.0916666666666675E-01   6.1083333333333334E-01   6.1250000000000004E-01   6.1416666666666675E-01
 6.1583333333333334E-01   6.1750000000000005E-01   6.1916666666666675E-01   6.2083333333333335E-01   6.2250000000000005E-01   6.2416666666666676E-01   6.2583333333333335E-01   6.2750000000000006E-01   6.2916666666666665E-01
 6.3083333333333336E-01   6.3250000000000006E-01   6.3416666666666666E-01   6.3583333333333336E-01   6.3750000000000007E-01   6.3916666666666666E-01   6.4083333333333337E-01   6.4250000000000007E-01   6.4416666666666667E-01
 6.4583333333333337E-01   6.4750000000000008E-01   6.4916666666666667E-01   6.5083333333333337E-01   6.5250000000000008E-01   6.5416666666666667E-01   6.5583333333333338E-01   6.5750000000000008E-01   6.5916666666666668E-01
 6.6083333333333338E-01   6.6250000000000009E-01   6.6416666666666668E-01   6.6583333333333339E-01   6.6750000000000009E-01   6.6916666666666669E-01   6.7083333333333339E-01   6.7250000000000010E-01   6.7416666666666669E-01
 6.7583333333333340E-01   6.7749999999999999E-01   6.7916666666666670E-01   6.8083333333333340E-01   6.8250000000000000E-01   6.8416666666666670E-01   6.8583333333333341E-01   6.8750000000000000E-01   6.8916666666666671E-01
 6.9083333333333341E-01   6.9250000000000000E-01   6.9416666666666671E-01   6.9583333333333341E-01   6.9750000000000001E-01   6.9916666666666671E-01   7.0083333333333342E-01   7.0250000000000001E-01   7.0416666666666672E-01
 7.0583333333333342E-01   7.0750000000000002E-01   7.0916666666666672E-01   7.1083333333333343E-01   7.1250000000000002E-01   7.1416666666666673E-01   7.1583333333333343E-01   7.1750000000000003E-01   7.1916666666666673E-01
 7.2083333333333333E-01   7.2250000000000003E-01   7.2416666666666674E-01   7.2583333333333333E-01   7.2750000000000004E-01   7.2916666666666674E-01   7.3083333333333333E-01   7.3250000000000004E-01   7.3416666666666675E-01
 7.3583333333333334E-01   7.3750000000000004E-01   7.3916666666666675E-01   7.4083333333333334E-01   7.4250000000000005E-01   7.4416666666666675E-01   7.4583333333333335E-01   7.4750000000000005E-01   7.4916666666666676E-01
 7.5083333333333335E-01   7.5250000000000006E-01   7.5416666666666676E-01   7.5583333333333336E-01   7.5750000000000006E-01   7.5916666666666677E-01   7.6083333333333336E-01   7.6250000000000007E-01   7.6416666666666666E-01
 7.6583333333333337E-01   7.6750000000000007E-01   7.6916666666666667E-01   7.7083333333333337E-01   7.7250000000000008E-01   7.7416666666666667E-01   7.7583333333333337E-01   7.7750000000000008E-01   7.7916666666666667E-01
 7.8083333333333338E-01   7.8250000000000008E-01   7.8416666666666668E-01   7.8583333333333338E-01   7.8750000000000009E-01   7.8916666666666668E-01   7.9083333333333339E-01   7.9250000000000009E-01   7.9416666666666669E-01
 7.9583333333333339E-01   7.9750000000000010E-01   7.9916666666666669E-01   8.0083333333333340E-01   8.0250000000000010E-01   8.0416666666666670E-01   8.0583333333333340E-01   8.0750000000000011E-01   8.0916666666666670E-01
 8.1083333333333341E-01   8.1250000000000000E-01   8.1416666666666671E-01   8.1583333333333341E-01   8.1750000000000000E-01   8.1916666666666671E-01   8.2083333333333341E-01   8.2250000000000001E-01   8.2416666666666671E-01
 8.2583333333333342E-01   8.2750000000000001E-01   8.2916666666666672E-01   8.3083333333333342E-01   8.3250000000000002E-01   8.3416666666666672E-01   8.3583333333333343E-01   8.3750000000000002E-01   8.3916666666666673E-01
 8.4083333333333343E-01   8.4250000000000003E-01   8.4416666666666673E-01   8.4583333333333344E-01   8.4750000000000003E-01   8.4916666666666674E-01   8.5083333333333344E-01   8.5250000000000004E-01   8.5416666666666674E-01
 8.5583333333333333E-01   8.5750000000000004E-01   8.5916666666666675E-01   8.6083333333333334E-01   8.6250000000000004E-01   8.6416666666666675E-01   8.6583333333333334E-01   8.6750000000000005E-01   8.6916666666666675E-01
 8.7083333333333335E-01   8.7250000000000005E-01   8.7416666666666676E-01   8.7583333333333335E-01   8.7750000000000006E-01   8.7916666666666676E-01   8.8083333333333336E-01   8.8250000000000006E-01   8.8416666666666677E-01
 8.8583333333333336E-01   8.8750000000000007E-01   8.8916666666666677E-01   8.9083333333333337E-01   8.9250000000000007E-01   8.9416666666666678E-01   8.9583333333333337E-01   8.9750000000000008E-01   8.9916666666666667E-01
 9.0083333333333337E-01   9.0250000000000008E-01   9.0416666666666667E-01   9.0583333333333338E-01   9.0750000000000008E-01   9.0916666666666668E-01   9.1083333333333338E-01   9.1250000000000009E-01   9.1416666666666668E-01
 9.1583333333333339E-01   9.1750000000000009E-01   9.1916666666666669E-01   9.2083333333333339E-01   9.2250000000000010E-01   9.2416666666666669E-01   9.2583333333333340E-01   9.2750000000000010E-01   9.2916666666666670E-01
 9.3083333333333340E-01   9.3250000000000011E-01   9.3416666666666670E-01   9.3583333333333341E-01   9.3750000000000011E-01   9.3916666666666671E-01   9.4083333333333341E-01   9.4250000000000012E-01   9.4416666666666671E-01
 9.4583333333333341E-01   9.4750000000000001E-01   9.4916666666666671E-01   9.5083333333333342E-01   9.5250000000000001E-01   9.5416666666666672E-01   9.5583333333333342E-01   9.5750000000000002E-01   9.5916666666666672E-01
 9.6083333333333343E-01   9.6250000000000002E-01   9.6416666666666673E-01   9.6583333333333343E-01   9.6750000000000003E-01   9.6916666666666673E-01   9.7083333333333344E-01   9.7250000000000003E-01   9.7416666666666674E-01
 9.7583333333333344E-01   9.7750000000000004E-01   9.7916666666666674E-01   9.8083333333333345E-01   9.8250000000000004E-01   9.8416666666666675E-01   9.8583333333333345E-01   9.8750000000000004E-01   9.8916666666666675E-01
 9.9083333333333334E-01   9.9250000000000005E-01   9.9416666666666675E-01   9.9583333333333335E-01   9.9750000000000005E-01   9.9916666666666676E-01
 1.0000000000000000E+00   1.0000000000000000E+00   1.0000000000000000E+00   1.0000000000000000E+00   1.0000000000000000E+00   1.0000000000000000E+00   1.0000000000000000E+00   1.0000000000000000E+00   1.0000000000000000E+00
 1.0000000000000000E+00   1.0000000000000000E+00   1.0000000000000000E+00   1.0000000000000000E+00   1.0000000000000000E+00   1.0000000000000000E+00   1.0000000000000000E+00   1.0000000000000000E+00   1.0000000000000000E+00
 1.0000000000000000E+00   1.0000000000000000E+00   1.0000000000000000E+00   1.0000000000000000E+00   1.0000000000000000E+00   1.0000000000000000E+00   1.0000000000000000E+00   1.0000000000000000E+00   1.0000000000000000E+00
 1.0000000000000000E+00   1.0000000000000000E+00   1.0000000000000000E+00   1.0000000000000000E+00   1.0000000000000000E+00   1.0000000000000000E+00   1.0000000000000000E+00   1.0000000000000000E+00   1.0000000000000000E+00
 1.0000000000000000E+00   1.0000000000000000E+00   1.0000000000000000E+00   1.0000000000000000E+00   1.0000000000000000E+00   1.0000000000000000E+00   1.0000000000000000E+00   1.0000000000000000E+00   1.0000000000000000E+00
 1.0000000000000000E+00   1.0000000000000000E+00   1.0000000000000000E+00   1.0000000000000000E+00   1.0000000000000000E+00   1.0000000000000000E+00   1.0000000000000000E+00   1.0000000000000000E+00   1.0000000000000000E+00
 1.0000000000000000E+00   1.0000000000000000E+00   1.0000000000000000E+00   1.0000000000000000E+00   1.0000000000000000E+00   1.0000000000000000E+00   1.0000000000000000E+00   1.0000000000000000E+00   1.0000000000000000E+00
 1.0000000000000000E+00   1.0000000000000000E+00   1.0000000000000000E+00   1.0000000000000000E+00   1.0000000000000000E+00   1.0000000000000000E+00   1.0000000000000000E+00   1.0000000000000000E+00   1.0000000000000000E+00
 1.0000000000000000E+00   1.0000000000000000E+00   1.0000000000000000E+00   1.0000000000000000E+00   1.0000000000000000E+00   1.0000000000000000E+00   1.0000000000000000E+00   1.0000000000000000E+00   1.0000000000000000E+00
 1.0000000000000000E+00   1.0000000000000000E+00   1.0000000000000000E+00   1.0000000000000000E+00   1.0000000000000000E+00   1.0000000000000000E+00   1.0000000000000000E+00   1.0000000000000000E+00   1.0000000000000000E+00
 1.0000000000000000E+00   1.0000000000000000E+00   1.0000000000000000E+00   1.0000000000000000E+00   1.0000000000000000E+00   1.0000000000000000E+00   1.0000000000000000E+00   1.0000000000000000E+00   1.0000000000000000E+00
 1.0000000000000000E+00   1.0000000000000000E+00   1.0000000000000000E+00   1.0000000000000000E+00   1.0000000000000000E+00   1.0000000000000000E+00   1.0000000000000000E+00   1.0000000000000000E+00   1.0000000000000000E+00
 1.0000000000000000E+00   1.0000000000000000E+00   1.0000000000000000E+00   1.0000000000000000E+00   1.0000000000000000E+00   1.0000000000000000E+00   1.0000000000000000E+00   1.0000000000000000E+00   1.0000000000000000E+00
 1.0000000000000000E+00   1.0000000000000000E+00   1.0000000000000000E+00   1.0000000000000000E+00   1.0000000000000000E+00   1.0000000000000000E+00   1.0000000000000000E+00   1.0000000000000000E+00   1.0000000000000000E+00
 1.0000000000000000E+00   1.0000000000000000E+00   1.0000000000000000E+00   1.0000000000000000E+00   1.0000000000000000E+00   1.0000000000000000E+00   1.0000000000000000E+00   1.0000000000000000E+00   1.0000000000000000E+00
 1.0000000000000000E+00   1.0000000000000000E+00   1.0000000000000000E+00   1.0000000000000000E+00   1.0000000000000000E+00   1.0000000000000000E+00   1.0000000000000000E+00   1.0000000000000000E+00   1.0000000000000000E+00
 1.0000000000000000E+00   1.0000000000000000E+00   1.0000000000000000E+00   1.0000000000000000E+00   1.0000000000000000E+00   1.0000000000000000E+00   1.0000000000000000E+00   1.0000000000000000E+00   1.0000000000000000E+00
 1.0000000000000000E+00   1.0000000000000000E+00   1.0000000000000000E+00   1.0000000000000000E+00   1.0000000000000000E+00   1.0000000000000000E+00   1.0000000000000000E+00   1.0000000000000000E+00   1.0000000000000000E+00
 1.0000000000000000E+00   1.0000000000000000E+00   1.0000000000000000E+00   1.0000000000000000E+00   1.0000000000000000E+00   1.0000000000000000E+00   1.0000000000000000E+00   1.0000000000000000E+00   1.0000000000000000E+00
 1.0000000000000000E+00   1.0000000000000000E+00   1.0000000000000000E+00   1.0000000000000000E+00   1.0000000000000000E+00   1.0000000000000000E+00   1.0000000000000000E+00   1.0000000000000000E+00   1.0000000000000000E+00
 1.0000000000000000E+00   1.0000000000000000E+00   1.0000000000000000E+00   1.0000000000000000E+00   1.0000000000000000E+00   1.0000000000000000E+00   1.0000000000000000E+00   1.0000000000000000E+00   1.0000000000000000E+00
 1.0000000000000000E+00   1.0000000000000000E+00   1.0000000000000000E+00   1.0000000000000000E+00   1.0000000000000000E+00   1.0000000000000000E+00   1.0000000000000000E+00   1.0000000000000000E+00   1.0000000000000000E+00
 1.0000000000000000E+00   1.0000000000000000E+00   1.0000000000000000E+00   1.0000000000000000E+00   1.0000000000000000E+00   1.0000000000000000E+00   1.0000000000000000E+00   1.0000000000000000E+00   1.0000000000000000E+00
 1.0000000000000000E+00   1.0000000000000000E+00   1.0000000000000000E+00   1.0000000000000000E+00   1.0000000000000000E+00   1.0000000000000000E+00   1.0000000000000000E+00   1.0000000000000000E+00   1.0000000000000000E+00
 1.0000000000000000E+00   1.0000000000000000E+00   1.0000000000000000E+00   1.0000000000000000E+00   1.0000000000000000E+00   1.0000000000000000E+00   1.0000000000000000E+00   1.0000000000000000E+00   1.0000000000000000E+00
 1.0000000000000000E+00   1.0000000000000000E+00   1.0000000000000000E+00   1.0000000000000000E+00   1.0000000000000000E+00   1.0000000000000000E+00   1.0000000000000000E+00   1.0000000000000000E+00   1.0000000000000000E+00
 1.0000000000000000E+00   1.0000000000000000E+00   1.0000000000000000E+00   1.0000000000000000E+00   1.0000000000000000E+00   1.0000000000000000E+00   1.0000000000000000E+00   1.0000000000000000E+00   1.0000000000000000E+00
 1.0000000000000000E+00   1.0000000000000000E+00   1.0000000000000000E+00   1.0000000000000000E+00   1.0000000000000000E+00   1.0000000000000000E+00   1.0000000000000000E+00   1.0000000000000000E+00   1.0000000000000000E+00
 1.0000000000000000E+00   1.0000000000000000E+00   1.0000000000000000E+00   1.0000000000000000E+00   1.0000000000000000E+00   1.0000000000000000E+00   1.0000000000000000E+00   1.0000000000000000E+00   1.0000000000000000E+00
 1.0000000000000000E+00   1.0000000000000000E+00   1.0000000000000000E+00   1.0000000000000000E+00   1.0000000000000000E+00   1.0000000000000000E+00   1.0000000000000000E+00   1.0000000000000000E+00   1.0000000000000000E+00
 1.0000000000000000E+00   1.0000000000000000E+00   1.0000000000000000E+00   1.0000000000000000E+00   1.0000000000000000E+00   1.0000000000000000E+00   1.0000000000000000E+00   1.0000000000000000E+00   1.0000000000000000E+00
 1.0000000000000000E+00   1.0000000000000000E+00   1.0000000000000000E+00   1.0000000000000000E+00   1.0000000000000000E+00   1.0000000000000000E+00   1.0000000000000000E+00   1.0000000000000000E+00   1.0000000000000000E+00
 1.0000000000000000E+00   1.0000000000000000E+00   1.0000000000000000E+00   1.0000000000000000E+00   1.0000000000000000E+00   1.0000000000000000E+00   1.0000000000000000E+00   1.0000000000000000E+00   1.0000000000000000E+00
 1.0000000000000000E+00   1.0000000000000000E+00   1.0000000000000000E+00   1.0000000000000000E+00   1.0000000000000000E+00   1.0000000000000000E+00   1.0000000000000000E+00   1.0000000000000000E+00   1.0000000000000000E+00
 1.0000000000000000E+00   1.0000000000000000E+00   1.0000000000000000E+00   1.0000000000000000E+00   1.0000000000000000E+00   1.0000000000000000E+00   1.0000000000000000E+00   1.0000000000000000E+00   1.0000000000000000E+00
 1.0000000000000000E+00   1.0000000000000000E+00   1.0000000000000000E+00   1.0000000000000000E+00   1.0000000000000000E+00   1.0000000000000000E+00   1.0000000000000000E+00   1.0000000000000000E+00   1.0000000000000000E+00
 1.0000000000000000E+00   1.0000000000000000E+00   1.0000000000000000E+00   1.0000000000000000E+00   1.0000000000000000E+00   1.0000000000000000E+00   1.0000000000000000E+00   1.0000000000000000E+00   1.0000000000000000E+00
 1.0000000000000000E+00   1.0000000000000000E+00   1.0000000000000000E+00   1.0000000000000000E+00   1.0000000000000000E+00   1.0000000000000000E+00   1.0000000000000000E+00   1.0000000000000000E+00   1.0000000000000000E+00
 1.0000000000000000E+00   1.0000000000000000E+00   1.0000000000000000E+00   1.0000000000000000E+00   1.0000000000000000E+00   1.0000000000000000E+00   1.0000000000000000E+00   1.0000000000000000E+00   1.0000000000000000E+00
 1.0000000000000000E+00   1.0000000000000000E+00   1.0000000000000000E+00   1.0000000000000000E+00   1.0000000000000000E+00   1.0000000000000000E+00   1.0000000000000000E+00   1.0000000000000000E+00   1.0000000000000000E+00
 1.0000000000000000E+00   1.0000000000000000E+00   1.0000000000000000E+00   1.0000000000000000E+00   1.0000000000000000E+00   1.0000000000000000E+00   1.0000000000000000E+00   1.0000000000000000E+00   1.0000000000000000E+00
 1.0000000000000000E+00   1.0000000000000000E+00   1.0000000000000000E+00   1.0000000000000000E+00   1.0000000000000000E+00   1.0000000000000000E+00   1.0000000000000000E+00   1.0000000000000000E+00   1.0000000000000000E+00
 1.0000000000000000E+00   1.0000000000000000E+00   1.0000000000000000E+00   1.0000000000000000E+00   1.0000000000000000E+00   1.0000000000000000E+00   1.0000000000000000E+00   1.0000000000000000E+00   1.0000000000000000E+00
 1.0000000000000000E+00   1.0000000000000000E+00   1.0000000000000000E+00   1.0000000000000000E+00   1.0000000000000000E+00   1.0000000000000000E+00   1.0000000000000000E+00   1.0000000000000000E+00   1.0000000000000000E+00
 1.0000000000000000E+00   1.0000000000000000E+00   1.0000000000000000E+00   1.0000000000000000E+00   1.0000000000000000E+00   1.0000000000000000E+00   1.0000000000000000E+00   1.0000000000000000E+00   1.0000000000000000E+00
 1.0000000000000000E+00   1.0000000000000000E+00   1.0000000000000000E+00   1.0000000000000000E+00   1.0000000000000000E+00   1.0000000000000000E+00   1.0000000000000000E+00   1.0000000000000000E+00   1.0000000000000000E+00
 1.0000000000000000E+00   1.0000000000000000E+00   1.0000000000000000E+00   1.0000000000000000E+00   1.0000000000000000E+00   1.0000000000000000E+00   1.0000000000000000E+00   1.0000000000000000E+00   1.0000000000000000E+00
 1.0000000000000000E+00   1.0000000000000000E+00   1.0000000000000000E+00   1.0000000000000000E+00   1.0000000000000000E+00   1.0000000000000000E+00   1.0000000000000000E+00   1.0000000000000000E+00   1.0000000000000000E+00
 1.0000000000000000E+00   1.0000000000000000E+00   1.0000000000000000E+00   1.0000000000000000E+00   1.0000000000000000E+00   1.0000000000000000E+00   1.0000000000000000E+00   1.0000000000000000E+00   1.0000000000000000E+00
 1.0000000000000000E+00   1.0000000000000000E+00   1.0000000000000000E+00   1.0000000000000000E+00   1.0000000000000000E+00   1.0000000000000000E+00   1.0000000000000000E+00   1.0000000000000000E+00   1.0000000000000000E+00
 1.0000000000000000E+00   1.0000000000000000E+00   1.0000000000000000E+00   1.0000000000000000E+00   1.0000000000000000E+00   1.0000000000000000E+00   1.0000000000000000E+00   1.0000000000000000E+00   1.0000000000000000E+00
 1.0000000000000000E+00   1.0000000000000000E+00   1.0000000000000000E+00   1.0000000000000000E+00   1.0000000000000000E+00   1.0000000000000000E+00   1.0000000000000000E+00   1.0000000000000000E+00   1.0000000000000000E+00
 1.0000000000000000E+00   1.0000000000000000E+00   1.0000000000000000E+00   1.0000000000000000E+00   1.0000000000000000E+00   1.0000000000000000E+00   1.0000000000000000E+00   1.0000000000000000E+00   1.0000000000000000E+00
 1.0000000000000000E+00   1.0000000000000000E+00   1.0000000000000000E+00   1.0000000000000000E+00   1.0000000000000000E+00   1.0000000000000000E+00   1.0000000000000000E+00   1.0000000000000000E+00   1.0000000000000000E+00
 1.0000000000000000E+00   1.0000000000000000E+00   1.0000000000000000E+00   1.0000000000000000E+00   1.0000000000000000E+00   1.0000000000000000E+00   1.0000000000000000E+00   1.0000000000000000E+00   1.0000000000000000E+00
 1.0000000000000000E+00   1.0000000000000000E+00   1.0000000000000000E+00   1.0000000000000000E+00   1.0000000000000000E+00   1.0000000000000000E+00   1.0000000000000000E+00   1.0000000000000000E+00   1.0000000000000000E+00
 1.0000000000000000E+00   1.0000000000000000E+00   1.0000000000000000E+00   1.0000000000000000E+00   1.0000000000000000E+00   1.0000000000000000E+00   1.0000000000000000E+00   1.0000000000000000E+00   1.0000000000000000E+00
 1.0000000000000000E+00   1.0000000000000000E+00   1.0000000000000000E+00   1.0000000000000000E+00   1.0000000000000000E+00   1.0000000000000000E+00   1.0000000000000000E+00   1.0000000000000000E+00   1.0000000000000000E+00
 1.0000000000000000E+00   1.0000000000000000E+00   1.0000000000000000E+00   1.0000000000000000E+00   1.0000000000000000E+00   1.0000000000000000E+00   1.0000000000000000E+00   1.0000000000000000E+00   1.0000000000000000E+00
 1.0000000000000000E+00   1.0000000000000000E+00   1.0000000000000000E+00   1.0000000000000000E+00   1.0000000000000000E+00   1.0000000000000000E+00   1.0000000000000000E+00   1.0000000000000000E+00   1.0000000000000000E+00
 1.0000000000000000E+00   1.0000000000000000E+00   1.0000000000000000E+00   1.0000000000000000E+00   1.0000000000000000E+00   1.0000000000000000E+00   1.0000000000000000E+00   1.0000000000000000E+00   1.0000000000000000E+00
 1.0000000000000000E+00   1.0000000000000000E+00   1.0000000000000000E+00   1.0000000000000000E+00   1.0000000000000000E+00   1.0000000000000000E+00   1.0000000000000000E+00   1.0000000000000000E+00   1.0000000000000000E+00
 1.0000000000000000E+00   1.0000000000000000E+00   1.0000000000000000E+00   1.0000000000000000E+00   1.0000000000000000E+00   1.0000000000000000E+00   1.0000000000000000E+00   1.0000000000000000E+00   1.0000000000000000E+00
 1.0000000000000000E+00   1.0000000000000000E+00   1.0000000000000000E+00   1.0000000000000000E+00   1.0000000000000000E+00   1.0000000000000000E+00   1.0000000000000000E+00   1.0000000000000000E+00   1.0000000000000000E+00
 1.0000000000000000E+00   1.0000000000000000E+00   1.0000000000000000E+00   1.0000000000000000E+00   1.0000000000000000E+00   1.0000000000000000E+00   1.0000000000000000E+00   1.0000000000000000E+00   1.0000000000000000E+00
 1.0000000000000000E+00   1.0000000000000000E+00   1.0000000000000000E+00   1.0000000000000000E+00   1.0000000000000000E+00   1.0000000000000000E+00   1.0000000000000000E+00   1.0000000000000000E+00   1.0000000000000000E+00
 1.0000000000000000E+00   1.0000000000000000E+00   1.0000000000000000E+00   1.0000000000000000E+00   1.0000000000000000E+00   1.0000000000000000E+00
 0.0000000000000000E+00   0.0000000000000000E+00   0.0000000000000000E+00   0.0000000000000000E+00   0.0000000000000000E+00   0.0000000000000000E+00   0.0000000000000000E+00   0.0000000000000000E+00   0.0000000000000000E+00
 0.0000000000000000E+00   0.0000000000000000E+00   0.0000000000000000E+00   0.0000000000000000E+00   0.0000000000000000E+00   0.0000000000000000E+00   0.0000000000000000E+00   0.0000000000000000E+00   0.0000000000000000E+00
 0.0000000000000000E+00   0.0000000000000000E+00   0.0000000000000000E+00   0.0000000000000000E+00   0.0000000000000000E+00   0.0000000000000000E+00   0.0000000000000000E+00   0.0000000000000000E+00   0.0000000000000000E+00
 0.0000000000000000E+00   0.0000000000000000E+00   0.0000000000000000E+00   0.0000000000000000E+00   0.0000000000000000E+00   0.0000000000000000E+00   0.0000000000000000E+00   0.0000000000000000E+00   0.0000000000000000E+00
 0.0000000000000000E+00   0.0000000000000000E+00   0.0000000000000000E+00   0.0000000000000000E+00   0.0000000000000000E+00   0.0000000000000000E+00   0.0000000000000000E+00   0.0000000000000000E+00   0.0000000000000000E+00
 0.0000000000000000E+00   0.0000000000000000E+00   0.0000000000000000E+00   0.0000000000000000E+00   0.0000000000000000E+00   0.0000000000000000E+00   0.0000000000000000E+00   0.0000000000000000E+00   0.0000000000000000E+00
 0.0000000000000000E+00   0.0000000000000000E+00   0.0000000000000000E+00   0.0000000000000000E+00   0.0000000000000000E+00   0.0000000000000000E+00   0.0000000000000000E+00   0.0000000000000000E+00   0.0000000000000000E+00
 0.0000000000000000E+00   0.0000000000000000E+00   0.0000000000000000E+00   0.0000000000000000E+00   0.0000000000000000E+00   0.0000000000000000E+00   0.0000000000000000E+00   0.0000000000000000E+00   0.0000000000000000E+00
 0.0000000000000000E+00   0.0000000000000000E+00   0.0000000000000000E+00   0.0000000000000000E+00   0.0000000000000000E+00   0.0000000000000000E+00   0.0000000000000000E+00   0.0000000000000000E+00   0.0000000000000000E+00
 0.0000000000000000E+00   0.0000000000000000E+00   0.0000000000000000E+00   0.0000000000000000E+00   0.0000000000000000E+00   0.0000000000000000E+00   0.0000000000000000E+00   0.0000000000000000E+00   0.0000000000000000E+00
 0.0000000000000000E+00   0.0000000000000000E+00   0.0000000000000000E+00   0.0000000000000000E+00   0.0000000000000000E+00   0.0000000000000000E+00   0.0000000000000000E+00   0.0000000000000000E+00   0.0000000000000000E+00
 0.0000000000000000E+00   0.0000000000000000E+00   0.0000000000000000E+00   0.0000000000000000E+00   0.0000000000000000E+00   0.0000000000000000E+00   0.0000000000000000E+00   0.0000000000000000E+00   0.0000000000000000E+00
 0.0000000000000000E+00   0.0000000000000000E+00   0.0000000000000000E+00   0.0000000000000000E+00   0.0000000000000000E+00   0.0000000000000000E+00   0.0000000000000000E+00   0.0000000000000000E+00   0.0000000000000000E+00
 0.0000000000000000E+00   0.0000000000000000E+00   0.0000000000000000E+00   0.0000000000000000E+00   0.0000000000000000E+00   0.0000000000000000E+00   0.0000000000000000E+00   0.0000000000000000E+00   0.0000000000000000E+00
 0.0000000000000000E+00   0.0000000000000000E+00   0.0000000000000000E+00   0.0000000000000000E+00   0.0000000000000000E+00   0.0000000000000000E+00   0.0000000000000000E+00   0.0000000000000000E+00   0.0000000000000000E+00
 0.0000000000000000E+00   0.0000000000000000E+00   0.0000000000000000E+00   0.0000000000000000E+00   0.0000000000000000E+00   0.0000000000000000E+00   0.0000000000000000E+00   0.0000000000000000E+00   0.0000000000000000E+00
 0.0000000000000000E+00   0.0000000000000000E+00   0.0000000000000000E+00   0.0000000000000000E+00   0.0000000000000000E+00   0.0000000000000000E+00   0.0000000000000000E+00   0.0000000000000000E+00   0.0000000000000000E+00
 0.0000000000000000E+00   0.0000000000000000E+00   0.0000000000000000E+00   0.0000000000000000E+00   0.0000000000000000E+00   0.0000000000000000E+00   0.0000000000000000E+00   0.0000000000000000E+00   0.0000000000000000E+00
 0.0000000000000000E+00   0.0000000000000000E+00   0.0000000000000000E+00   0.0000000000000000E+00   0.0000000000000000E+00   0.0000000000000000E+00   0.0000000000000000E+00   0.0000000000000000E+00   0.0000000000000000E+00
 0.0000000000000000E+00   0.0000000000000000E+00   0.0000000000000000E+00   0.0000000000000000E+00   0.0000000000000000E+00   0.0000000000000000E+00   0.0000000000000000E+00   0.0000000000000000E+00   0.0000000000000000E+00
 0.0000000000000000E+00   0.0000000000000000E+00   0.0000000000000000E+00   0.0000000000000000E+00   0.0000000000000000E+00   0.0000000000000000E+00   0.0000000000000000E+00   0.0000000000000000E+00   0.0000000000000000E+00
 0.0000000000000000E+00   0.0000000000000000E+00   0.0000000000000000E+00   0.0000000000000000E+00   0.0000000000000000E+00   0.0000000000000000E+00   0.0000000000000000E+00   0.0000000000000000E+00   0.0000000000000000E+00
 0.0000000000000000E+00   0.0000000000000000E+00   0.0000000000000000E+00   0.0000000000000000E+00   0.0000000000000000E+00   0.0000000000000000E+00   0.0000000000000000E+00   0.0000000000000000E+00   0.0000000000000000E+00
 0.0000000000000000E+00   0.0000000000000000E+00   0.0000000000000000E+00   0.0000000000000000E+00   0.0000000000000000E+00   0.0000000000000000E+00   0.0000000000000000E+00   0.0000000000000000E+00   0.0000000000000000E+00
 0.0000000000000000E+00   0.0000000000000000E+00   0.0000000000000000E+00   0.0000000000000000E+00   0.0000000000000000E+00   0.0000000000000000E+00   0.0000000000000000E+00   0.0000000000000000E+00   0.0000000000000000E+00
 0.0000000000000000E+00   0.0000000000000000E+00   0.0000000000000000E+00   0.0000000000000000E+00   0.0000000000000000E+00   0.0000000000000000E+00   0.0000000000000000E+00   0.0000000000000000E+00   0.0000000000000000E+00
 0.0000000000000000E+00   0.0000000000000000E+00   0.0000000000000000E+00   0.0000000000000000E+00   0.0000000000000000E+00   0.0000000000000000E+00   0.0000000000000000E+00   0.0000000000000000E+00   0.0000000000000000E+00
 0.0000000000000000E+00   0.0000000000000000E+00   0.0000000000000000E+00   0.0000000000000000E+00   0.0000000000000000E+00   0.0000000000000000E+00   0.0000000000000000E+00   0.0000000000000000E+00   0.0000000000000000E+00
 0.0000000000000000E+00   0.0000000000000000E+00   0.0000000000000000E+00   0.0000000000000000E+00   0.0000000000000000E+00   0.0000000000000000E+00   0.0000000000000000E+00   0.0000000000000000E+00   0.0000000000000000E+00
 0.0000000000000000E+00   0.0000000000000000E+00   0.0000000000000000E+00   0.0000000000000000E+00   0.0000000000000000E+00   0.0000000000000000E+00   0.0000000000000000E+00   0.0000000000000000E+00   0.0000000000000000E+00
 0.0000000000000000E+00   0.0000000000000000E+00   0.0000000000000000E+00   0.0000000000000000E+00   0.0000000000000000E+00   0.0000000000000000E+00   0.0000000000000000E+00   0.0000000000000000E+00   0.0000000000000000E+00
 0.0000000000000000E+00   0.0000000000000000E+00   0.0000000000000000E+00   0.0000000000000000E+00   0.0000000000000000E+00   0.0000000000000000E+00   0.0000000000000000E+00   0.0000000000000000E+00   0.0000000000000000E+00
 0.0000000000000000E+00   0.0000000000000000E+00   0.0000000000000000E+00   0.0000000000000000E+00   0.0000000000000000E+00   0.0000000000000000E+00   0.0000000000000000E+00   0.0000000000000000E+00   0.0000000000000000E+00
 0.0000000000000000E+00   0.0000000000000000E+00   0.0000000000000000E+00   0.0000000000000000E+00   0.0000000000000000E+00   0.0000000000000000E+00   0.0000000000000000E+00   0.0000000000000000E+00   0.0000000000000000E+00
 0.0000000000000000E+00   0.0000000000000000E+00   0.0000000000000000E+00   0.0000000000000000E+00   0.0000000000000000E+00   0.0000000000000000E+00   0.0000000000000000E+00   0.0000000000000000E+00   0.0000000000000000E+00
 0.0000000000000000E+00   0.0000000000000000E+00   0.0000000000000000E+00   0.0000000000000000E+00   0.0000000000000000E+00   0.0000000000000000E+00   0.0000000000000000E+00   0.0000000000000000E+00   0.0000000000000000E+00
 0.0000000000000000E+00   0.0000000000000000E+00   0.0000000000000000E+00   0.0000000000000000E+00   0.0000000000000000E+00   0.0000000000000000E+00   0.0000000000000000E+00   0.0000000000000000E+00   0.0000000000000000E+00
 0.0000000000000000E+00   0.0000000000000000E+00   0.0000000000000000E+00   0.0000000000000000E+00   0.0000000000000000E+00   0.0000000000000000E+00   0.0000000000000000E+00   0.0000000000000000E+00   0.0000000000000000E+00
 0.0000000000000000E+00   0.0000000000000000E+00   0.0000000000000000E+00   0.0000000000000000E+00   0.0000000000000000E+00   0.0000000000000000E+00   0.0000000000000000E+00   0.0000000000000000E+00   0.0000000000000000E+00
 0.0000000000000000E+00   0.0000000000000000E+00   0.0000000000000000E+00   0.0000000000000000E+00   0.0000000000000000E+00   0.0000000000000000E+00   0.0000000000000000E+00   0.0000000000000000E+00   0.0000000000000000E+00
 0.0000000000000000E+00   0.0000000000000000E+00   0.0000000000000000E+00   0.0000000000000000E+00   0.0000000000000000E+00   0.0000000000000000E+00   0.0000000000000000E+00   0.0000000000000000E+00   0.0000000000000000E+00
 0.0000000000000000E+00   0.0000000000000000E+00   0.0000000000000000E+00   0.0000000000000000E+00   0.0000000000000000E+00   0.0000000000000000E+00   0.0000000000000000E+00   0.0000000000000000E+00   0.0000000000000000E+00
 0.0000000000000000E+00   0.0000000000000000E+00   0.0000000000000000E+00   0.0000000000000000E+00   0.0000000000000000E+00   0.0000000000000000E+00   0.0000000000000000E+00   0.0000000000000000E+00   0.0000000000000000E+00
 0.0000000000000000E+00   0.0000000000000000E+00   0.0000000000000000E+00   0.0000000000000000E+00   0.0000000000000000E+00   0.0000000000000000E+00   0.0000000000000000E+00   0.0000000000000000E+00   0.0000000000000000E+00
 0.0000000000000000E+00   0.0000000000000000E+00   0.0000000000000000E+00   0.0000000000000000E+00   0.0000000000000000E+00   0.0000000000000000E+00   0.0000000000000000E+00   0.0000000000000000E+00   0.0000000000000000E+00
 0.0000000000000000E+00   0.0000000000000000E+00   0.0000000000000000E+00   0.0000000000000000E+00   0.0000000000000000E+00   0.0000000000000000E+00   0.0000000000000000E+00   0.0000000000000000E+00   0.0000000000000000E+00
 0.0000000000000000E+00   0.0000000000000000E+00   0.0000000000000000E+00   0.0000000000000000E+00   0.0000000000000000E+00   0.0000000000000000E+00   0.0000000000000000E+00   0.0000000000000000E+00   0.0000000000000000E+00
 0.0000000000000000E+00   0.0000000000000000E+00   0.0000000000000000E+00   0.0000000000000000E+00   0.0000000000000000E+00   0.0000000000000000E+00   0.0000000000000000E+00   0.0000000000000000E+00   0.0000000000000000E+00
 0.0000000000000000E+00   0.0000000000000000E+00   0.0000000000000000E+00   0.0000000000000000E+00   0.0000000000000000E+00   0.0000000000000000E+00   0.0000000000000000E+00   0.0000000000000000E+00   0.0000000000000000E+00
 0.0000000000000000E+00   0.0000000000000000E+00   0.0000000000000000E+00   0.0000000000000000E+00   0.0000000000000000E+00   0.0000000000000000E+00   0.0000000000000000E+00   0.0000000000000000E+00   0.0000000000000000E+00
 0.0000000000000000E+00   0.0000000000000000E+00   0.0000000000000000E+00   0.0000000000000000E+00   0.0000000000000000E+00   0.0000000000000000E+00   0.0000000000000000E+00   0.0000000000000000E+00   0.0000000000000000E+00
 0.0000000000000000E+00   0.0000000000000000E+00   0.0000000000000000E+00   0.0000000000000000E+00   0.0000000000000000E+00   0.0000000000000000E+00   0.0000000000000000E+00   0.0000000000000000E+00   0.0000000000000000E+00
 0.0000000000000000E+00   0.0000000000000000E+00   0.0000000000000000E+00   0.0000000000000000E+00   0.0000000000000000E+00   0.0000000000000000E+00   0.0000000000000000E+00   0.0000000000000000E+00   0.0000000000000000E+00
 0.0000000000000000E+00   0.0000000000000000E+00   0.0000000000000000E+00   0.0000000000000000E+00   0.0000000000000000E+00   0.0000000000000000E+00   0.0000000000000000E+00   0.0000000000000000E+00   0.0000000000000000E+00
 0.0000000000000000E+00   0.0000000000000000E+00   0.0000000000000000E+00   0.0000000000000000E+00   0.0000000000000000E+00   0.0000000000000000E+00   0.0000000000000000E+00   0.0000000000000000E+00   0.0000000000000000E+00
 0.0000000000000000E+00   0.0000000000000000E+00   0.0000000000000000E+00   0.0000000000000000E+00   0.0000000000000000E+00   0.0000000000000000E+00   0.0000000000000000E+00   0.0000000000000000E+00   0.0000000000000000E+00
 0.0000000000000000E+00   0.0000000000000000E+00   0.0000000000000000E+00   0.0000000000000000E+00   0.0000000000000000E+00   0.0000000000000000E+00   0.0000000000000000E+00   0.0000000000000000E+00   0.0000000000000000E+00
 0.0000000000000000E+00   0.0000000000000000E+00   0.0000000000000000E+00   0.0000000000000000E+00   0.0000000000000000E+00   0.0000000000000000E+00   0.0000000000000000E+00   0.0000000000000000E+00   0.0000000000000000E+00
 0.0000000000000000E+00   0.0000000000000000E+00   0.0000000000000000E+00   0.0000000000000000E+00   0.0000000000000000E+00   0.0000000000000000E+00   0.0000000000000000E+00   0.0000000000000000E+00   0.0000000000000000E+00
 0.0000000000000000E+00   0.0000000000000000E+00   0.0000000000000000E+00   0.0000000000000000E+00   0.0000000000000000E+00   0.0000000000000000E+00   0.0000000000000000E+00   0.0000000000000000E+00   0.0000000000000000E+00
 0.0000000000000000E+00   0.0000000000000000E+00   0.0000000000000000E+00   0.0000000000000000E+00   0.0000000000000000E+00   0.0000000000000000E+00   0.0000000000000000E+00   0.0000000000000000E+00   0.0000000000000000E+00
 0.0000000000000000E+00   0.0000000000000000E+00   0.0000000000000000E+00   0.0000000000000000E+00   0.0000000000000000E+00   0.0000000000000000E+00   0.0000000000000000E+00   0.0000000000000000E+00   0.0000000000000000E+00
 0.0000000000000000E+00   0.0000000000000000E+00   0.0000000000000000E+00   0.0000000000000000E+00   0.0000000000000000E+00   0.0000000000000000E+00   0.0000000000000000E+00   0.0000000000000000E+00   0.0000000000000000E+00
 0.0000000000000000E+00   0.0000000000000000E+00   0.0000000000000000E+00   0.0000000000000000E+00   0.0000000000000000E+00   0.0000000000000000E+00   0.0000000000000000E+00   0.0000000000000000E+00   0.0000000000000000E+00
 0.0000000000000000E+00   0.0000000000000000E+00   0.0000000000000000E+00   0.0000000000000000E+00   0.0000000000000000E+00   0.0000000000000000E+00   0.0000000000000000E+00   0.0000000000000000E+00   0.0000000000000000E+00
 0.0000000000000000E+00   0.0000000000000000E+00   0.0000000000000000E+00   0.0000000000000000E+00   0.0000000000000000E+00   0.0000000000000000E+00   0.0000000000000000E+00   0.0000000000000000E+00   0.0000000000000000E+00
 0.0000000000000000E+00   0.0000000000000000E+00   0.0000000000000000E+00   0.0000000000000000E+00   0.0000000000000000E+00   0.0000000000000000E+00
 2.0001666666666669E+00   2.0005000000000006E+00   2.0008333333333335E+00   2.0011666666666668E+00   2.0015000000000001E+00   2.0018333333333334E+00   2.0021666666666667E+00   2.0024999999999999E+00   2.0028333333333332E+00
 2.0031666666666665E+00   2.0034999999999998E+00   2.0038333333333331E+00   2.0041666666666669E+00   2.0045000000000002E+00   2.0048333333333335E+00   2.0051666666666668E+00   2.0055000000000001E+00   2.0058333333333334E+00
 2.0061666666666667E+00   2.0065000000000000E+00   2.0068333333333332E+00   2.0071666666666665E+00   2.0074999999999998E+00   2.0078333333333331E+00   2.0081666666666669E+00   2.0085000000000006E+00   2.0088333333333335E+00
 2.0091666666666668E+00   2.0095000000000001E+00   2.0098333333333334E+00   2.0101666666666667E+00   2.0105000000000000E+00   2.0108333333333333E+00   2.0111666666666665E+00   2.0114999999999998E+00   2.0118333333333331E+00
 2.0121666666666669E+00   2.0125000000000002E+00   2.0128333333333339E+00   2.0131666666666668E+00   2.0135000000000001E+00   2.0138333333333334E+00   2.0141666666666667E+00   2.0145000000000000E+00   2.0148333333333333E+00
 2.0151666666666666E+00   2.0154999999999998E+00   2.0158333333333331E+00   2.0161666666666669E+00   2.0165000000000002E+00   2.0168333333333335E+00   2.0171666666666668E+00   2.0175000000000001E+00   2.0178333333333338E+00
 2.0181666666666667E+00   2.0185000000000000E+00   2.0188333333333333E+00   2.0191666666666670E+00   2.0194999999999999E+00   2.0198333333333331E+00   2.0201666666666669E+00   2.0205000000000002E+00   2.0208333333333339E+00
 2.0211666666666668E+00   2.0215000000000001E+00   2.0218333333333334E+00   2.0221666666666667E+00   2.0225000000000000E+00   2.0228333333333333E+00   2.0231666666666666E+00   2.0234999999999999E+00   2.0238333333333332E+00
 2.0241666666666669E+00   2.0245000000000002E+00   2.0248333333333335E+00   2.0251666666666672E+00   2.0255000000000001E+00   2.0258333333333338E+00   2.0261666666666667E+00   2.0265000000000000E+00   2.0268333333333333E+00
 2.0271666666666670E+00   2.0274999999999999E+00   2.0278333333333332E+00   2.0281666666666669E+00   2.0285000000000002E+00   2.0288333333333335E+00   2.0291666666666668E+00   2.0295000000000001E+00   2.0298333333333334E+00
 2.0301666666666667E+00   2.0305000000000000E+00   2.0308333333333337E+00   2.0311666666666666E+00   2.0314999999999999E+00   2.0318333333333332E+00   2.0321666666666669E+00   2.0325000000000002E+00   2.0328333333333335E+00
 2.0331666666666668E+00   2.0335000000000001E+00   2.0338333333333334E+00   2.0341666666666667E+00   2.0345000000000000E+00   2.0348333333333333E+00   2.0351666666666666E+00   2.0354999999999999E+00   2.0358333333333332E+00
 2.0361666666666673E+00   2.0365000000000002E+00   2.0368333333333339E+00   2.0371666666666668E+00   2.0375000000000001E+00   2.0378333333333334E+00   2.0381666666666667E+00   2.0385000000000000E+00   2.0388333333333337E+00
 2.0391666666666666E+00   2.0394999999999999E+00   2.0398333333333332E+00   2.0401666666666669E+00   2.0405000000000002E+00   2.0408333333333335E+00   2.0411666666666668E+00   2.0415000000000001E+00   2.0418333333333338E+00
 2.0421666666666667E+00   2.0425000000000000E+00   2.0428333333333333E+00   2.0431666666666666E+00   2.0434999999999999E+00   2.0438333333333332E+00   2.0441666666666669E+00   2.0445000000000002E+00   2.0448333333333335E+00
 2.0451666666666668E+00   2.0455000000000001E+00   2.0458333333333334E+00   2.0461666666666667E+00   2.0465000000000000E+00   2.0468333333333333E+00   2.0471666666666666E+00   2.0474999999999999E+00   2.0478333333333332E+00
 2.0481666666666669E+00   2.0485000000000002E+00   2.0488333333333335E+00   2.0491666666666668E+00   2.0495000000000001E+00   2.0498333333333334E+00   2.0501666666666667E+00   2.0505000000000000E+00   2.0508333333333333E+00
 2.0511666666666666E+00   2.0514999999999999E+00   2.0518333333333332E+00   2.0521666666666669E+00   2.0525000000000002E+00   2.0528333333333340E+00   2.0531666666666668E+00   2.0535000000000001E+00   2.0538333333333334E+00
 2.0541666666666671E+00   2.0545000000000000E+00   2.0548333333333337E+00   2.0551666666666666E+00   2.0554999999999999E+00   2.0558333333333332E+00   2.0561666666666669E+00   2.0565000000000002E+00   2.0568333333333335E+00
 2.0571666666666668E+00   2.0575000000000001E+00   2.0578333333333338E+00   2.0581666666666667E+00   2.0585000000000004E+00   2.0588333333333333E+00   2.0591666666666666E+00   2.0594999999999999E+00   2.0598333333333336E+00
 2.0601666666666674E+00   2.0605000000000002E+00   2.0608333333333340E+00   2.0611666666666668E+00   2.0615000000000001E+00   2.0618333333333334E+00   2.0621666666666667E+00   2.0625000000000000E+00   2.0628333333333337E+00
 2.0631666666666666E+00   2.0634999999999999E+00   2.0638333333333332E+00   2.0641666666666669E+00   2.0645000000000002E+00   2.0648333333333335E+00   2.0651666666666668E+00   2.0655000000000001E+00   2.0658333333333334E+00
 2.0661666666666667E+00   2.0665000000000004E+00   2.0668333333333333E+00   2.0671666666666666E+00   2.0674999999999999E+00   2.0678333333333332E+00   2.0681666666666669E+00   2.0685000000000002E+00   2.0688333333333335E+00
 2.0691666666666668E+00   2.0695000000000001E+00   2.0698333333333334E+00   2.0701666666666667E+00   2.0705000000000000E+00   2.0708333333333337E+00   2.0711666666666666E+00   2.0714999999999999E+00   2.0718333333333332E+00
 2.0721666666666669E+00   2.0725000000000002E+00   2.0728333333333335E+00   2.0731666666666668E+00   2.0735000000000001E+00   2.0738333333333339E+00   2.0741666666666667E+00   2.0745000000000000E+00   2.0748333333333333E+00
 2.0751666666666666E+00   2.0754999999999999E+00   2.0758333333333332E+00   2.0761666666666669E+00   2.0765000000000002E+00   2.0768333333333340E+00   2.0771666666666668E+00   2.0775000000000001E+00   2.0778333333333334E+00
 2.0781666666666672E+00   2.0785000000000000E+00   2.0788333333333333E+00   2.0791666666666666E+00   2.0794999999999999E+00   2.0798333333333332E+00   2.0801666666666669E+00   2.0805000000000002E+00   2.0808333333333335E+00
 2.0811666666666668E+00   2.0815000000000001E+00   2.0818333333333334E+00   2.0821666666666667E+00   2.0825000000000005E+00   2.0828333333333333E+00   2.0831666666666666E+00   2.0834999999999999E+00   2.0838333333333332E+00
 2.0841666666666674E+00   2.0845000000000002E+00   2.0848333333333340E+00   2.0851666666666668E+00   2.0855000000000001E+00   2.0858333333333334E+00   2.0861666666666667E+00   2.0865000000000000E+00   2.0868333333333333E+00
 2.0871666666666666E+00   2.0874999999999999E+00   2.0878333333333332E+00   2.0881666666666669E+00   2.0885000000000007E+00   2.0888333333333335E+00   2.0891666666666668E+00   2.0895000000000001E+00   2.0898333333333334E+00
 2.0901666666666667E+00   2.0905000000000000E+00   2.0908333333333333E+00   2.0911666666666666E+00   2.0914999999999999E+00   2.0918333333333332E+00   2.0921666666666670E+00   2.0925000000000002E+00   2.0928333333333335E+00
 2.0931666666666668E+00   2.0935000000000001E+00   2.0938333333333334E+00   2.0941666666666672E+00   2.0945000000000000E+00   2.0948333333333333E+00   2.0951666666666666E+00   2.0954999999999999E+00   2.0958333333333332E+00
 2.0961666666666670E+00   2.0965000000000003E+00   2.0968333333333335E+00   2.0971666666666668E+00   2.0975000000000001E+00   2.0978333333333334E+00   2.0981666666666667E+00   2.0985000000000000E+00   2.0988333333333333E+00
 2.0991666666666666E+00   2.0994999999999999E+00   2.0998333333333332E+00   2.1001666666666674E+00   2.1005000000000003E+00   2.1008333333333340E+00   2.1011666666666668E+00   2.1015000000000001E+00   2.1018333333333334E+00
 2.1021666666666667E+00   2.1025000000000000E+00   2.1028333333333338E+00   2.1031666666666666E+00   2.1034999999999999E+00   2.1038333333333332E+00   2.1041666666666670E+00   2.1045000000000003E+00   2.1048333333333336E+00
 2.1051666666666669E+00   2.1055000000000001E+00   2.1058333333333334E+00   2.1061666666666667E+00   2.1065000000000000E+00   2.1068333333333333E+00   2.1071666666666666E+00   2.1074999999999999E+00   2.1078333333333332E+00
 2.1081666666666674E+00   2.1085000000000003E+00   2.1088333333333340E+00   2.1091666666666669E+00   2.1095000000000006E+00   2.1098333333333334E+00   2.1101666666666672E+00   2.1105000000000000E+00   2.1108333333333333E+00
 2.1111666666666666E+00   2.1114999999999999E+00   2.1118333333333332E+00   2.1121666666666670E+00   2.1125000000000003E+00   2.1128333333333336E+00   2.1131666666666669E+00   2.1135000000000002E+00   2.1138333333333339E+00
 2.1141666666666667E+00   2.1145000000000005E+00   2.1148333333333333E+00   2.1151666666666671E+00   2.1154999999999999E+00   2.1158333333333337E+00   2.1161666666666670E+00   2.1165000000000003E+00   2.1168333333333340E+00
 2.1171666666666669E+00   2.1175000000000006E+00   2.1178333333333335E+00   2.1181666666666668E+00   2.1185000000000000E+00   2.1188333333333333E+00   2.1191666666666666E+00   2.1194999999999999E+00   2.1198333333333332E+00
 2.1201666666666670E+00   2.1205000000000003E+00   2.1208333333333336E+00   2.1211666666666669E+00   2.1215000000000002E+00   2.1218333333333335E+00   2.1221666666666668E+00   2.1225000000000001E+00   2.1228333333333333E+00
 2.1231666666666666E+00   2.1234999999999999E+00   2.1238333333333337E+00   2.1241666666666670E+00   2.1245000000000003E+00   2.1248333333333340E+00   2.1251666666666669E+00   2.1255000000000002E+00   2.1258333333333335E+00
 2.1261666666666672E+00   2.1265000000000001E+00   2.1268333333333334E+00   2.1271666666666667E+00   2.1274999999999999E+00   2.1278333333333332E+00   2.1281666666666670E+00   2.1285000000000007E+00   2.1288333333333336E+00
 2.1291666666666669E+00   2.1295000000000002E+00   2.1298333333333335E+00   2.1301666666666668E+00   2.1305000000000001E+00   2.1308333333333334E+00   2.1311666666666667E+00   2.1315000000000000E+00   2.1318333333333332E+00
 2.1321666666666674E+00   2.1325000000000003E+00   2.1328333333333336E+00   2.1331666666666669E+00   2.1335000000000006E+00   2.1338333333333335E+00   2.1341666666666668E+00   2.1345000000000001E+00   2.1348333333333338E+00
 2.1351666666666667E+00   2.1355000000000000E+00   2.1358333333333333E+00   2.1361666666666670E+00   2.1365000000000003E+00   2.1368333333333336E+00   2.1371666666666673E+00   2.1375000000000002E+00   2.1378333333333335E+00
 2.1381666666666668E+00   2.1385000000000001E+00   2.1388333333333334E+00   2.1391666666666671E+00   2.1395000000000000E+00   2.1398333333333337E+00   2.1401666666666670E+00   2.1405000000000003E+00   2.1408333333333340E+00
 2.1411666666666669E+00   2.1415000000000002E+00   2.1418333333333335E+00   2.1421666666666672E+00   2.1425000000000001E+00   2.1428333333333334E+00   2.1431666666666667E+00   2.1435000000000000E+00   2.1438333333333333E+00
 2.1441666666666670E+00   2.1445000000000003E+00   2.1448333333333336E+00   2.1451666666666669E+00   2.1455000000000002E+00   2.1458333333333339E+00   2.1461666666666668E+00   2.1465000000000001E+00   2.1468333333333334E+00
 2.1471666666666667E+00   2.1475000000000000E+00   2.1478333333333337E+00   2.1481666666666670E+00   2.1485000000000003E+00   2.1488333333333336E+00   2.1491666666666669E+00   2.1495000000000002E+00   2.1498333333333335E+00
 2.1501666666666668E+00   2.1505000000000001E+00   2.1508333333333338E+00   2.1511666666666667E+00   2.1515000000000000E+00   2.1518333333333333E+00   2.1521666666666670E+00   2.1525000000000003E+00   2.1528333333333336E+00
 2.1531666666666669E+00   2.1535000000000002E+00   2.1538333333333335E+00   2.1541666666666668E+00   2.1545000000000001E+00   2.1548333333333334E+00   2.1551666666666671E+00   2.1555000000000000E+00   2.1558333333333337E+00
 2.1561666666666670E+00   2.1565000000000003E+00   2.1568333333333336E+00   2.1571666666666669E+00   2.1575000000000002E+00   2.1578333333333335E+00   2.1581666666666668E+00   2.1585000000000001E+00   2.1588333333333334E+00
 2.1591666666666667E+00   2.1595000000000004E+00   2.1598333333333333E+00   2.1601666666666670E+00   2.1605000000000008E+00   2.1608333333333336E+00   2.1611666666666669E+00   2.1615000000000002E+00   2.1618333333333335E+00
 2.1621666666666668E+00   2.1625000000000001E+00   2.1628333333333334E+00   2.1631666666666671E+00   2.1635000000000000E+00   2.1638333333333337E+00   2.1641666666666670E+00   2.1645000000000003E+00   2.1648333333333341E+00
 2.1651666666666669E+00   2.1655000000000006E+00   2.1658333333333335E+00   2.1661666666666668E+00   2.1665000000000001E+00   2.1668333333333334E+00   2.1671666666666667E+00   2.1675000000000004E+00   2.1678333333333333E+00
 2.1681666666666670E+00   2.1685000000000003E+00   2.1688333333333336E+00   2.1691666666666669E+00   2.1695000000000002E+00   2.1698333333333339E+00   2.1701666666666668E+00   2.1705000000000001E+00   2.1708333333333334E+00
 2.1711666666666671E+00   2.1715000000000000E+00   2.1718333333333337E+00   2.1721666666666675E+00   2.1725000000000003E+00   2.1728333333333341E+00   2.1731666666666669E+00   2.1735000000000007E+00   2.1738333333333335E+00
 2.1741666666666668E+00   2.1745000000000001E+00   2.1748333333333334E+00   2.1751666666666667E+00   2.1755000000000004E+00   2.1758333333333333E+00   2.1761666666666670E+00   2.1765000000000003E+00   2.1768333333333336E+00
 2.1771666666666674E+00   2.1775000000000002E+00   2.1778333333333340E+00   2.1781666666666668E+00   2.1785000000000001E+00   2.1788333333333334E+00   2.1791666666666667E+00   2.1795000000000000E+00   2.1798333333333333E+00
 2.1801666666666675E+00   2.1805000000000003E+00   2.1808333333333336E+00   2.1811666666666669E+00   2.1815000000000002E+00   2.1818333333333335E+00   2.1821666666666668E+00   2.1825000000000001E+00   2.1828333333333338E+00
 2.1831666666666667E+00   2.1835000000000000E+00   2.1838333333333333E+00   2.1841666666666670E+00   2.1845000000000008E+00   2.1848333333333336E+00   2.1851666666666674E+00   2.1855000000000002E+00   2.1858333333333335E+00
 2.1861666666666668E+00   2.1865000000000001E+00   2.1868333333333334E+00   2.1871666666666671E+00   2.1875000000000000E+00   2.1878333333333337E+00   2.1881666666666670E+00   2.1885000000000003E+00   2.1888333333333336E+00
 2.1891666666666669E+00   2.1895000000000002E+00   2.1898333333333335E+00   2.1901666666666668E+00   2.1905000000000001E+00   2.1908333333333334E+00   2.1911666666666667E+00   2.1915000000000000E+00   2.1918333333333333E+00
 2.1921666666666670E+00   2.1925000000000003E+00   2.1928333333333336E+00   2.1931666666666674E+00   2.1935000000000002E+00   2.1938333333333335E+00   2.1941666666666668E+00   2.1945000000000006E+00   2.1948333333333334E+00
 2.1951666666666672E+00   2.1955000000000000E+00   2.1958333333333337E+00   2.1961666666666670E+00   2.1965000000000003E+00   2.1968333333333336E+00   2.1971666666666669E+00   2.1975000000000002E+00   2.1978333333333335E+00
 2.1981666666666673E+00   2.1985000000000001E+00   2.1988333333333334E+00   2.1991666666666667E+00   2.1995000000000005E+00   2.1998333333333333E+00
 1.0000833333333334E+00   1.0002500000000003E+00   1.0004166666666667E+00   1.0005833333333334E+00   1.0007500000000000E+00   1.0009166666666667E+00   1.0010833333333333E+00   1.0012500000000000E+00   1.0014166666666666E+00
 1.0015833333333333E+00   1.0017499999999999E+00   1.0019166666666666E+00   1.0020833333333334E+00   1.0022500000000001E+00   1.0024166666666667E+00   1.0025833333333334E+00   1.0027500000000000E+00   1.0029166666666667E+00
 1.0030833333333333E+00   1.0032500000000000E+00   1.0034166666666666E+00   1.0035833333333333E+00   1.0037499999999999E+00   1.0039166666666666E+00   1.0040833333333334E+00   1.0042500000000003E+00   1.0044166666666667E+00
 1.0045833333333334E+00   1.0047500000000000E+00   1.0049166666666667E+00   1.0050833333333333E+00   1.0052500000000000E+00   1.0054166666666666E+00   1.0055833333333333E+00   1.0057499999999999E+00   1.0059166666666666E+00
 1.0060833333333334E+00   1.0062500000000001E+00   1.0064166666666670E+00   1.0065833333333334E+00   1.0067500000000000E+00   1.0069166666666667E+00   1.0070833333333333E+00   1.0072500000000000E+00   1.0074166666666666E+00
 1.0075833333333333E+00   1.0077499999999999E+00   1.0079166666666666E+00   1.0080833333333334E+00   1.0082500000000001E+00   1.0084166666666667E+00   1.0085833333333334E+00   1.0087500000000000E+00   1.0089166666666669E+00
 1.0090833333333333E+00   1.0092500000000000E+00   1.0094166666666666E+00   1.0095833333333335E+00   1.0097499999999999E+00   1.0099166666666666E+00   1.0100833333333334E+00   1.0102500000000001E+00   1.0104166666666670E+00
 1.0105833333333334E+00   1.0107500000000000E+00   1.0109166666666667E+00   1.0110833333333333E+00   1.0112500000000000E+00   1.0114166666666666E+00   1.0115833333333333E+00   1.0117499999999999E+00   1.0119166666666666E+00
 1.0120833333333334E+00   1.0122500000000001E+00   1.0124166666666667E+00   1.0125833333333336E+00   1.0127500000000000E+00   1.0129166666666669E+00   1.0130833333333333E+00   1.0132500000000000E+00   1.0134166666666666E+00
 1.0135833333333335E+00   1.0137499999999999E+00   1.0139166666666666E+00   1.0140833333333334E+00   1.0142500000000001E+00   1.0144166666666667E+00   1.0145833333333334E+00   1.0147500000000000E+00   1.0149166666666667E+00
 1.0150833333333333E+00   1.0152500000000000E+00   1.0154166666666669E+00   1.0155833333333333E+00   1.0157499999999999E+00   1.0159166666666666E+00   1.0160833333333334E+00   1.0162500000000001E+00   1.0164166666666667E+00
 1.0165833333333334E+00   1.0167500000000000E+00   1.0169166666666667E+00   1.0170833333333333E+00   1.0172500000000000E+00   1.0174166666666666E+00   1.0175833333333333E+00   1.0177499999999999E+00   1.0179166666666666E+00
 1.0180833333333337E+00   1.0182500000000001E+00   1.0184166666666670E+00   1.0185833333333334E+00   1.0187500000000000E+00   1.0189166666666667E+00   1.0190833333333333E+00   1.0192500000000000E+00   1.0194166666666669E+00
 1.0195833333333333E+00   1.0197499999999999E+00   1.0199166666666666E+00   1.0200833333333335E+00   1.0202500000000001E+00   1.0204166666666667E+00   1.0205833333333334E+00   1.0207500000000000E+00   1.0209166666666669E+00
 1.0210833333333333E+00   1.0212500000000000E+00   1.0214166666666666E+00   1.0215833333333333E+00   1.0217499999999999E+00   1.0219166666666666E+00   1.0220833333333335E+00   1.0222500000000001E+00   1.0224166666666668E+00
 1.0225833333333334E+00   1.0227500000000000E+00   1.0229166666666667E+00   1.0230833333333333E+00   1.0232500000000000E+00   1.0234166666666666E+00   1.0235833333333333E+00   1.0237499999999999E+00   1.0239166666666666E+00
 1.0240833333333335E+00   1.0242500000000001E+00   1.0244166666666668E+00   1.0245833333333334E+00   1.0247500000000000E+00   1.0249166666666667E+00   1.0250833333333333E+00   1.0252500000000000E+00   1.0254166666666666E+00
 1.0255833333333333E+00   1.0257499999999999E+00   1.0259166666666666E+00   1.0260833333333335E+00   1.0262500000000001E+00   1.0264166666666670E+00   1.0265833333333334E+00   1.0267500000000001E+00   1.0269166666666667E+00
 1.0270833333333336E+00   1.0272500000000000E+00   1.0274166666666669E+00   1.0275833333333333E+00   1.0277499999999999E+00   1.0279166666666666E+00   1.0280833333333335E+00   1.0282500000000001E+00   1.0284166666666668E+00
 1.0285833333333334E+00   1.0287500000000001E+00   1.0289166666666669E+00   1.0290833333333333E+00   1.0292500000000002E+00   1.0294166666666666E+00   1.0295833333333333E+00   1.0297499999999999E+00   1.0299166666666668E+00
 1.0300833333333337E+00   1.0302500000000001E+00   1.0304166666666670E+00   1.0305833333333334E+00   1.0307500000000001E+00   1.0309166666666667E+00   1.0310833333333334E+00   1.0312500000000000E+00   1.0314166666666669E+00
 1.0315833333333333E+00   1.0317499999999999E+00   1.0319166666666666E+00   1.0320833333333335E+00   1.0322500000000001E+00   1.0324166666666668E+00   1.0325833333333334E+00   1.0327500000000001E+00   1.0329166666666667E+00
 1.0330833333333334E+00   1.0332500000000002E+00   1.0334166666666667E+00   1.0335833333333333E+00   1.0337499999999999E+00   1.0339166666666666E+00   1.0340833333333335E+00   1.0342500000000001E+00   1.0344166666666668E+00
 1.0345833333333334E+00   1.0347500000000001E+00   1.0349166666666667E+00   1.0350833333333334E+00   1.0352500000000000E+00   1.0354166666666669E+00   1.0355833333333333E+00   1.0357499999999999E+00   1.0359166666666666E+00
 1.0360833333333335E+00   1.0362500000000001E+00   1.0364166666666668E+00   1.0365833333333334E+00   1.0367500000000001E+00   1.0369166666666669E+00   1.0370833333333334E+00   1.0372500000000000E+00   1.0374166666666667E+00
 1.0375833333333333E+00   1.0377500000000000E+00   1.0379166666666666E+00   1.0380833333333335E+00   1.0382500000000001E+00   1.0384166666666670E+00   1.0385833333333334E+00   1.0387500000000001E+00   1.0389166666666667E+00
 1.0390833333333336E+00   1.0392500000000000E+00   1.0394166666666667E+00   1.0395833333333333E+00   1.0397500000000000E+00   1.0399166666666666E+00   1.0400833333333335E+00   1.0402500000000001E+00   1.0404166666666668E+00
 1.0405833333333334E+00   1.0407500000000001E+00   1.0409166666666667E+00   1.0410833333333334E+00   1.0412500000000002E+00   1.0414166666666667E+00   1.0415833333333333E+00   1.0417500000000000E+00   1.0419166666666666E+00
 1.0420833333333337E+00   1.0422500000000001E+00   1.0424166666666670E+00   1.0425833333333334E+00   1.0427500000000001E+00   1.0429166666666667E+00   1.0430833333333334E+00   1.0432500000000000E+00   1.0434166666666667E+00
 1.0435833333333333E+00   1.0437500000000000E+00   1.0439166666666666E+00   1.0440833333333335E+00   1.0442500000000003E+00   1.0444166666666668E+00   1.0445833333333334E+00   1.0447500000000001E+00   1.0449166666666667E+00
 1.0450833333333334E+00   1.0452500000000000E+00   1.0454166666666667E+00   1.0455833333333333E+00   1.0457500000000000E+00   1.0459166666666666E+00   1.0460833333333335E+00   1.0462500000000001E+00   1.0464166666666668E+00
 1.0465833333333334E+00   1.0467500000000001E+00   1.0469166666666667E+00   1.0470833333333336E+00   1.0472500000000000E+00   1.0474166666666667E+00   1.0475833333333333E+00   1.0477500000000000E+00   1.0479166666666666E+00
 1.0480833333333335E+00   1.0482500000000001E+00   1.0484166666666668E+00   1.0485833333333334E+00   1.0487500000000001E+00   1.0489166666666667E+00   1.0490833333333334E+00   1.0492500000000000E+00   1.0494166666666667E+00
 1.0495833333333333E+00   1.0497500000000000E+00   1.0499166666666666E+00   1.0500833333333337E+00   1.0502500000000001E+00   1.0504166666666670E+00   1.0505833333333334E+00   1.0507500000000001E+00   1.0509166666666667E+00
 1.0510833333333334E+00   1.0512500000000000E+00   1.0514166666666669E+00   1.0515833333333333E+00   1.0517500000000000E+00   1.0519166666666666E+00   1.0520833333333335E+00   1.0522500000000001E+00   1.0524166666666668E+00
 1.0525833333333334E+00   1.0527500000000001E+00   1.0529166666666667E+00   1.0530833333333334E+00   1.0532500000000000E+00   1.0534166666666667E+00   1.0535833333333333E+00   1.0537500000000000E+00   1.0539166666666666E+00
 1.0540833333333337E+00   1.0542500000000001E+00   1.0544166666666670E+00   1.0545833333333334E+00   1.0547500000000003E+00   1.0549166666666667E+00   1.0550833333333336E+00   1.0552500000000000E+00   1.0554166666666667E+00
 1.0555833333333333E+00   1.0557500000000000E+00   1.0559166666666666E+00   1.0560833333333335E+00   1.0562500000000001E+00   1.0564166666666668E+00   1.0565833333333334E+00   1.0567500000000001E+00   1.0569166666666669E+00
 1.0570833333333334E+00   1.0572500000000002E+00   1.0574166666666667E+00   1.0575833333333335E+00   1.0577500000000000E+00   1.0579166666666668E+00   1.0580833333333335E+00   1.0582500000000001E+00   1.0584166666666670E+00
 1.0585833333333334E+00   1.0587500000000003E+00   1.0589166666666667E+00   1.0590833333333334E+00   1.0592500000000000E+00   1.0594166666666667E+00   1.0595833333333333E+00   1.0597500000000000E+00   1.0599166666666666E+00
 1.0600833333333335E+00   1.0602500000000001E+00   1.0604166666666668E+00   1.0605833333333334E+00   1.0607500000000001E+00   1.0609166666666667E+00   1.0610833333333334E+00   1.0612500000000000E+00   1.0614166666666667E+00
 1.0615833333333333E+00   1.0617500000000000E+00   1.0619166666666668E+00   1.0620833333333335E+00   1.0622500000000001E+00   1.0624166666666670E+00   1.0625833333333334E+00   1.0627500000000001E+00   1.0629166666666667E+00
 1.0630833333333336E+00   1.0632500000000000E+00   1.0634166666666667E+00   1.0635833333333333E+00   1.0637500000000000E+00   1.0639166666666666E+00   1.0640833333333335E+00   1.0642500000000004E+00   1.0644166666666668E+00
 1.0645833333333334E+00   1.0647500000000001E+00   1.0649166666666667E+00   1.0650833333333334E+00   1.0652500000000000E+00   1.0654166666666667E+00   1.0655833333333333E+00   1.0657500000000000E+00   1.0659166666666666E+00
 1.0660833333333337E+00   1.0662500000000001E+00   1.0664166666666668E+00   1.0665833333333334E+00   1.0667500000000003E+00   1.0669166666666667E+00   1.0670833333333334E+00   1.0672500000000000E+00   1.0674166666666669E+00
 1.0675833333333333E+00   1.0677500000000000E+00   1.0679166666666666E+00   1.0680833333333335E+00   1.0682500000000001E+00   1.0684166666666668E+00   1.0685833333333337E+00   1.0687500000000001E+00   1.0689166666666667E+00
 1.0690833333333334E+00   1.0692500000000000E+00   1.0694166666666667E+00   1.0695833333333336E+00   1.0697500000000000E+00   1.0699166666666668E+00   1.0700833333333335E+00   1.0702500000000001E+00   1.0704166666666670E+00
 1.0705833333333334E+00   1.0707500000000001E+00   1.0709166666666667E+00   1.0710833333333336E+00   1.0712500000000000E+00   1.0714166666666667E+00   1.0715833333333333E+00   1.0717500000000000E+00   1.0719166666666666E+00
 1.0720833333333335E+00   1.0722500000000001E+00   1.0724166666666668E+00   1.0725833333333334E+00   1.0727500000000001E+00   1.0729166666666670E+00   1.0730833333333334E+00   1.0732500000000000E+00   1.0734166666666667E+00
 1.0735833333333333E+00   1.0737500000000000E+00   1.0739166666666669E+00   1.0740833333333335E+00   1.0742500000000001E+00   1.0744166666666668E+00   1.0745833333333334E+00   1.0747500000000001E+00   1.0749166666666667E+00
 1.0750833333333334E+00   1.0752500000000000E+00   1.0754166666666669E+00   1.0755833333333333E+00   1.0757500000000000E+00   1.0759166666666666E+00   1.0760833333333335E+00   1.0762500000000002E+00   1.0764166666666668E+00
 1.0765833333333334E+00   1.0767500000000001E+00   1.0769166666666667E+00   1.0770833333333334E+00   1.0772500000000000E+00   1.0774166666666667E+00   1.0775833333333336E+00   1.0777500000000000E+00   1.0779166666666669E+00
 1.0780833333333335E+00   1.0782500000000002E+00   1.0784166666666668E+00   1.0785833333333334E+00   1.0787500000000001E+00   1.0789166666666667E+00   1.0790833333333334E+00   1.0792500000000000E+00   1.0794166666666667E+00
 1.0795833333333333E+00   1.0797500000000002E+00   1.0799166666666666E+00   1.0800833333333335E+00   1.0802500000000004E+00   1.0804166666666668E+00   1.0805833333333335E+00   1.0807500000000001E+00   1.0809166666666667E+00
 1.0810833333333334E+00   1.0812500000000000E+00   1.0814166666666667E+00   1.0815833333333336E+00   1.0817500000000000E+00   1.0819166666666669E+00   1.0820833333333335E+00   1.0822500000000002E+00   1.0824166666666670E+00
 1.0825833333333335E+00   1.0827500000000003E+00   1.0829166666666667E+00   1.0830833333333334E+00   1.0832500000000000E+00   1.0834166666666667E+00   1.0835833333333333E+00   1.0837500000000002E+00   1.0839166666666666E+00
 1.0840833333333335E+00   1.0842500000000002E+00   1.0844166666666668E+00   1.0845833333333335E+00   1.0847500000000001E+00   1.0849166666666670E+00   1.0850833333333334E+00   1.0852500000000000E+00   1.0854166666666667E+00
 1.0855833333333336E+00   1.0857500000000000E+00   1.0859166666666669E+00   1.0860833333333337E+00   1.0862500000000002E+00   1.0864166666666670E+00   1.0865833333333335E+00   1.0867500000000003E+00   1.0869166666666668E+00
 1.0870833333333334E+00   1.0872500000000000E+00   1.0874166666666667E+00   1.0875833333333333E+00   1.0877500000000002E+00   1.0879166666666666E+00   1.0880833333333335E+00   1.0882500000000002E+00   1.0884166666666668E+00
 1.0885833333333337E+00   1.0887500000000001E+00   1.0889166666666670E+00   1.0890833333333334E+00   1.0892500000000001E+00   1.0894166666666667E+00   1.0895833333333333E+00   1.0897500000000000E+00   1.0899166666666666E+00
 1.0900833333333337E+00   1.0902500000000002E+00   1.0904166666666668E+00   1.0905833333333335E+00   1.0907500000000001E+00   1.0909166666666668E+00   1.0910833333333334E+00   1.0912500000000001E+00   1.0914166666666669E+00
 1.0915833333333333E+00   1.0917500000000000E+00   1.0919166666666666E+00   1.0920833333333335E+00   1.0922500000000004E+00   1.0924166666666668E+00   1.0925833333333337E+00   1.0927500000000001E+00   1.0929166666666668E+00
 1.0930833333333334E+00   1.0932500000000001E+00   1.0934166666666667E+00   1.0935833333333336E+00   1.0937500000000000E+00   1.0939166666666669E+00   1.0940833333333335E+00   1.0942500000000002E+00   1.0944166666666668E+00
 1.0945833333333335E+00   1.0947500000000001E+00   1.0949166666666668E+00   1.0950833333333334E+00   1.0952500000000001E+00   1.0954166666666667E+00   1.0955833333333334E+00   1.0957500000000000E+00   1.0959166666666667E+00
 1.0960833333333335E+00   1.0962500000000002E+00   1.0964166666666668E+00   1.0965833333333337E+00   1.0967500000000001E+00   1.0969166666666668E+00   1.0970833333333334E+00   1.0972500000000003E+00   1.0974166666666667E+00
 1.0975833333333336E+00   1.0977500000000000E+00   1.0979166666666669E+00   1.0980833333333335E+00   1.0982500000000002E+00   1.0984166666666668E+00   1.0985833333333335E+00   1.0987500000000001E+00   1.0989166666666668E+00
 1.0990833333333336E+00   1.0992500000000001E+00   1.0994166666666667E+00   1.0995833333333334E+00   1.0997500000000002E+00   1.0999166666666667E+00
 9.1631954087512124E-04   2.7468776025402208E-03   4.5746648215567731E-03   6.3996858121503353E-03   8.2219451808616117E-03   1.0041447526560110E-02   1.1858197440457241E-02   1.3672199506118532E-02   1.5483458299476838E-02
 1.7291978388844553E-02   1.9097764334926715E-02   2.0900820690833655E-02   2.2701152002093328E-02   2.4498762806663743E-02   2.6293657634946621E-02   2.8085841009798940E-02   2.9875317446546035E-02   3.1662091452993812E-02
 3.3446167529441406E-02   3.5227550168693944E-02   3.7006243856074428E-02   3.8782253069436834E-02   4.0555582279178104E-02   4.2326235948250912E-02   4.4094218532175766E-02   4.5859534479053332E-02   4.7622188229576756E-02
 4.9382184217044989E-02   5.1139526867373664E-02   5.2894220599108310E-02   5.4646269823436233E-02   5.6395678944198724E-02   5.8142452357903718E-02   5.9886594453737674E-02   6.1628109613577786E-02   6.3367002212004087E-02
 6.5103276616312322E-02   6.6836937186524281E-02   6.8567988275402447E-02   7.0296434228459326E-02   7.2022279383972543E-02   7.3745528072993949E-02   7.5466184619363830E-02   7.7184253339721565E-02   7.8899738543518172E-02
 8.0612644533028632E-02   8.2322975603363102E-02   8.4030736042479126E-02   8.5735930131193960E-02   8.7438562143195564E-02   8.9138636345055478E-02   9.0836156996240036E-02   9.2531128349122471E-02   9.4223554648994678E-02
 9.5913440134078209E-02   9.7600789035538260E-02   9.9285605577492664E-02   1.0096789397702577E-01   1.0264765844419821E-01   1.0432490318206100E-01   1.0599963238666543E-01   1.0767185024707449E-01   1.0934156094537639E-01
 1.1100876865669362E-01   1.1267347754919754E-01   1.1433569178411707E-01   1.1599541551575210E-01   1.1765265289148430E-01   1.1930740805178885E-01   1.2095968513024591E-01   1.2260948825355189E-01   1.2425682154153128E-01
 1.2590168910714816E-01   1.2754409505651654E-01   1.2918404348891344E-01   1.3082153849678946E-01   1.3245658416577888E-01   1.3408918457471442E-01   1.3571934379563422E-01   1.3734706589379686E-01   1.3897235492769044E-01
 1.4059521494904492E-01   1.4221565000284209E-01   1.4383366412732912E-01   1.4544926135402758E-01   1.4706244570774518E-01   1.4867322120658766E-01   1.5028159186196943E-01   1.5188756167862472E-01   1.5349113465461861E-01
 1.5509231478135865E-01   1.5669110604360537E-01   1.5828751241948358E-01   1.5988153788049297E-01   1.6147318639152042E-01   1.6306246191084972E-01   1.6464936839017330E-01   1.6623390977460195E-01   1.6781609000267794E-01
 1.6939591300638424E-01   1.7097338271115592E-01   1.7254850303589131E-01   1.7412127789296261E-01   1.7569171118822680E-01   1.7725980682103637E-01   1.7882556868425070E-01   1.8038900066424612E-01   1.8195010664092715E-01
 1.8350889048773766E-01   1.8506535607166963E-01   1.8661950725327769E-01   1.8817134788668533E-01   1.8972088181959967E-01   1.9126811289331935E-01   1.9281304494274643E-01   1.9435568179639662E-01   1.9589602727641053E-01
 1.9743408519856287E-01   1.9896985937227518E-01   2.0050335360062477E-01   2.0203457168035577E-01   2.0356351740188927E-01   2.0509019454933486E-01   2.0661460690050037E-01   2.0813675822690236E-01   2.0965665229377717E-01
 2.1117429286008993E-01   2.1268968367854757E-01   2.1420282849560657E-01   2.1571373105148495E-01   2.1722239508017216E-01   2.1872882430943941E-01   2.2023302246085064E-01   2.2173499324977131E-01   2.2323474038538083E-01
 2.2473226757068121E-01   2.2622757850250819E-01   2.2772067687154096E-01   2.2921156636231299E-01   2.3070025065322186E-01   2.3218673341653961E-01   2.3367101831842296E-01   2.3515310901892328E-01   2.3663300917199726E-01
 2.3811072242551645E-01   2.3958625242127762E-01   2.4105960279501315E-01   2.4253077717640092E-01   2.4399977918907434E-01   2.4546661245063228E-01   2.4693128057264957E-01   2.4839378716068661E-01   2.4985413581429960E-01
 2.5131233012705045E-01   2.5276837368651672E-01   2.5422227007430165E-01   2.5567402286604468E-01   2.5712363563142959E-01   2.5857111193419702E-01   2.6001645533215145E-01   2.6145966937717435E-01   2.6290075761523124E-01
 2.6433972358638314E-01   2.6577657082479478E-01   2.6721130285874717E-01   2.6864392321064434E-01   2.7007443539702558E-01   2.7150284292857341E-01   2.7292914931012480E-01   2.7435335804067928E-01   2.7577547261341007E-01
 2.7719549651567355E-01   2.7861343322901821E-01   2.8002928622919532E-01   2.8144305898616695E-01   2.8285475496411849E-01   2.8426437762146461E-01   2.8567193041086214E-01   2.8707741677921772E-01   2.8848084016769804E-01
 2.8988220401173925E-01   2.9128151174105588E-01   2.9267876677965265E-01   2.9407397254583045E-01   2.9546713245219935E-01   2.9685824990568577E-01   2.9824732830754230E-01   2.9963437105335822E-01   3.0101938153306795E-01
 3.0240236313096003E-01   3.0378331922568835E-01   3.0516225319027990E-01   3.0653916839214457E-01   3.0791406819308442E-01   3.0928695594930344E-01   3.1065783501141664E-01   3.1202670872445915E-01   3.1339358042789589E-01
 3.1475845345563036E-01   3.1612133113601459E-01   3.1748221679185706E-01   3.1884111374043433E-01   3.2019802529349750E-01   3.2155295475728318E-01   3.2290590543252251E-01   3.2425688061444891E-01   3.2560588359280951E-01
 3.2695291765187240E-01   3.2829798607043670E-01   3.2964109212184145E-01   3.3098223907397450E-01   3.3232143018928184E-01   3.3365866872477690E-01   3.3499395793204811E-01   3.3632730105727082E-01   3.3765870134121334E-01
 3.3898816201924786E-01   3.4031568632135811E-01   3.4164127747214956E-01   3.4296493869085753E-01   3.4428667319135664E-01   3.4560648418216966E-01   3.4692437486647509E-01   3.4824034844211915E-01   3.4955440810162131E-01
 3.5086655703218528E-01   3.5217679841570670E-01   3.5348513542878301E-01   3.5479157124272154E-01   3.5609610902354794E-01   3.5739875193201665E-01   3.5869950312361720E-01   3.5999836574858568E-01   3.6129534295191157E-01
 3.6259043787334710E-01   3.6388365364741548E-01   3.6517499340342097E-01   3.6646446026545609E-01   3.6775205735241101E-01   3.6903778777798202E-01   3.7032165465068057E-01   3.7160366107384069E-01   3.7288381014562944E-01
 3.7416210495905422E-01   3.7543854860197168E-01   3.7671314415709634E-01   3.7798589470200916E-01   3.7925680330916622E-01   3.8052587304590646E-01   3.8179310697446189E-01   3.8305850815196429E-01   3.8432207963045462E-01
 3.8558382445689199E-01   3.8684374567315960E-01   3.8810184631607758E-01   3.8935812941740677E-01   3.9061259800386083E-01   3.9186525509711223E-01   3.9311610371380179E-01   3.9436514686554669E-01   3.9561238755894890E-01
 3.9685782879560372E-01   3.9810147357210790E-01   3.9934332488006796E-01   4.0058338570610885E-01   4.0182165903188138E-01   4.0305814783407112E-01   4.0429285508440749E-01   4.0552578374967019E-01   4.0675693679169911E-01
 4.0798631716740130E-01   4.0921392782875998E-01   4.1043977172284274E-01   4.1166385179180887E-01   4.1288617097291869E-01   4.1410673219854088E-01   4.1532553839616138E-01   4.1654259248839010E-01   4.1775789739297087E-01
 4.1897145602278829E-01   4.2018327128587629E-01   4.2139334608542611E-01   4.2260168331979453E-01   4.2380828588251096E-01   4.2501315666228745E-01   4.2621629854302490E-01   4.2741771440382170E-01   4.2861740711898177E-01
 4.2981537955802296E-01   4.3101163458568370E-01   4.3220617506193248E-01   4.3339900384197505E-01   4.3459012377626227E-01   4.3577953771049849E-01   4.3696724848564894E-01   4.3815325893794776E-01   4.3933757189890632E-01
 4.4052019019532052E-01   4.4170111664927880E-01   4.4288035407817006E-01   4.4405790529469202E-01   4.4523377310685697E-01   4.4640796031800289E-01   4.4758046972679810E-01   4.4875130412725128E-01   4.4992046630871763E-01
 4.5108795905590782E-01   4.5225378514889469E-01   4.5341794736312202E-01   4.5458044846941081E-01   4.5574129123396900E-01   4.5690047841839743E-01   4.5805801277969849E-01   4.5921389707028237E-01   4.6036813403797672E-01
 4.6152072642603315E-01   4.6267167697313483E-01   4.6382098841340413E-01   4.6496866347641075E-01   4.6611470488717843E-01   4.6725911536619325E-01   4.6840189762941087E-01   4.6954305438826416E-01   4.7068258834967069E-01
 4.7182050221604055E-01   4.7295679868528229E-01   4.7409148045081384E-01   4.7522455020156551E-01   4.7635601062199195E-01   4.7748586439207563E-01   4.7861411418733768E-01   4.7974076267884203E-01   4.8086581253320626E-01
 4.8198926641260620E-01   4.8311112697478475E-01   4.8423139687305894E-01   4.8535007875632752E-01   4.8646717526907712E-01   4.8758268905139179E-01   4.8869662273895842E-01   4.8980897896307485E-01   4.9091976035065743E-01
 4.9202896952424702E-01   4.9313660910201862E-01   4.9424268169778562E-01   4.9534718992101057E-01   4.9645013637680846E-01   4.9755152366595812E-01   4.9865135438490560E-01   4.9974963112577397E-01   5.0084635647636988E-01
 5.0194153302018962E-01   5.0303516333642895E-01   5.0412724999998626E-01   5.0521779558147417E-01   5.0630680264722339E-01   5.0739427375929091E-01   5.0848021147546774E-01   5.0956461834928501E-01   5.1064749693002176E-01
 5.1172884976271171E-01   5.1280867938815011E-01   5.1388698834290159E-01   5.1496377915930613E-01   5.1603905436548714E-01   5.1711281648535790E-01   5.1818506803862840E-01   5.1925581154081291E-01   5.2032504950323666E-01
 5.2139278443304238E-01   5.2245901883319834E-01   5.2352375520250460E-01   5.2458699603559911E-01   5.2564874382296678E-01   5.2670900105094454E-01   5.2776777020172860E-01   5.2882505375338240E-01   5.2988085417984221E-01
 5.3093517395092493E-01   5.3198801553233332E-01   5.3303938138566576E-01   5.3408927396842021E-01   5.3513769573400272E-01   5.3618464913173336E-01   5.3723013660685404E-01   5.3827416060053390E-01   5.3931672354987670E-01
 5.4035782788792908E-01   5.4139747604368482E-01   5.4243567044209295E-01   5.4347241350406461E-01   5.4450770764647916E-01   5.4554155528219106E-01   5.4657395882003723E-01   5.4760492066484256E-01   5.4863444321742771E-01
 5.4966252887461553E-01   5.5068918002923617E-01   5.5171439907013653E-01   5.5273818838218491E-01   5.5376055034627825E-01   5.5478148733934773E-01   5.5580100173436786E-01   5.5681909590036038E-01   5.5783577220240232E-01
 5.5885103300163153E-01   5.5986488065525519E-01   5.6087731751655412E-01   5.6188834593489068E-01   5.6289796825571425E-01   5.6390618682056926E-01   5.6491300396710054E-01   5.6591842202905918E-01   5.6692244333631148E-01
 5.6792507021484284E-01   5.6892630498676555E-01   5.6992614997032476E-01   5.7092460747990570E-01   5.7192167982603803E-01   5.7291736931540593E-01   5.7391167825085021E-01   5.7490460893137785E-01   5.7589616365216778E-01
 5.7688634470457523E-01   5.7787515437614156E-01   5.7886259495059744E-01   5.7984866870787144E-01   5.8083337792409395E-01   5.8181672487160663E-01   5.8279871181896636E-01   5.8377934103095197E-01   5.8475861476857105E-01
 5.8573653528906622E-01   5.8671310484592065E-01   5.8768832568886531E-01   5.8866220006388437E-01   5.8963473021322210E-01   5.9060591837538889E-01   5.9157576678516643E-01   5.9254427767361650E-01   5.9351145326808430E-01
 5.9447729579220621E-01   5.9544180746591591E-01   5.9640499050545004E-01   5.9736684712335431E-01   5.9832737952849036E-01   5.9928658992604134E-01   6.0024448051751800E-01   6.0120105350076514E-01   6.0215631106996748E-01
 6.0311025541565599E-01   6.0406288872471336E-01   6.0501421318038118E-01   6.0596423096226415E-01   6.0691294424633879E-01   6.0786035520495707E-01   6.0880646600685384E-01   6.0975127881715185E-01   6.1069479579736874E-01
 6.1163701910542279E-01   6.1257795089563838E-01   6.1351759331875222E-01   6.1445594852192009E-01   6.1539301864872153E-01   6.1632880583916672E-01   6.1726331222970221E-01   6.1819653995321588E-01   6.1912849113904556E-01
 6.2005916791298143E-01   6.2098857239727434E-01   6.2191670671064081E-01   6.2284357296826975E-01   6.2376917328182668E-01   6.2469350975946125E-01   6.2561658450581237E-01   6.2653839962201407E-01   6.2745895720570144E-01
 6.2837825935101632E-01   6.2929630814861359E-01   6.3021310568566546E-01   6.3112865404587049E-01   6.3204295530945553E-01   6.3295601155318337E-01   6.3386782485035931E-01   6.3477839727083574E-01   6.3568773088101782E-01
 6.3659582774386969E-01   6.3750268991892023E-01   6.3840831946226850E-01   6.3931271842658999E-01   6.4021588886114078E-01   6.4111783281176604E-01   6.4201855232090255E-01   6.4291804942758657E-01   6.4381632616745899E-01
 6.4471338457276972E-01   6.4560922667238607E-01   6.4650385449179504E-01   6.4739727005311209E-01   6.4828947537508419E-01   6.4918047247309718E-01   6.5007026335918039E-01   6.5095885004201293E-01   6.5184623452692803E-01
 6.5273241881592092E-01   6.5361740490765130E-01   6.5450119479745195E-01   6.5538379047733186E-01   6.5626519393598359E-01   6.5714540715878755E-01   6.5802443212781747E-01   6.5890227082184727E-01   6.5977892521635528E-01
 6.6065439728353026E-01   6.6152868899227590E-01   6.6240180230821855E-01   6.6327373919371024E-01   6.6414450160783467E-01   6.6501409150641488E-01   6.6588251084201477E-01   6.6674976156394905E-01   6.6761584561828369E-01
 6.6848076494784592E-01   6.6934452149222690E-01   6.7020711718778769E-01   6.7106855396766507E-01   6.7192883376177659E-01   6.7278795849682527E-01   6.7364593009630691E-01   6.7450275048051278E-01   6.7535842156653736E-01
 6.7621294526828235E-01   6.7706632349646168E-01   6.7791855815860869E-01   6.7876965115907828E-01   6.7961960439905611E-01   6.8046841977656047E-01   6.8131609918644942E-01   6.8216264452042552E-01   6.8300805766704087E-01
 6.8385234051170340E-01   6.8469549493667969E-01   6.8553752282110336E-01   6.8637842604097843E-01   6.8721820646918430E-01   6.8805686597548199E-01   6.8889440642651889E-01   6.8973082968583344E-01   6.9056613761386143E-01
 6.9140033206793938E-01   6.9223341490231216E-01   6.9306538796813633E-01   6.9389625311348546E-01   6.9472601218335583E-01   6.9555466701967061E-01   6.9638221946128720E-01   6.9720867134399900E-01   6.9803402450054364E-01
 6.9885828076060630E-01   6.9968144195082482E-01   7.0050350989479571E-01   7.0132448641307876E-01   7.0214437332320112E-01   7.0296317243966455E-01   7.0378088557394802E-01   7.0459751453451447E-01   7.0541306112681523E-01
 7.0622752715329484E-01   7.0704091441339645E-01   7.0785322470356671E-01   7.0866445981726045E-01   7.0947462154494567E-01   7.1028371167410964E-01   7.1109173198926201E-01   7.1189868427194114E-01   7.1270457030071865E-01
 7.1350939185120454E-01   7.1431315069605128E-01   7.1511584860495980E-01   7.1591748734468452E-01   7.1671806867903598E-01   7.1751759436888984E-01   7.1831606617218768E-01   7.1911348584394463E-01   7.1990985513625194E-01
 7.2070517579828497E-01   7.2149944957630430E-01   7.2229267821366427E-01   7.2308486345081446E-01   7.2387600702530741E-01   7.2466611067180120E-01   7.2545517612206578E-01   7.2624320510498719E-01   7.2703019934657209E-01
 7.2781616056995335E-01   7.2860109049539323E-01   7.2938499084029085E-01   7.3016786331918437E-01   7.3094970964375716E-01   7.3173053152284151E-01
 0.0000000000000000E+00   0.0000000000000000E+00   0.0000000000000000E+00   0.0000000000000000E+00   0.0000000000000000E+00   0.0000000000000000E+00   0.0000000000000000E+00   0.0000000000000000E+00   0.0000000000000000E+00
 0.0000000000000000E+00   0.0000000000000000E+00   0.0000000000000000E+00   0.0000000000000000E+00   0.0000000000000000E+00   0.0000000000000000E+00   0.0000000000000000E+00   0.0000000000000000E+00   0.0000000000000000E+00
 0.0000000000000000E+00   0.0000000000000000E+00   0.0000000000000000E+00   0.0000000000000000E+00   0.0000000000000000E+00   0.0000000000000000E+00   0.0000000000000000E+00   0.0000000000000000E+00   0.0000000000000000E+00
 0.0000000000000000E+00   0.0000000000000000E+00   0.0000000000000000E+00   0.0000000000000000E+00   0.0000000000000000E+00   0.0000000000000000E+00   0.0000000000000000E+00   0.0000000000000000E+00   0.0000000000000000E+00
 0.0000000000000000E+00   0.0000000000000000E+00   0.0000000000000000E+00   0.0000000000000000E+00   0.0000000000000000E+00   0.0000000000000000E+00   0.0000000000000000E+00   0.0000000000000000E+00   0.0000000000000000E+00
 0.0000000000000000E+00   0.0000000000000000E+00   0.0000000000000000E+00   0.0000000000000000E+00   0.0000000000000000E+00   0.0000000000000000E+00   0.0000000000000000E+00   0.0000000000000000E+00   0.0000000000000000E+00
 0.0000000000000000E+00   0.0000000000000000E+00   0.0000000000000000E+00   0.0000000000000000E+00   0.0000000000000000E+00   0.0000000000000000E+00   0.0000000000000000E+00   0.0000000000000000E+00   0.0000000000000000E+00
 0.0000000000000000E+00   0.0000000000000000E+00   0.0000000000000000E+00   0.0000000000000000E+00   0.0000000000000000E+00   0.0000000000000000E+00   0.0000000000000000E+00   0.0000000000000000E+00   0.0000000000000000E+00
 0.0000000000000000E+00   0.0000000000000000E+00   0.0000000000000000E+00   0.0000000000000000E+00   0.0000000000000000E+00   0.0000000000000000E+00   0.0000000000000000E+00   0.0000000000000000E+00   0.0000000000000000E+00
 0.0000000000000000E+00   0.0000000000000000E+00   0.0000000000000000E+00   0.0000000000000000E+00   0.0000000000000000E+00   0.0000000000000000E+00   0.0000000000000000E+00   0.0000000000000000E+00   0.0000000000000000E+00
 0.0000000000000000E+00   0.0000000000000000E+00   0.0000000000000000E+00   0.0000000000000000E+00   0.0000000000000000E+00   0.0000000000000000E+00   0.0000000000000000E+00   0.0000000000000000E+00   0.0000000000000000E+00
 0.0000000000000000E+00   0.0000000000000000E+00   0.0000000000000000E+00   0.0000000000000000E+00   0.0000000000000000E+00   0.0000000000000000E+00   0.0000000000000000E+00   0.0000000000000000E+00   0.0000000000000000E+00
 0.0000000000000000E+00   0.0000000000000000E+00   0.0000000000000000E+00   0.0000000000000000E+00   0.0000000000000000E+00   0.0000000000000000E+00   0.0000000000000000E+00   0.0000000000000000E+00   0.0000000000000000E+00
 0.0000000000000000E+00   0.0000000000000000E+00   0.0000000000000000E+00   0.0000000000000000E+00   0.0000000000000000E+00   0.0000000000000000E+00   0.0000000000000000E+00   0.0000000000000000E+00   0.0000000000000000E+00
 0.0000000000000000E+00   0.0000000000000000E+00   0.0000000000000000E+00   0.0000000000000000E+00   0.0000000000000000E+00   0.0000000000000000E+00   0.0000000000000000E+00   0.0000000000000000E+00   0.0000000000000000E+00
 0.0000000000000000E+00   0.0000000000000000E+00   0.0000000000000000E+00   0.0000000000000000E+00   0.0000000000000000E+00   0.0000000000000000E+00   0.0000000000000000E+00   0.0000000000000000E+00   0.0000000000000000E+00
 0.0000000000000000E+00   0.0000000000000000E+00   0.0000000000000000E+00   0.0000000000000000E+00   0.0000000000000000E+00   0.0000000000000000E+00   0.0000000000000000E+00   0.0000000000000000E+00   0.0000000000000000E+00
 0.0000000000000000E+00   0.0000000000000000E+00   0.0000000000000000E+00   0.0000000000000000E+00   0.0000000000000000E+00   0.0000000000000000E+00   0.0000000000000000E+00   0.0000000000000000E+00   0.0000000000000000E+00
 0.0000000000000000E+00   0.0000000000000000E+00   0.0000000000000000E+00   0.0000000000000000E+00   0.0000000000000000E+00   0.0000000000000000E+00   0.0000000000000000E+00   0.0000000000000000E+00   0.0000000000000000E+00
 0.0000000000000000E+00   0.0000000000000000E+00   0.0000000000000000E+00   0.0000000000000000E+00   0.0000000000000000E+00   0.0000000000000000E+00   0.0000000000000000E+00   0.0000000000000000E+00   0.0000000000000000E+00
 0.0000000000000000E+00   0.0000000000000000E+00   0.0000000000000000E+00   0.0000000000000000E+00   0.0000000000000000E+00   0.0000000000000000E+00   0.0000000000000000E+00   0.0000000000000000E+00   0.0000000000000000E+00
 0.0000000000000000E+00   0.0000000000000000E+00   0.0000000000000000E+00   0.0000000000000000E+00   0.0000000000000000E+00   0.0000000000000000E+00   0.0000000000000000E+00   0.0000000000000000E+00   0.0000000000000000E+00
 0.0000000000000000E+00   0.0000000000000000E+00   0.0000000000000000E+00   0.0000000000000000E+00   0.0000000000000000E+00   0.0000000000000000E+00   0.0000000000000000E+00   0.0000000000000000E+00   0.0000000000000000E+00
 0.0000000000000000E+00   0.0000000000000000E+00   0.0000000000000000E+00   0.0000000000000000E+00   0.0000000000000000E+00   0.0000000000000000E+00   0.0000000000000000E+00   0.0000000000000000E+00   0.0000000000000000E+00
 0.0000000000000000E+00   0.0000000000000000E+00   0.0000000000000000E+00   0.0000000000000000E+00   0.0000000000000000E+00   0.0000000000000000E+00   0.0000000000000000E+00   0.0000000000000000E+00   0.0000000000000000E+00
 0.0000000000000000E+00   0.0000000000000000E+00   0.0000000000000000E+00   0.0000000000000000E+00   0.0000000000000000E+00   0.0000000000000000E+00   0.0000000000000000E+00   0.0000000000000000E+00   0.0000000000000000E+00
 0.0000000000000000E+00   0.0000000000000000E+00   0.0000000000000000E+00   0.0000000000000000E+00   0.0000000000000000E+00   0.0000000000000000E+00   0.0000000000000000E+00   0.0000000000000000E+00   0.0000000000000000E+00
 0.0000000000000000E+00   0.0000000000000000E+00   0.0000000000000000E+00   0.0000000000000000E+00   0.0000000000000000E+00   0.0000000000000000E+00   0.0000000000000000E+00   0.0000000000000000E+00   0.0000000000000000E+00
 0.0000000000000000E+00   0.0000000000000000E+00   0.0000000000000000E+00   0.0000000000000000E+00   0.0000000000000000E+00   0.0000000000000000E+00   0.0000000000000000E+00   0.0000000000000000E+00   0.0000000000000000E+00
 0.0000000000000000E+00   0.0000000000000000E+00   0.0000000000000000E+00   0.0000000000000000E+00   0.0000000000000000E+00   0.0000000000000000E+00   0.0000000000000000E+00   0.0000000000000000E+00   0.0000000000000000E+00
 0.0000000000000000E+00   0.0000000000000000E+00   0.0000000000000000E+00   0.0000000000000000E+00   0.0000000000000000E+00   0.0000000000000000E+00   0.0000000000000000E+00   0.0000000000000000E+00   0.0000000000000000E+00
 0.0000000000000000E+00   0.0000000000000000E+00   0.0000000000000000E+00   0.0000000000000000E+00   0.0000000000000000E+00   0.0000000000000000E+00   0.0000000000000000E+00   0.0000000000000000E+00   0.0000000000000000E+00
 0.0000000000000000E+00   0.0000000000000000E+00   0.0000000000000000E+00   0.0000000000000000E+00   0.0000000000000000E+00   0.0000000000000000E+00   0.0000000000000000E+00   0.0000000000000000E+00   0.0000000000000000E+00
 0.0000000000000000E+00   0.0000000000000000E+00   0.0000000000000000E+00   0.0000000000000000E+00   0.0000000000000000E+00   0.0000000000000000E+00   0.0000000000000000E+00   0.0000000000000000E+00   0.0000000000000000E+00
 0.0000000000000000E+00   0.0000000000000000E+00   0.0000000000000000E+00   0.0000000000000000E+00   0.0000000000000000E+00   0.0000000000000000E+00   0.0000000000000000E+00   0.0000000000000000E+00   0.0000000000000000E+00
 0.0000000000000000E+00   0.0000000000000000E+00   0.0000000000000000E+00   0.0000000000000000E+00   0.0000000000000000E+00   0.0000000000000000E+00   0.0000000000000000E+00   0.0000000000000000E+00   0.0000000000000000E+00
 0.0000000000000000E+00   0.0000000000000000E+00   0.0000000000000000E+00   0.0000000000000000E+00   0.0000000000000000E+00   0.0000000000000000E+00   0.0000000000000000E+00   0.0000000000000000E+00   0.0000000000000000E+00
 0.0000000000000000E+00   0.0000000000000000E+00   0.0000000000000000E+00   0.0000000000000000E+00   0.0000000000000000E+00   0.0000000000000000E+00   0.0000000000000000E+00   0.0000000000000000E+00   0.0000000000000000E+00
 0.0000000000000000E+00   0.0000000000000000E+00   0.0000000000000000E+00   0.0000000000000000E+00   0.0000000000000000E+00   0.0000000000000000E+00   0.0000000000000000E+00   0.0000000000000000E+00   0.0000000000000000E+00
 0.0000000000000000E+00   0.0000000000000000E+00   0.0000000000000000E+00   0.0000000000000000E+00   0.0000000000000000E+00   0.0000000000000000E+00   0.0000000000000000E+00   0.0000000000000000E+00   0.0000000000000000E+00
 0.0000000000000000E+00   0.0000000000000000E+00   0.0000000000000000E+00   0.0000000000000000E+00   0.0000000000000000E+00   0.0000000000000000E+00   0.0000000000000000E+00   0.0000000000000000E+00   0.0000000000000000E+00
 0.0000000000000000E+00   0.0000000000000000E+00   0.0000000000000000E+00   0.0000000000000000E+00   0.0000000000000000E+00   0.0000000000000000E+00   0.0000000000000000E+00   0.0000000000000000E+00   0.0000000000000000E+00
 0.0000000000000000E+00   0.0000000000000000E+00   0.0000000000000000E+00   0.0000000000000000E+00   0.0000000000000000E+00   0.0000000000000000E+00   0.0000000000000000E+00   0.0000000000000000E+00   0.0000000000000000E+00
 0.0000000000000000E+00   0.0000000000000000E+00   0.0000000000000000E+00   0.0000000000000000E+00   0.0000000000000000E+00   0.0000000000000000E+00   0.0000000000000000E+00   0.0000000000000000E+00   0.0000000000000000E+00
 0.0000000000000000E+00   0.0000000000000000E+00   0.0000000000000000E+00   0.0000000000000000E+00   0.0000000000000000E+00   0.0000000000000000E+00   0.0000000000000000E+00   0.0000000000000000E+00   0.0000000000000000E+00
 0.0000000000000000E+00   0.0000000000000000E+00   0.0000000000000000E+00   0.0000000000000000E+00   0.0000000000000000E+00   0.0000000000000000E+00   0.0000000000000000E+00   0.0000000000000000E+00   0.0000000000000000E+00
 0.0000000000000000E+00   0.0000000000000000E+00   0.0000000000000000E+00   0.0000000000000000E+00   0.0000000000000000E+00   0.0000000000000000E+00   0.0000000000000000E+00   0.0000000000000000E+00   0.0000000000000000E+00
 0.0000000000000000E+00   0.0000000000000000E+00   0.0000000000000000E+00   0.0000000000000000E+00   0.0000000000000000E+00   0.0000000000000000E+00   0.0000000000000000E+00   0.0000000000000000E+00   0.0000000000000000E+00
 0.0000000000000000E+00   0.0000000000000000E+00   0.0000000000000000E+00   0.0000000000000000E+00   0.0000000000000000E+00   0.0000000000000000E+00   0.0000000000000000E+00   0.0000000000000000E+00   0.0000000000000000E+00
 0.0000000000000000E+00   0.0000000000000000E+00   0.0000000000000000E+00   0.0000000000000000E+00   0.0000000000000000E+00   0.0000000000000000E+00   0.0000000000000000E+00   0.0000000000000000E+00   0.0000000000000000E+00
 0.0000000000000000E+00   0.0000000000000000E+00   0.0000000000000000E+00   0.0000000000000000E+00   0.0000000000000000E+00   0.0000000000000000E+00   0.0000000000000000E+00   0.0000000000000000E+00   0.0000000000000000E+00
 0.0000000000000000E+00   0.0000000000000000E+00   0.0000000000000000E+00   0.0000000000000000E+00   0.0000000000000000E+00   0.0000000000000000E+00   0.0000000000000000E+00   0.0000000000000000E+00   0.0000000000000000E+00
 0.0000000000000000E+00   0.0000000000000000E+00   0.0000000000000000E+00   0.0000000000000000E+00   0.0000000000000000E+00   0.0000000000000000E+00   0.0000000000000000E+00   0.0000000000000000E+00   0.0000000000000000E+00
 0.0000000000000000E+00   0.0000000000000000E+00   0.0000000000000000E+00   0.0000000000000000E+00   0.0000000000000000E+00   0.0000000000000000E+00   0.0000000000000000E+00   0.0000000000000000E+00   0.0000000000000000E+00
 0.0000000000000000E+00   0.0000000000000000E+00   0.0000000000000000E+00   0.0000000000000000E+00   0.0000000000000000E+00   0.0000000000000000E+00   0.0000000000000000E+00   0.0000000000000000E+00   0.0000000000000000E+00
 0.0000000000000000E+00   0.0000000000000000E+00   0.0000000000000000E+00   0.0000000000000000E+00   0.0000000000000000E+00   0.0000000000000000E+00   0.0000000000000000E+00   0.0000000000000000E+00   0.0000000000000000E+00
 0.0000000000000000E+00   0.0000000000000000E+00   0.0000000000000000E+00   0.0000000000000000E+00   0.0000000000000000E+00   0.0000000000000000E+00   0.0000000000000000E+00   0.0000000000000000E+00   0.0000000000000000E+00
 0.0000000000000000E+00   0.0000000000000000E+00   0.0000000000000000E+00   0.0000000000000000E+00   0.0000000000000000E+00   0.0000000000000000E+00   0.0000000000000000E+00   0.0000000000000000E+00   0.0000000000000000E+00
 0.0000000000000000E+00   0.0000000000000000E+00   0.0000000000000000E+00   0.0000000000000000E+00   0.0000000000000000E+00   0.0000000000000000E+00   0.0000000000000000E+00   0.0000000000000000E+00   0.0000000000000000E+00
 0.0000000000000000E+00   0.0000000000000000E+00   0.0000000000000000E+00   0.0000000000000000E+00   0.0000000000000000E+00   0.0000000000000000E+00   0.0000000000000000E+00   0.0000000000000000E+00   0.0000000000000000E+00
 0.0000000000000000E+00   0.0000000000000000E+00   0.0000000000000000E+00   0.0000000000000000E+00   0.0000000000000000E+00   0.0000000000000000E+00   0.0000000000000000E+00   0.0000000000000000E+00   0.0000000000000000E+00
 0.0000000000000000E+00   0.0000000000000000E+00   0.0000000000000000E+00   0.0000000000000000E+00   0.0000000000000000E+00   0.0000000000000000E+00   0.0000000000000000E+00   0.0000000000000000E+00   0.0000000000000000E+00
 0.0000000000000000E+00   0.0000000000000000E+00   0.0000000000000000E+00   0.0000000000000000E+00   0.0000000000000000E+00   0.0000000000000000E+00   0.0000000000000000E+00   0.0000000000000000E+00   0.0000000000000000E+00
 0.0000000000000000E+00   0.0000000000000000E+00   0.0000000000000000E+00   0.0000000000000000E+00   0.0000000000000000E+00   0.0000000000000000E+00   0.0000000000000000E+00   0.0000000000000000E+00   0.0000000000000000E+00
 0.0000000000000000E+00   0.0000000000000000E+00   0.0000000000000000E+00   0.0000000000000000E+00   0.0000000000000000E+00   0.0000000000000000E+00   0.0000000000000000E+00   0.0000000000000000E+00   0.0000000000000000E+00
 0.0000000000000000E+00   0.0000000000000000E+00   0.0000000000000000E+00   0.0000000000000000E+00   0.0000000000000000E+00   0.0000000000000000E+00   0.0000000000000000E+00   0.0000000000000000E+00   0.0000000000000000E+00
 0.0000000000000000E+00   0.0000000000000000E+00   0.0000000000000000E+00   0.0000000000000000E+00   0.0000000000000000E+00   0.0000000000000000E+00
 0.0000000000000000E+00   0.0000000000000000E+00   0.0000000000000000E+00   0.0000000000000000E+00   0.0000000000000000E+00   0.0000000000000000E+00   0.0000000000000000E+00   0.0000000000000000E+00   0.0000000000000000E+00
 0.0000000000000000E+00   0.0000000000000000E+00   0.0000000000000000E+00   0.0000000000000000E+00   0.0000000000000000E+00   0.0000000000000000E+00   0.0000000000000000E+00   0.0000000000000000E+00   0.0000000000000000E+00
 0.0000000000000000E+00   0.0000000000000000E+00   0.0000000000000000E+00   0.0000000000000000E+00   0.0000000000000000E+00   0.0000000000000000E+00   0.0000000000000000E+00   0.0000000000000000E+00   0.0000000000000000E+00
 0.0000000000000000E+00   0.0000000000000000E+00   0.0000000000000000E+00   0.0000000000000000E+00   0.0000000000000000E+00   0.0000000000000000E+00   0.0000000000000000E+00   0.0000000000000000E+00   0.0000000000000000E+00
 0.0000000000000000E+00   0.0000000000000000E+00   0.0000000000000000E+00   0.0000000000000000E+00   0.0000000000000000E+00   0.0000000000000000E+00   0.0000000000000000E+00   0.0000000000000000E+00   0.0000000000000000E+00
 0.0000000000000000E+00   0.0000000000000000E+00   0.0000000000000000E+00   0.0000000000000000E+00   0.0000000000000000E+00   0.0000000000000000E+00   0.0000000000000000E+00   0.0000000000000000E+00   0.0000000000000000E+00
 0.0000000000000000E+00   0.0000000000000000E+00   0.0000000000000000E+00   0.0000000000000000E+00   0.0000000000000000E+00   0.0000000000000000E+00   0.0000000000000000E+00   0.0000000000000000E+00   0.0000000000000000E+00
 0.0000000000000000E+00   0.0000000000000000E+00   0.0000000000000000E+00   0.0000000000000000E+00   0.0000000000000000E+00   0.0000000000000000E+00   0.0000000000000000E+00   0.0000000000000000E+00   0.0000000000000000E+00
 0.0000000000000000E+00   0.0000000000000000E+00   0.0000000000000000E+00   0.0000000000000000E+00   0.0000000000000000E+00   0.0000000000000000E+00   0.0000000000000000E+00   0.0000000000000000E+00   0.0000000000000000E+00
 0.0000000000000000E+00   0.0000000000000000E+00   0.0000000000000000E+00   0.0000000000000000E+00   0.0000000000000000E+00   0.0000000000000000E+00   0.0000000000000000E+00   0.0000000000000000E+00   0.0000000000000000E+00
 0.0000000000000000E+00   0.0000000000000000E+00   0.0000000000000000E+00   0.0000000000000000E+00   0.0000000000000000E+00   0.0000000000000000E+00   0.0000000000000000E+00   0.0000000000000000E+00   0.0000000000000000E+00
 0.0000000000000000E+00   0.0000000000000000E+00   0.0000000000000000E+00   0.0000000000000000E+00   0.0000000000000000E+00   0.0000000000000000E+00   0.0000000000000000E+00   0.0000000000000000E+00   0.0000000000000000E+00
 0.0000000000000000E+00   0.0000000000000000E+00   0.0000000000000000E+00   0.0000000000000000E+00   0.0000000000000000E+00   0.0000000000000000E+00   0.0000000000000000E+00   0.0000000000000000E+00   0.0000000000000000E+00
 0.0000000000000000E+00   0.0000000000000000E+00   0.0000000000000000E+00   0.0000000000000000E+00   0.0000000000000000E+00   0.0000000000000000E+00   0.0000000000000000E+00   0.0000000000000000E+00   0.0000000000000000E+00
 0.0000000000000000E+00   0.0000000000000000E+00   0.0000000000000000E+00   0.0000000000000000E+00   0.0000000000000000E+00   0.0000000000000000E+00   0.0000000000000000E+00   0.0000000000000000E+00   0.0000000000000000E+00
 0.0000000000000000E+00   0.0000000000000000E+00   0.0000000000000000E+00   0.0000000000000000E+00   0.0000000000000000E+00   0.0000000000000000E+00   0.0000000000000000E+00   0.0000000000000000E+00   0.0000000000000000E+00
 0.0000000000000000E+00   0.0000000000000000E+00   0.0000000000000000E+00   0.0000000000000000E+00   0.0000000000000000E+00   0.0000000000000000E+00   0.0000000000000000E+00   0.0000000000000000E+00   0.0000000000000000E+00
 0.0000000000000000E+00   0.0000000000000000E+00   0.0000000000000000E+00   0.0000000000000000E+00   0.0000000000000000E+00   0.0000000000000000E+00   0.0000000000000000E+00   0.0000000000000000E+00   0.0000000000000000E+00
 0.0000000000000000E+00   0.0000000000000000E+00   0.0000000000000000E+00   0.0000000000000000E+00   0.0000000000000000E+00   0.0000000000000000E+00   0.0000000000000000E+00   0.0000000000000000E+00   0.0000000000000000E+00
 0.0000000000000000E+00   0.0000000000000000E+00   0.0000000000000000E+00   0.0000000000000000E+00   0.0000000000000000E+00   0.0000000000000000E+00   0.0000000000000000E+00   0.0000000000000000E+00   0.0000000000000000E+00
 0.0000000000000000E+00   0.0000000000000000E+00   0.0000000000000000E+00   0.0000000000000000E+00   0.0000000000000000E+00   0.0000000000000000E+00   0.0000000000000000E+00   0.0000000000000000E+00   0.0000000000000000E+00
 0.0000000000000000E+00   0.0000000000000000E+00   0.0000000000000000E+00   0.0000000000000000E+00   0.0000000000000000E+00   0.0000000000000000E+00   0.0000000000000000E+00   0.0000000000000000E+00   0.0000000000000000E+00
 0.0000000000000000E+00   0.0000000000000000E+00   0.0000000000000000E+00   0.0000000000000000E+00   0.0000000000000000E+00   0.0000000000000000E+00   0.0000000000000000E+00   0.0000000000000000E+00   0.0000000000000000E+00
 0.0000000000000000E+00   0.0000000000000000E+00   0.0000000000000000E+00   0.0000000000000000E+00   0.0000000000000000E+00   0.0000000000000000E+00   0.0000000000000000E+00   0.0000000000000000E+00   0.0000000000000000E+00
 0.0000000000000000E+00   0.0000000000000000E+00   0.0000000000000000E+00   0.0000000000000000E+00   0.0000000000000000E+00   0.0000000000000000E+00   0.0000000000000000E+00   0.0000000000000000E+00   0.0000000000000000E+00
 0.0000000000000000E+00   0.0000000000000000E+00   0.0000000000000000E+00   0.0000000000000000E+00   0.0000000000000000E+00   0.0000000000000000E+00   0.0000000000000000E+00   0.0000000000000000E+00   0.0000000000000000E+00
 0.0000000000000000E+00   0.0000000000000000E+00   0.0000000000000000E+00   0.0000000000000000E+00   0.0000000000000000E+00   0.0000000000000000E+00   0.0000000000000000E+00   0.0000000000000000E+00   0.0000000000000000E+00
 0.0000000000000000E+00   0.0000000000000000E+00   0.0000000000000000E+00   0.0000000000000000E+00   0.0000000000000000E+00   0.0000000000000000E+00   0.0000000000000000E+00   0.0000000000000000E+00   0.0000000000000000E+00
 0.0000000000000000E+00   0.0000000000000000E+00   0.0000000000000000E+00   0.0000000000000000E+00   0.0000000000000000E+00   0.0000000000000000E+00   0.0000000000000000E+00   0.0000000000000000E+00   0.0000000000000000E+00
 0.0000000000000000E+00   0.0000000000000000E+00   0.0000000000000000E+00   0.0000000000000000E+00   0.0000000000000000E+00   0.0000000000000000E+00   0.0000000000000000E+00   0.0000000000000000E+00   0.0000000000000000E+00
 0.0000000000000000E+00   0.0000000000000000E+00   0.0000000000000000E+00   0.0000000000000000E+00   0.0000000000000000E+00   0.0000000000000000E+00   0.0000000000000000E+00   0.0000000000000000E+00   0.0000000000000000E+00
 0.0000000000000000E+00   0.0000000000000000E+00   0.0000000000000000E+00   0.0000000000000000E+00   0.0000000000000000E+00   0.0000000000000000E+00   0.0000000000000000E+00   0.0000000000000000E+00   0.0000000000000000E+00
 0.0000000000000000E+00   0.0000000000000000E+00   0.0000000000000000E+00   0.0000000000000000E+00   0.0000000000000000E+00   0.0000000000000000E+00   0.0000000000000000E+00   0.0000000000000000E+00   0.0000000000000000E+00
 0.0000000000000000E+00   0.0000000000000000E+00   0.0000000000000000E+00   0.0000000000000000E+00   0.0000000000000000E+00   0.0000000000000000E+00   0.0000000000000000E+00   0.0000000000000000E+00   0.0000000000000000E+00
 0.0000000000000000E+00   0.0000000000000000E+00   0.0000000000000000E+00   0.0000000000000000E+00   0.0000000000000000E+00   0.0000000000000000E+00   0.0000000000000000E+00   0.0000000000000000E+00   0.0000000000000000E+00
 0.0000000000000000E+00   0.0000000000000000E+00   0.0000000000000000E+00   0.0000000000000000E+00   0.0000000000000000E+00   0.0000000000000000E+00   0.0000000000000000E+00   0.0000000000000000E+00   0.0000000000000000E+00
 0.0000000000000000E+00   0.0000000000000000E+00   0.0000000000000000E+00   0.0000000000000000E+00   0.0000000000000000E+00   0.0000000000000000E+00   0.0000000000000000E+00   0.0000000000000000E+00   0.0000000000000000E+00
 0.0000000000000000E+00   0.0000000000000000E+00   0.0000000000000000E+00   0.0000000000000000E+00   0.0000000000000000E+00   0.0000000000000000E+00   0.0000000000000000E+00   0.0000000000000000E+00   0.0000000000000000E+00
 0.0000000000000000E+00   0.0000000000000000E+00   0.0000000000000000E+00   0.0000000000000000E+00   0.0000000000000000E+00   0.0000000000000000E+00   0.0000000000000000E+00   0.0000000000000000E+00   0.0000000000000000E+00
 0.0000000000000000E+00   0.0000000000000000E+00   0.0000000000000000E+00   0.0000000000000000E+00   0.0000000000000000E+00   0.0000000000000000E+00   0.0000000000000000E+00   0.0000000000000000E+00   0.0000000000000000E+00
 0.0000000000000000E+00   0.0000000000000000E+00   0.0000000000000000E+00   0.0000000000000000E+00   0.0000000000000000E+00   0.0000000000000000E+00   0.0000000000000000E+00   0.0000000000000000E+00   0.0000000000000000E+00
 0.0000000000000000E+00   0.0000000000000000E+00   0.0000000000000000E+00   0.0000000000000000E+00   0.0000000000000000E+00   0.0000000000000000E+00   0.0000000000000000E+00   0.0000000000000000E+00   0.0000000000000000E+00
 0.0000000000000000E+00   0.0000000000000000E+00   0.0000000000000000E+00   0.0000000000000000E+00   0.0000000000000000E+00   0.0000000000000000E+00   0.0000000000000000E+00   0.0000000000000000E+00   0.0000000000000000E+00
 0.0000000000000000E+00   0.0000000000000000E+00   0.0000000000000000E+00   0.0000000000000000E+00   0.0000000000000000E+00   0.0000000000000000E+00   0.0000000000000000E+00   0.0000000000000000E+00   0.0000000000000000E+00
 0.0000000000000000E+00   0.0000000000000000E+00   0.0000000000000000E+00   0.0000000000000000E+00   0.0000000000000000E+00   0.0000000000000000E+00   0.0000000000000000E+00   0.0000000000000000E+00   0.0000000000000000E+00
 0.0000000000000000E+00   0.0000000000000000E+00   0.0000000000000000E+00   0.0000000000000000E+00   0.0000000000000000E+00   0.0000000000000000E+00   0.0000000000000000E+00   0.0000000000000000E+00   0.0000000000000000E+00
 0.0000000000000000E+00   0.0000000000000000E+00   0.0000000000000000E+00   0.0000000000000000E+00   0.0000000000000000E+00   0.0000000000000000E+00   0.0000000000000000E+00   0.0000000000000000E+00   0.0000000000000000E+00
 0.0000000000000000E+00   0.0000000000000000E+00   0.0000000000000000E+00   0.0000000000000000E+00   0.0000000000000000E+00   0.0000000000000000E+00   0.0000000000000000E+00   0.0000000000000000E+00   0.0000000000000000E+00
 0.0000000000000000E+00   0.0000000000000000E+00   0.0000000000000000E+00   0.0000000000000000E+00   0.0000000000000000E+00   0.0000000000000000E+00   0.0000000000000000E+00   0.0000000000000000E+00   0.0000000000000000E+00
 0.0000000000000000E+00   0.0000000000000000E+00   0.0000000000000000E+00   0.0000000000000000E+00   0.0000000000000000E+00   0.0000000000000000E+00   0.0000000000000000E+00   0.0000000000000000E+00   0.0000000000000000E+00
 0.0000000000000000E+00   0.0000000000000000E+00   0.0000000000000000E+00   0.0000000000000000E+00   0.0000000000000000E+00   0.0000000000000000E+00   0.0000000000000000E+00   0.0000000000000000E+00   0.0000000000000000E+00
 0.0000000000000000E+00   0.0000000000000000E+00   0.0000000000000000E+00   0.0000000000000000E+00   0.0000000000000000E+00   0.0000000000000000E+00   0.0000000000000000E+00   0.0000000000000000E+00   0.0000000000000000E+00
 0.0000000000000000E+00   0.0000000000000000E+00   0.0000000000000000E+00   0.0000000000000000E+00   0.0000000000000000E+00   0.0000000000000000E+00   0.0000000000000000E+00   0.0000000000000000E+00   0.0000000000000000E+00
 0.0000000000000000E+00   0.0000000000000000E+00   0.0000000000000000E+00   0.0000000000000000E+00   0.0000000000000000E+00   0.0000000000000000E+00   0.0000000000000000E+00   0.0000000000000000E+00   0.0000000000000000E+00
 0.0000000000000000E+00   0.0000000000000000E+00   0.0000000000000000E+00   0.0000000000000000E+00   0.0000000000000000E+00   0.0000000000000000E+00   0.0000000000000000E+00   0.0000000000000000E+00   0.0000000000000000E+00
 0.0000000000000000E+00   0.0000000000000000E+00   0.0000000000000000E+00   0.0000000000000000E+00   0.0000000000000000E+00   0.0000000000000000E+00   0.0000000000000000E+00   0.0000000000000000E+00   0.0000000000000000E+00
 0.0000000000000000E+00   0.0000000000000000E+00   0.0000000000000000E+00   0.0000000000000000E+00   0.0000000000000000E+00   0.0000000000000000E+00   0.0000000000000000E+00   0.0000000000000000E+00   0.0000000000000000E+00
 0.0000000000000000E+00   0.0000000000000000E+00   0.0000000000000000E+00   0.0000000000000000E+00   0.0000000000000000E+00   0.0000000000000000E+00   0.0000000000000000E+00   0.0000000000000000E+00   0.0000000000000000E+00
 0.0000000000000000E+00   0.0000000000000000E+00   0.0000000000000000E+00   0.0000000000000000E+00   0.0000000000000000E+00   0.0000000000000000E+00   0.0000000000000000E+00   0.0000000000000000E+00   0.0000000000000000E+00
 0.0000000000000000E+00   0.0000000000000000E+00   0.0000000000000000E+00   0.0000000000000000E+00   0.0000000000000000E+00   0.0000000000000000E+00   0.0000000000000000E+00   0.0000000000000000E+00   0.0000000000000000E+00
 0.0000000000000000E+00   0.0000000000000000E+00   0.0000000000000000E+00   0.0000000000000000E+00   0.0000000000000000E+00   0.0000000000000000E+00   0.0000000000000000E+00   0.0000000000000000E+00   0.0000000000000000E+00
 0.0000000000000000E+00   0.0000000000000000E+00   0.0000000000000000E+00   0.0000000000000000E+00   0.0000000000000000E+00   0.0000000000000000E+00   0.0000000000000000E+00   0.0000000000000000E+00   0.0000000000000000E+00
 0.0000000000000000E+00   0.0000000000000000E+00   0.0000000000000000E+00   0.0000000000000000E+00   0.0000000000000000E+00   0.0000000000000000E+00   0.0000000000000000E+00   0.0000000000000000E+00   0.0000000000000000E+00
 0.0000000000000000E+00   0.0000000000000000E+00   0.0000000000000000E+00   0.0000000000000000E+00   0.0000000000000000E+00   0.0000000000000000E+00   0.0000000000000000E+00   0.0000000000000000E+00   0.0000000000000000E+00
 0.0000000000000000E+00   0.0000000000000000E+00   0.0000000000000000E+00   0.0000000000000000E+00   0.0000000000000000E+00   0.0000000000000000E+00   0.0000000000000000E+00   0.0000000000000000E+00   0.0000000000000000E+00
 0.0000000000000000E+00   0.0000000000000000E+00   0.0000000000000000E+00   0.0000000000000000E+00   0.0000000000000000E+00   0.0000000000000000E+00   0.0000000000000000E+00   0.0000000000000000E+00   0.0000000000000000E+00
 0.0000000000000000E+00   0.0000000000000000E+00   0.0000000000000000E+00   0.0000000000000000E+00   0.0000000000000000E+00   0.0000000000000000E+00
 0.0000000000000000E+00   0.0000000000000000E+00   0.0000000000000000E+00   0.0000000000000000E+00   0.0000000000000000E+00   0.0000000000000000E+00   0.0000000000000000E+00   0.0000000000000000E+00   0.0000000000000000E+00
 0.0000000000000000E+00   0.0000000000000000E+00   0.0000000000000000E+00   0.0000000000000000E+00   0.0000000000000000E+00   0.0000000000000000E+00   0.0000000000000000E+00   0.0000000000000000E+00   0.0000000000000000E+00
 0.0000000000000000E+00   0.0000000000000000E+00   0.0000000000000000E+00   0.0000000000000000E+00   0.0000000000000000E+00   0.0000000000000000E+00   0.0000000000000000E+00   0.0000000000000000E+00   0.0000000000000000E+00
 0.0000000000000000E+00   0.0000000000000000E+00   0.0000000000000000E+00   0.0000000000000000E+00   0.0000000000000000E+00   0.0000000000000000E+00   0.0000000000000000E+00   0.0000000000000000E+00   0.0000000000000000E+00
 0.0000000000000000E+00   0.0000000000000000E+00   0.0000000000000000E+00   0.0000000000000000E+00   0.0000000000000000E+00   0.0000000000000000E+00   0.0000000000000000E+00   0.0000000000000000E+00   0.0000000000000000E+00
 0.0000000000000000E+00   0.0000000000000000E+00   0.0000000000000000E+00   0.0000000000000000E+00   0.0000000000000000E+00   0.0000000000000000E+00   0.0000000000000000E+00   0.0000000000000000E+00   0.0000000000000000E+00
 0.0000000000000000E+00   0.0000000000000000E+00   0.0000000000000000E+00   0.0000000000000000E+00   0.0000000000000000E+00   0.0000000000000000E+00   0.0000000000000000E+00   0.0000000000000000E+00   0.0000000000000000E+00
 0.0000000000000000E+00   0.0000000000000000E+00   0.0000000000000000E+00   0.0000000000000000E+00   0.0000000000000000E+00   0.0000000000000000E+00   0.0000000000000000E+00   0.0000000000000000E+00   0.0000000000000000E+00
 0.0000000000000000E+00   0.0000000000000000E+00   0.0000000000000000E+00   0.0000000000000000E+00   0.0000000000000000E+00   0.0000000000000000E+00   0.0000000000000000E+00   0.0000000000000000E+00   0.0000000000000000E+00
 0.0000000000000000E+00   0.0000000000000000E+00   0.0000000000000000E+00   0.0000000000000000E+00   0.0000000000000000E+00   0.0000000000000000E+00   0.0000000000000000E+00   0.0000000000000000E+00   0.0000000000000000E+00
 0.0000000000000000E+00   0.0000000000000000E+00   0.0000000000000000E+00   0.0000000000000000E+00   0.0000000000000000E+00   0.0000000000000000E+00   0.0000000000000000E+00   0.0000000000000000E+00   0.0000000000000000E+00
 0.0000000000000000E+00   0.0000000000000000E+00   0.0000000000000000E+00   0.0000000000000000E+00   0.0000000000000000E+00   0.0000000000000000E+00   0.0000000000000000E+00   0.0000000000000000E+00   0.0000000000000000E+00
 0.0000000000000000E+00   0.0000000000000000E+00   0.0000000000000000E+00   0.0000000000000000E+00   0.0000000000000000E+00   0.0000000000000000E+00   0.0000000000000000E+00   0.0000000000000000E+00   0.0000000000000000E+00
 0.0000000000000000E+00   0.0000000000000000E+00   0.0000000000000000E+00   0.0000000000000000E+00   0.0000000000000000E+00   0.0000000000000000E+00   0.0000000000000000E+00   0.0000000000000000E+00   0.0000000000000000E+00
 0.0000000000000000E+00   0.0000000000000000E+00   0.0000000000000000E+00   0.0000000000000000E+00   0.0000000000000000E+00   0.0000000000000000E+00   0.0000000000000000E+00   0.0000000000000000E+00   0.0000000000000000E+00
 0.0000000000000000E+00   0.0000000000000000E+00   0.0000000000000000E+00   0.0000000000000000E+00   0.0000000000000000E+00   0.0000000000000000E+00   0.0000000000000000E+00   0.0000000000000000E+00   0.0000000000000000E+00
 0.0000000000000000E+00   0.0000000000000000E+00   0.0000000000000000E+00   0.0000000000000000E+00   0.0000000000000000E+00   0.0000000000000000E+00   0.0000000000000000E+00   0.0000000000000000E+00   0.0000000000000000E+00
 0.0000000000000000E+00   0.0000000000000000E+00   0.0000000000000000E+00   0.0000000000000000E+00   0.0000000000000000E+00   0.0000000000000000E+00   0.0000000000000000E+00   0.0000000000000000E+00   0.0000000000000000E+00
 0.0000000000000000E+00   0.0000000000000000E+00   0.0000000000000000E+00   0.0000000000000000E+00   0.0000000000000000E+00   0.0000000000000000E+00   0.0000000000000000E+00   0.0000000000000000E+00   0.0000000000000000E+00
 0.0000000000000000E+00   0.0000000000000000E+00   0.0000000000000000E+00   0.0000000000000000E+00   0.0000000000000000E+00   0.0000000000000000E+00   0.0000000000000000E+00   0.0000000000000000E+00   0.0000000000000000E+00
 0.0000000000000000E+00   0.0000000000000000E+00   0.0000000000000000E+00   0.0000000000000000E+00   0.0000000000000000E+00   0.0000000000000000E+00   0.0000000000000000E+00   0.0000000000000000E+00   0.0000000000000000E+00
 0.0000000000000000E+00   0.0000000000000000E+00   0.0000000000000000E+00   0.0000000000000000E+00   0.0000000000000000E+00   0.0000000000000000E+00   0.0000000000000000E+00   0.0000000000000000E+00   0.0000000000000000E+00
 0.0000000000000000E+00   0.0000000000000000E+00   0.0000000000000000E+00   0.0000000000000000E+00   0.0000000000000000E+00   0.0000000000000000E+00   0.0000000000000000E+00   0.0000000000000000E+00   0.0000000000000000E+00
 0.0000000000000000E+00   0.0000000000000000E+00   0.0000000000000000E+00   0.0000000000000000E+00   0.0000000000000000E+00   0.0000000000000000E+00   0.0000000000000000E+00   0.0000000000000000E+00   0.0000000000000000E+00
 0.0000000000000000E+00   0.0000000000000000E+00   0.0000000000000000E+00   0.0000000000000000E+00   0.0000000000000000E+00   0.0000000000000000E+00   0.0000000000000000E+00   0.0000000000000000E+00   0.0000000000000000E+00
 0.0000000000000000E+00   0.0000000000000000E+00   0.0000000000000000E+00   0.0000000000000000E+00   0.0000000000000000E+00   0.0000000000000000E+00   0.0000000000000000E+00   0.0000000000000000E+00   0.0000000000000000E+00
 0.0000000000000000E+00   0.0000000000000000E+00   0.0000000000000000E+00   0.0000000000000000E+00   0.0000000000000000E+00   0.0000000000000000E+00   0.0000000000000000E+00   0.0000000000000000E+00   0.0000000000000000E+00
 0.0000000000000000E+00   0.0000000000000000E+00   0.0000000000000000E+00   0.0000000000000000E+00   0.0000000000000000E+00   0.0000000000000000E+00   0.0000000000000000E+00   0.0000000000000000E+00   0.0000000000000000E+00
 0.0000000000000000E+00   0.0000000000000000E+00   0.0000000000000000E+00   0.0000000000000000E+00   0.0000000000000000E+00   0.0000000000000000E+00   0.0000000000000000E+00   0.0000000000000000E+00   0.0000000000000000E+00
 0.0000000000000000E+00   0.0000000000000000E+00   0.0000000000000000E+00   0.0000000000000000E+00   0.0000000000000000E+00   0.0000000000000000E+00   0.0000000000000000E+00   0.0000000000000000E+00   0.0000000000000000E+00
 0.0000000000000000E+00   0.0000000000000000E+00   0.0000000000000000E+00   0.0000000000000000E+00   0.0000000000000000E+00   0.0000000000000000E+00   0.0000000000000000E+00   0.0000000000000000E+00   0.0000000000000000E+00
 0.0000000000000000E+00   0.0000000000000000E+00   0.0000000000000000E+00   0.0000000000000000E+00   0.0000000000000000E+00   0.0000000000000000E+00   0.0000000000000000E+00   0.0000000000000000E+00   0.0000000000000000E+00
 0.0000000000000000E+00   0.0000000000000000E+00   0.0000000000000000E+00   0.0000000000000000E+00   0.0000000000000000E+00   0.0000000000000000E+00   0.0000000000000000E+00   0.0000000000000000E+00   0.0000000000000000E+00
 0.0000000000000000E+00   0.0000000000000000E+00   0.0000000000000000E+00   0.0000000000000000E+00   0.0000000000000000E+00   0.0000000000000000E+00   0.0000000000000000E+00   0.0000000000000000E+00   0.0000000000000000E+00
 0.0000000000000000E+00   0.0000000000000000E+00   0.0000000000000000E+00   0.0000000000000000E+00   0.0000000000000000E+00   0.0000000000000000E+00   0.0000000000000000E+00   0.0000000000000000E+00   0.0000000000000000E+00
 0.0000000000000000E+00   0.0000000000000000E+00   0.0000000000000000E+00   0.0000000000000000E+00   0.0000000000000000E+00   0.0000000000000000E+00   0.0000000000000000E+00   0.0000000000000000E+00   0.0000000000000000E+00
 0.0000000000000000E+00   0.0000000000000000E+00   0.0000000000000000E+00   0.0000000000000000E+00   0.0000000000000000E+00   0.0000000000000000E+00   0.0000000000000000E+00   0.0000000000000000E+00   0.0000000000000000E+00
 0.0000000000000000E+00   0.0000000000000000E+00   0.0000000000000000E+00   0.0000000000000000E+00   0.0000000000000000E+00   0.0000000000000000E+00   0.0000000000000000E+00   0.0000000000000000E+00   0.0000000000000000E+00
 0.0000000000000000E+00   0.0000000000000000E+00   0.0000000000000000E+00   0.0000000000000000E+00   0.0000000000000000E+00   0.0000000000000000E+00   0.0000000000000000E+00   0.0000000000000000E+00   0.0000000000000000E+00
 0.0000000000000000E+00   0.0000000000000000E+00   0.0000000000000000E+00   0.0000000000000000E+00   0.0000000000000000E+00   0.0000000000000000E+00   0.0000000000000000E+00   0.0000000000000000E+00   0.0000000000000000E+00
 0.0000000000000000E+00   0.0000000000000000E+00   0.0000000000000000E+00   0.0000000000000000E+00   0.0000000000000000E+00   0.0000000000000000E+00   0.0000000000000000E+00   0.0000000000000000E+00   0.0000000000000000E+00
 0.0000000000000000E+00   0.0000000000000000E+00   0.0000000000000000E+00   0.0000000000000000E+00   0.0000000000000000E+00   0.0000000000000000E+00   0.0000000000000000E+00   0.0000000000000000E+00   0.0000000000000000E+00
 0.0000000000000000E+00   0.0000000000000000E+00   0.0000000000000000E+00   0.0000000000000000E+00   0.0000000000000000E+00   0.0000000000000000E+00   0.0000000000000000E+00   0.0000000000000000E+00   0.0000000000000000E+00
 0.0000000000000000E+00   0.0000000000000000E+00   0.0000000000000000E+00   0.0000000000000000E+00   0.0000000000000000E+00   0.0000000000000000E+00   0.0000000000000000E+00   0.0000000000000000E+00   0.0000000000000000E+00
 0.0000000000000000E+00   0.0000000000000000E+00   0.0000000000000000E+00   0.0000000000000000E+00   0.0000000000000000E+00   0.0000000000000000E+00   0.0000000000000000E+00   0.0000000000000000E+00   0.0000000000000000E+00
 0.0000000000000000E+00   0.0000000000000000E+00   0.0000000000000000E+00   0.0000000000000000E+00   0.0000000000000000E+00   0.0000000000000000E+00   0.0000000000000000E+00   0.0000000000000000E+00   0.0000000000000000E+00
 0.0000000000000000E+00   0.0000000000000000E+00   0.0000000000000000E+00   0.0000000000000000E+00   0.0000000000000000E+00   0.0000000000000000E+00   0.0000000000000000E+00   0.0000000000000000E+00   0.0000000000000000E+00
 0.0000000000000000E+00   0.0000000000000000E+00   0.0000000000000000E+00   0.0000000000000000E+00   0.0000000000000000E+00   0.0000000000000000E+00   0.0000000000000000E+00   0.0000000000000000E+00   0.0000000000000000E+00
 0.0000000000000000E+00   0.0000000000000000E+00   0.0000000000000000E+00   0.0000000000000000E+00   0.0000000000000000E+00   0.0000000000000000E+00   0.0000000000000000E+00   0.0000000000000000E+00   0.0000000000000000E+00
 0.0000000000000000E+00   0.0000000000000000E+00   0.0000000000000000E+00   0.0000000000000000E+00   0.0000000000000000E+00   0.0000000000000000E+00   0.0000000000000000E+00   0.0000000000000000E+00   0.0000000000000000E+00
 0.0000000000000000E+00   0.0000000000000000E+00   0.0000000000000000E+00   0.0000000000000000E+00   0.0000000000000000E+00   0.0000000000000000E+00   0.0000000000000000E+00   0.0000000000000000E+00   0.0000000000000000E+00
 0.0000000000000000E+00   0.0000000000000000E+00   0.0000000000000000E+00   0.0000000000000000E+00   0.0000000000000000E+00   0.0000000000000000E+00   0.0000000000000000E+00   0.0000000000000000E+00   0.0000000000000000E+00
 0.0000000000000000E+00   0.0000000000000000E+00   0.0000000000000000E+00   0.0000000000000000E+00   0.0000000000000000E+00   0.0000000000000000E+00   0.0000000000000000E+00   0.0000000000000000E+00   0.0000000000000000E+00
 0.0000000000000000E+00   0.0000000000000000E+00   0.0000000000000000E+00   0.0000000000000000E+00   0.0000000000000000E+00   0.0000000000000000E+00   0.0000000000000000E+00   0.0000000000000000E+00   0.0000000000000000E+00
 0.0000000000000000E+00   0.0000000000000000E+00   0.0000000000000000E+00   0.0000000000000000E+00   0.0000000000000000E+00   0.0000000000000000E+00   0.0000000000000000E+00   0.0000000000000000E+00   0.0000000000000000E+00
 0.0000000000000000E+00   0.0000000000000000E+00   0.0000000000000000E+00   0.0000000000000000E+00   0.0000000000000000E+00   0.0000000000000000E+00   0.0000000000000000E+00   0.0000000000000000E+00   0.0000000000000000E+00
 0.0000000000000000E+00   0.0000000000000000E+00   0.0000000000000000E+00   0.0000000000000000E+00   0.0000000000000000E+00   0.0000000000000000E+00   0.0000000000000000E+00   0.0000000000000000E+00   0.0000000000000000E+00
 0.0000000000000000E+00   0.0000000000000000E+00   0.0000000000000000E+00   0.0000000000000000E+00   0.0000000000000000E+00   0.0000000000000000E+00   0.0000000000000000E+00   0.0000000000000000E+00   0.0000000000000000E+00
 0.0000000000000000E+00   0.0000000000000000E+00   0.0000000000000000E+00   0.0000000000000000E+00   0.0000000000000000E+00   0.0000000000000000E+00   0.0000000000000000E+00   0.0000000000000000E+00   0.0000000000000000E+00
 0.0000000000000000E+00   0.0000000000000000E+00   0.0000000000000000E+00   0.0000000000000000E+00   0.0000000000000000E+00   0.0000000000000000E+00   0.0000000000000000E+00   0.0000000000000000E+00   0.0000000000000000E+00
 0.0000000000000000E+00   0.0000000000000000E+00   0.0000000000000000E+00   0.0000000000000000E+00   0.0000000000000000E+00   0.0000000000000000E+00   0.0000000000000000E+00   0.0000000000000000E+00   0.0000000000000000E+00
 0.0000000000000000E+00   0.0000000000000000E+00   0.0000000000000000E+00   0.0000000000000000E+00   0.0000000000000000E+00   0.0000000000000000E+00   0.0000000000000000E+00   0.0000000000000000E+00   0.0000000000000000E+00
 0.0000000000000000E+00   0.0000000000000000E+00   0.0000000000000000E+00   0.0000000000000000E+00   0.0000000000000000E+00   0.0000000000000000E+00   0.0000000000000000E+00   0.0000000000000000E+00   0.0000000000000000E+00
 0.0000000000000000E+00   0.0000000000000000E+00   0.0000000000000000E+00   0.0000000000000000E+00   0.0000000000000000E+00   0.0000000000000000E+00   0.0000000000000000E+00   0.0000000000000000E+00   0.0000000000000000E+00
 0.0000000000000000E+00   0.0000000000000000E+00   0.0000000000000000E+00   0.0000000000000000E+00   0.0000000000000000E+00   0.0000000000000000E+00   0.0000000000000000E+00   0.0000000000000000E+00   0.0000000000000000E+00
 0.0000000000000000E+00   0.0000000000000000E+00   0.0000000000000000E+00   0.0000000000000000E+00   0.0000000000000000E+00   0.0000000000000000E+00   0.0000000000000000E+00   0.0000000000000000E+00   0.0000000000000000E+00
 0.0000000000000000E+00   0.0000000000000000E+00   0.0000000000000000E+00   0.0000000000000000E+00   0.0000000000000000E+00   0.0000000000000000E+00
