 VARIABLES = X, RHO, U, T, P, PERTURBATION, error1, error2, N
ZONE I =  600, DATAPACKING=BLOCK
 8.3333333333333339E-04   2.5000000000000001E-03   4.1666666666666666E-03   5.8333333333333336E-03   7.5000000000000006E-03   9.1666666666666667E-03   1.0833333333333334E-02   1.2500000000000001E-02   1.4166666666666668E-02
 1.5833333333333335E-02   1.7500000000000002E-02   1.9166666666666669E-02   2.0833333333333336E-02   2.2500000000000003E-02   2.4166666666666670E-02   2.5833333333333337E-02   2.7500000000000000E-02   2.9166666666666667E-02
 3.0833333333333334E-02   3.2500000000000001E-02   3.4166666666666672E-02   3.5833333333333335E-02   3.7500000000000006E-02   3.9166666666666669E-02   4.0833333333333333E-02   4.2500000000000003E-02   4.4166666666666667E-02
 4.5833333333333337E-02   4.7500000000000001E-02   4.9166666666666671E-02   5.0833333333333335E-02   5.2500000000000005E-02   5.4166666666666669E-02   5.5833333333333339E-02   5.7500000000000002E-02   5.9166666666666673E-02
 6.0833333333333336E-02   6.2500000000000000E-02   6.4166666666666677E-02   6.5833333333333341E-02   6.7500000000000004E-02   6.9166666666666668E-02   7.0833333333333331E-02   7.2500000000000009E-02   7.4166666666666672E-02
 7.5833333333333336E-02   7.7499999999999999E-02   7.9166666666666677E-02   8.0833333333333340E-02   8.2500000000000004E-02   8.4166666666666667E-02   8.5833333333333345E-02   8.7500000000000008E-02   8.9166666666666672E-02
 9.0833333333333335E-02   9.2500000000000013E-02   9.4166666666666676E-02   9.5833333333333340E-02   9.7500000000000003E-02   9.9166666666666667E-02   1.0083333333333334E-01   1.0250000000000001E-01   1.0416666666666667E-01
 1.0583333333333333E-01   1.0750000000000001E-01   1.0916666666666668E-01   1.1083333333333334E-01   1.1250000000000000E-01   1.1416666666666668E-01   1.1583333333333334E-01   1.1750000000000001E-01   1.1916666666666667E-01
 1.2083333333333333E-01   1.2250000000000001E-01   1.2416666666666668E-01   1.2583333333333335E-01   1.2750000000000000E-01   1.2916666666666668E-01   1.3083333333333333E-01   1.3250000000000001E-01   1.3416666666666668E-01
 1.3583333333333333E-01   1.3750000000000001E-01   1.3916666666666669E-01   1.4083333333333334E-01   1.4250000000000002E-01   1.4416666666666667E-01   1.4583333333333334E-01   1.4750000000000002E-01   1.4916666666666667E-01
 1.5083333333333335E-01   1.5250000000000000E-01   1.5416666666666667E-01   1.5583333333333335E-01   1.5750000000000000E-01   1.5916666666666668E-01   1.6083333333333336E-01   1.6250000000000001E-01   1.6416666666666668E-01
 1.6583333333333333E-01   1.6750000000000001E-01   1.6916666666666669E-01   1.7083333333333334E-01   1.7250000000000001E-01   1.7416666666666666E-01   1.7583333333333334E-01   1.7750000000000002E-01   1.7916666666666667E-01
 1.8083333333333335E-01   1.8250000000000002E-01   1.8416666666666667E-01   1.8583333333333335E-01   1.8750000000000000E-01   1.8916666666666668E-01   1.9083333333333335E-01   1.9250000000000000E-01   1.9416666666666668E-01
 1.9583333333333336E-01   1.9750000000000001E-01   1.9916666666666669E-01   2.0083333333333334E-01   2.0250000000000001E-01   2.0416666666666669E-01   2.0583333333333334E-01   2.0750000000000002E-01   2.0916666666666667E-01
 2.1083333333333334E-01   2.1250000000000002E-01   2.1416666666666667E-01   2.1583333333333335E-01   2.1750000000000003E-01   2.1916666666666668E-01   2.2083333333333335E-01   2.2250000000000000E-01   2.2416666666666668E-01
 2.2583333333333336E-01   2.2750000000000001E-01   2.2916666666666669E-01   2.3083333333333333E-01   2.3250000000000001E-01   2.3416666666666669E-01   2.3583333333333334E-01   2.3750000000000002E-01   2.3916666666666669E-01
 2.4083333333333334E-01   2.4250000000000002E-01   2.4416666666666667E-01   2.4583333333333335E-01   2.4750000000000003E-01   2.4916666666666668E-01   2.5083333333333335E-01   2.5250000000000000E-01   2.5416666666666671E-01
 2.5583333333333336E-01   2.5750000000000001E-01   2.5916666666666666E-01   2.6083333333333336E-01   2.6250000000000001E-01   2.6416666666666666E-01   2.6583333333333337E-01   2.6750000000000002E-01   2.6916666666666667E-01
 2.7083333333333337E-01   2.7250000000000002E-01   2.7416666666666667E-01   2.7583333333333337E-01   2.7750000000000002E-01   2.7916666666666667E-01   2.8083333333333332E-01   2.8250000000000003E-01   2.8416666666666668E-01
 2.8583333333333333E-01   2.8750000000000003E-01   2.8916666666666668E-01   2.9083333333333333E-01   2.9250000000000004E-01   2.9416666666666669E-01   2.9583333333333334E-01   2.9750000000000004E-01   2.9916666666666669E-01
 3.0083333333333334E-01   3.0250000000000005E-01   3.0416666666666670E-01   3.0583333333333335E-01   3.0750000000000000E-01   3.0916666666666670E-01   3.1083333333333335E-01   3.1250000000000000E-01   3.1416666666666671E-01
 3.1583333333333335E-01   3.1750000000000000E-01   3.1916666666666671E-01   3.2083333333333336E-01   3.2250000000000001E-01   3.2416666666666671E-01   3.2583333333333336E-01   3.2750000000000001E-01   3.2916666666666666E-01
 3.3083333333333337E-01   3.3250000000000002E-01   3.3416666666666667E-01   3.3583333333333337E-01   3.3750000000000002E-01   3.3916666666666667E-01   3.4083333333333338E-01   3.4250000000000003E-01   3.4416666666666668E-01
 3.4583333333333338E-01   3.4750000000000003E-01   3.4916666666666668E-01   3.5083333333333333E-01   3.5250000000000004E-01   3.5416666666666669E-01   3.5583333333333333E-01   3.5750000000000004E-01   3.5916666666666669E-01
 3.6083333333333334E-01   3.6250000000000004E-01   3.6416666666666669E-01   3.6583333333333334E-01   3.6750000000000005E-01   3.6916666666666670E-01   3.7083333333333335E-01   3.7250000000000000E-01   3.7416666666666670E-01
 3.7583333333333335E-01   3.7750000000000000E-01   3.7916666666666671E-01   3.8083333333333336E-01   3.8250000000000001E-01   3.8416666666666671E-01   3.8583333333333336E-01   3.8750000000000001E-01   3.8916666666666672E-01
 3.9083333333333337E-01   3.9250000000000002E-01   3.9416666666666667E-01   3.9583333333333337E-01   3.9750000000000002E-01   3.9916666666666667E-01   4.0083333333333337E-01   4.0250000000000002E-01   4.0416666666666667E-01
 4.0583333333333338E-01   4.0750000000000003E-01   4.0916666666666668E-01   4.1083333333333338E-01   4.1250000000000003E-01   4.1416666666666668E-01   4.1583333333333333E-01   4.1750000000000004E-01   4.1916666666666669E-01
 4.2083333333333334E-01   4.2250000000000004E-01   4.2416666666666669E-01   4.2583333333333334E-01   4.2750000000000005E-01   4.2916666666666670E-01   4.3083333333333335E-01   4.3250000000000005E-01   4.3416666666666670E-01
 4.3583333333333335E-01   4.3750000000000006E-01   4.3916666666666671E-01   4.4083333333333335E-01   4.4250000000000000E-01   4.4416666666666671E-01   4.4583333333333336E-01   4.4750000000000001E-01   4.4916666666666671E-01
 4.5083333333333336E-01   4.5250000000000001E-01   4.5416666666666672E-01   4.5583333333333337E-01   4.5750000000000002E-01   4.5916666666666672E-01   4.6083333333333337E-01   4.6250000000000002E-01   4.6416666666666667E-01
 4.6583333333333338E-01   4.6750000000000003E-01   4.6916666666666668E-01   4.7083333333333338E-01   4.7250000000000003E-01   4.7416666666666668E-01   4.7583333333333339E-01   4.7750000000000004E-01   4.7916666666666669E-01
 4.8083333333333339E-01   4.8250000000000004E-01   4.8416666666666669E-01   4.8583333333333334E-01   4.8750000000000004E-01   4.8916666666666669E-01   4.9083333333333334E-01   4.9250000000000005E-01   4.9416666666666670E-01
 4.9583333333333335E-01   4.9750000000000005E-01   4.9916666666666670E-01   5.0083333333333335E-01   5.0250000000000006E-01   5.0416666666666665E-01   5.0583333333333336E-01   5.0750000000000006E-01   5.0916666666666666E-01
 5.1083333333333336E-01   5.1250000000000007E-01   5.1416666666666666E-01   5.1583333333333337E-01   5.1750000000000007E-01   5.1916666666666667E-01   5.2083333333333337E-01   5.2250000000000008E-01   5.2416666666666667E-01
 5.2583333333333337E-01   5.2750000000000008E-01   5.2916666666666667E-01   5.3083333333333338E-01   5.3250000000000008E-01   5.3416666666666668E-01   5.3583333333333338E-01   5.3750000000000009E-01   5.3916666666666668E-01
 5.4083333333333339E-01   5.4249999999999998E-01   5.4416666666666669E-01   5.4583333333333339E-01   5.4749999999999999E-01   5.4916666666666669E-01   5.5083333333333340E-01   5.5249999999999999E-01   5.5416666666666670E-01
 5.5583333333333340E-01   5.5750000000000000E-01   5.5916666666666670E-01   5.6083333333333341E-01   5.6250000000000000E-01   5.6416666666666671E-01   5.6583333333333341E-01   5.6750000000000000E-01   5.6916666666666671E-01
 5.7083333333333341E-01   5.7250000000000001E-01   5.7416666666666671E-01   5.7583333333333342E-01   5.7750000000000001E-01   5.7916666666666672E-01   5.8083333333333342E-01   5.8250000000000002E-01   5.8416666666666672E-01
 5.8583333333333332E-01   5.8750000000000002E-01   5.8916666666666673E-01   5.9083333333333332E-01   5.9250000000000003E-01   5.9416666666666673E-01   5.9583333333333333E-01   5.9750000000000003E-01   5.9916666666666674E-01
 6.0083333333333333E-01   6.0250000000000004E-01   6.0416666666666674E-01   6.0583333333333333E-01   6.0750000000000004E-01   6.0916666666666675E-01   6.1083333333333334E-01   6.1250000000000004E-01   6.1416666666666675E-01
 6.1583333333333334E-01   6.1750000000000005E-01   6.1916666666666675E-01   6.2083333333333335E-01   6.2250000000000005E-01   6.2416666666666676E-01   6.2583333333333335E-01   6.2750000000000006E-01   6.2916666666666665E-01
 6.3083333333333336E-01   6.3250000000000006E-01   6.3416666666666666E-01   6.3583333333333336E-01   6.3750000000000007E-01   6.3916666666666666E-01   6.4083333333333337E-01   6.4250000000000007E-01   6.4416666666666667E-01
 6.4583333333333337E-01   6.4750000000000008E-01   6.4916666666666667E-01   6.5083333333333337E-01   6.5250000000000008E-01   6.5416666666666667E-01   6.5583333333333338E-01   6.5750000000000008E-01   6.5916666666666668E-01
 6.6083333333333338E-01   6.6250000000000009E-01   6.6416666666666668E-01   6.6583333333333339E-01   6.6750000000000009E-01   6.6916666666666669E-01   6.7083333333333339E-01   6.7250000000000010E-01   6.7416666666666669E-01
 6.7583333333333340E-01   6.7749999999999999E-01   6.7916666666666670E-01   6.8083333333333340E-01   6.8250000000000000E-01   6.8416666666666670E-01   6.8583333333333341E-01   6.8750000000000000E-01   6.8916666666666671E-01
 6.9083333333333341E-01   6.9250000000000000E-01   6.9416666666666671E-01   6.9583333333333341E-01   6.9750000000000001E-01   6.9916666666666671E-01   7.0083333333333342E-01   7.0250000000000001E-01   7.0416666666666672E-01
 7.0583333333333342E-01   7.0750000000000002E-01   7.0916666666666672E-01   7.1083333333333343E-01   7.1250000000000002E-01   7.1416666666666673E-01   7.1583333333333343E-01   7.1750000000000003E-01   7.1916666666666673E-01
 7.2083333333333333E-01   7.2250000000000003E-01   7.2416666666666674E-01   7.2583333333333333E-01   7.2750000000000004E-01   7.2916666666666674E-01   7.3083333333333333E-01   7.3250000000000004E-01   7.3416666666666675E-01
 7.3583333333333334E-01   7.3750000000000004E-01   7.3916666666666675E-01   7.4083333333333334E-01   7.4250000000000005E-01   7.4416666666666675E-01   7.4583333333333335E-01   7.4750000000000005E-01   7.4916666666666676E-01
 7.5083333333333335E-01   7.5250000000000006E-01   7.5416666666666676E-01   7.5583333333333336E-01   7.5750000000000006E-01   7.5916666666666677E-01   7.6083333333333336E-01   7.6250000000000007E-01   7.6416666666666666E-01
 7.6583333333333337E-01   7.6750000000000007E-01   7.6916666666666667E-01   7.7083333333333337E-01   7.7250000000000008E-01   7.7416666666666667E-01   7.7583333333333337E-01   7.7750000000000008E-01   7.7916666666666667E-01
 7.8083333333333338E-01   7.8250000000000008E-01   7.8416666666666668E-01   7.8583333333333338E-01   7.8750000000000009E-01   7.8916666666666668E-01   7.9083333333333339E-01   7.9250000000000009E-01   7.9416666666666669E-01
 7.9583333333333339E-01   7.9750000000000010E-01   7.9916666666666669E-01   8.0083333333333340E-01   8.0250000000000010E-01   8.0416666666666670E-01   8.0583333333333340E-01   8.0750000000000011E-01   8.0916666666666670E-01
 8.1083333333333341E-01   8.1250000000000000E-01   8.1416666666666671E-01   8.1583333333333341E-01   8.1750000000000000E-01   8.1916666666666671E-01   8.2083333333333341E-01   8.2250000000000001E-01   8.2416666666666671E-01
 8.2583333333333342E-01   8.2750000000000001E-01   8.2916666666666672E-01   8.3083333333333342E-01   8.3250000000000002E-01   8.3416666666666672E-01   8.3583333333333343E-01   8.3750000000000002E-01   8.3916666666666673E-01
 8.4083333333333343E-01   8.4250000000000003E-01   8.4416666666666673E-01   8.4583333333333344E-01   8.4750000000000003E-01   8.4916666666666674E-01   8.5083333333333344E-01   8.5250000000000004E-01   8.5416666666666674E-01
 8.5583333333333333E-01   8.5750000000000004E-01   8.5916666666666675E-01   8.6083333333333334E-01   8.6250000000000004E-01   8.6416666666666675E-01   8.6583333333333334E-01   8.6750000000000005E-01   8.6916666666666675E-01
 8.7083333333333335E-01   8.7250000000000005E-01   8.7416666666666676E-01   8.7583333333333335E-01   8.7750000000000006E-01   8.7916666666666676E-01   8.8083333333333336E-01   8.8250000000000006E-01   8.8416666666666677E-01
 8.8583333333333336E-01   8.8750000000000007E-01   8.8916666666666677E-01   8.9083333333333337E-01   8.9250000000000007E-01   8.9416666666666678E-01   8.9583333333333337E-01   8.9750000000000008E-01   8.9916666666666667E-01
 9.0083333333333337E-01   9.0250000000000008E-01   9.0416666666666667E-01   9.0583333333333338E-01   9.0750000000000008E-01   9.0916666666666668E-01   9.1083333333333338E-01   9.1250000000000009E-01   9.1416666666666668E-01
 9.1583333333333339E-01   9.1750000000000009E-01   9.1916666666666669E-01   9.2083333333333339E-01   9.2250000000000010E-01   9.2416666666666669E-01   9.2583333333333340E-01   9.2750000000000010E-01   9.2916666666666670E-01
 9.3083333333333340E-01   9.3250000000000011E-01   9.3416666666666670E-01   9.3583333333333341E-01   9.3750000000000011E-01   9.3916666666666671E-01   9.4083333333333341E-01   9.4250000000000012E-01   9.4416666666666671E-01
 9.4583333333333341E-01   9.4750000000000001E-01   9.4916666666666671E-01   9.5083333333333342E-01   9.5250000000000001E-01   9.5416666666666672E-01   9.5583333333333342E-01   9.5750000000000002E-01   9.5916666666666672E-01
 9.6083333333333343E-01   9.6250000000000002E-01   9.6416666666666673E-01   9.6583333333333343E-01   9.6750000000000003E-01   9.6916666666666673E-01   9.7083333333333344E-01   9.7250000000000003E-01   9.7416666666666674E-01
 9.7583333333333344E-01   9.7750000000000004E-01   9.7916666666666674E-01   9.8083333333333345E-01   9.8250000000000004E-01   9.8416666666666675E-01   9.8583333333333345E-01   9.8750000000000004E-01   9.8916666666666675E-01
 9.9083333333333334E-01   9.9250000000000005E-01   9.9416666666666675E-01   9.9583333333333335E-01   9.9750000000000005E-01   9.9916666666666676E-01
 9.9915875323818371E-01   9.9749424015607158E-01   9.9583349924942188E-01   9.9417512280157527E-01   9.9251957220529474E-01   9.9086677802474721E-01   9.8921675234888884E-01   9.8756947311758270E-01   9.8592493117710378E-01
 9.8428312760944114E-01   9.8264406904921819E-01   9.8100776171802095E-01   9.7937421424767579E-01   9.7774344059247853E-01   9.7611544910695036E-01   9.7449022313443534E-01   9.7286771646702885E-01   9.7124787521245248E-01
 9.6963066909098961E-01   9.6801610522556181E-01   9.6640421601877824E-01   9.6479503571689540E-01   9.6318858410752550E-01   9.6158486293647771E-01   9.5998385926616470E-01   9.5838554992219627E-01   9.5678990698602662E-01
 9.5519690592608131E-01   9.5360653497093406E-01   9.5201880188038235E-01   9.5043373297492439E-01   9.4885136336713105E-01   9.4727172200046039E-01   9.4569481715841119E-01   9.4412062830786425E-01   9.4254910854591478E-01
 9.4098019821793710E-01   9.3941384516712112E-01   9.3785002303176490E-01   9.3628873900623200E-01   9.3473002737427735E-01   9.3317393243602875E-01   9.3162048906939310E-01   9.3006970964844393E-01   9.2852158247759931E-01
 9.2697607992345621E-01   9.2543317137821079E-01   9.2389283576059633E-01   9.2235506937588374E-01   9.2081988698417017E-01   9.1928731596247804E-01   9.1775738530440176E-01   9.1623011296245216E-01   9.1470549608639251E-01
 9.1318350819579830E-01   9.1166410503587436E-01   9.1014723753271587E-01   9.0863286725115033E-01   9.0712097820078763E-01   9.0561158029872513E-01   9.0410470370127705E-01   9.0260038500407269E-01   9.0109865296897740E-01
 8.9959951934721638E-01   8.9810297662772487E-01   8.9660900373439600E-01   8.9511757666715830E-01   8.9362867904588539E-01   8.9214230822888385E-01   8.9065847548190824E-01   8.8917720078521634E-01   8.8769850370673953E-01
 8.8622239405330172E-01   8.8474886611181036E-01   8.8327789865881245E-01   8.8180946065324206E-01   8.8034352044112896E-01   8.7888005509591671E-01   8.7741905660445396E-01   8.7596053281999697E-01   8.7450450306255678E-01
 8.7305099026162281E-01   8.7160001279027388E-01   8.7015157903421725E-01   8.6870568641628421E-01   8.6726232469306008E-01   8.6582148169130990E-01   8.6438314892213231E-01   8.6294732483515635E-01   8.6151401463816846E-01
 8.6008322702415285E-01   8.5865496933412799E-01   8.5722924316779392E-01   8.5580604216642520E-01   8.5438535279738470E-01   8.5296715778576271E-01   8.5155144090684587E-01   8.5013819139558544E-01   8.4872740643022160E-01
 8.4731909091661939E-01   8.4591325478632218E-01   8.4450990891489386E-01   8.4310906120621154E-01   8.4171071419794363E-01   8.4031486486648588E-01   8.3892150642239438E-01   8.3753063114899895E-01   8.3614223305904967E-01
 8.3475630933992440E-01   8.3337286014376610E-01   8.3199188696675330E-01   8.3061339039565174E-01   8.2923736818133442E-01   8.2786381439872936E-01   8.2649271998386253E-01   8.2512407439528446E-01   8.2375786773911575E-01
 8.2239409258207652E-01   8.2103274483542632E-01   8.1967382346200113E-01   8.1831732919990052E-01   8.1696326281871856E-01   8.1561162354382866E-01   8.1426240815863149E-01   8.1291561098885301E-01   8.1157122463025777E-01
 8.1022924102338567E-01   8.0888965241384303E-01   8.0755245183874658E-01   8.0621763301180982E-01   8.0488518973733603E-01   8.0355511514765976E-01   8.0222740110707769E-01   8.0090203802136117E-01   7.9957901511478413E-01
 7.9825832105311822E-01   7.9693994465940188E-01   7.9562387546695579E-01   7.9431010390970958E-01   7.9299862111506358E-01   7.9168941839020857E-01   7.9038248660269683E-01   7.8907781566976354E-01   7.8777539430892607E-01
 7.8647521009261956E-01   7.8517724974149583E-01   7.8388149950403407E-01   7.8258794547546229E-01   7.8129657374119632E-01   7.8000737032150702E-01   7.7872032097231703E-01   7.7743541094285418E-01   7.7615262480077629E-01
 7.7487194639467860E-01   7.7359335896471659E-01   7.7231684535196643E-01   7.7104238822559856E-01   7.6976997024697669E-01   7.6849957411879577E-01   7.6723118251506373E-01   7.6596477792810758E-01   7.6470034248867391E-01
 7.6343785783653895E-01   7.6217730506837211E-01   7.6091866477357906E-01   7.5966191713864839E-01   7.5840704206750753E-01   7.5715401928171799E-01   7.5590282837799294E-01   7.5465344882889329E-01   7.5340585995137122E-01
 7.5216004087144117E-01   7.5091597050579972E-01   7.4967362758164913E-01   7.4843299069054370E-01   7.4719403836323417E-01   7.4595674914278398E-01   7.4472110164096494E-01   7.4348707456180774E-01   7.4225464670460362E-01
 7.4102379694245990E-01   7.3979450420759707E-01   7.3856674748741769E-01   7.3734050584604061E-01   7.3611575846566479E-01   7.3489248470136914E-01   7.3367066413976623E-01   7.3245027664936591E-01   7.3123130242028889E-01
 7.3001372198999370E-01   7.2879751626282885E-01   7.2758266653034476E-01   7.2636915449382589E-01   7.2515696230018434E-01   7.2394607258426802E-01   7.2273646850761430E-01   7.2152813380943137E-01   7.2032105284277670E-01
 7.1911521060291494E-01   7.1791059275841362E-01   7.1670718566906644E-01   7.1550497640954802E-01   7.1430395279532566E-01   7.1310410341101360E-01   7.1190541764399595E-01   7.1070788571961518E-01   7.0951149873369912E-01
 7.0831624868607113E-01   7.0712212851005440E-01   7.0592913209128416E-01   7.0473725429535816E-01   7.0354649099018307E-01   7.0235683906175606E-01   7.0116829644009127E-01   6.9998086211881183E-01   6.9879453617447429E-01
 6.9760931978781526E-01   6.9642521525738532E-01   6.9524222601200081E-01   6.9406035662493604E-01   6.9287961281727461E-01   6.9170000146885036E-01   6.9052153062355703E-01   6.8934420949101571E-01   6.8816804845477297E-01
 6.8699305907061525E-01   6.8581925407034205E-01   6.8464664735405834E-01   6.8347525398817643E-01   6.8230509020064090E-01   6.8113617336458143E-01   6.7996852199050228E-01   6.7880215571562974E-01   6.7763709528026717E-01
 6.7647336251531409E-01   6.7531098032321046E-01   6.7414997265571064E-01   6.7299036448673422E-01   6.7183218178769455E-01   6.7067545150023378E-01   6.6952020150384195E-01   6.6836646058431126E-01   6.6721425839669180E-01
 6.6606362543252040E-01   6.6491459297884237E-01   6.6376719308038901E-01   6.6262145849520593E-01   6.6147742265439813E-01   6.6033511961330582E-01   6.5919458400821618E-01   6.5805585100542252E-01   6.5691895625130237E-01
 6.5578393582185024E-01   6.5465082617189274E-01   6.5351966407790496E-01   6.5239048658523191E-01   6.5126333095475730E-01   6.5013823460057962E-01   6.4901523503644076E-01   6.4789436981932269E-01   6.4677567648560719E-01
 6.4565919249459292E-01   6.4454495516975707E-01   6.4343300163890982E-01   6.4232336877043450E-01   6.4121609311869732E-01   6.4011121085954115E-01   6.3900875773337784E-01   6.3790876898554583E-01   6.3681127930574399E-01
 6.3571632277132339E-01   6.3462393278807561E-01   6.3353414203350222E-01   6.3244698240148156E-01   6.3136248494710467E-01   6.3028067983084224E-01   6.2920159626891492E-01   6.2812526247887224E-01   6.2705170563149293E-01
 6.2598095180132030E-01   6.2491302592030340E-01   6.2384795173124863E-01   6.2278575174921258E-01   6.2172644721157166E-01   6.2067005804777386E-01   6.1961660283670084E-01   6.1856609877478730E-01   6.1751856163504770E-01
 6.1647400575064248E-01   6.1543244397396801E-01   6.1439388765660896E-01   6.1335834662362310E-01   6.1232582915613931E-01   6.1129634196845484E-01   6.1026989019785305E-01   6.0924647738688775E-01   6.0822610547287714E-01
 6.0720877478494462E-01   6.0619448403530973E-01   6.0518323031719079E-01   6.0417500910838207E-01   6.0316981426735583E-01   6.0216763804872264E-01   6.0116847110247373E-01   6.0017230249300180E-01   5.9917911971093307E-01
 5.9818890868234975E-01   5.9720165379794676E-01   5.9621733792923537E-01   5.9523594245513689E-01   5.9425744728565755E-01   5.9328183089512987E-01   5.9230907034710434E-01   5.9133914133471355E-01   5.9037201821157670E-01
 5.8940767403188410E-01   5.8844608058928127E-01   5.8748720845800673E-01   5.8653102704199633E-01   5.8557750460962610E-01   5.8462660835235680E-01   5.8367830442455437E-01   5.8273255799691248E-01   5.8178933331229754E-01
 5.8084859373104625E-01   5.7991030178843372E-01   5.7897441925002513E-01   5.7804090716797407E-01   5.7710972593717558E-01   5.7618083535026599E-01   5.7525419465932337E-01   5.7432976263329960E-01   5.7340749761695298E-01
 5.7248735758891878E-01   5.7156930022116115E-01   5.7065328294247875E-01   5.6973926299056044E-01   5.6882719747613630E-01   5.6791704344327554E-01   5.6700875792111849E-01   5.6610229798657086E-01   5.6519762082389036E-01
 5.6429468377383063E-01   5.6339344439562400E-01   5.6249386051963446E-01   5.6159589029945667E-01   5.6069949226855875E-01   5.5980462538681086E-01   5.5891124909467793E-01   5.5801932336226479E-01   5.5712880873098547E-01
 5.5623966636647126E-01   5.5535185810077192E-01   5.5446534647063017E-01   5.5358009476544889E-01   5.5269606706245966E-01   5.5181322826133206E-01   5.5093154412670930E-01   5.5005098131733010E-01   5.4917150741833431E-01
 5.4829309097014733E-01   5.4741570150053753E-01   5.4653930954340579E-01   5.4566388667023669E-01   5.4478940550531663E-01   5.4391583974764779E-01   5.4304316418845122E-01   5.4217135472821165E-01   5.4130038838776673E-01
 5.4043024331956013E-01   5.3956089881854208E-01   5.3869233533246408E-01   5.3782453445953693E-01   5.3695747895407708E-01   5.3609115273249430E-01   5.3522554086717355E-01   5.3436062958131236E-01   5.3349640625298156E-01
 5.3263285940234129E-01   5.3176997868410469E-01   5.3090775488232134E-01   5.3004617989299074E-01   5.2918524671597844E-01   5.2832494943674546E-01   5.2746528321039188E-01   5.2660624424528280E-01   5.2574782978034529E-01
 5.2489003807001300E-01   5.2403286835900920E-01   5.2317632086241983E-01   5.2232039674318698E-01   5.2146509808691610E-01   5.2061042787184220E-01   5.1975638994415851E-01   5.1890298898733211E-01   5.1805023048746257E-01
 5.1719812071022764E-01   5.1634666666765017E-01   5.1549587609000291E-01   5.1464575739568263E-01   5.1379631966263595E-01   5.1294757259657175E-01   5.1209952649331403E-01   5.1125219221247020E-01   5.1040558113342249E-01
 5.0955970512987714E-01   5.0871457653316254E-01   5.0787020810362693E-01   5.0702661300636975E-01   5.0618380478278502E-01   5.0534179731955764E-01   5.0450060481315528E-01   5.0366024173495039E-01   5.0282072279316314E-01
 5.0198206288950165E-01   5.0114427708302389E-01   5.0030738056156709E-01   4.9947138861829787E-01   4.9863631663089242E-01   4.9780218004781573E-01   4.9696899436292014E-01   4.9613677509403692E-01   4.9530553774617930E-01
 4.9447529777472876E-01   4.9364607055076098E-01   4.9281787133521177E-01   4.9199071526234661E-01   4.9116461733299172E-01   4.9033959241850028E-01   4.8951565526124202E-01   4.8869282045763857E-01   4.8787110243044418E-01
 4.8705051538482935E-01   4.8623107325893927E-01   4.8541278967376145E-01   4.8459567790905245E-01   4.8377975089763692E-01   4.8296502125305635E-01   4.8215150128112089E-01   4.8133920295043076E-01   4.8052813787273724E-01
 4.7971831738091675E-01   4.7890975270227304E-01   4.7810245475363844E-01   4.7729643345869754E-01   4.7649169829962973E-01   4.7568825877266391E-01   4.7488612401584579E-01   4.7408530281401129E-01   4.7328580370586160E-01
 4.7248763510937608E-01   4.7169080525481999E-01   4.7089532202655543E-01   4.7010119278283619E-01   4.6930842417007046E-01   4.6851702203334877E-01   4.6772699152682357E-01   4.6693833740753199E-01   4.6615106418306917E-01
 4.6536517620747558E-01   4.6458067776573164E-01   4.6379757308042563E-01   4.6301586575840059E-01   4.6223555877226774E-01   4.6145665475445996E-01   4.6067915598649062E-01   4.5990306430813555E-01   4.5912838119834715E-01
 4.5835510807316338E-01   4.5758324657241900E-01   4.5681279864248209E-01   4.5604376635059335E-01   4.5527615148441014E-01   4.5450995510180320E-01   4.5374517719265117E-01   4.5298181657595332E-01   4.5221987112264250E-01
 4.5145933819742540E-01   4.5070021514745900E-01   4.4994249959109567E-01   4.4918618968210933E-01   4.4843128408840605E-01   4.4767778163315031E-01   4.4692568073987743E-01   4.4617497898636532E-01   4.4542567302011660E-01
 4.4467775890021921E-01   4.4393123276801510E-01   4.4318609157887656E-01   4.4244233357029433E-01   4.4169995825200686E-01   4.4095896585315841E-01   4.4021935623187702E-01   4.3948112756555996E-01   4.3874427571108870E-01
 4.3800879425772921E-01   4.3727467522202718E-01   4.3654191020841160E-01   4.3581049172522851E-01   4.3508041418307947E-01   4.3435167419207599E-01   4.3362426998591147E-01   4.3289820016360786E-01   4.3217346226185127E-01
 4.3145005177929280E-01   4.3072796209872743E-01   4.3000718539919280E-01   4.2928771436273150E-01   4.2856954397127950E-01   4.2785267258099208E-01   4.2713710171467650E-01   4.2642283450210944E-01   4.2570987325412468E-01
 4.2499821703826868E-01   4.2428786018699022E-01   4.2357879235120577E-01   4.2287100015603629E-01   4.2216446993428852E-01   4.2145919055407893E-01   4.2075515527119478E-01   4.2005236203334295E-01   4.1935081211012998E-01
 4.1865050747945320E-01   4.1795144800272876E-01   4.1725362954685796E-01   4.1655704390661569E-01   4.1586168071445356E-01   4.1516753068034518E-01   4.1447458885112443E-01   4.1378285647632285E-01   4.1309234041960469E-01
 4.1240305005097661E-01   4.1171499262016814E-01   4.1102816890581328E-01   4.1034257093429399E-01   4.0965818276632476E-01   4.0897498418663714E-01   4.0829295595132548E-01   4.0761208466515553E-01   4.0693236551001460E-01
 4.0625380187871124E-01   4.0557640212880586E-01   4.0490017471456557E-01   4.0422512348127571E-01   4.0355124483726185E-01   4.0287852793253021E-01   4.0220695796104111E-01   4.0153652155046310E-01   4.0086721219675592E-01
 4.0019903337109936E-01   3.9953199761316643E-01   3.9886612145384459E-01   3.9820141796912040E-01   3.9753789005228007E-01   3.9687552740685800E-01   3.9621430867543045E-01   3.9555420783344047E-01   3.9489520215579665E-01
 3.9423727850782125E-01   3.9358043567859186E-01   3.9292468224978933E-01   3.9227003131907112E-01   3.9161649441579172E-01   3.9096407681657469E-01   3.9031277554846644E-01   3.8966258027795714E-01   3.8901347653932622E-01
 3.8836545054457949E-01   3.8771849452397950E-01   3.8707261086838668E-01   3.8642781274163807E-01   3.8578411942695251E-01   3.8514154724662292E-01   3.8450010024614684E-01   3.8385976606959049E-01   3.8322051989830636E-01
 3.8258233428016714E-01   3.8194518907522251E-01   3.8130907653027130E-01   3.8067400050728128E-01   3.8003997228844255E-01   3.7940700549140588E-01   3.7877511101548350E-01   3.7814429252686899E-01   3.7751454442884891E-01
 3.7688585450114875E-01   3.7625821024848866E-01   3.7563160446999166E-01   3.7500603587947640E-01   3.7438150553476035E-01   3.7375801424990923E-01   3.7313556485004495E-01   3.7251416643439494E-01   3.7189383235394791E-01
 3.7127456640424694E-01   3.7065635167130340E-01   3.7003914756755418E-01   3.6942296782278944E-01   3.6880767694170136E-01   3.6819383024855634E-01
-1.7175474938932682E-05  -1.6348237398294389E-05  -1.6850049897876104E-05  -1.7168740195928573E-05  -1.7563669109547772E-05  -1.7956030410245125E-05  -1.8358600986553244E-05  -1.8768710594024636E-05  -1.9189629883208297E-05
-1.9622520022505488E-05  -2.0066678230818804E-05  -2.0520271879935042E-05  -2.0980278660193992E-05  -2.1442325384374110E-05  -2.1903746657699987E-05  -2.2369531882332159E-05  -2.2854055059146493E-05  -2.3374404767354518E-05
-2.3940531687117596E-05  -2.4550535717119944E-05  -2.5194004891098211E-05  -2.5859023201556735E-05  -2.6537642433169366E-05  -2.7228082537338418E-05  -2.7935055064436317E-05  -2.8669170935820443E-05  -2.9445400773622866E-05
-3.0277956356578635E-05  -3.1172320292731931E-05  -3.2121929976686106E-05  -3.3109404761254764E-05  -3.4111717812838248E-05  -3.5109372617697459E-05  -3.6096526329697756E-05  -3.7087619860260362E-05  -3.8116686978138383E-05
-3.9227946588983821E-05  -4.0460760377481345E-05  -4.1835364626895160E-05  -4.3346428969874963E-05  -4.4967499419380463E-05  -4.6664796004575486E-05  -4.8412113880633395E-05  -5.0200137000080653E-05  -5.2039710314786002E-05
-5.3956227404359554E-05  -5.5978087982012014E-05  -5.8124906660594578E-05  -6.0399349942821467E-05  -6.2785371247353405E-05  -6.5253820160245742E-05  -6.7774036333687109E-05  -7.0327876774588173E-05  -7.2921023974578333E-05
-7.5586771068178942E-05  -7.8379415674288206E-05  -8.1358975648064050E-05  -8.4573246557473878E-05  -8.8043380499894407E-05  -9.1759071074138586E-05  -9.5687701794156934E-05  -9.9786187157811231E-05  -1.0401916254999160E-04
-1.0837509155610655E-04  -1.1286805379042320E-04  -1.1752965531719468E-04  -1.2239568848977417E-04  -1.2749159685573015E-04  -1.3282168093283950E-04  -1.3836843484680926E-04  -1.4410345243043269E-04  -1.5000153480304666E-04
-1.5605369475855165E-04  -1.6227508961243642E-04  -1.6870532697262696E-04  -1.7539991124336935E-04  -1.8241550350370312E-04  -1.8979423596983584E-04  -1.9755301307982298E-04  -2.0568183633852229E-04  -2.1415157980001512E-04
-2.2292743669932721E-04  -2.3198295795754211E-04  -2.4130925755589828E-04  -2.5091656358180179E-04  -2.6082806856970423E-04  -2.7106948468728762E-04  -2.8165877078794145E-04  -2.9260036524263226E-04  -3.0388582554301415E-04
-3.1550055858798655E-04  -3.2743353516279355E-04  -3.3968622194000702E-04  -3.5227690650608564E-04  -3.6523901918570321E-04  -3.7861349791918790E-04  -3.9243851282770234E-04  -4.0673973059416441E-04  -4.2152485349272609E-04
-4.3678396961807967E-04  -4.5249573918619654E-04  -4.6863638590504151E-04  -4.8518862784358116E-04  -5.0214696084030519E-04  -5.1951804710177166E-04  -5.3731628192630828E-04  -5.5555720585442176E-04  -5.7425111059073710E-04
-5.9339984086755450E-04  -6.1299750553362028E-04  -6.3303459271325184E-04  -6.5350378647714322E-04  -6.7440471853462208E-04  -6.9574599826986282E-04  -7.1754357846291533E-04  -7.3981618868007961E-04  -7.6257949728797728E-04
-7.8584121620798241E-04  -8.0959861069484552E-04  -8.3383929543600472E-04  -8.5854480556504114E-04  -8.8369534532059437E-04  -9.0927424269881174E-04  -9.3527034020959800E-04  -9.6167797339425482E-04  -9.8849479707637552E-04
-1.0157186843151747E-03  -1.0433449039703431E-03  -1.0713648072626185E-03  -1.0997662429995886E-03  -1.1285354000035667E-03  -1.1576591601823653E-03  -1.1871268553463124E-03  -1.2169307074997597E-03  -1.2470648876674447E-03
-1.2775233323027396E-03  -1.3082974495606759E-03  -1.3393741661080604E-03  -1.3707354354861002E-03  -1.4023588045896493E-03  -1.4342192487187767E-03  -1.4662911860593506E-03  -1.4985502946102919E-03  -1.5309741871783634E-03
-1.5635423864326500E-03  -1.5962351290432358E-03  -1.6290322014001883E-03  -1.6619117348018026E-03  -1.6948498772306061E-03  -1.7278209413562463E-03  -1.7607982919711045E-03  -1.7937552056355723E-03  -1.8266654692070533E-03
-1.8595036763696467E-03  -1.8922446349511656E-03  -1.9248627082983649E-03  -1.9573308847856781E-03  -1.9896203239837115E-03  -2.0217000871469923E-03  -2.0535376537372287E-03  -2.0850994476541711E-03  -2.1163517806858513E-03
-2.1472613618492889E-03  -2.1777956502216393E-03  -2.2079227591876392E-03  -2.2376111665481022E-03  -2.2668292670595435E-03  -2.2955451888694344E-03  -2.3237266226077231E-03  -2.3513409132958681E-03  -2.3783554732250850E-03
-2.4047378830579043E-03  -2.4304562599034127E-03  -2.4554792168476700E-03  -2.4797758159286528E-03  -2.5033152865500418E-03  -2.5260670201900110E-03  -2.5480003107954808E-03  -2.5690845861673565E-03  -2.5892894359973570E-03
-2.6085850069119455E-03  -2.6269421791229137E-03  -2.6443328675404541E-03  -2.6607299846329972E-03  -2.6761075606787318E-03  -2.6904406365883611E-03  -2.7037051542025039E-03  -2.7158779728632993E-03  -2.7269368947308208E-03
-2.7368606724967460E-03  -2.7456292339116360E-03  -2.7532237044562034E-03  -2.7596265338387434E-03  -2.7648215655888212E-03  -2.7687939282802203E-03  -2.7715301592602191E-03  -2.7730180987501946E-03  -2.7732468958525827E-03
-2.7722071068253273E-03  -2.7698907123507258E-03  -2.7662912187076242E-03  -2.7614037918900795E-03  -2.7552252072591634E-03  -2.7477539559265232E-03  -2.7389902744882275E-03  -2.7289360049510907E-03  -2.7175947259405918E-03
-2.7049716716330396E-03  -2.6910736793822163E-03  -2.6759093053631508E-03  -2.6594888019535793E-03  -2.6418240630686203E-03  -2.6229286894846183E-03  -2.6028179851343915E-03  -2.5815088635367553E-03  -2.5590198807861919E-03
-2.5353711852628244E-03  -2.5105844344439502E-03  -2.4846829281462246E-03  -2.4576913528542243E-03  -2.4296359557395256E-03  -2.4005444140263437E-03  -2.3704458218210796E-03  -2.3393706227956084E-03  -2.3073506050654089E-03
-2.2744187708417618E-03  -2.2406093091625759E-03  -2.2059575789824468E-03  -2.1704999168189448E-03  -2.1342737492297723E-03  -2.0973173251728323E-03  -2.0596697992132048E-03  -2.0213711324899904E-03  -1.9824619617065642E-03
-1.9429835209816967E-03  -1.9029776386771898E-03  -1.8624865330815819E-03  -1.8215528739243530E-03  -1.7802195363054725E-03  -1.7385296310283886E-03  -1.6965263692878844E-03  -1.6542529865508327E-03  -1.6117526837700273E-03
-1.5690684171202922E-03  -1.5262429747844707E-03  -1.4833187776786938E-03  -1.4403378153132974E-03  -1.3973415041161183E-03  -1.3543707159965313E-03  -1.3114656087152177E-03  -1.2686654802987417E-03  -1.2260088229589905E-03
-1.1835331472616066E-03  -1.1412748838497164E-03  -1.0992694192825095E-03  -1.0575508393107554E-03  -1.0161520023210823E-03  -9.7510443021146321E-04  -9.3443816037586916E-04  -8.9418180364235034E-04  -8.5436237468967339E-04
-8.1500529238899317E-04  -7.7613429609403519E-04  -7.3777143049488444E-04  -6.9993690564622594E-04  -6.6264920387810978E-04  -6.2592487702737426E-04  -5.8977862055315596E-04  -5.5422319509106695E-04  -5.1926944895735745E-04
-4.8492622883005706E-04  -4.5120037447074864E-04  -4.1809680287737620E-04  -3.8561835232118298E-04  -3.5376590745444234E-04  -3.2253835762101389E-04  -2.9193256108373336E-04  -2.6194343799847353E-04  -2.3256396848882202E-04
-2.0378513333789238E-04  -1.7559610202100371E-04  -1.4798411152883287E-04  -1.2093462887076202E-04  -9.4431269803823927E-05  -6.8455994640813527E-05  -4.2989043053881177E-05  -1.8009091166294501E-05   6.5068805751390318E-06
 3.0583143131999080E-05   5.4245622063520188E-05   7.7521422357950336E-05   1.0043899689793222E-04   1.2302791227374507E-04   1.4531888364733081E-04   1.6734358708854683E-04   1.8913461278454583E-04   2.1072537883892444E-04
 2.3215006083527920E-04   2.5344335123479364E-04   2.7464059645188033E-04   2.9577739381089567E-04   3.1688983280143577E-04   3.3801408359517633E-04   3.5918646322353630E-04   3.8044328292096915E-04   4.0182071723015862E-04
 4.2335478385563743E-04   4.4508110199250949E-04   4.6703495543146622E-04   4.8925099823840458E-04   5.1176331957861979E-04   5.3460520393457328E-04   5.5780922667405077E-04   5.8140687772599347E-04   6.0542873686193288E-04
 6.2990419944670669E-04   6.5486144076256139E-04   6.8032745035124891E-04   7.0632763943196308E-04   7.3288618410519547E-04   7.6002554007296801E-04   7.8776666974408991E-04   8.1612880283038502E-04   8.4512941853452249E-04
 8.7478428274723728E-04   9.0510719548882190E-04   9.3611009529125913E-04   9.6780304759040627E-04   1.0001939804278289E-03   1.0332889016024082E-03   1.0670917512322947E-03   1.1016043690165660E-03   1.1368264817900838E-03
 1.1727557516816880E-03   1.2093877111270465E-03   1.2467156598917246E-03   1.2847309846807816E-03   1.3234227177801362E-03   1.3627779437169899E-03   1.4027816853177174E-03   1.4434167356219641E-03   1.4846639692686042E-03
 1.5265023255595768E-03   1.5689085899873213E-03   1.6118577912333345E-03   1.6553230598060635E-03   1.6992755195786324E-03   1.7436848234606023E-03   1.7885186969214938E-03   1.8337433415647449E-03   1.8793232272904063E-03
 1.9252215528972486E-03   1.9713998916871976E-03   2.0178186128282489E-03   2.0644365464752780E-03   2.1112117592567612E-03   2.1581008724880679E-03   2.2050596993724528E-03   2.2520429779757955E-03   2.2990047383093385E-03
 2.3458982071954382E-03   2.3926761463902110E-03   2.4392904462892644E-03   2.4856929352958732E-03   2.5318348628992418E-03   2.5776672822269801E-03   2.6231411632644730E-03   2.6682073655021174E-03   2.7128169197597443E-03
 2.7569207937285698E-03   2.8004704025665636E-03   2.8434174970288239E-03   2.8857140908441713E-03   2.9273129421399464E-03   2.9681673195286859E-03   3.0082312242273044E-03   3.0474595353066503E-03   3.0858079229056732E-03
 3.1232331361803634E-03   3.1596929272736441E-03   3.1951461829468203E-03   3.2295530432297514E-03   3.2628748451034749E-03   3.2950742774049213E-03   3.3261156573373466E-03   3.3559644317238606E-03   3.3845878155996938E-03
 3.4119546710446183E-03   3.4380352470800520E-03   3.4628017325165441E-03   3.4862278456468687E-03   3.5082891237411145E-03   3.5289628147254851E-03   3.5482281659026016E-03   3.5660661081773110E-03   3.5824595537298975E-03
 3.5973934261983561E-03   3.6108544125602001E-03   3.6228313168514452E-03   3.6333147604758541E-03   3.6422972735340817E-03   3.6497734405595184E-03   3.6557395371195145E-03   3.6601940239080013E-03   3.6631370563571632E-03
 3.6645708570469462E-03   3.6644994391414167E-03   3.6629287555902234E-03   3.6598664619199896E-03   3.6553219398162877E-03   3.6493062261285405E-03   3.6418320263323302E-03   3.6329135499093257E-03   3.6225668637392548E-03
 3.6108095542704520E-03   3.5976608993202601E-03   3.5831419253300233E-03   3.5672750757533419E-03   3.5500841976276727E-03   3.5315946506294048E-03   3.5118326247348211E-03   3.4908257200676994E-03   3.4686024771022556E-03
 3.4451925911455853E-03   3.4206269518424533E-03   3.3949374034939095E-03   3.3681570086435625E-03   3.3403195620637619E-03   3.3114594214273077E-03   3.2816114020845751E-03   3.2508105198943674E-03   3.2190921326245218E-03
 3.1864917224339569E-03   3.1530455702066828E-03   3.1187905992802870E-03   3.0837648173341701E-03   3.0480070538971729E-03   3.0115569848125786E-03   2.9744546175968114E-03   2.9367394439614204E-03   2.8984497658367972E-03
 2.8596235990340588E-03   2.8203004571267531E-03   2.7805202037488731E-03   2.7403185296902429E-03   2.6997308956000048E-03   2.6587965019402313E-03   2.6175539580247267E-03   2.5760399760686283E-03   2.5342895221360877E-03
 2.4923364795353710E-03   2.4502139281573137E-03   2.4079543875384799E-03   2.3655904207647207E-03   2.3231545649722027E-03   2.2806798315633697E-03   2.2381992051547983E-03   2.1957472608088850E-03   2.1533581219967935E-03
 2.1110643838219145E-03   2.0688962480183543E-03   2.0268823344983091E-03   1.9850465345185989E-03   1.9434109408189933E-03   1.9020001044606110E-03   1.8608413658166738E-03   1.8199628220217461E-03   1.7793903081336038E-03
 1.7391459805574628E-03   1.6992479289005187E-03   1.6597104277888005E-03   1.6205446923360587E-03   1.5817615493866712E-03   1.5433722831489861E-03   1.5053917289574255E-03   1.4678385337559892E-03   1.4307347823006790E-03
 1.3941039826507247E-03   1.3579675697024955E-03   1.3223416468347974E-03   1.2872361572891008E-03   1.2526573034923249E-03   1.2186092855488849E-03   1.1850980404400414E-03   1.1521317383925574E-03   1.1197214532466769E-03
 1.0878795217503193E-03   1.0566161233296627E-03   1.0259358825277739E-03   9.9583559170486440E-04   9.6630454259503018E-04   9.3732775484881513E-04   9.0889103891120618E-04   8.8098402814210141E-04   8.5360545461812256E-04
 8.2676509327650656E-04   8.0048195756551031E-04   7.7477708723380973E-04   7.4966684320996481E-04   7.2515727193474060E-04   7.0124333901305542E-04   6.7791078451087227E-04   6.5514200354715502E-04   6.3292314851583881E-04
 6.1124777901094959E-04   5.9011892601996355E-04   5.6954398382472995E-04   5.4952863967973396E-04   5.3006988064149244E-04   5.1115081509099940E-04   4.9274194191994047E-04   4.7480592242524872E-04   4.5730794708707142E-04
 4.4022516681524432E-04   4.2355303111610526E-04   4.0730643225692130E-04   3.9151181812786058E-04   3.7619838251579064E-04   3.6138583342215994E-04   3.4707705412777019E-04   3.3325574349230350E-04   3.1989274688093796E-04
 3.0695571561079049E-04   2.9441943878618097E-04   2.8227235239156869E-04   2.7051744260874779E-04   2.5916592349054652E-04   2.4822671788866707E-04   2.3769538119682243E-04   2.2754743770310353E-04   2.1774021799478996E-04
 2.0822204180289379E-04   1.9894803753288162E-04   1.8989316464559179E-04   1.8106049899649842E-04   1.7247879688087089E-04   1.6419142856197061E-04   1.5623930759762087E-04   1.4864634470372531E-04   1.4141050465602703E-04
 1.3450477335878830E-04   1.2788752976242347E-04   1.2151536873649570E-04   1.1535800719332145E-04   1.0940564670032204E-04   1.0366820712742075E-04   9.8167449894128730E-05   9.2922494842040583E-05   8.7936649426664429E-05
 8.3189099518022138E-05   7.8637242990492988E-05   7.4228355625970859E-05   6.9917379225184310E-05   6.5683044291531625E-05   6.1534693477810736E-05   5.7507179335901344E-05   5.3646725445278828E-05   4.9992878112927984E-05
 4.6564053493194503E-05   4.3352789602355892E-05   4.0330687193917264E-05   3.7459705332621609E-05   3.4705453393459794E-05   3.2046053481428553E-05   2.9475668792845416E-05   2.7002772991780444E-05   2.4642577227357874E-05
 2.2409143776724425E-05   2.0306740571821388E-05   1.8324712646317564E-05   1.6437008911363000E-05   1.4609237560617669E-05   1.2811507983632585E-05   1.1030753429322709E-05   9.2761622123911945E-06   7.5736962981911736E-06
 5.9530767885505772E-06   4.4339658880595601E-06   3.0199847010651057E-06   1.6998703270745678E-06   4.5443288242045350E-07  -7.3669246413610872E-07  -1.8899128012557731E-06  -3.0137818619827835E-06  -4.1086991547169450E-06
-5.1690847196639869E-06  -6.1888226371066904E-06  -7.1666362439068762E-06  -8.1055898972836942E-06  -9.0112945072231255E-06  -9.8891840381027028E-06  -1.0744198398909612E-05  -1.1582641676023587E-05  -1.2410967332757127E-05
-1.3234498043256703E-05  -1.4047606577799785E-05  -1.4859587775903083E-05  -1.5591160027353355E-05  -1.6525184644629063E-05  -1.6092751172569277E-05
 2.0000053284693196E+00   2.0000052941303252E+00   2.0000054026594745E+00   2.0000055689617375E+00   2.0000057808422338E+00   2.0000060337896151E+00   2.0000063330452491E+00   2.0000066893948096E+00   2.0000071075330763E+00
 2.0000075845738858E+00   2.0000081144812989E+00   2.0000086917158710E+00   2.0000093096276030E+00   2.0000099588159497E+00   2.0000106329189808E+00   2.0000113406999160E+00   2.0000121098461014E+00   2.0000129734932592E+00
 2.0000139504277370E+00   2.0000150362949709E+00   2.0000162112071496E+00   2.0000174546329408E+00   2.0000187557339255E+00   2.0000201144904541E+00   2.0000215387412354E+00   2.0000230415785980E+00   2.0000246403595932E+00
 2.0000263519991770E+00   2.0000281833840838E+00   2.0000301312408859E+00   2.0000321859006012E+00   2.0000343352667382E+00   2.0000365704690179E+00   2.0000388912188214E+00   2.0000413084479707E+00   2.0000438432438492E+00
 2.0000465213997649E+00   2.0000493655988212E+00   2.0000523895004534E+00   2.0000555954998367E+00   2.0000589770037922E+00   2.0000625255972069E+00   2.0000662362129757E+00   2.0000701076445830E+00   2.0000741456398861E+00
 2.0000783617506013E+00   2.0000827691780030E+00   2.0000873799459979E+00   2.0000922040078795E+00   2.0000972502866299E+00   2.0001025287044460E+00   2.0001080476679753E+00   2.0001138136171344E+00   2.0001198322477323E+00
 2.0001261077556256E+00   2.0001326422255366E+00   2.0001394366342993E+00   2.0001464944427254E+00   2.0001538240748422E+00   2.0001614391013218E+00   2.0001693611478646E+00   2.0001776078906666E+00   2.0001861898196420E+00
 2.0001951156509130E+00   2.0002043900632676E+00   2.0002140147323768E+00   2.0002239942569560E+00   2.0002343400034754E+00   2.0002450670283154E+00   2.0002561945055488E+00   2.0002677484006055E+00   2.0002797555582355E+00
 2.0002922342013134E+00   2.0003051884635368E+00   2.0003186089395419E+00   2.0003324781996463E+00   2.0003467792713421E+00   2.0003615038402449E+00   2.0003766578397948E+00   2.0003922627869994E+00   2.0004083517512599E+00
 2.0004249609368916E+00   2.0004421207964085E+00   2.0004598504430451E+00   2.0004781570526822E+00   2.0004970405583680E+00   2.0005165010887689E+00   2.0005365454777304E+00   2.0005571903623021E+00   2.0005784607993453E+00
 2.0006003848087492E+00   2.0006229857446662E+00   2.0006462754442071E+00   2.0006702509631191E+00   2.0006948964948346E+00   2.0007201900260250E+00   2.0007461125253991E+00   2.0007726563915686E+00   2.0007998301559216E+00
 2.0008276577673474E+00   2.0008561728273984E+00   2.0008854099809672E+00   2.0009153967370437E+00   2.0009461486632585E+00   2.0009776694723427E+00   2.0010099555092329E+00   2.0010430024771422E+00   2.0010768114523625E+00
 2.0011113917491952E+00   2.0011467595337167E+00   2.0011829328663455E+00   2.0012199252947562E+00   2.0012577406201544E+00   2.0012963710034191E+00   2.0013357992133494E+00   2.0013760042539022E+00   2.0014169683361120E+00
 2.0014586827387433E+00   2.0015011505381475E+00   2.0015443854042192E+00   2.0015884070852090E+00   2.0016332353410315E+00   2.0016788845547033E+00   2.0017253607965051E+00   2.0017726620771308E+00   2.0018207812457516E+00
 2.0018697100451299E+00   2.0019194425582376E+00   2.0019699766912158E+00   2.0020213132606575E+00   2.0020734532493911E+00   2.0021263945250900E+00   2.0021801294711334E+00   2.0022346445533312E+00   2.0022899220439339E+00
 2.0023459432964592E+00   2.0024026923643441E+00   2.0024601586995483E+00   2.0025183380172362E+00   2.0025772311089960E+00   2.0026368411360820E+00   2.0026971704060026E+00   2.0027582177817620E+00   2.0028199775081590E+00
 2.0028824396892460E+00   2.0029455919911574E+00   2.0030094217768721E+00   2.0030739177956463E+00   2.0031390708389614E+00   2.0032048732230896E+00   2.0032713174800620E+00   2.0033383948834116E+00   2.0034060944710013E+00
 2.0034744030088172E+00   2.0035433058969070E+00   2.0036127886953854E+00   2.0036828387062271E+00   2.0037534460666908E+00   2.0038246039945360E+00   2.0038963081799217E+00   2.0039685555762867E+00   2.0040413430704276E+00
 2.0041146664592904E+00   2.0041885200581477E+00   2.0042628969465501E+00   2.0043377896776207E+00   2.0044131911125107E+00   2.0044890950560892E+00   2.0045654965023609E+00   2.0046423914649290E+00   2.0047197765633920E+00
 2.0047976485709715E+00   2.0048760041733305E+00   2.0049548400364676E+00   2.0050341531672133E+00   2.0051139414268415E+00   2.0051942040188484E+00   2.0052749417535867E+00   2.0053561570268572E+00   2.0054378535236732E+00
 2.0055200357673937E+00   2.0056027086649264E+00   2.0056858772102326E+00   2.0057695463922411E+00   2.0058537213193643E+00   2.0059384074626481E+00   2.0060236109103173E+00   2.0061093385369082E+00   2.0061955980309971E+00
 2.0062823977877069E+00   2.0063697467449253E+00   2.0064576541885497E+00   2.0065461296553995E+00   2.0066351829288473E+00   2.0067248240979487E+00   2.0068150636684359E+00   2.0069059126450277E+00   2.0069973825425382E+00
 2.0070894853113779E+00   2.0071822331837752E+00   2.0072756384877533E+00   2.0073697134585626E+00   2.0074644701051829E+00   2.0075599201313210E+00   2.0076560749087147E+00   2.0077529454796430E+00   2.0078505425612088E+00
 2.0079488765182316E+00   2.0080479573022036E+00   2.0081477943584387E+00   2.0082483965170139E+00   2.0083497718860435E+00   2.0084519277594914E+00   2.0085548705536813E+00   2.0086586057478555E+00   2.0087631378435988E+00
 2.0088684703087161E+00   2.0089746055014372E+00   2.0090815445890957E+00   2.0091892874350235E+00   2.0092978325023263E+00   2.0094071767486490E+00   2.0095173155444166E+00   2.0096282426025329E+00   2.0097399499249384E+00
 2.0098524277522141E+00   2.0099656645164909E+00   2.0100796467925930E+00   2.0101943592354052E+00   2.0103097845284643E+00   2.0104259033139957E+00   2.0105426941507041E+00   2.0106601334645791E+00   2.0107781955123349E+00
 2.0108968523469621E+00   2.0110160738087295E+00   2.0111358274954201E+00   2.0112560787426061E+00   2.0113767906064641E+00   2.0114979238503077E+00   2.0116194369350358E+00   2.0117412860136152E+00   2.0118634249386860E+00
 2.0119858052682300E+00   2.0121083763039476E+00   2.0122310851022469E+00   2.0123538765182420E+00   2.0124766932360276E+00   2.0125994758190902E+00   2.0127221627557805E+00   2.0128446905059980E+00   2.0129669935710690E+00
 2.0130890045514134E+00   2.0132106542223478E+00   2.0133318716173925E+00   2.0134525841016999E+00   2.0135727174738984E+00   2.0136921960562510E+00   2.0138109427837172E+00   2.0139288793259111E+00   2.0140459261820669E+00
 2.0141620027974505E+00   2.0142770276853734E+00   2.0143909185515985E+00   2.0145035924098256E+00   2.0146149657298045E+00   2.0147249545570065E+00   2.0148334746589311E+00   2.0149404416559364E+00   2.0150457711755010E+00
 2.0151493789824815E+00   2.0152511811306373E+00   2.0153510941152279E+00   2.0154490350068315E+00   2.0155449216173609E+00   2.0156386726365145E+00   2.0157302077847858E+00   2.0158194479639882E+00   2.0159063154054961E+00
 2.0159907338046947E+00   2.0160726284875077E+00   2.0161519265270145E+00   2.0162285569101646E+00   2.0163024506491816E+00   2.0163735409385648E+00   2.0164417632690839E+00   2.0165070555702451E+00   2.0165693583077995E+00
 2.0166286146417858E+00   2.0166847704930708E+00   2.0167377746914790E+00   2.0167875790485033E+00   2.0168341384754012E+00   2.0168774110587875E+00   2.0169173581514785E+00   2.0169539444550604E+00   2.0169871380738038E+00
 2.0170169105947160E+00   2.0170432371387377E+00   2.0170660964036649E+00   2.0170854707259478E+00   2.0171013460764566E+00   2.0171137121320810E+00   2.0171225622602331E+00   2.0171278935431287E+00   2.0171297067858491E+00
 2.0171280064917827E+00   2.0171228008721114E+00   2.0171141018048155E+00   2.0171019248286712E+00   2.0170862890792263E+00   2.0170672172711921E+00   2.0170447356228656E+00   2.0170188738234986E+00   2.0169896649405548E+00
 2.0169571453658439E+00   2.0169213547296883E+00   2.0168823358051431E+00   2.0168401344426017E+00   2.0167947994322915E+00   2.0167463824389080E+00   2.0166949378604317E+00   2.0166405227340798E+00   2.0165831966134657E+00
 2.0165230214280920E+00   2.0164600613817796E+00   2.0163943827969177E+00   2.0163260539879184E+00   2.0162551451337349E+00   2.0161817281188577E+00   2.0161058763978392E+00   2.0160276648513236E+00   2.0159471696417981E+00
 2.0158644680591187E+00   2.0157796383697786E+00   2.0156927596874517E+00   2.0156039117886766E+00   2.0155131750080444E+00   2.0154206300498063E+00   2.0153263578629161E+00   2.0152304395023850E+00   2.0151329559677573E+00
 2.0150339880687720E+00   2.0149336162999667E+00   2.0148319206870977E+00   2.0147289806569613E+00   2.0146248749334581E+00   2.0145196813687165E+00   2.0144134768651609E+00   2.0143063372313850E+00   2.0141983370952916E+00
 2.0140895497645528E+00   2.0139800471602154E+00   2.0138698996880007E+00   2.0137591761817069E+00   2.0136479437652985E+00   2.0135362678208413E+00   2.0134242118818562E+00   2.0133118375890113E+00   2.0131992046041582E+00
 2.0130863705736868E+00   2.0129733910592229E+00   2.0128603195253105E+00   2.0127472072526986E+00   2.0126341033515387E+00   2.0125210547026069E+00   2.0124081059463776E+00   2.0122952994789070E+00   2.0121826754265881E+00
 2.0120702716773864E+00   2.0119581238590620E+00   2.0118462653620384E+00   2.0117347273589488E+00   2.0116235387981423E+00   2.0115127264398640E+00   2.0114023148727798E+00   2.0112923265288383E+00   2.0111827817698340E+00
 2.0110736988760900E+00   2.0109650941392987E+00   2.0108569819181890E+00   2.0107493746912262E+00   2.0106422831154709E+00   2.0105357160738322E+00   2.0104296807374222E+00   2.0103241826355118E+00   2.0102192257130387E+00
 2.0101148124211923E+00   2.0100109438162379E+00   2.0099076196495007E+00   2.0098048384733165E+00   2.0097025977081802E+00   2.0096008937186691E+00   2.0094997218542638E+00   2.0093990765074139E+00   2.0092989511473647E+00
 2.0091993384041920E+00   2.0091002301501018E+00   2.0090016176126628E+00   2.0089034915023252E+00   2.0088058421089565E+00   2.0087086593976129E+00   2.0086119330751080E+00   2.0085156526172763E+00   2.0084198073187389E+00
 2.0083243863376432E+00   2.0082293787820547E+00   2.0081347738307813E+00   2.0080405608933045E+00   2.0079467297489244E+00   2.0078532706495116E+00   2.0077601743629292E+00   2.0076674321326098E+00   2.0075750355829571E+00
 2.0074829766223310E+00   2.0073912473677358E+00   2.0072998401525375E+00   2.0072087476376210E+00   2.0071179629887661E+00   2.0070274800793562E+00   2.0069372936599619E+00   2.0068473994175484E+00   2.0067577940350452E+00
 2.0066684750343269E+00   2.0065794406434354E+00   2.0064906896863146E+00   2.0064022215052302E+00   2.0063140360513088E+00   2.0062261342325844E+00   2.0061385184971123E+00   2.0060511929955411E+00   2.0059641623374360E+00
 2.0058774312079719E+00   2.0057910059848862E+00   2.0057048940482622E+00   2.0056191027283359E+00   2.0055336386634610E+00   2.0054485083420555E+00   2.0053637198132939E+00   2.0052792821568608E+00   2.0051952043722410E+00
 2.0051114965098802E+00   2.0050281726680335E+00   2.0049452478412215E+00   2.0048627267802801E+00   2.0047806146742904E+00   2.0046989248641345E+00   2.0046176715289405E+00   2.0045368687439735E+00   2.0044565316365408E+00
 2.0043766787390203E+00   2.0042973313117534E+00   2.0042185117743330E+00   2.0041402422003496E+00   2.0040625413104807E+00   2.0039854208074916E+00   2.0039088870274826E+00   2.0038329473573921E+00   2.0037576121598120E+00
 2.0036828943817380E+00   2.0036088098741613E+00   2.0035353777756097E+00   2.0034626123620973E+00   2.0033905241347636E+00   2.0033191259458483E+00   2.0032484327523936E+00   2.0031784582944412E+00   2.0031092138308648E+00
 2.0030407110648967E+00   2.0029729659430133E+00   2.0029059980772939E+00   2.0028398285660898E+00   2.0027744787021713E+00   2.0027099674690212E+00   2.0026463084275523E+00   2.0025835080938479E+00   2.0025215670929244E+00
 2.0024604827162293E+00   2.0024002519942994E+00   2.0023408721002744E+00   2.0022823438512876E+00   2.0022246740165484E+00   2.0021678741871476E+00   2.0021119563759298E+00   2.0020569285460921E+00   2.0020027932526316E+00
 2.0019495493677422E+00   2.0018971955344824E+00   2.0018457338369999E+00   2.0017951723521410E+00   2.0017455258936687E+00   2.0016968145766256E+00   2.0016490574903436E+00   2.0016022620498122E+00   2.0015564230210359E+00
 2.0015115253537350E+00   2.0014675472689896E+00   2.0014244645277599E+00   2.0013822558326622E+00   2.0013409077558499E+00   2.0013004167007247E+00   2.0012607870584618E+00   2.0012220261318210E+00   2.0011841380758986E+00
 2.0011471197006059E+00   2.0011109594123400E+00   2.0010756388611401E+00   2.0010411389609573E+00   2.0010074472097936E+00   2.0009745620626735E+00   2.0009424925057373E+00   2.0009112531273190E+00   2.0008808562699119E+00
 2.0008513045774579E+00   2.0008225862692801E+00   2.0007946748937044E+00   2.0007675341069460E+00   2.0007411256063459E+00   2.0007154172835362E+00   2.0006903870888046E+00   2.0006660244322396E+00   2.0006423286837407E+00
 2.0006193038735156E+00   2.0005969518257309E+00   2.0005752668321581E+00   2.0005542343619562E+00   2.0005338338889680E+00   2.0005140442149312E+00   2.0004948489013055E+00   2.0004762396121696E+00   2.0004582159254110E+00
 2.0004407816542886E+00   2.0004239386727982E+00   2.0004076815764082E+00   2.0003919950588078E+00   2.0003768548171337E+00   2.0003622313295564E+00   2.0003480952641648E+00   2.0003344223032404E+00   2.0003211958519636E+00
 2.0003084068103467E+00   2.0002960509848191E+00   2.0002841256960542E+00   2.0002726268925830E+00   2.0002615476989720E+00   2.0002508781537220E+00   2.0002406062059790E+00   2.0002307191954731E+00   2.0002212042559129E+00
 2.0002120480367496E+00   2.0002032364548334E+00   2.0001947553172013E+00   2.0001865916466874E+00   2.0001787352261560E+00   2.0001711795065984E+00   2.0001639213352185E+00   2.0001569592744710E+00   2.0001502909892750E+00
 2.0001439107722443E+00   2.0001378083299310E+00   2.0001319692485704E+00   2.0001263768996620E+00   2.0001210155595825E+00   2.0001158735298330E+00   2.0001109449947645E+00   2.0001062302124990E+00   2.0001017337039397E+00
 2.0000974601077903E+00   2.0000934084359758E+00   2.0000895666298955E+00   2.0000859099213737E+00   2.0000824059468947E+00   2.0000790257503134E+00   2.0000757556931936E+00   2.0000726032460965E+00   2.0000695923262999E+00
 2.0000667508619903E+00   2.0000640979869670E+00   2.0000616371690412E+00   2.0000593566406257E+00   2.0000572342002405E+00   2.0000552435563939E+00   2.0000533621089636E+00   2.0000515781144168E+00   2.0000498937049529E+00
 2.0000483217959344E+00   2.0000468763883781E+00   2.0000455634613910E+00   2.0000443797221368E+00   2.0000433184657194E+00   2.0000423735579349E+00   2.0000415352006202E+00   2.0000407824102044E+00   2.0000400867920742E+00
 2.0000394367007663E+00   2.0000388609557764E+00   2.0000384133152083E+00   2.0000381210188807E+00   2.0000379048505934E+00   2.0000378995576442E+00
 9.9916141523156465E-01   9.9749688058832464E-01   9.9583618932406670E-01   9.9417789106318488E-01   9.9252244100482523E-01   9.9086976736558474E-01   9.8921988472611577E-01   9.8757277623863648E-01   9.8592843492413329E-01
 9.8428686029349410E-01   9.8264805587267912E-01   9.8101202503838703E-01   9.7937877305228516E-01   9.7774830917596400E-01   9.7612063858519349E-01   9.7449574883503121E-01   9.7287360710619064E-01   9.7125417545133352E-01
 9.6963743247227996E-01   9.6802338291340917E-01   9.6641204930824631E-01   9.6480345578850113E-01   9.6319761676192728E-01   9.6159453383125093E-01   9.5999419768813221E-01   9.5839659128018417E-01   9.5680169480970823E-01
 9.5520949160012070E-01   9.5361997290055400E-01   9.5203314463430599E-01   9.5044902825775313E-01   9.4886765289945918E-01   9.4728904308604089E-01   9.4571320677044735E-01   9.4414012838679051E-01   9.4256977075111770E-01
 9.4100208607592317E-01   9.3943703253062494E-01   9.3787458977886828E-01   9.3631476572645023E-01   9.3475759116246193E-01   9.3320310606474044E-01   9.3165134257595639E-01   9.3010231214676464E-01   9.2855600539103966E-01
 9.2701239965765037E-01   9.2547147004965657E-01   9.2393320061364470E-01   9.2239759179292591E-01   9.2086466198314199E-01   9.1933444263123765E-01   9.1780696607702639E-01   9.1628225269409402E-01   9.1476030169419709E-01
 9.1324108795714476E-01   9.1172456761379128E-01   9.1021069146647504E-01   9.0869942208391530E-01   9.0719074672340849E-01   9.0568468085856013E-01   9.0418126380648134E-01   9.0268053947932037E-01   9.0118254066681536E-01
 8.9968728232010564E-01   8.9819475828983175E-01   8.9670494750238638E-01   8.9521782726539523E-01   8.9373338551976211E-01   8.9225162556103987E-01   8.9077256638577773E-01   8.8929623867189889E-01   8.8782267300196416E-01
 8.8635188630005779E-01   8.8488387368534260E-01   8.8341860877611866E-01   8.8195605186419657E-01   8.8049616288340360E-01   8.7903891435343262E-01   8.7758429998768162E-01   8.7613233617994968E-01   8.7468305578521188E-01
 8.7323649654501068E-01   8.7179268903617613E-01   8.7035164882878491E-01   8.6891337529161672E-01   8.6747785696811852E-01   8.6604508056029639E-01   8.6461503935692252E-01   8.6318773780144264E-01   8.6176319068094587E-01
 8.6034141747603554E-01   8.5892243423686898E-01   8.5750624627275174E-01   8.5609284457842783E-01   8.5468220749083312E-01   8.5327430700554474E-01   8.5186911750488703E-01   8.5046662374923465E-01   8.4906682531713162E-01
 8.4766973603012885E-01   8.4627537875786429E-01   8.4488377766608336E-01   8.4349495084801163E-01   8.4210890593148802E-01   8.4072563996175376E-01   8.3934514312100705E-01   8.3796740441048434E-01   8.3659241682523067E-01
 8.3522017997731890E-01   8.3385069928002142E-01   8.3248398224056619E-01   8.3112003353820518E-01   8.2975885094219026E-01   8.2840042372061251E-01   8.2704473414645929E-01   8.2569176151346690E-01   8.2434148714672051E-01
 8.2299389861572347E-01   8.2164899170879957E-01   8.2030676960658877E-01   8.1896723972172569E-01   8.1763040945529852E-01   8.1629628242253083E-01   8.1496485637718385E-01   8.1363612332660673E-01   8.1231007146295697E-01
 8.1098668789878536E-01   8.0966596102572364E-01   8.0834788159227478E-01   8.0703244220810111E-01   8.0571963564335991E-01   8.0440945274638875E-01   8.0310188090692980E-01   8.0179690370986934E-01   8.0049450192107330E-01
 7.9919465543167689E-01   7.9789734541933888E-01   7.9660255596635499E-01   7.9531027457578496E-01   7.9402049147292797E-01   7.9273319800291464E-01   7.9144838472884060E-01   7.9016603990095069E-01   7.8888614875564222E-01
 7.8760869377270903E-01   7.8633365565073465E-01   7.8506101453158139E-01   7.8379075098158990E-01   7.8252284638680203E-01   7.8125728268898498E-01   7.7999404167135511E-01   7.7873310414189145E-01   7.7747444938276977E-01
 7.7621805510567943E-01   7.7496389792003051E-01   7.7371195413603810E-01   7.7246220060134807E-01   7.7121461528051682E-01   7.6996917738928272E-01   7.6872586708122592E-01   7.6748466482345046E-01   7.6624555070370903E-01
 7.6500850391023523E-01   7.6377350253344400E-01   7.6254052369989722E-01   7.6130954394997119E-01   7.6008053967636646E-01   7.5885348746404580E-01   7.5762836423753521E-01   7.5640514719380447E-01   7.5518381361163156E-01
 7.5396434064405560E-01   7.5274670520880316E-01   7.5153088403376189E-01   7.5031685384580959E-01   7.4910459163657150E-01   7.4789407491492621E-01   7.4668528185787642E-01   7.4547819132120363E-01   7.4427278272762631E-01
 7.4306903587426598E-01   7.4186693074709154E-01   7.4066644740630483E-01   7.3946756597371921E-01   7.3827026672009011E-01   7.3707453020906644E-01   7.3588033744831227E-01   7.3468767000011748E-01   7.3349651002902816E-01
 7.3230684028600646E-01   7.3111864406629123E-01   7.2993190515736273E-01   7.2874660782532563E-01   7.2756273684867878E-01   7.2638027758153301E-01   7.2519921603180426E-01   7.2401953894094029E-01   7.2284123382286913E-01
 7.2166428896429380E-01   7.2048869339956023E-01   7.1931443686131802E-01   7.1814150973670499E-01   7.1696990304615305E-01   7.1579960844456592E-01   7.1463061824669705E-01   7.1346292546458345E-01   7.1229652384293707E-01
 7.1113140788440243E-01   7.0996757285890055E-01   7.0880501479123958E-01   7.0764373045222806E-01   7.0648371734568027E-01   7.0532497369432345E-01   7.0416749844628634E-01   7.0301129127687723E-01   7.0185635259689960E-01
 7.0070268355762622E-01   6.9955028604147962E-01   6.9839916264987589E-01   6.9724931668207679E-01   6.9610075210940048E-01   6.9495347355427950E-01   6.9380748627213595E-01   6.9266279613383108E-01   6.9151940962071901E-01
 6.9037733381099808E-01   6.8923657637284963E-01   6.8809714554558932E-01   6.8695905012200909E-01   6.8582229943196238E-01   6.8468690330816351E-01   6.8355287207022841E-01   6.8242021650361606E-01   6.8128894782993787E-01
 6.8015907768930528E-01   6.7903061812475340E-01   6.7790358155647867E-01   6.7677798075457318E-01   6.7565382881513580E-01   6.7453113913504403E-01   6.7340992538289512E-01   6.7229020147212526E-01   6.7117198153294688E-01
 6.7005527988786318E-01   6.6894011102972939E-01   6.6782648959371194E-01   6.6671443033349953E-01   6.6560394809690671E-01   6.6449505779933771E-01   6.6338777440095698E-01   6.6228211287633543E-01   6.6117808819251433E-01
 6.6007571528220821E-01   6.5897500902235828E-01   6.5787598420836901E-01   6.5677865552920034E-01   6.5568303755083679E-01   6.5458914468648766E-01   6.5349699117486526E-01   6.5240659106589793E-01   6.5131795818974381E-01
 6.5023110613974699E-01   6.4914604825447031E-01   6.4806279759890784E-01   6.4698136693841068E-01   6.4590176873186178E-01   6.4482401510520970E-01   6.4374811784071440E-01   6.4267408835796525E-01   6.4160193770095009E-01
 6.4053167652082954E-01   6.3946331506246978E-01   6.3839686315328548E-01   6.3733233018702429E-01   6.3626972511742719E-01   6.3520905644133940E-01   6.3415033219282946E-01   6.3309355993119765E-01   6.3203874673415739E-01
 6.3098589918485248E-01   6.2993502337161400E-01   6.2888612487144446E-01   6.2783920875676347E-01   6.2679427957305045E-01   6.2575134135016719E-01   6.2471039758741831E-01   6.2367145125795986E-01   6.2263450478977178E-01
 6.2159956008979522E-01   6.2056661851481565E-01   6.1953568088831801E-01   6.1850674748812473E-01   6.1747981805617891E-01   6.1645489178952217E-01   6.1543196734862338E-01   6.1441104285541703E-01   6.1339211588975695E-01
 6.1237518350136588E-01   6.1136024220711394E-01   6.1034728799242799E-01   6.0933631632411733E-01   6.0832732213568486E-01   6.0732029985513314E-01   6.0631524339014431E-01   6.0531214614531914E-01   6.0431100102735880E-01
 6.0331180043796162E-01   6.0231453629718568E-01   6.0131920003879391E-01   6.0032578262673242E-01   5.9933427455156041E-01   5.9834466585059876E-01   5.9735694610265022E-01   5.9637110445134933E-01   5.9538712960142359E-01
 5.9440500983603539E-01   5.9342473302375420E-01   5.9244628662521381E-01   5.9146965771706861E-01   5.9049483298061634E-01   5.8952179873607191E-01   5.8855054093597947E-01   5.8758104518653054E-01   5.8661329676326501E-01
 5.8564728061139382E-01   5.8468298137011565E-01   5.8372038337942911E-01   5.8275947069679890E-01   5.8180022711377499E-01   5.8084263616273313E-01   5.7988668113758413E-01   5.7893234510811298E-01   5.7797961093614125E-01
 5.7702846128827812E-01   5.7607887865153984E-01   5.7513084535951453E-01   5.7418434359168558E-01   5.7323935540802762E-01   5.7229586275623479E-01   5.7135384748877183E-01   5.7041329138739361E-01   5.6947417617839491E-01
 5.6853648354539421E-01   5.6760019515788440E-01   5.6666529268273780E-01   5.6573175780208151E-01   5.6479957224339927E-01   5.6386871778148595E-01   5.6293917627393009E-01   5.6201092967308974E-01   5.6108396004691585E-01
 5.6015824959661553E-01   5.5923378068415297E-01   5.5831053583864021E-01   5.5738849779273081E-01   5.5646764948374472E-01   5.5554797408374623E-01   5.5462945501708683E-01   5.5371207598181638E-01   5.5279582096292856E-01
 5.5188067425586107E-01   5.5096662048430023E-01   5.5005364462034123E-01   5.4914173199708594E-01   5.4823086833230539E-01   5.4732103973919510E-01   5.4641223274580442E-01   5.4550443431584572E-01   5.4459763185777388E-01
 5.4369181324933169E-01   5.4278696684733152E-01   5.4188308150888631E-01   5.4098014659895499E-01   5.4007815199886477E-01   5.3917708812661458E-01   5.3827694593963427E-01   5.3737771693800629E-01   5.3647939319604043E-01
 5.3558196735060748E-01   5.3468543262246671E-01   5.3378978282981315E-01   5.3289501238865211E-01   5.3200111632401936E-01   5.3110809026773909E-01   5.3021593046237103E-01   5.2932463376657746E-01   5.2843419765067812E-01
 5.2754462020842829E-01   5.2665590016051123E-01   5.2576803686078488E-01   5.2488103030387978E-01   5.2399488111971315E-01   5.2310959056525641E-01   5.2222516051238144E-01   5.2134159343404096E-01   5.2045889238005449E-01
 5.1957706097744039E-01   5.1869610341960692E-01   5.1781602446873631E-01   5.1693682945952268E-01   5.1605852429619203E-01   5.1518111544585965E-01   5.1430460991829152E-01   5.1342901524682139E-01   5.1255433945719864E-01
 5.1168059105367547E-01   5.1080777900428453E-01   5.0993591274278438E-01   5.0906500218457162E-01   5.0819505773273055E-01   5.0732609027198816E-01   5.0645811114293193E-01   5.0559113209564865E-01   5.0472516522666633E-01
 5.0386022291021748E-01   5.0299631774244680E-01   5.0213346251418423E-01   5.0127167021467856E-01   5.0041095405420910E-01   4.9955132749968878E-01   4.9869280428981588E-01   4.9783539842643854E-01   4.9697912415043227E-01
 4.9612399586387984E-01   4.9527002806078790E-01   4.9441723527256526E-01   4.9356563203115972E-01   4.9271523288347563E-01   4.9186605247947446E-01   4.9101810571346560E-01   4.9017140774370083E-01   4.8932597365776370E-01
 4.8848181833432014E-01   4.8763895678657937E-01   4.8679740394114157E-01   4.8595717435699171E-01   4.8511828206472030E-01   4.8428074072666549E-01   4.8344456406133635E-01   4.8260976568319763E-01   4.8177635881416786E-01
 4.8094435663342583E-01   4.8011377316676918E-01   4.7928462231976499E-01   4.7845691453325345E-01   4.7763065990216408E-01   4.7680587046602574E-01   4.7598255808302425E-01   4.7516073421016836E-01   4.7434041028453200E-01
 4.7352159840289265E-01   4.7270431108826383E-01   4.7188856075677910E-01   4.7107435918123325E-01   4.7026171660034422E-01   4.6945064077748666E-01   4.6864113751161490E-01   4.6783321244074760E-01   4.6702687163661100E-01
 4.6622212160393112E-01   4.6541896943436439E-01   4.6461742289655078E-01   4.6381748798871170E-01   4.6301916918124941E-01   4.6222247113229992E-01   4.6142739861581639E-01   4.6063395566283011E-01   4.5984214535482937E-01
 4.5905197079754839E-01   4.5826343627649563E-01   4.5747654719975123E-01   4.5669130940812813E-01   4.5590772847736016E-01   4.5512580869813929E-01   4.5434555203583421E-01   4.5356695767069827E-01   4.5279002249553718E-01
 4.5201474214678294E-01   4.5124111219257845E-01   4.5046912851310594E-01   4.4969878835116145E-01   4.4893009080136548E-01   4.4816303618663128E-01   4.4739762451038012E-01   4.4663385401177985E-01   4.4587172078635340E-01
 4.4511121952207566E-01   4.4435234494422748E-01   4.4359509336153402E-01   4.4283946369261540E-01   4.4208545760918749E-01   4.4133307865363514E-01   4.4058232974527123E-01   4.3983320953171345E-01   4.3908571155662091E-01
 4.3833982495656892E-01   4.3759553584973737E-01   4.3685282944139781E-01   4.3611169252228982E-01   4.3537211553397770E-01   4.3463409327762953E-01   4.3389762391982806E-01   4.3316270662011697E-01   4.3242933878787987E-01
 4.3169751420640451E-01   4.3096722274055321E-01   4.3023845161878521E-01   4.2951118844517316E-01   4.2878542456691771E-01   4.2806115707254755E-01   4.2733838847332073E-01   4.2661712407285957E-01   4.2589736785963433E-01
 4.2517911850205675E-01   4.2446236687099625E-01   4.2374709606709932E-01   4.2303328411376534E-01   4.2232090838366737E-01   4.2160995014869274E-01   4.2090039723456840E-01   4.2019224460131005E-01   4.1948549263771412E-01
 4.1878014341991887E-01   4.1807619644270483E-01   4.1737364563369589E-01   4.1667247902033966E-01   4.1597268124359782E-01   4.1527423791403190E-01   4.1457713999858042E-01   4.1388138636986821E-01   4.1318698316412744E-01
 4.1249393990029420E-01   4.1180226357393940E-01   4.1111195321173716E-01   4.1042299706440638E-01   4.0973537359610163E-01   4.0904905596277574E-01   4.0836401837350472E-01   4.0768024195124669E-01   4.0699771800393036E-01
 4.0631644759832558E-01   4.0563643777544067E-01   4.0495769598655218E-01   4.0428022480093506E-01   4.0360401878701407E-01   4.0292906464316119E-01   4.0225534470612778E-01   4.0158284264206567E-01   4.0091154896345282E-01
 4.0024146408076705E-01   3.9957259734656014E-01   3.9890496210284687E-01   3.9823856849826644E-01   3.9757341706462213E-01   3.9690949588533925E-01   3.9624678266468583E-01   3.9558525078417822E-01   3.9492487675109261E-01
 3.9426564600342001E-01   3.9360755500985906E-01   3.9295060923731995E-01   3.9229481825426532E-01   3.9164019026039848E-01   3.9098672801038403E-01   3.9033442717288630E-01   3.8968327724731006E-01   3.8903326443025160E-01
 3.8838437561391553E-01   3.8773660261306570E-01   3.8708994526302681E-01   3.8644441173314270E-01   3.8580001487978166E-01   3.8515676529649695E-01   3.8451466428196041E-01   3.8387370080212174E-01   3.8323385450203912E-01
 3.8259510313046485E-01   3.8195743003409827E-01   3.8132082793627481E-01   3.8068529827220310E-01   3.8005084793037924E-01   3.7941748538755793E-01   3.7878521713485686E-01   3.7815404451166201E-01   3.7752396222849649E-01
 3.7689496040182463E-01   3.7626702906148568E-01   3.7564016200804540E-01   3.7501435721131238E-01   3.7438961435096707E-01   3.7376593297834448E-01   3.7314331398031725E-01   3.7252176244716617E-01   3.7190128636931352E-01
 3.7128188732623568E-01   3.7066355370134868E-01   3.7004625478276165E-01   3.6943000921275509E-01   3.6881466674164742E-01   3.6820080744020323E-01
-5.5985608936603981E-06  -6.2418091354432548E-06  -5.8125210432580232E-06  -5.7564579981628228E-06  -5.6138143131878593E-06  -5.4517745218252145E-06  -5.2511667603116763E-06  -5.0242552449564215E-06  -4.7734430564938535E-06
-4.4946509946131030E-06  -4.1797923940878334E-06  -3.8209374458864076E-06  -3.4082789549527703E-06  -2.9280173723389424E-06  -2.3704465266227714E-06  -1.7434885032363567E-06  -1.0754472633545120E-06  -3.9976233934257976E-07
 2.6666838803812709E-07   9.3308210313836071E-07   1.6264976541169318E-06   2.3755246046919254E-06   3.1990411054616530E-06   4.1031128352742030E-06   5.0828869745389582E-06   6.1257592371966041E-06   7.2163726182461474E-06
 8.3424838323020722E-06   9.4997679276342950E-06   1.0698566747624483E-05   1.1964747856030300E-05   1.3331843657926612E-05   1.4828777277986482E-05   1.6467890851745715E-05   1.8238000368375751E-05   2.0106296455213446E-05
 2.2029358902053708E-05   2.3969717149130432E-05   2.5911387603771985E-05   2.7866621576166928E-05   2.9870546434440648E-05   3.1967471067706477E-05   3.4193861986886454E-05   3.6565486486228593E-05   3.9077267891207690E-05
 4.1710857345722552E-05   4.4445653019753451E-05   4.7269989457254802E-05   5.0188590786426346E-05   5.3224126337458877E-05   5.6412309626385770E-05   5.9789739933036046E-05   6.3381043216459432E-05   6.7189676524859188E-05
 7.1194757889636584E-05   7.5356649329560987E-05   7.9630377301076471E-05   8.3982727607567753E-05   8.8405167606775414E-05   9.2917373954559679E-05   9.7562859813327130E-05   1.0238972639475818E-04   1.0743494552478694E-04
 1.1271764346587609E-04   1.1823583902925705E-04   1.2397261983676522E-04   1.2990944781399172E-04   1.3603841124643079E-04   1.4236694616209800E-04   1.4891818269036072E-04   1.5572692545084976E-04   1.6282787682886379E-04
 1.7024207387250634E-04   1.7796874185904699E-04   1.8598559836535689E-04   1.9425702765241137E-04   2.0274704918243902E-04   2.1143226148012673E-04   2.2031044998249705E-04   2.2940207374655408E-04   2.3874404623569490E-04
 2.4837816072209584E-04   2.5833903901828492E-04   2.6864628944744950E-04   2.7930331231085237E-04   2.9030267586360736E-04   3.0163510021730122E-04   3.1329788555856108E-04   3.2529948006732035E-04   3.3765866889778895E-04
 3.5039892406085738E-04   3.6354028047436149E-04   3.7709202556845955E-04   3.9104912558751703E-04   4.0539388235361073E-04   4.2010224972788279E-04   4.3515256172688144E-04   4.5053352383650491E-04   4.6624865314282005E-04
 4.8231570317969208E-04   4.9876146902017027E-04   5.1561403530797634E-04   5.3289540764089871E-04   5.5061711971482463E-04   5.6878011612349066E-04   5.8737847192447123E-04   6.0640507473053162E-04   6.2585679949123119E-04
 6.4573713172288993E-04   6.6605535169095287E-04   6.8682282717691390E-04   7.0804809155711190E-04   7.2973276178989188E-04   7.5186994726517131E-04   7.7444575587237718E-04   7.9744330986353251E-04   8.2084775646418251E-04
 8.4465048095305750E-04   8.6885108107481734E-04   8.9345654054695522E-04   9.1847806874800764E-04   9.4392685718769354E-04   9.6981030519893707E-04   9.9612994435083202E-04   1.0228815535090474E-03   1.0500570900672246E-03
 1.0776474255419499E-03   1.1056447042712136E-03   1.1340434212147033E-03   1.1628399262527678E-03   1.1920307235321337E-03   1.2216103891615759E-03   1.2515700344469805E-03   1.2818969596405383E-03   1.3125756397873722E-03
 1.3435896690247029E-03   1.3749239218470155E-03   1.4065661712292510E-03   1.4385076047646050E-03   1.4707421261498377E-03   1.5032647527876142E-03   1.5360697139302770E-03   1.5691489198740305E-03   1.6024912609728936E-03
 1.6360828648920300E-03   1.6699080720121717E-03   1.7039506599277887E-03   1.7381948246574241E-03   1.7726255758763187E-03   1.8072284729505617E-03   1.8419889106713327E-03   1.8768913025780654E-03   1.9119185304027342E-03
 1.9470518993965902E-03   1.9822716065472923E-03   2.0175575436731652E-03   2.0528901340592931E-03   2.0882509119463100E-03   2.1236226568127625E-03   2.1589890800439715E-03   2.1943342006247590E-03   2.2296416522735729E-03
 2.2648941632847919E-03   2.3000733582387856E-03   2.3351598919775229E-03   2.3701338272822392E-03   2.4049750733921016E-03   2.4396637259526122E-03   2.4741802143265490E-03   2.5085052344836489E-03   2.5426195583748701E-03
 2.5765038263957374E-03   2.6101384378213188E-03   2.6435035962902864E-03   2.6765794986431946E-03   2.7093466006897771E-03   2.7417858697241781E-03   2.7738789354052606E-03   2.8056081004214084E-03   2.8369562286575389E-03
 2.8679065526715508E-03   2.8984424881473014E-03   2.9285475192905031E-03   2.9582051862162562E-03   2.9873991722894067E-03   3.0161134480855001E-03   3.0443324225212232E-03   3.0720410534756937E-03   3.0992248954292423E-03
 3.1258700836331865E-03   3.1519632919796425E-03   3.1774916809760301E-03   3.2024428841367358E-03   3.2268050417630922E-03   3.2505668641696905E-03   3.2737177098874914E-03   3.2962476653993766E-03   3.3181475840983188E-03
 3.3394090865908055E-03   3.3600245355746017E-03   3.3799869865084320E-03   3.3992901438060219E-03   3.4179283396505999E-03   3.4358965351825033E-03   3.4531903458860924E-03   3.4698060790322449E-03   3.4857407690798148E-03
 3.5009922029414220E-03   3.5155589293371925E-03   3.5294402464143282E-03   3.5426361928692085E-03   3.5551475349621109E-03   3.5669757524334766E-03   3.5781230450011581E-03   3.5885923341480996E-03   3.5983872714463461E-03
 3.6075122435406115E-03   3.6159723628376161E-03   3.6237734553586920E-03   3.6309220396009145E-03   3.6374253007570578E-03   3.6432910697822285E-03   3.6485278052776904E-03   3.6531445759502290E-03   3.6571510556736575E-03
 3.6605575098500598E-03   3.6633747885563839E-03   3.6656143077057335E-03   3.6672880313971534E-03   3.6684084555101970E-03   3.6689885735131655E-03   3.6690418605122010E-03   3.6685822522016798E-03   3.6676241151827327E-03
 3.6661822293188040E-03   3.6642717721688811E-03   3.6619082932329849E-03   3.6591076866959726E-03   3.6558861675468624E-03   3.6522602463594511E-03   3.6482467002422192E-03   3.6438625459658258E-03   3.6391250119095497E-03
 3.6340515135839802E-03   3.6286596317010034E-03   3.6229670841415595E-03   3.6169917021753317E-03   3.6107514060726986E-03   3.6042641785775098E-03   3.5975480420855632E-03   3.5906210282997675E-03   3.5835011563023489E-03
 3.5762064057665022E-03   3.5687546955177618E-03   3.5611638577796034E-03   3.5534516132736949E-03   3.5456355546975571E-03   3.5377331169331727E-03   3.5297615553336881E-03   3.5217379314446129E-03   3.5136790820260444E-03
 3.5056016020174052E-03   3.4975218265782537E-03   3.4894558123091945E-03   3.4814193111860625E-03   3.4734277637428201E-03   3.4654962726140548E-03   3.4576395917884639E-03   3.4498721076353656E-03   3.4422078259824795E-03
 3.4346603548974786E-03   3.4272428912297537E-03   3.4199682094615547E-03   3.4128486454998441E-03   3.4058960903459168E-03   3.3991219732136813E-03   3.3925372556573574E-03   3.3861524195876180E-03   3.3799774604614807E-03
 3.3740218743073536E-03   3.3682946574902228E-03   3.3628042902038580E-03   3.3575587432244092E-03   3.3525654555613960E-03   3.3478313457879771E-03   3.3433627971098945E-03   3.3391656617816068E-03   3.3352452420869483E-03
 3.3316063144847030E-03   3.3282531004992233E-03   3.3251892835837182E-03   3.3224179967663581E-03   3.3199418324411090E-03   3.3177628333539433E-03   3.3158825009389492E-03   3.3143017933647823E-03   3.3130211219966066E-03
 3.3120403633530859E-03   3.3113588563927765E-03   3.3109754039314376E-03   3.3108882854756549E-03   3.3110952425416951E-03   3.3115935064690349E-03   3.3123797836089874E-03   3.3134502725703507E-03   3.3148006694097010E-03
 3.3164261605360679E-03   3.3183214460803523E-03   3.3204807352490429E-03   3.3228977628099177E-03   3.3255657855294496E-03   3.3284776023295715E-03   3.3316255490152269E-03   3.3350015216315754E-03   3.3385969727335318E-03
 3.3424029287351109E-03   3.3464099968889549E-03   3.3506083719512247E-03   3.3549878601459859E-03   3.3595378677947485E-03   3.3642474355984886E-03   3.3691052320570236E-03   3.3740995747947311E-03   3.3792184462690944E-03
 3.3844494941006609E-03   3.3897800553978064E-03   3.3951971635759470E-03   3.4006875650309798E-03   3.4062377357666485E-03   3.4118338881420351E-03   3.4174619915882110E-03   3.4231077869549820E-03   3.4287568026808435E-03
 3.4343943675509969E-03   3.4400056263246270E-03   3.4455755659068554E-03   3.4510890146796092E-03   3.4565306771046078E-03   3.4618851409597973E-03   3.4671368943968162E-03   3.4722703504683761E-03   3.4772698623853904E-03
 3.4821197363078538E-03   3.4868042599027760E-03   3.4913077138567505E-03   3.4956143897585390E-03   3.4997086202077643E-03   3.5035747807772299E-03   3.5071973255021982E-03   3.5105607988635823E-03   3.5136498566187280E-03
 3.5164492834717231E-03   3.5189440205816158E-03   3.5211191719597412E-03   3.5229600408716033E-03   3.5244521309680810E-03   3.5255811763704736E-03   3.5263331592212399E-03   3.5266943311014209E-03   3.5266512262837058E-03
 3.5261906852392944E-03   3.5252998724502049E-03   3.5239662965760310E-03   3.5221778230586365E-03   3.5199226977924436E-03   3.5171895578862689E-03   3.5139674510994423E-03   3.5102458566586003E-03   3.5060146943438619E-03
 3.5012643490407447E-03   3.4959856805298894E-03   3.4901700447240724E-03   3.4838093012206084E-03   3.4768958218314161E-03   3.4694225108921062E-03   3.4613828080294340E-03   3.4527706913886069E-03   3.4435807092159099E-03
 3.4338079681988098E-03   3.4234481548000018E-03   3.4124975488122322E-03   3.4009530237389951E-03   3.3888120580221059E-03   3.3760727328058238E-03   3.3627337358915765E-03   3.3487943671109965E-03   3.3342545338880258E-03
 3.3191147630239337E-03   3.3033762041959625E-03   3.2870406362111027E-03   3.2701104746110099E-03   3.2525887661922770E-03   3.2344791807807916E-03   3.2157859990853410E-03   3.1965140988835516E-03   3.1766689308155849E-03
 3.1562565187222003E-03   3.1352834488429515E-03   3.1137568722060527E-03   3.0916845083741595E-03   3.0690746424699711E-03   3.0459361185406486E-03   3.0222783193259994E-03   2.9981111471817368E-03   2.9734449929340601E-03
 2.9482907219736676E-03   2.9226596595397503E-03   2.8965635926718747E-03   2.8700147861288050E-03   2.8430259884446585E-03   2.8156104258906245E-03   2.7877817766988056E-03   2.7595541247077415E-03   2.7309418963110677E-03
 2.7019597917269378E-03   2.6726227292123150E-03   2.6429458178423570E-03   2.6129443612507020E-03   2.5826338802471538E-03   2.5520301484278085E-03   2.5211492073325403E-03   2.4900073578162374E-03   2.4586211359329813E-03
 2.4270072351216254E-03   2.3951824369293218E-03   2.3631635564960174E-03   2.3309674056975482E-03   2.2986108075694900E-03   2.2661106844144574E-03   2.2334841990986343E-03   2.2007487746527610E-03   2.1679217596681233E-03
 2.1350202900529136E-03   2.1020616324999297E-03   2.0690629633400848E-03   2.0360410875426282E-03   2.0030122779422510E-03   1.9699924353873688E-03   1.9369975131693917E-03   1.9040433568140447E-03   1.8711454155854734E-03
 1.8383190922987569E-03   1.8055806326850998E-03   1.7729461585482276E-03   1.7404283232742568E-03   1.7080394306542845E-03   1.6757937254002209E-03   1.6437052672087504E-03   1.6117877109333989E-03   1.5800546878327881E-03
 1.5485204852151990E-03   1.5171998129771547E-03   1.4861072704933642E-03   1.4552568101640073E-03   1.4246608466829680E-03   1.3943293157770431E-03   1.3642701851352412E-03   1.3344912578993062E-03   1.3050007673129915E-03
 1.2758073760204547E-03   1.2469203300026210E-03   1.2183495486363105E-03   1.1901031772984516E-03   1.1621878299709620E-03   1.1346103047998879E-03   1.1073775121850371E-03   1.0804956160460621E-03   1.0539698272081233E-03
 1.0278053771963225E-03   1.0020086737697609E-03   9.7658724372529093E-04   9.5154904306438137E-04   9.2690175918669349E-04   9.0265179093373948E-04   8.7880320831318359E-04   8.5535729271229988E-04   8.3231303457187433E-04
 8.0966816446587098E-04   7.8742034119178017E-04   7.6556753210482720E-04   7.4410906369848373E-04   7.2304611082069092E-04   7.0238107314779530E-04   6.8211602740603228E-04   6.6225128261548916E-04   6.4278500070441558E-04
 6.2371393261190233E-04   6.0503486314761323E-04   5.8674615713583123E-04   5.6884878587182275E-04   5.5134647032828443E-04   5.3424479873431796E-04   5.1754873284026726E-04   5.0125895929981068E-04   4.8537105741280895E-04
 4.6987619600513675E-04   4.5476252212311996E-04   4.4001726652609374E-04   4.2562924206845931E-04   4.1159090906184304E-04   3.9789908406001606E-04   3.8455394567515899E-04   3.7155666212973504E-04   3.5890664814125506E-04
 3.4659968899186655E-04   3.3462764820435531E-04   3.2297974957029574E-04   3.1164558917162744E-04   3.0061850290113989E-04   2.8989756466812899E-04   2.7948726780474553E-04   2.6939489470678701E-04   2.5962640932297720E-04
 2.5018245225344460E-04   2.4105586327216599E-04   2.3223170865105391E-04   2.2368997414179415E-04   2.1540999150188034E-04   2.0737498844058955E-04   1.9957474324977520E-04   1.9200616525871794E-04   1.8467158933099803E-04
 1.7757503443138756E-04   1.7071793493167453E-04   1.6409615481693951E-04   1.5769965467143932E-04   1.5151500537424756E-04   1.4552974419052012E-04   1.3973676155376591E-04   1.3413685038088374E-04   1.2873806399804621E-04
 1.2355183524292990E-04   1.1858707040096617E-04   1.1384470367881150E-04   1.0931489015125750E-04   1.0497799515762907E-04   1.0080907266951655E-04   9.6784226620794112E-05   9.2886471672215531E-05   8.9109004304588346E-05
 8.5454776695303991E-05   8.1932712120147411E-05   7.8552140988785712E-05   7.5317508579975101E-05   7.2225256198266141E-05   6.9263951976483717E-05   6.6417799313267523E-05   6.3672327899055858E-05   6.1019910647275299E-05
 5.8462815373028221E-05   5.6012248872361337E-05   5.3683404316495764E-05   5.1488278418387878E-05   4.9429247977572643E-05   4.7496238343047725E-05   4.5668792639341760E-05   4.3922128177109609E-05   4.2234584969491618E-05
 4.0593430692847932E-05   3.8996960683823634E-05   3.7452465448950534E-05   3.5971334010509448E-05   3.4563583599545034E-05   3.3233783381658721E-05   3.1979413500748954E-05   3.0791781824301978E-05   2.9658890399963944E-05
 2.8569433876912687E-05   2.7517026462087202E-05   2.6503299926761148E-05   2.5538217069687175E-05   2.4636424727331185E-05   2.3810303939886257E-05   2.3062937889062329E-05   2.2385074062880594E-05   2.1758136091176716E-05
 2.1161648335932259E-05   2.0580730149377668E-05   2.0009874567850083E-05   1.9452283553877958E-05   1.8916609415164931E-05   1.8413089781010861E-05   1.7949973711184342E-05   1.7530355606365511E-05   1.7150698081724869E-05
 1.6802866776022274E-05   1.6478637789918427E-05   1.6173555042742205E-05   1.5887328793373623E-05   1.5621376274255194E-05   1.5376983478865291E-05   1.5156769049617935E-05   1.4967552153244412E-05   1.4819049218850466E-05
 1.4714562855344671E-05   1.4644196741853133E-05   1.4578956385791209E-05   1.4539198606111636E-05   1.4376385404413217E-05   1.4672296378082095E-05
 1.0000000000000000E+00   1.0000000000000000E+00   1.0000000000000000E+00   1.0000000000000000E+00   1.0000000000000000E+00   1.0000000000000000E+00   1.0000000000000000E+00   1.0000000000000000E+00   1.0000000000000000E+00
 1.0000000000000000E+00   1.0000000000000000E+00   1.0000000000000000E+00   1.0000000000000000E+00   1.0000000000000000E+00   1.0000000000000000E+00   1.0000000000000000E+00   1.0000000000000000E+00   1.0000000000000000E+00
 1.0000000000000000E+00   1.0000000000000000E+00   1.0000000000000000E+00   1.0000000000000000E+00   1.0000000000000000E+00   1.0000000000000000E+00   1.0000000000000000E+00   1.0000000000000000E+00   1.0000000000000000E+00
 1.0000000000000000E+00   1.0000000000000000E+00   1.0000000000000000E+00   1.0000000000000000E+00   1.0000000000000000E+00   1.0000000000000000E+00   1.0000000000000000E+00   1.0000000000000000E+00   1.0000000000000000E+00
 1.0000000000000000E+00   1.0000000000000000E+00   1.0000000000000000E+00   1.0000000000000000E+00   1.0000000000000000E+00   1.0000000000000000E+00   1.0000000000000000E+00   1.0000000000000000E+00   1.0000000000000000E+00
 1.0000000000000000E+00   1.0000000000000000E+00   1.0000000000000000E+00   1.0000000000000000E+00   1.0000000000000000E+00   1.0000000000000000E+00   1.0000000000000000E+00   1.0000000000000000E+00   1.0000000000000000E+00
 1.0000000000000000E+00   1.0000000000000000E+00   1.0000000000000000E+00   1.0000000000000000E+00   1.0000000000000000E+00   1.0000000000000000E+00   1.0000000000000000E+00   1.0000000000000000E+00   1.0000000000000000E+00
 1.0000000000000000E+00   1.0000000000000000E+00   1.0000000000000000E+00   1.0000000000000000E+00   1.0000000000000000E+00   1.0000000000000000E+00   1.0000000000000000E+00   1.0000000000000000E+00   1.0000000000000000E+00
 1.0000000000000000E+00   1.0000000000000000E+00   1.0000000000000000E+00   1.0000000000000000E+00   1.0000000000000000E+00   1.0000000000000000E+00   1.0000000000000000E+00   1.0000000000000000E+00   1.0000000000000000E+00
 1.0000000000000000E+00   1.0000000000000000E+00   1.0000000000000000E+00   1.0000000000000000E+00   1.0000000000000000E+00   1.0000000000000000E+00   1.0000000000000000E+00   1.0000000000000000E+00   1.0000000000000000E+00
 1.0000000000000000E+00   1.0000000000000000E+00   1.0000000000000000E+00   1.0000000000000000E+00   1.0000000000000000E+00   1.0000000000000000E+00   1.0000000000000000E+00   1.0000000000000000E+00   1.0000000000000000E+00
 1.0000000000000000E+00   1.0000000000000000E+00   1.0000000000000000E+00   1.0000000000000000E+00   1.0000000000000000E+00   1.0000000000000000E+00   1.0000000000000000E+00   1.0000000000000000E+00   1.0000000000000000E+00
 1.0000000000000000E+00   1.0000000000000000E+00   1.0000000000000000E+00   1.0000000000000000E+00   1.0000000000000000E+00   1.0000000000000000E+00   1.0000000000000000E+00   1.0000000000000000E+00   1.0000000000000000E+00
 1.0000000000000000E+00   1.0000000000000000E+00   1.0000000000000000E+00   1.0000000000000000E+00   1.0000000000000000E+00   1.0000000000000000E+00   1.0000000000000000E+00   1.0000000000000000E+00   1.0000000000000000E+00
 1.0000000000000000E+00   1.0000000000000000E+00   1.0000000000000000E+00   1.0000000000000000E+00   1.0000000000000000E+00   1.0000000000000000E+00   1.0000000000000000E+00   1.0000000000000000E+00   1.0000000000000000E+00
 1.0000000000000000E+00   1.0000000000000000E+00   1.0000000000000000E+00   1.0000000000000000E+00   1.0000000000000000E+00   1.0000000000000000E+00   1.0000000000000000E+00   1.0000000000000000E+00   1.0000000000000000E+00
 1.0000000000000000E+00   1.0000000000000000E+00   1.0000000000000000E+00   1.0000000000000000E+00   1.0000000000000000E+00   1.0000000000000000E+00   1.0000000000000000E+00   1.0000000000000000E+00   1.0000000000000000E+00
 1.0000000000000000E+00   1.0000000000000000E+00   1.0000000000000000E+00   1.0000000000000000E+00   1.0000000000000000E+00   1.0000000000000000E+00   1.0000000000000000E+00   1.0000000000000000E+00   1.0000000000000000E+00
 1.0000000000000000E+00   1.0000000000000000E+00   1.0000000000000000E+00   1.0000000000000000E+00   1.0000000000000000E+00   1.0000000000000000E+00   1.0000000000000000E+00   1.0000000000000000E+00   1.0000000000000000E+00
 1.0000000000000000E+00   1.0000000000000000E+00   1.0000000000000000E+00   1.0000000000000000E+00   1.0000000000000000E+00   1.0000000000000000E+00   1.0000000000000000E+00   1.0000000000000000E+00   1.0000000000000000E+00
 1.0000000000000000E+00   1.0000000000000000E+00   1.0000000000000000E+00   1.0000000000000000E+00   1.0000000000000000E+00   1.0000000000000000E+00   1.0000000000000000E+00   1.0000000000000000E+00   1.0000000000000000E+00
 1.0000000000000000E+00   1.0000000000000000E+00   1.0000000000000000E+00   1.0000000000000000E+00   1.0000000000000000E+00   1.0000000000000000E+00   1.0000000000000000E+00   1.0000000000000000E+00   1.0000000000000000E+00
 1.0000000000000000E+00   1.0000000000000000E+00   1.0000000000000000E+00   1.0000000000000000E+00   1.0000000000000000E+00   1.0000000000000000E+00   1.0000000000000000E+00   1.0000000000000000E+00   1.0000000000000000E+00
 1.0000000000000000E+00   1.0000000000000000E+00   1.0000000000000000E+00   1.0000000000000000E+00   1.0000000000000000E+00   1.0000000000000000E+00   1.0000000000000000E+00   1.0000000000000000E+00   1.0000000000000000E+00
 1.0000000000000000E+00   1.0000000000000000E+00   1.0000000000000000E+00   1.0000000000000000E+00   1.0000000000000000E+00   1.0000000000000000E+00   1.0000000000000000E+00   1.0000000000000000E+00   1.0000000000000000E+00
 1.0000000000000000E+00   1.0000000000000000E+00   1.0000000000000000E+00   1.0000000000000000E+00   1.0000000000000000E+00   1.0000000000000000E+00   1.0000000000000000E+00   1.0000000000000000E+00   1.0000000000000000E+00
 1.0000000000000000E+00   1.0000000000000000E+00   1.0000000000000000E+00   1.0000000000000000E+00   1.0000000000000000E+00   1.0000000000000000E+00   1.0000000000000000E+00   1.0000000000000000E+00   1.0000000000000000E+00
 1.0000000000000000E+00   1.0000000000000000E+00   1.0000000000000000E+00   1.0000000000000000E+00   1.0000000000000000E+00   1.0000000000000000E+00   1.0000000000000000E+00   1.0000000000000000E+00   1.0000000000000000E+00
 1.0000000000000000E+00   1.0000000000000000E+00   1.0000000000000000E+00   1.0000000000000000E+00   1.0000000000000000E+00   1.0000000000000000E+00   1.0000000000000000E+00   1.0000000000000000E+00   1.0000000000000000E+00
 1.0000000000000000E+00   1.0000000000000000E+00   1.0000000000000000E+00   1.0000000000000000E+00   1.0000000000000000E+00   1.0000000000000000E+00   1.0000000000000000E+00   1.0000000000000000E+00   1.0000000000000000E+00
 1.0000000000000000E+00   1.0000000000000000E+00   1.0000000000000000E+00   1.0000000000000000E+00   1.0000000000000000E+00   1.0000000000000000E+00   1.0000000000000000E+00   1.0000000000000000E+00   1.0000000000000000E+00
 1.0000000000000000E+00   1.0000000000000000E+00   1.0000000000000000E+00   1.0000000000000000E+00   1.0000000000000000E+00   1.0000000000000000E+00   1.0000000000000000E+00   1.0000000000000000E+00   1.0000000000000000E+00
 1.0000000000000000E+00   1.0000000000000000E+00   1.0000000000000000E+00   1.0000000000000000E+00   1.0000000000000000E+00   1.0000000000000000E+00   1.0000000000000000E+00   1.0000000000000000E+00   1.0000000000000000E+00
 1.0000000000000000E+00   1.0000000000000000E+00   1.0000000000000000E+00   1.0000000000000000E+00   1.0000000000000000E+00   1.0000000000000000E+00   1.0000000000000000E+00   1.0000000000000000E+00   1.0000000000000000E+00
 1.0000000000000000E+00   1.0000000000000000E+00   1.0000000000000000E+00   1.0000000000000000E+00   1.0000000000000000E+00   1.0000000000000000E+00   1.0000000000000000E+00   1.0000000000000000E+00   1.0000000000000000E+00
 1.0000000000000000E+00   1.0000000000000000E+00   1.0000000000000000E+00   1.0000000000000000E+00   1.0000000000000000E+00   1.0000000000000000E+00   1.0000000000000000E+00   1.0000000000000000E+00   1.0000000000000000E+00
 1.0000000000000000E+00   1.0000000000000000E+00   1.0000000000000000E+00   1.0000000000000000E+00   1.0000000000000000E+00   1.0000000000000000E+00   1.0000000000000000E+00   1.0000000000000000E+00   1.0000000000000000E+00
 1.0000000000000000E+00   1.0000000000000000E+00   1.0000000000000000E+00   1.0000000000000000E+00   1.0000000000000000E+00   1.0000000000000000E+00   1.0000000000000000E+00   1.0000000000000000E+00   1.0000000000000000E+00
 1.0000000000000000E+00   1.0000000000000000E+00   1.0000000000000000E+00   1.0000000000000000E+00   1.0000000000000000E+00   1.0000000000000000E+00   1.0000000000000000E+00   1.0000000000000000E+00   1.0000000000000000E+00
 1.0000000000000000E+00   1.0000000000000000E+00   1.0000000000000000E+00   1.0000000000000000E+00   1.0000000000000000E+00   1.0000000000000000E+00   1.0000000000000000E+00   1.0000000000000000E+00   1.0000000000000000E+00
 1.0000000000000000E+00   1.0000000000000000E+00   1.0000000000000000E+00   1.0000000000000000E+00   1.0000000000000000E+00   1.0000000000000000E+00   1.0000000000000000E+00   1.0000000000000000E+00   1.0000000000000000E+00
 1.0000000000000000E+00   1.0000000000000000E+00   1.0000000000000000E+00   1.0000000000000000E+00   1.0000000000000000E+00   1.0000000000000000E+00   1.0000000000000000E+00   1.0000000000000000E+00   1.0000000000000000E+00
 1.0000000000000000E+00   1.0000000000000000E+00   1.0000000000000000E+00   1.0000000000000000E+00   1.0000000000000000E+00   1.0000000000000000E+00   1.0000000000000000E+00   1.0000000000000000E+00   1.0000000000000000E+00
 1.0000000000000000E+00   1.0000000000000000E+00   1.0000000000000000E+00   1.0000000000000000E+00   1.0000000000000000E+00   1.0000000000000000E+00   1.0000000000000000E+00   1.0000000000000000E+00   1.0000000000000000E+00
 1.0000000000000000E+00   1.0000000000000000E+00   1.0000000000000000E+00   1.0000000000000000E+00   1.0000000000000000E+00   1.0000000000000000E+00   1.0000000000000000E+00   1.0000000000000000E+00   1.0000000000000000E+00
 1.0000000000000000E+00   1.0000000000000000E+00   1.0000000000000000E+00   1.0000000000000000E+00   1.0000000000000000E+00   1.0000000000000000E+00   1.0000000000000000E+00   1.0000000000000000E+00   1.0000000000000000E+00
 1.0000000000000000E+00   1.0000000000000000E+00   1.0000000000000000E+00   1.0000000000000000E+00   1.0000000000000000E+00   1.0000000000000000E+00   1.0000000000000000E+00   1.0000000000000000E+00   1.0000000000000000E+00
 1.0000000000000000E+00   1.0000000000000000E+00   1.0000000000000000E+00   1.0000000000000000E+00   1.0000000000000000E+00   1.0000000000000000E+00   1.0000000000000000E+00   1.0000000000000000E+00   1.0000000000000000E+00
 1.0000000000000000E+00   1.0000000000000000E+00   1.0000000000000000E+00   1.0000000000000000E+00   1.0000000000000000E+00   1.0000000000000000E+00   1.0000000000000000E+00   1.0000000000000000E+00   1.0000000000000000E+00
 1.0000000000000000E+00   1.0000000000000000E+00   1.0000000000000000E+00   1.0000000000000000E+00   1.0000000000000000E+00   1.0000000000000000E+00   1.0000000000000000E+00   1.0000000000000000E+00   1.0000000000000000E+00
 1.0000000000000000E+00   1.0000000000000000E+00   1.0000000000000000E+00   1.0000000000000000E+00   1.0000000000000000E+00   1.0000000000000000E+00   1.0000000000000000E+00   1.0000000000000000E+00   1.0000000000000000E+00
 1.0000000000000000E+00   1.0000000000000000E+00   1.0000000000000000E+00   1.0000000000000000E+00   1.0000000000000000E+00   1.0000000000000000E+00   1.0000000000000000E+00   1.0000000000000000E+00   1.0000000000000000E+00
 1.0000000000000000E+00   1.0000000000000000E+00   1.0000000000000000E+00   1.0000000000000000E+00   1.0000000000000000E+00   1.0000000000000000E+00   1.0000000000000000E+00   1.0000000000000000E+00   1.0000000000000000E+00
 1.0000000000000000E+00   1.0000000000000000E+00   1.0000000000000000E+00   1.0000000000000000E+00   1.0000000000000000E+00   1.0000000000000000E+00   1.0000000000000000E+00   1.0000000000000000E+00   1.0000000000000000E+00
 1.0000000000000000E+00   1.0000000000000000E+00   1.0000000000000000E+00   1.0000000000000000E+00   1.0000000000000000E+00   1.0000000000000000E+00   1.0000000000000000E+00   1.0000000000000000E+00   1.0000000000000000E+00
 1.0000000000000000E+00   1.0000000000000000E+00   1.0000000000000000E+00   1.0000000000000000E+00   1.0000000000000000E+00   1.0000000000000000E+00   1.0000000000000000E+00   1.0000000000000000E+00   1.0000000000000000E+00
 1.0000000000000000E+00   1.0000000000000000E+00   1.0000000000000000E+00   1.0000000000000000E+00   1.0000000000000000E+00   1.0000000000000000E+00   1.0000000000000000E+00   1.0000000000000000E+00   1.0000000000000000E+00
 1.0000000000000000E+00   1.0000000000000000E+00   1.0000000000000000E+00   1.0000000000000000E+00   1.0000000000000000E+00   1.0000000000000000E+00   1.0000000000000000E+00   1.0000000000000000E+00   1.0000000000000000E+00
 1.0000000000000000E+00   1.0000000000000000E+00   1.0000000000000000E+00   1.0000000000000000E+00   1.0000000000000000E+00   1.0000000000000000E+00   1.0000000000000000E+00   1.0000000000000000E+00   1.0000000000000000E+00
 1.0000000000000000E+00   1.0000000000000000E+00   1.0000000000000000E+00   1.0000000000000000E+00   1.0000000000000000E+00   1.0000000000000000E+00   1.0000000000000000E+00   1.0000000000000000E+00   1.0000000000000000E+00
 1.0000000000000000E+00   1.0000000000000000E+00   1.0000000000000000E+00   1.0000000000000000E+00   1.0000000000000000E+00   1.0000000000000000E+00   1.0000000000000000E+00   1.0000000000000000E+00   1.0000000000000000E+00
 1.0000000000000000E+00   1.0000000000000000E+00   1.0000000000000000E+00   1.0000000000000000E+00   1.0000000000000000E+00   1.0000000000000000E+00   1.0000000000000000E+00   1.0000000000000000E+00   1.0000000000000000E+00
 1.0000000000000000E+00   1.0000000000000000E+00   1.0000000000000000E+00   1.0000000000000000E+00   1.0000000000000000E+00   1.0000000000000000E+00   1.0000000000000000E+00   1.0000000000000000E+00   1.0000000000000000E+00
 1.0000000000000000E+00   1.0000000000000000E+00   1.0000000000000000E+00   1.0000000000000000E+00   1.0000000000000000E+00   1.0000000000000000E+00   1.0000000000000000E+00   1.0000000000000000E+00   1.0000000000000000E+00
 1.0000000000000000E+00   1.0000000000000000E+00   1.0000000000000000E+00   1.0000000000000000E+00   1.0000000000000000E+00   1.0000000000000000E+00   1.0000000000000000E+00   1.0000000000000000E+00   1.0000000000000000E+00
 1.0000000000000000E+00   1.0000000000000000E+00   1.0000000000000000E+00   1.0000000000000000E+00   1.0000000000000000E+00   1.0000000000000000E+00   1.0000000000000000E+00   1.0000000000000000E+00   1.0000000000000000E+00
 1.0000000000000000E+00   1.0000000000000000E+00   1.0000000000000000E+00   1.0000000000000000E+00   1.0000000000000000E+00   1.0000000000000000E+00
 1.0000000000000000E+00   1.0000000000000000E+00   1.0000000000000000E+00   1.0000000000000000E+00   1.0000000000000000E+00   1.0000000000000000E+00   1.0000000000000000E+00   1.0000000000000000E+00   1.0000000000000000E+00
 1.0000000000000000E+00   1.0000000000000000E+00   1.0000000000000000E+00   1.0000000000000000E+00   1.0000000000000000E+00   1.0000000000000000E+00   1.0000000000000000E+00   1.0000000000000000E+00   1.0000000000000000E+00
 1.0000000000000000E+00   1.0000000000000000E+00   1.0000000000000000E+00   1.0000000000000000E+00   1.0000000000000000E+00   1.0000000000000000E+00   1.0000000000000000E+00   1.0000000000000000E+00   1.0000000000000000E+00
 1.0000000000000000E+00   1.0000000000000000E+00   1.0000000000000000E+00   1.0000000000000000E+00   1.0000000000000000E+00   1.0000000000000000E+00   1.0000000000000000E+00   1.0000000000000000E+00   1.0000000000000000E+00
 1.0000000000000000E+00   1.0000000000000000E+00   1.0000000000000000E+00   1.0000000000000000E+00   1.0000000000000000E+00   1.0000000000000000E+00   1.0000000000000000E+00   1.0000000000000000E+00   1.0000000000000000E+00
 1.0000000000000000E+00   1.0000000000000000E+00   1.0000000000000000E+00   1.0000000000000000E+00   1.0000000000000000E+00   1.0000000000000000E+00   1.0000000000000000E+00   1.0000000000000000E+00   1.0000000000000000E+00
 1.0000000000000000E+00   1.0000000000000000E+00   1.0000000000000000E+00   1.0000000000000000E+00   1.0000000000000000E+00   1.0000000000000000E+00   1.0000000000000000E+00   1.0000000000000000E+00   1.0000000000000000E+00
 1.0000000000000000E+00   1.0000000000000000E+00   1.0000000000000000E+00   1.0000000000000000E+00   1.0000000000000000E+00   1.0000000000000000E+00   1.0000000000000000E+00   1.0000000000000000E+00   1.0000000000000000E+00
 1.0000000000000000E+00   1.0000000000000000E+00   1.0000000000000000E+00   1.0000000000000000E+00   1.0000000000000000E+00   1.0000000000000000E+00   1.0000000000000000E+00   1.0000000000000000E+00   1.0000000000000000E+00
 1.0000000000000000E+00   1.0000000000000000E+00   1.0000000000000000E+00   1.0000000000000000E+00   1.0000000000000000E+00   1.0000000000000000E+00   1.0000000000000000E+00   1.0000000000000000E+00   1.0000000000000000E+00
 1.0000000000000000E+00   1.0000000000000000E+00   1.0000000000000000E+00   1.0000000000000000E+00   1.0000000000000000E+00   1.0000000000000000E+00   1.0000000000000000E+00   1.0000000000000000E+00   1.0000000000000000E+00
 1.0000000000000000E+00   1.0000000000000000E+00   1.0000000000000000E+00   1.0000000000000000E+00   1.0000000000000000E+00   1.0000000000000000E+00   1.0000000000000000E+00   1.0000000000000000E+00   1.0000000000000000E+00
 1.0000000000000000E+00   1.0000000000000000E+00   1.0000000000000000E+00   1.0000000000000000E+00   1.0000000000000000E+00   1.0000000000000000E+00   1.0000000000000000E+00   1.0000000000000000E+00   1.0000000000000000E+00
 1.0000000000000000E+00   1.0000000000000000E+00   1.0000000000000000E+00   1.0000000000000000E+00   1.0000000000000000E+00   1.0000000000000000E+00   1.0000000000000000E+00   1.0000000000000000E+00   1.0000000000000000E+00
 1.0000000000000000E+00   1.0000000000000000E+00   1.0000000000000000E+00   1.0000000000000000E+00   1.0000000000000000E+00   1.0000000000000000E+00   1.0000000000000000E+00   1.0000000000000000E+00   1.0000000000000000E+00
 1.0000000000000000E+00   1.0000000000000000E+00   1.0000000000000000E+00   1.0000000000000000E+00   1.0000000000000000E+00   1.0000000000000000E+00   1.0000000000000000E+00   1.0000000000000000E+00   1.0000000000000000E+00
 1.0000000000000000E+00   1.0000000000000000E+00   1.0000000000000000E+00   1.0000000000000000E+00   1.0000000000000000E+00   1.0000000000000000E+00   1.0000000000000000E+00   1.0000000000000000E+00   1.0000000000000000E+00
 1.0000000000000000E+00   1.0000000000000000E+00   1.0000000000000000E+00   1.0000000000000000E+00   1.0000000000000000E+00   1.0000000000000000E+00   1.0000000000000000E+00   1.0000000000000000E+00   1.0000000000000000E+00
 1.0000000000000000E+00   1.0000000000000000E+00   1.0000000000000000E+00   1.0000000000000000E+00   1.0000000000000000E+00   1.0000000000000000E+00   1.0000000000000000E+00   1.0000000000000000E+00   1.0000000000000000E+00
 1.0000000000000000E+00   1.0000000000000000E+00   1.0000000000000000E+00   1.0000000000000000E+00   1.0000000000000000E+00   1.0000000000000000E+00   1.0000000000000000E+00   1.0000000000000000E+00   1.0000000000000000E+00
 1.0000000000000000E+00   1.0000000000000000E+00   1.0000000000000000E+00   1.0000000000000000E+00   1.0000000000000000E+00   1.0000000000000000E+00   1.0000000000000000E+00   1.0000000000000000E+00   1.0000000000000000E+00
 1.0000000000000000E+00   1.0000000000000000E+00   1.0000000000000000E+00   1.0000000000000000E+00   1.0000000000000000E+00   1.0000000000000000E+00   1.0000000000000000E+00   1.0000000000000000E+00   1.0000000000000000E+00
 1.0000000000000000E+00   1.0000000000000000E+00   1.0000000000000000E+00   1.0000000000000000E+00   1.0000000000000000E+00   1.0000000000000000E+00   1.0000000000000000E+00   1.0000000000000000E+00   1.0000000000000000E+00
 1.0000000000000000E+00   1.0000000000000000E+00   1.0000000000000000E+00   1.0000000000000000E+00   1.0000000000000000E+00   1.0000000000000000E+00   1.0000000000000000E+00   1.0000000000000000E+00   1.0000000000000000E+00
 1.0000000000000000E+00   1.0000000000000000E+00   1.0000000000000000E+00   1.0000000000000000E+00   1.0000000000000000E+00   1.0000000000000000E+00   1.0000000000000000E+00   1.0000000000000000E+00   1.0000000000000000E+00
 1.0000000000000000E+00   1.0000000000000000E+00   1.0000000000000000E+00   1.0000000000000000E+00   1.0000000000000000E+00   1.0000000000000000E+00   1.0000000000000000E+00   1.0000000000000000E+00   1.0000000000000000E+00
 1.0000000000000000E+00   1.0000000000000000E+00   1.0000000000000000E+00   1.0000000000000000E+00   1.0000000000000000E+00   1.0000000000000000E+00   1.0000000000000000E+00   1.0000000000000000E+00   1.0000000000000000E+00
 1.0000000000000000E+00   1.0000000000000000E+00   1.0000000000000000E+00   1.0000000000000000E+00   1.0000000000000000E+00   1.0000000000000000E+00   1.0000000000000000E+00   1.0000000000000000E+00   1.0000000000000000E+00
 1.0000000000000000E+00   1.0000000000000000E+00   1.0000000000000000E+00   1.0000000000000000E+00   1.0000000000000000E+00   1.0000000000000000E+00   1.0000000000000000E+00   1.0000000000000000E+00   1.0000000000000000E+00
 1.0000000000000000E+00   1.0000000000000000E+00   1.0000000000000000E+00   1.0000000000000000E+00   1.0000000000000000E+00   1.0000000000000000E+00   1.0000000000000000E+00   1.0000000000000000E+00   1.0000000000000000E+00
 1.0000000000000000E+00   1.0000000000000000E+00   1.0000000000000000E+00   1.0000000000000000E+00   1.0000000000000000E+00   1.0000000000000000E+00   1.0000000000000000E+00   1.0000000000000000E+00   1.0000000000000000E+00
 1.0000000000000000E+00   1.0000000000000000E+00   1.0000000000000000E+00   1.0000000000000000E+00   1.0000000000000000E+00   1.0000000000000000E+00   1.0000000000000000E+00   1.0000000000000000E+00   1.0000000000000000E+00
 1.0000000000000000E+00   1.0000000000000000E+00   1.0000000000000000E+00   1.0000000000000000E+00   1.0000000000000000E+00   1.0000000000000000E+00   1.0000000000000000E+00   1.0000000000000000E+00   1.0000000000000000E+00
 1.0000000000000000E+00   1.0000000000000000E+00   1.0000000000000000E+00   1.0000000000000000E+00   1.0000000000000000E+00   1.0000000000000000E+00   1.0000000000000000E+00   1.0000000000000000E+00   1.0000000000000000E+00
 1.0000000000000000E+00   1.0000000000000000E+00   1.0000000000000000E+00   1.0000000000000000E+00   1.0000000000000000E+00   1.0000000000000000E+00   1.0000000000000000E+00   1.0000000000000000E+00   1.0000000000000000E+00
 1.0000000000000000E+00   1.0000000000000000E+00   1.0000000000000000E+00   1.0000000000000000E+00   1.0000000000000000E+00   1.0000000000000000E+00   1.0000000000000000E+00   1.0000000000000000E+00   1.0000000000000000E+00
 1.0000000000000000E+00   1.0000000000000000E+00   1.0000000000000000E+00   1.0000000000000000E+00   1.0000000000000000E+00   1.0000000000000000E+00   1.0000000000000000E+00   1.0000000000000000E+00   1.0000000000000000E+00
 1.0000000000000000E+00   1.0000000000000000E+00   1.0000000000000000E+00   1.0000000000000000E+00   1.0000000000000000E+00   1.0000000000000000E+00   1.0000000000000000E+00   1.0000000000000000E+00   1.0000000000000000E+00
 1.0000000000000000E+00   1.0000000000000000E+00   1.0000000000000000E+00   1.0000000000000000E+00   1.0000000000000000E+00   1.0000000000000000E+00   1.0000000000000000E+00   1.0000000000000000E+00   1.0000000000000000E+00
 1.0000000000000000E+00   1.0000000000000000E+00   1.0000000000000000E+00   1.0000000000000000E+00   1.0000000000000000E+00   1.0000000000000000E+00   1.0000000000000000E+00   1.0000000000000000E+00   1.0000000000000000E+00
 1.0000000000000000E+00   1.0000000000000000E+00   1.0000000000000000E+00   1.0000000000000000E+00   1.0000000000000000E+00   1.0000000000000000E+00   1.0000000000000000E+00   1.0000000000000000E+00   1.0000000000000000E+00
 1.0000000000000000E+00   1.0000000000000000E+00   1.0000000000000000E+00   1.0000000000000000E+00   1.0000000000000000E+00   1.0000000000000000E+00   1.0000000000000000E+00   1.0000000000000000E+00   1.0000000000000000E+00
 1.0000000000000000E+00   1.0000000000000000E+00   1.0000000000000000E+00   1.0000000000000000E+00   1.0000000000000000E+00   1.0000000000000000E+00   1.0000000000000000E+00   1.0000000000000000E+00   1.0000000000000000E+00
 1.0000000000000000E+00   1.0000000000000000E+00   1.0000000000000000E+00   1.0000000000000000E+00   1.0000000000000000E+00   1.0000000000000000E+00   1.0000000000000000E+00   1.0000000000000000E+00   1.0000000000000000E+00
 1.0000000000000000E+00   1.0000000000000000E+00   1.0000000000000000E+00   1.0000000000000000E+00   1.0000000000000000E+00   1.0000000000000000E+00   1.0000000000000000E+00   1.0000000000000000E+00   1.0000000000000000E+00
 1.0000000000000000E+00   1.0000000000000000E+00   1.0000000000000000E+00   1.0000000000000000E+00   1.0000000000000000E+00   1.0000000000000000E+00   1.0000000000000000E+00   1.0000000000000000E+00   1.0000000000000000E+00
 1.0000000000000000E+00   1.0000000000000000E+00   1.0000000000000000E+00   1.0000000000000000E+00   1.0000000000000000E+00   1.0000000000000000E+00   1.0000000000000000E+00   1.0000000000000000E+00   1.0000000000000000E+00
 1.0000000000000000E+00   1.0000000000000000E+00   1.0000000000000000E+00   1.0000000000000000E+00   1.0000000000000000E+00   1.0000000000000000E+00   1.0000000000000000E+00   1.0000000000000000E+00   1.0000000000000000E+00
 1.0000000000000000E+00   1.0000000000000000E+00   1.0000000000000000E+00   1.0000000000000000E+00   1.0000000000000000E+00   1.0000000000000000E+00   1.0000000000000000E+00   1.0000000000000000E+00   1.0000000000000000E+00
 1.0000000000000000E+00   1.0000000000000000E+00   1.0000000000000000E+00   1.0000000000000000E+00   1.0000000000000000E+00   1.0000000000000000E+00   1.0000000000000000E+00   1.0000000000000000E+00   1.0000000000000000E+00
 1.0000000000000000E+00   1.0000000000000000E+00   1.0000000000000000E+00   1.0000000000000000E+00   1.0000000000000000E+00   1.0000000000000000E+00   1.0000000000000000E+00   1.0000000000000000E+00   1.0000000000000000E+00
 1.0000000000000000E+00   1.0000000000000000E+00   1.0000000000000000E+00   1.0000000000000000E+00   1.0000000000000000E+00   1.0000000000000000E+00   1.0000000000000000E+00   1.0000000000000000E+00   1.0000000000000000E+00
 1.0000000000000000E+00   1.0000000000000000E+00   1.0000000000000000E+00   1.0000000000000000E+00   1.0000000000000000E+00   1.0000000000000000E+00   1.0000000000000000E+00   1.0000000000000000E+00   1.0000000000000000E+00
 1.0000000000000000E+00   1.0000000000000000E+00   1.0000000000000000E+00   1.0000000000000000E+00   1.0000000000000000E+00   1.0000000000000000E+00   1.0000000000000000E+00   1.0000000000000000E+00   1.0000000000000000E+00
 1.0000000000000000E+00   1.0000000000000000E+00   1.0000000000000000E+00   1.0000000000000000E+00   1.0000000000000000E+00   1.0000000000000000E+00   1.0000000000000000E+00   1.0000000000000000E+00   1.0000000000000000E+00
 1.0000000000000000E+00   1.0000000000000000E+00   1.0000000000000000E+00   1.0000000000000000E+00   1.0000000000000000E+00   1.0000000000000000E+00   1.0000000000000000E+00   1.0000000000000000E+00   1.0000000000000000E+00
 1.0000000000000000E+00   1.0000000000000000E+00   1.0000000000000000E+00   1.0000000000000000E+00   1.0000000000000000E+00   1.0000000000000000E+00   1.0000000000000000E+00   1.0000000000000000E+00   1.0000000000000000E+00
 1.0000000000000000E+00   1.0000000000000000E+00   1.0000000000000000E+00   1.0000000000000000E+00   1.0000000000000000E+00   1.0000000000000000E+00   1.0000000000000000E+00   1.0000000000000000E+00   1.0000000000000000E+00
 1.0000000000000000E+00   1.0000000000000000E+00   1.0000000000000000E+00   1.0000000000000000E+00   1.0000000000000000E+00   1.0000000000000000E+00   1.0000000000000000E+00   1.0000000000000000E+00   1.0000000000000000E+00
 1.0000000000000000E+00   1.0000000000000000E+00   1.0000000000000000E+00   1.0000000000000000E+00   1.0000000000000000E+00   1.0000000000000000E+00   1.0000000000000000E+00   1.0000000000000000E+00   1.0000000000000000E+00
 1.0000000000000000E+00   1.0000000000000000E+00   1.0000000000000000E+00   1.0000000000000000E+00   1.0000000000000000E+00   1.0000000000000000E+00   1.0000000000000000E+00   1.0000000000000000E+00   1.0000000000000000E+00
 1.0000000000000000E+00   1.0000000000000000E+00   1.0000000000000000E+00   1.0000000000000000E+00   1.0000000000000000E+00   1.0000000000000000E+00   1.0000000000000000E+00   1.0000000000000000E+00   1.0000000000000000E+00
 1.0000000000000000E+00   1.0000000000000000E+00   1.0000000000000000E+00   1.0000000000000000E+00   1.0000000000000000E+00   1.0000000000000000E+00   1.0000000000000000E+00   1.0000000000000000E+00   1.0000000000000000E+00
 1.0000000000000000E+00   1.0000000000000000E+00   1.0000000000000000E+00   1.0000000000000000E+00   1.0000000000000000E+00   1.0000000000000000E+00   1.0000000000000000E+00   1.0000000000000000E+00   1.0000000000000000E+00
 1.0000000000000000E+00   1.0000000000000000E+00   1.0000000000000000E+00   1.0000000000000000E+00   1.0000000000000000E+00   1.0000000000000000E+00   1.0000000000000000E+00   1.0000000000000000E+00   1.0000000000000000E+00
 1.0000000000000000E+00   1.0000000000000000E+00   1.0000000000000000E+00   1.0000000000000000E+00   1.0000000000000000E+00   1.0000000000000000E+00   1.0000000000000000E+00   1.0000000000000000E+00   1.0000000000000000E+00
 1.0000000000000000E+00   1.0000000000000000E+00   1.0000000000000000E+00   1.0000000000000000E+00   1.0000000000000000E+00   1.0000000000000000E+00
 6.0000000000000000E+00   6.0000000000000000E+00   6.0000000000000000E+00   6.0000000000000000E+00   6.0000000000000000E+00   6.0000000000000000E+00   6.0000000000000000E+00   6.0000000000000000E+00   6.0000000000000000E+00
 6.0000000000000000E+00   6.0000000000000000E+00   6.0000000000000000E+00   6.0000000000000000E+00   6.0000000000000000E+00   6.0000000000000000E+00   6.0000000000000000E+00   6.0000000000000000E+00   6.0000000000000000E+00
 6.0000000000000000E+00   6.0000000000000000E+00   6.0000000000000000E+00   6.0000000000000000E+00   6.0000000000000000E+00   6.0000000000000000E+00   6.0000000000000000E+00   6.0000000000000000E+00   6.0000000000000000E+00
 6.0000000000000000E+00   6.0000000000000000E+00   6.0000000000000000E+00   6.0000000000000000E+00   6.0000000000000000E+00   6.0000000000000000E+00   6.0000000000000000E+00   6.0000000000000000E+00   6.0000000000000000E+00
 6.0000000000000000E+00   6.0000000000000000E+00   6.0000000000000000E+00   6.0000000000000000E+00   6.0000000000000000E+00   6.0000000000000000E+00   6.0000000000000000E+00   6.0000000000000000E+00   6.0000000000000000E+00
 6.0000000000000000E+00   6.0000000000000000E+00   6.0000000000000000E+00   6.0000000000000000E+00   6.0000000000000000E+00   6.0000000000000000E+00   6.0000000000000000E+00   6.0000000000000000E+00   6.0000000000000000E+00
 6.0000000000000000E+00   6.0000000000000000E+00   6.0000000000000000E+00   6.0000000000000000E+00   6.0000000000000000E+00   6.0000000000000000E+00   6.0000000000000000E+00   6.0000000000000000E+00   6.0000000000000000E+00
 6.0000000000000000E+00   6.0000000000000000E+00   6.0000000000000000E+00   6.0000000000000000E+00   6.0000000000000000E+00   6.0000000000000000E+00   6.0000000000000000E+00   6.0000000000000000E+00   6.0000000000000000E+00
 6.0000000000000000E+00   6.0000000000000000E+00   6.0000000000000000E+00   6.0000000000000000E+00   6.0000000000000000E+00   6.0000000000000000E+00   6.0000000000000000E+00   6.0000000000000000E+00   6.0000000000000000E+00
 6.0000000000000000E+00   6.0000000000000000E+00   6.0000000000000000E+00   6.0000000000000000E+00   6.0000000000000000E+00   6.0000000000000000E+00   6.0000000000000000E+00   6.0000000000000000E+00   6.0000000000000000E+00
 6.0000000000000000E+00   6.0000000000000000E+00   6.0000000000000000E+00   6.0000000000000000E+00   6.0000000000000000E+00   6.0000000000000000E+00   6.0000000000000000E+00   6.0000000000000000E+00   6.0000000000000000E+00
 6.0000000000000000E+00   6.0000000000000000E+00   6.0000000000000000E+00   6.0000000000000000E+00   6.0000000000000000E+00   6.0000000000000000E+00   6.0000000000000000E+00   6.0000000000000000E+00   6.0000000000000000E+00
 6.0000000000000000E+00   6.0000000000000000E+00   6.0000000000000000E+00   6.0000000000000000E+00   6.0000000000000000E+00   6.0000000000000000E+00   6.0000000000000000E+00   6.0000000000000000E+00   6.0000000000000000E+00
 6.0000000000000000E+00   6.0000000000000000E+00   6.0000000000000000E+00   6.0000000000000000E+00   6.0000000000000000E+00   6.0000000000000000E+00   6.0000000000000000E+00   6.0000000000000000E+00   6.0000000000000000E+00
 6.0000000000000000E+00   6.0000000000000000E+00   6.0000000000000000E+00   6.0000000000000000E+00   6.0000000000000000E+00   6.0000000000000000E+00   6.0000000000000000E+00   6.0000000000000000E+00   6.0000000000000000E+00
 6.0000000000000000E+00   6.0000000000000000E+00   6.0000000000000000E+00   6.0000000000000000E+00   6.0000000000000000E+00   6.0000000000000000E+00   6.0000000000000000E+00   6.0000000000000000E+00   6.0000000000000000E+00
 6.0000000000000000E+00   6.0000000000000000E+00   6.0000000000000000E+00   6.0000000000000000E+00   6.0000000000000000E+00   6.0000000000000000E+00   6.0000000000000000E+00   6.0000000000000000E+00   6.0000000000000000E+00
 6.0000000000000000E+00   6.0000000000000000E+00   6.0000000000000000E+00   6.0000000000000000E+00   6.0000000000000000E+00   6.0000000000000000E+00   6.0000000000000000E+00   6.0000000000000000E+00   6.0000000000000000E+00
 6.0000000000000000E+00   6.0000000000000000E+00   6.0000000000000000E+00   6.0000000000000000E+00   6.0000000000000000E+00   6.0000000000000000E+00   6.0000000000000000E+00   6.0000000000000000E+00   6.0000000000000000E+00
 6.0000000000000000E+00   6.0000000000000000E+00   6.0000000000000000E+00   6.0000000000000000E+00   6.0000000000000000E+00   6.0000000000000000E+00   6.0000000000000000E+00   6.0000000000000000E+00   6.0000000000000000E+00
 6.0000000000000000E+00   6.0000000000000000E+00   6.0000000000000000E+00   6.0000000000000000E+00   6.0000000000000000E+00   6.0000000000000000E+00   6.0000000000000000E+00   6.0000000000000000E+00   6.0000000000000000E+00
 6.0000000000000000E+00   6.0000000000000000E+00   6.0000000000000000E+00   6.0000000000000000E+00   6.0000000000000000E+00   6.0000000000000000E+00   6.0000000000000000E+00   6.0000000000000000E+00   6.0000000000000000E+00
 6.0000000000000000E+00   6.0000000000000000E+00   6.0000000000000000E+00   6.0000000000000000E+00   6.0000000000000000E+00   6.0000000000000000E+00   6.0000000000000000E+00   6.0000000000000000E+00   6.0000000000000000E+00
 6.0000000000000000E+00   6.0000000000000000E+00   6.0000000000000000E+00   6.0000000000000000E+00   6.0000000000000000E+00   6.0000000000000000E+00   6.0000000000000000E+00   6.0000000000000000E+00   6.0000000000000000E+00
 6.0000000000000000E+00   6.0000000000000000E+00   6.0000000000000000E+00   6.0000000000000000E+00   6.0000000000000000E+00   6.0000000000000000E+00   6.0000000000000000E+00   6.0000000000000000E+00   6.0000000000000000E+00
 6.0000000000000000E+00   6.0000000000000000E+00   6.0000000000000000E+00   6.0000000000000000E+00   6.0000000000000000E+00   6.0000000000000000E+00   6.0000000000000000E+00   6.0000000000000000E+00   6.0000000000000000E+00
 6.0000000000000000E+00   6.0000000000000000E+00   6.0000000000000000E+00   6.0000000000000000E+00   6.0000000000000000E+00   6.0000000000000000E+00   6.0000000000000000E+00   6.0000000000000000E+00   6.0000000000000000E+00
 6.0000000000000000E+00   6.0000000000000000E+00   6.0000000000000000E+00   6.0000000000000000E+00   6.0000000000000000E+00   6.0000000000000000E+00   6.0000000000000000E+00   6.0000000000000000E+00   6.0000000000000000E+00
 6.0000000000000000E+00   6.0000000000000000E+00   6.0000000000000000E+00   6.0000000000000000E+00   6.0000000000000000E+00   6.0000000000000000E+00   6.0000000000000000E+00   6.0000000000000000E+00   6.0000000000000000E+00
 6.0000000000000000E+00   6.0000000000000000E+00   6.0000000000000000E+00   6.0000000000000000E+00   6.0000000000000000E+00   6.0000000000000000E+00   6.0000000000000000E+00   6.0000000000000000E+00   6.0000000000000000E+00
 6.0000000000000000E+00   6.0000000000000000E+00   6.0000000000000000E+00   6.0000000000000000E+00   6.0000000000000000E+00   6.0000000000000000E+00   6.0000000000000000E+00   6.0000000000000000E+00   6.0000000000000000E+00
 6.0000000000000000E+00   6.0000000000000000E+00   6.0000000000000000E+00   6.0000000000000000E+00   6.0000000000000000E+00   6.0000000000000000E+00   6.0000000000000000E+00   6.0000000000000000E+00   6.0000000000000000E+00
 6.0000000000000000E+00   6.0000000000000000E+00   6.0000000000000000E+00   6.0000000000000000E+00   6.0000000000000000E+00   6.0000000000000000E+00   6.0000000000000000E+00   6.0000000000000000E+00   6.0000000000000000E+00
 6.0000000000000000E+00   6.0000000000000000E+00   6.0000000000000000E+00   6.0000000000000000E+00   6.0000000000000000E+00   6.0000000000000000E+00   6.0000000000000000E+00   6.0000000000000000E+00   6.0000000000000000E+00
 6.0000000000000000E+00   6.0000000000000000E+00   6.0000000000000000E+00   6.0000000000000000E+00   6.0000000000000000E+00   6.0000000000000000E+00   6.0000000000000000E+00   6.0000000000000000E+00   6.0000000000000000E+00
 6.0000000000000000E+00   6.0000000000000000E+00   6.0000000000000000E+00   6.0000000000000000E+00   6.0000000000000000E+00   6.0000000000000000E+00   6.0000000000000000E+00   6.0000000000000000E+00   6.0000000000000000E+00
 6.0000000000000000E+00   6.0000000000000000E+00   6.0000000000000000E+00   6.0000000000000000E+00   6.0000000000000000E+00   6.0000000000000000E+00   6.0000000000000000E+00   6.0000000000000000E+00   6.0000000000000000E+00
 6.0000000000000000E+00   6.0000000000000000E+00   6.0000000000000000E+00   6.0000000000000000E+00   6.0000000000000000E+00   6.0000000000000000E+00   6.0000000000000000E+00   6.0000000000000000E+00   6.0000000000000000E+00
 6.0000000000000000E+00   6.0000000000000000E+00   6.0000000000000000E+00   6.0000000000000000E+00   6.0000000000000000E+00   6.0000000000000000E+00   6.0000000000000000E+00   6.0000000000000000E+00   6.0000000000000000E+00
 6.0000000000000000E+00   6.0000000000000000E+00   6.0000000000000000E+00   6.0000000000000000E+00   6.0000000000000000E+00   6.0000000000000000E+00   6.0000000000000000E+00   6.0000000000000000E+00   6.0000000000000000E+00
 6.0000000000000000E+00   6.0000000000000000E+00   6.0000000000000000E+00   6.0000000000000000E+00   6.0000000000000000E+00   6.0000000000000000E+00   6.0000000000000000E+00   6.0000000000000000E+00   6.0000000000000000E+00
 6.0000000000000000E+00   6.0000000000000000E+00   6.0000000000000000E+00   6.0000000000000000E+00   6.0000000000000000E+00   6.0000000000000000E+00   6.0000000000000000E+00   6.0000000000000000E+00   6.0000000000000000E+00
 6.0000000000000000E+00   6.0000000000000000E+00   6.0000000000000000E+00   6.0000000000000000E+00   6.0000000000000000E+00   6.0000000000000000E+00   6.0000000000000000E+00   6.0000000000000000E+00   6.0000000000000000E+00
 6.0000000000000000E+00   6.0000000000000000E+00   6.0000000000000000E+00   6.0000000000000000E+00   6.0000000000000000E+00   6.0000000000000000E+00   6.0000000000000000E+00   6.0000000000000000E+00   6.0000000000000000E+00
 6.0000000000000000E+00   6.0000000000000000E+00   6.0000000000000000E+00   6.0000000000000000E+00   6.0000000000000000E+00   6.0000000000000000E+00   6.0000000000000000E+00   6.0000000000000000E+00   6.0000000000000000E+00
 6.0000000000000000E+00   6.0000000000000000E+00   6.0000000000000000E+00   6.0000000000000000E+00   6.0000000000000000E+00   6.0000000000000000E+00   6.0000000000000000E+00   6.0000000000000000E+00   6.0000000000000000E+00
 6.0000000000000000E+00   6.0000000000000000E+00   6.0000000000000000E+00   6.0000000000000000E+00   6.0000000000000000E+00   6.0000000000000000E+00   6.0000000000000000E+00   6.0000000000000000E+00   6.0000000000000000E+00
 6.0000000000000000E+00   6.0000000000000000E+00   6.0000000000000000E+00   6.0000000000000000E+00   6.0000000000000000E+00   6.0000000000000000E+00   6.0000000000000000E+00   6.0000000000000000E+00   6.0000000000000000E+00
 6.0000000000000000E+00   6.0000000000000000E+00   6.0000000000000000E+00   6.0000000000000000E+00   6.0000000000000000E+00   6.0000000000000000E+00   6.0000000000000000E+00   6.0000000000000000E+00   6.0000000000000000E+00
 6.0000000000000000E+00   6.0000000000000000E+00   6.0000000000000000E+00   6.0000000000000000E+00   6.0000000000000000E+00   6.0000000000000000E+00   6.0000000000000000E+00   6.0000000000000000E+00   6.0000000000000000E+00
 6.0000000000000000E+00   6.0000000000000000E+00   6.0000000000000000E+00   6.0000000000000000E+00   6.0000000000000000E+00   6.0000000000000000E+00   6.0000000000000000E+00   6.0000000000000000E+00   6.0000000000000000E+00
 6.0000000000000000E+00   6.0000000000000000E+00   6.0000000000000000E+00   6.0000000000000000E+00   6.0000000000000000E+00   6.0000000000000000E+00   6.0000000000000000E+00   6.0000000000000000E+00   6.0000000000000000E+00
 6.0000000000000000E+00   6.0000000000000000E+00   6.0000000000000000E+00   6.0000000000000000E+00   6.0000000000000000E+00   6.0000000000000000E+00   6.0000000000000000E+00   6.0000000000000000E+00   6.0000000000000000E+00
 6.0000000000000000E+00   6.0000000000000000E+00   6.0000000000000000E+00   6.0000000000000000E+00   6.0000000000000000E+00   6.0000000000000000E+00   6.0000000000000000E+00   6.0000000000000000E+00   6.0000000000000000E+00
 6.0000000000000000E+00   6.0000000000000000E+00   6.0000000000000000E+00   6.0000000000000000E+00   6.0000000000000000E+00   6.0000000000000000E+00   6.0000000000000000E+00   6.0000000000000000E+00   6.0000000000000000E+00
 6.0000000000000000E+00   6.0000000000000000E+00   6.0000000000000000E+00   6.0000000000000000E+00   6.0000000000000000E+00   6.0000000000000000E+00   6.0000000000000000E+00   6.0000000000000000E+00   6.0000000000000000E+00
 6.0000000000000000E+00   6.0000000000000000E+00   6.0000000000000000E+00   6.0000000000000000E+00   6.0000000000000000E+00   6.0000000000000000E+00   6.0000000000000000E+00   6.0000000000000000E+00   6.0000000000000000E+00
 6.0000000000000000E+00   6.0000000000000000E+00   6.0000000000000000E+00   6.0000000000000000E+00   6.0000000000000000E+00   6.0000000000000000E+00   6.0000000000000000E+00   6.0000000000000000E+00   6.0000000000000000E+00
 6.0000000000000000E+00   6.0000000000000000E+00   6.0000000000000000E+00   6.0000000000000000E+00   6.0000000000000000E+00   6.0000000000000000E+00   6.0000000000000000E+00   6.0000000000000000E+00   6.0000000000000000E+00
 6.0000000000000000E+00   6.0000000000000000E+00   6.0000000000000000E+00   6.0000000000000000E+00   6.0000000000000000E+00   6.0000000000000000E+00   6.0000000000000000E+00   6.0000000000000000E+00   6.0000000000000000E+00
 6.0000000000000000E+00   6.0000000000000000E+00   6.0000000000000000E+00   6.0000000000000000E+00   6.0000000000000000E+00   6.0000000000000000E+00   6.0000000000000000E+00   6.0000000000000000E+00   6.0000000000000000E+00
 6.0000000000000000E+00   6.0000000000000000E+00   6.0000000000000000E+00   6.0000000000000000E+00   6.0000000000000000E+00   6.0000000000000000E+00   6.0000000000000000E+00   6.0000000000000000E+00   6.0000000000000000E+00
 6.0000000000000000E+00   6.0000000000000000E+00   6.0000000000000000E+00   6.0000000000000000E+00   6.0000000000000000E+00   6.0000000000000000E+00   6.0000000000000000E+00   6.0000000000000000E+00   6.0000000000000000E+00
 6.0000000000000000E+00   6.0000000000000000E+00   6.0000000000000000E+00   6.0000000000000000E+00   6.0000000000000000E+00   6.0000000000000000E+00   6.0000000000000000E+00   6.0000000000000000E+00   6.0000000000000000E+00
 6.0000000000000000E+00   6.0000000000000000E+00   6.0000000000000000E+00   6.0000000000000000E+00   6.0000000000000000E+00   6.0000000000000000E+00   6.0000000000000000E+00   6.0000000000000000E+00   6.0000000000000000E+00
 6.0000000000000000E+00   6.0000000000000000E+00   6.0000000000000000E+00   6.0000000000000000E+00   6.0000000000000000E+00   6.0000000000000000E+00   6.0000000000000000E+00   6.0000000000000000E+00   6.0000000000000000E+00
 6.0000000000000000E+00   6.0000000000000000E+00   6.0000000000000000E+00   6.0000000000000000E+00   6.0000000000000000E+00   6.0000000000000000E+00
