 VARIABLES = X, Y, RHO, U, V, T, P, QX, QY, radius, radius-0, RHO-0,error
ZONE I =   41, J =   41, DATAPACKING=BLOCK,VARLOCATION=([3-13]=CELLCENTERED)
 0.0000000000000000E+00   2.5000000000000001E-03   5.0000000000000001E-03   7.4999999999999997E-03   1.0000000000000000E-02   1.2500000000000001E-02   1.4999999999999999E-02   1.7500000000000002E-02   2.0000000000000000E-02   2.2499999999999999E-02   2.5000000000000001E-02
 2.7500000000000000E-02   2.9999999999999999E-02   3.2500000000000001E-02   3.5000000000000003E-02   3.7499999999999999E-02   4.0000000000000001E-02   4.2500000000000003E-02   4.4999999999999998E-02   4.7500000000000001E-02   5.0000000000000003E-02   5.2499999999999998E-02
 5.5000000000000000E-02   5.7500000000000002E-02   5.9999999999999998E-02   6.2500000000000000E-02   6.5000000000000002E-02   6.7500000000000004E-02   7.0000000000000007E-02   7.2499999999999995E-02   7.4999999999999997E-02   7.7499999999999999E-02   8.0000000000000002E-02
 8.2500000000000004E-02   8.5000000000000006E-02   8.7500000000000008E-02   8.9999999999999997E-02   9.2499999999999999E-02   9.5000000000000001E-02   9.7500000000000003E-02   1.0000000000000001E-01   0.0000000000000000E+00   2.5000000000000001E-03   5.0000000000000001E-03
 7.4999999999999997E-03   1.0000000000000000E-02   1.2500000000000001E-02   1.4999999999999999E-02   1.7500000000000002E-02   2.0000000000000000E-02   2.2499999999999999E-02   2.5000000000000001E-02   2.7500000000000000E-02   2.9999999999999999E-02   3.2500000000000001E-02
 3.5000000000000003E-02   3.7499999999999999E-02   4.0000000000000001E-02   4.2500000000000003E-02   4.4999999999999998E-02   4.7500000000000001E-02   5.0000000000000003E-02   5.2499999999999998E-02   5.5000000000000000E-02   5.7500000000000002E-02   5.9999999999999998E-02
 6.2500000000000000E-02   6.5000000000000002E-02   6.7500000000000004E-02   7.0000000000000007E-02   7.2499999999999995E-02   7.4999999999999997E-02   7.7499999999999999E-02   8.0000000000000002E-02   8.2500000000000004E-02   8.5000000000000006E-02   8.7500000000000008E-02
 8.9999999999999997E-02   9.2499999999999999E-02   9.5000000000000001E-02   9.7500000000000003E-02   1.0000000000000001E-01   0.0000000000000000E+00   2.5000000000000001E-03   5.0000000000000001E-03   7.4999999999999997E-03   1.0000000000000000E-02   1.2500000000000001E-02
 1.4999999999999999E-02   1.7500000000000002E-02   2.0000000000000000E-02   2.2499999999999999E-02   2.5000000000000001E-02   2.7500000000000000E-02   2.9999999999999999E-02   3.2500000000000001E-02   3.5000000000000003E-02   3.7499999999999999E-02   4.0000000000000001E-02
 4.2500000000000003E-02   4.4999999999999998E-02   4.7500000000000001E-02   5.0000000000000003E-02   5.2499999999999998E-02   5.5000000000000000E-02   5.7500000000000002E-02   5.9999999999999998E-02   6.2500000000000000E-02   6.5000000000000002E-02   6.7500000000000004E-02
 7.0000000000000007E-02   7.2499999999999995E-02   7.4999999999999997E-02   7.7499999999999999E-02   8.0000000000000002E-02   8.2500000000000004E-02   8.5000000000000006E-02   8.7500000000000008E-02   8.9999999999999997E-02   9.2499999999999999E-02   9.5000000000000001E-02
 9.7500000000000003E-02   1.0000000000000001E-01   0.0000000000000000E+00   2.5000000000000001E-03   5.0000000000000001E-03   7.4999999999999997E-03   1.0000000000000000E-02   1.2500000000000001E-02   1.4999999999999999E-02   1.7500000000000002E-02   2.0000000000000000E-02
 2.2499999999999999E-02   2.5000000000000001E-02   2.7500000000000000E-02   2.9999999999999999E-02   3.2500000000000001E-02   3.5000000000000003E-02   3.7499999999999999E-02   4.0000000000000001E-02   4.2500000000000003E-02   4.4999999999999998E-02   4.7500000000000001E-02
 5.0000000000000003E-02   5.2499999999999998E-02   5.5000000000000000E-02   5.7500000000000002E-02   5.9999999999999998E-02   6.2500000000000000E-02   6.5000000000000002E-02   6.7500000000000004E-02   7.0000000000000007E-02   7.2499999999999995E-02   7.4999999999999997E-02
 7.7499999999999999E-02   8.0000000000000002E-02   8.2500000000000004E-02   8.5000000000000006E-02   8.7500000000000008E-02   8.9999999999999997E-02   9.2499999999999999E-02   9.5000000000000001E-02   9.7500000000000003E-02   1.0000000000000001E-01   0.0000000000000000E+00
 2.5000000000000001E-03   5.0000000000000001E-03   7.4999999999999997E-03   1.0000000000000000E-02   1.2500000000000001E-02   1.4999999999999999E-02   1.7500000000000002E-02   2.0000000000000000E-02   2.2499999999999999E-02   2.5000000000000001E-02   2.7500000000000000E-02
 2.9999999999999999E-02   3.2500000000000001E-02   3.5000000000000003E-02   3.7499999999999999E-02   4.0000000000000001E-02   4.2500000000000003E-02   4.4999999999999998E-02   4.7500000000000001E-02   5.0000000000000003E-02   5.2499999999999998E-02   5.5000000000000000E-02
 5.7500000000000002E-02   5.9999999999999998E-02   6.2500000000000000E-02   6.5000000000000002E-02   6.7500000000000004E-02   7.0000000000000007E-02   7.2499999999999995E-02   7.4999999999999997E-02   7.7499999999999999E-02   8.0000000000000002E-02   8.2500000000000004E-02
 8.5000000000000006E-02   8.7500000000000008E-02   8.9999999999999997E-02   9.2499999999999999E-02   9.5000000000000001E-02   9.7500000000000003E-02   1.0000000000000001E-01   0.0000000000000000E+00   2.5000000000000001E-03   5.0000000000000001E-03   7.4999999999999997E-03
 1.0000000000000000E-02   1.2500000000000001E-02   1.4999999999999999E-02   1.7500000000000002E-02   2.0000000000000000E-02   2.2499999999999999E-02   2.5000000000000001E-02   2.7500000000000000E-02   2.9999999999999999E-02   3.2500000000000001E-02   3.5000000000000003E-02
 3.7499999999999999E-02   4.0000000000000001E-02   4.2500000000000003E-02   4.4999999999999998E-02   4.7500000000000001E-02   5.0000000000000003E-02   5.2499999999999998E-02   5.5000000000000000E-02   5.7500000000000002E-02   5.9999999999999998E-02   6.2500000000000000E-02
 6.5000000000000002E-02   6.7500000000000004E-02   7.0000000000000007E-02   7.2499999999999995E-02   7.4999999999999997E-02   7.7499999999999999E-02   8.0000000000000002E-02   8.2500000000000004E-02   8.5000000000000006E-02   8.7500000000000008E-02   8.9999999999999997E-02
 9.2499999999999999E-02   9.5000000000000001E-02   9.7500000000000003E-02   1.0000000000000001E-01   0.0000000000000000E+00   2.5000000000000001E-03   5.0000000000000001E-03   7.4999999999999997E-03   1.0000000000000000E-02   1.2500000000000001E-02   1.4999999999999999E-02
 1.7500000000000002E-02   2.0000000000000000E-02   2.2499999999999999E-02   2.5000000000000001E-02   2.7500000000000000E-02   2.9999999999999999E-02   3.2500000000000001E-02   3.5000000000000003E-02   3.7499999999999999E-02   4.0000000000000001E-02   4.2500000000000003E-02
 4.4999999999999998E-02   4.7500000000000001E-02   5.0000000000000003E-02   5.2499999999999998E-02   5.5000000000000000E-02   5.7500000000000002E-02   5.9999999999999998E-02   6.2500000000000000E-02   6.5000000000000002E-02   6.7500000000000004E-02   7.0000000000000007E-02
 7.2499999999999995E-02   7.4999999999999997E-02   7.7499999999999999E-02   8.0000000000000002E-02   8.2500000000000004E-02   8.5000000000000006E-02   8.7500000000000008E-02   8.9999999999999997E-02   9.2499999999999999E-02   9.5000000000000001E-02   9.7500000000000003E-02
 1.0000000000000001E-01   0.0000000000000000E+00   2.5000000000000001E-03   5.0000000000000001E-03   7.4999999999999997E-03   1.0000000000000000E-02   1.2500000000000001E-02   1.4999999999999999E-02   1.7500000000000002E-02   2.0000000000000000E-02   2.2499999999999999E-02
 2.5000000000000001E-02   2.7500000000000000E-02   2.9999999999999999E-02   3.2500000000000001E-02   3.5000000000000003E-02   3.7499999999999999E-02   4.0000000000000001E-02   4.2500000000000003E-02   4.4999999999999998E-02   4.7500000000000001E-02   5.0000000000000003E-02
 5.2499999999999998E-02   5.5000000000000000E-02   5.7500000000000002E-02   5.9999999999999998E-02   6.2500000000000000E-02   6.5000000000000002E-02   6.7500000000000004E-02   7.0000000000000007E-02   7.2499999999999995E-02   7.4999999999999997E-02   7.7499999999999999E-02
 8.0000000000000002E-02   8.2500000000000004E-02   8.5000000000000006E-02   8.7500000000000008E-02   8.9999999999999997E-02   9.2499999999999999E-02   9.5000000000000001E-02   9.7500000000000003E-02   1.0000000000000001E-01   0.0000000000000000E+00   2.5000000000000001E-03
 5.0000000000000001E-03   7.4999999999999997E-03   1.0000000000000000E-02   1.2500000000000001E-02   1.4999999999999999E-02   1.7500000000000002E-02   2.0000000000000000E-02   2.2499999999999999E-02   2.5000000000000001E-02   2.7500000000000000E-02   2.9999999999999999E-02
 3.2500000000000001E-02   3.5000000000000003E-02   3.7499999999999999E-02   4.0000000000000001E-02   4.2500000000000003E-02   4.4999999999999998E-02   4.7500000000000001E-02   5.0000000000000003E-02   5.2499999999999998E-02   5.5000000000000000E-02   5.7500000000000002E-02
 5.9999999999999998E-02   6.2500000000000000E-02   6.5000000000000002E-02   6.7500000000000004E-02   7.0000000000000007E-02   7.2499999999999995E-02   7.4999999999999997E-02   7.7499999999999999E-02   8.0000000000000002E-02   8.2500000000000004E-02   8.5000000000000006E-02
 8.7500000000000008E-02   8.9999999999999997E-02   9.2499999999999999E-02   9.5000000000000001E-02   9.7500000000000003E-02   1.0000000000000001E-01   0.0000000000000000E+00   2.5000000000000001E-03   5.0000000000000001E-03   7.4999999999999997E-03   1.0000000000000000E-02
 1.2500000000000001E-02   1.4999999999999999E-02   1.7500000000000002E-02   2.0000000000000000E-02   2.2499999999999999E-02   2.5000000000000001E-02   2.7500000000000000E-02   2.9999999999999999E-02   3.2500000000000001E-02   3.5000000000000003E-02   3.7499999999999999E-02
 4.0000000000000001E-02   4.2500000000000003E-02   4.4999999999999998E-02   4.7500000000000001E-02   5.0000000000000003E-02   5.2499999999999998E-02   5.5000000000000000E-02   5.7500000000000002E-02   5.9999999999999998E-02   6.2500000000000000E-02   6.5000000000000002E-02
 6.7500000000000004E-02   7.0000000000000007E-02   7.2499999999999995E-02   7.4999999999999997E-02   7.7499999999999999E-02   8.0000000000000002E-02   8.2500000000000004E-02   8.5000000000000006E-02   8.7500000000000008E-02   8.9999999999999997E-02   9.2499999999999999E-02
 9.5000000000000001E-02   9.7500000000000003E-02   1.0000000000000001E-01   0.0000000000000000E+00   2.5000000000000001E-03   5.0000000000000001E-03   7.4999999999999997E-03   1.0000000000000000E-02   1.2500000000000001E-02   1.4999999999999999E-02   1.7500000000000002E-02
 2.0000000000000000E-02   2.2499999999999999E-02   2.5000000000000001E-02   2.7500000000000000E-02   2.9999999999999999E-02   3.2500000000000001E-02   3.5000000000000003E-02   3.7499999999999999E-02   4.0000000000000001E-02   4.2500000000000003E-02   4.4999999999999998E-02
 4.7500000000000001E-02   5.0000000000000003E-02   5.2499999999999998E-02   5.5000000000000000E-02   5.7500000000000002E-02   5.9999999999999998E-02   6.2500000000000000E-02   6.5000000000000002E-02   6.7500000000000004E-02   7.0000000000000007E-02   7.2499999999999995E-02
 7.4999999999999997E-02   7.7499999999999999E-02   8.0000000000000002E-02   8.2500000000000004E-02   8.5000000000000006E-02   8.7500000000000008E-02   8.9999999999999997E-02   9.2499999999999999E-02   9.5000000000000001E-02   9.7500000000000003E-02   1.0000000000000001E-01
 0.0000000000000000E+00   2.5000000000000001E-03   5.0000000000000001E-03   7.4999999999999997E-03   1.0000000000000000E-02   1.2500000000000001E-02   1.4999999999999999E-02   1.7500000000000002E-02   2.0000000000000000E-02   2.2499999999999999E-02   2.5000000000000001E-02
 2.7500000000000000E-02   2.9999999999999999E-02   3.2500000000000001E-02   3.5000000000000003E-02   3.7499999999999999E-02   4.0000000000000001E-02   4.2500000000000003E-02   4.4999999999999998E-02   4.7500000000000001E-02   5.0000000000000003E-02   5.2499999999999998E-02
 5.5000000000000000E-02   5.7500000000000002E-02   5.9999999999999998E-02   6.2500000000000000E-02   6.5000000000000002E-02   6.7500000000000004E-02   7.0000000000000007E-02   7.2499999999999995E-02   7.4999999999999997E-02   7.7499999999999999E-02   8.0000000000000002E-02
 8.2500000000000004E-02   8.5000000000000006E-02   8.7500000000000008E-02   8.9999999999999997E-02   9.2499999999999999E-02   9.5000000000000001E-02   9.7500000000000003E-02   1.0000000000000001E-01   0.0000000000000000E+00   2.5000000000000001E-03   5.0000000000000001E-03
 7.4999999999999997E-03   1.0000000000000000E-02   1.2500000000000001E-02   1.4999999999999999E-02   1.7500000000000002E-02   2.0000000000000000E-02   2.2499999999999999E-02   2.5000000000000001E-02   2.7500000000000000E-02   2.9999999999999999E-02   3.2500000000000001E-02
 3.5000000000000003E-02   3.7499999999999999E-02   4.0000000000000001E-02   4.2500000000000003E-02   4.4999999999999998E-02   4.7500000000000001E-02   5.0000000000000003E-02   5.2499999999999998E-02   5.5000000000000000E-02   5.7500000000000002E-02   5.9999999999999998E-02
 6.2500000000000000E-02   6.5000000000000002E-02   6.7500000000000004E-02   7.0000000000000007E-02   7.2499999999999995E-02   7.4999999999999997E-02   7.7499999999999999E-02   8.0000000000000002E-02   8.2500000000000004E-02   8.5000000000000006E-02   8.7500000000000008E-02
 8.9999999999999997E-02   9.2499999999999999E-02   9.5000000000000001E-02   9.7500000000000003E-02   1.0000000000000001E-01   0.0000000000000000E+00   2.5000000000000001E-03   5.0000000000000001E-03   7.4999999999999997E-03   1.0000000000000000E-02   1.2500000000000001E-02
 1.4999999999999999E-02   1.7500000000000002E-02   2.0000000000000000E-02   2.2499999999999999E-02   2.5000000000000001E-02   2.7500000000000000E-02   2.9999999999999999E-02   3.2500000000000001E-02   3.5000000000000003E-02   3.7499999999999999E-02   4.0000000000000001E-02
 4.2500000000000003E-02   4.4999999999999998E-02   4.7500000000000001E-02   5.0000000000000003E-02   5.2499999999999998E-02   5.5000000000000000E-02   5.7500000000000002E-02   5.9999999999999998E-02   6.2500000000000000E-02   6.5000000000000002E-02   6.7500000000000004E-02
 7.0000000000000007E-02   7.2499999999999995E-02   7.4999999999999997E-02   7.7499999999999999E-02   8.0000000000000002E-02   8.2500000000000004E-02   8.5000000000000006E-02   8.7500000000000008E-02   8.9999999999999997E-02   9.2499999999999999E-02   9.5000000000000001E-02
 9.7500000000000003E-02   1.0000000000000001E-01   0.0000000000000000E+00   2.5000000000000001E-03   5.0000000000000001E-03   7.4999999999999997E-03   1.0000000000000000E-02   1.2500000000000001E-02   1.4999999999999999E-02   1.7500000000000002E-02   2.0000000000000000E-02
 2.2499999999999999E-02   2.5000000000000001E-02   2.7500000000000000E-02   2.9999999999999999E-02   3.2500000000000001E-02   3.5000000000000003E-02   3.7499999999999999E-02   4.0000000000000001E-02   4.2500000000000003E-02   4.4999999999999998E-02   4.7500000000000001E-02
 5.0000000000000003E-02   5.2499999999999998E-02   5.5000000000000000E-02   5.7500000000000002E-02   5.9999999999999998E-02   6.2500000000000000E-02   6.5000000000000002E-02   6.7500000000000004E-02   7.0000000000000007E-02   7.2499999999999995E-02   7.4999999999999997E-02
 7.7499999999999999E-02   8.0000000000000002E-02   8.2500000000000004E-02   8.5000000000000006E-02   8.7500000000000008E-02   8.9999999999999997E-02   9.2499999999999999E-02   9.5000000000000001E-02   9.7500000000000003E-02   1.0000000000000001E-01   0.0000000000000000E+00
 2.5000000000000001E-03   5.0000000000000001E-03   7.4999999999999997E-03   1.0000000000000000E-02   1.2500000000000001E-02   1.4999999999999999E-02   1.7500000000000002E-02   2.0000000000000000E-02   2.2499999999999999E-02   2.5000000000000001E-02   2.7500000000000000E-02
 2.9999999999999999E-02   3.2500000000000001E-02   3.5000000000000003E-02   3.7499999999999999E-02   4.0000000000000001E-02   4.2500000000000003E-02   4.4999999999999998E-02   4.7500000000000001E-02   5.0000000000000003E-02   5.2499999999999998E-02   5.5000000000000000E-02
 5.7500000000000002E-02   5.9999999999999998E-02   6.2500000000000000E-02   6.5000000000000002E-02   6.7500000000000004E-02   7.0000000000000007E-02   7.2499999999999995E-02   7.4999999999999997E-02   7.7499999999999999E-02   8.0000000000000002E-02   8.2500000000000004E-02
 8.5000000000000006E-02   8.7500000000000008E-02   8.9999999999999997E-02   9.2499999999999999E-02   9.5000000000000001E-02   9.7500000000000003E-02   1.0000000000000001E-01   0.0000000000000000E+00   2.5000000000000001E-03   5.0000000000000001E-03   7.4999999999999997E-03
 1.0000000000000000E-02   1.2500000000000001E-02   1.4999999999999999E-02   1.7500000000000002E-02   2.0000000000000000E-02   2.2499999999999999E-02   2.5000000000000001E-02   2.7500000000000000E-02   2.9999999999999999E-02   3.2500000000000001E-02   3.5000000000000003E-02
 3.7499999999999999E-02   4.0000000000000001E-02   4.2500000000000003E-02   4.4999999999999998E-02   4.7500000000000001E-02   5.0000000000000003E-02   5.2499999999999998E-02   5.5000000000000000E-02   5.7500000000000002E-02   5.9999999999999998E-02   6.2500000000000000E-02
 6.5000000000000002E-02   6.7500000000000004E-02   7.0000000000000007E-02   7.2499999999999995E-02   7.4999999999999997E-02   7.7499999999999999E-02   8.0000000000000002E-02   8.2500000000000004E-02   8.5000000000000006E-02   8.7500000000000008E-02   8.9999999999999997E-02
 9.2499999999999999E-02   9.5000000000000001E-02   9.7500000000000003E-02   1.0000000000000001E-01   0.0000000000000000E+00   2.5000000000000001E-03   5.0000000000000001E-03   7.4999999999999997E-03   1.0000000000000000E-02   1.2500000000000001E-02   1.4999999999999999E-02
 1.7500000000000002E-02   2.0000000000000000E-02   2.2499999999999999E-02   2.5000000000000001E-02   2.7500000000000000E-02   2.9999999999999999E-02   3.2500000000000001E-02   3.5000000000000003E-02   3.7499999999999999E-02   4.0000000000000001E-02   4.2500000000000003E-02
 4.4999999999999998E-02   4.7500000000000001E-02   5.0000000000000003E-02   5.2499999999999998E-02   5.5000000000000000E-02   5.7500000000000002E-02   5.9999999999999998E-02   6.2500000000000000E-02   6.5000000000000002E-02   6.7500000000000004E-02   7.0000000000000007E-02
 7.2499999999999995E-02   7.4999999999999997E-02   7.7499999999999999E-02   8.0000000000000002E-02   8.2500000000000004E-02   8.5000000000000006E-02   8.7500000000000008E-02   8.9999999999999997E-02   9.2499999999999999E-02   9.5000000000000001E-02   9.7500000000000003E-02
 1.0000000000000001E-01   0.0000000000000000E+00   2.5000000000000001E-03   5.0000000000000001E-03   7.4999999999999997E-03   1.0000000000000000E-02   1.2500000000000001E-02   1.4999999999999999E-02   1.7500000000000002E-02   2.0000000000000000E-02   2.2499999999999999E-02
 2.5000000000000001E-02   2.7500000000000000E-02   2.9999999999999999E-02   3.2500000000000001E-02   3.5000000000000003E-02   3.7499999999999999E-02   4.0000000000000001E-02   4.2500000000000003E-02   4.4999999999999998E-02   4.7500000000000001E-02   5.0000000000000003E-02
 5.2499999999999998E-02   5.5000000000000000E-02   5.7500000000000002E-02   5.9999999999999998E-02   6.2500000000000000E-02   6.5000000000000002E-02   6.7500000000000004E-02   7.0000000000000007E-02   7.2499999999999995E-02   7.4999999999999997E-02   7.7499999999999999E-02
 8.0000000000000002E-02   8.2500000000000004E-02   8.5000000000000006E-02   8.7500000000000008E-02   8.9999999999999997E-02   9.2499999999999999E-02   9.5000000000000001E-02   9.7500000000000003E-02   1.0000000000000001E-01   0.0000000000000000E+00   2.5000000000000001E-03
 5.0000000000000001E-03   7.4999999999999997E-03   1.0000000000000000E-02   1.2500000000000001E-02   1.4999999999999999E-02   1.7500000000000002E-02   2.0000000000000000E-02   2.2499999999999999E-02   2.5000000000000001E-02   2.7500000000000000E-02   2.9999999999999999E-02
 3.2500000000000001E-02   3.5000000000000003E-02   3.7499999999999999E-02   4.0000000000000001E-02   4.2500000000000003E-02   4.4999999999999998E-02   4.7500000000000001E-02   5.0000000000000003E-02   5.2499999999999998E-02   5.5000000000000000E-02   5.7500000000000002E-02
 5.9999999999999998E-02   6.2500000000000000E-02   6.5000000000000002E-02   6.7500000000000004E-02   7.0000000000000007E-02   7.2499999999999995E-02   7.4999999999999997E-02   7.7499999999999999E-02   8.0000000000000002E-02   8.2500000000000004E-02   8.5000000000000006E-02
 8.7500000000000008E-02   8.9999999999999997E-02   9.2499999999999999E-02   9.5000000000000001E-02   9.7500000000000003E-02   1.0000000000000001E-01   0.0000000000000000E+00   2.5000000000000001E-03   5.0000000000000001E-03   7.4999999999999997E-03   1.0000000000000000E-02
 1.2500000000000001E-02   1.4999999999999999E-02   1.7500000000000002E-02   2.0000000000000000E-02   2.2499999999999999E-02   2.5000000000000001E-02   2.7500000000000000E-02   2.9999999999999999E-02   3.2500000000000001E-02   3.5000000000000003E-02   3.7499999999999999E-02
 4.0000000000000001E-02   4.2500000000000003E-02   4.4999999999999998E-02   4.7500000000000001E-02   5.0000000000000003E-02   5.2499999999999998E-02   5.5000000000000000E-02   5.7500000000000002E-02   5.9999999999999998E-02   6.2500000000000000E-02   6.5000000000000002E-02
 6.7500000000000004E-02   7.0000000000000007E-02   7.2499999999999995E-02   7.4999999999999997E-02   7.7499999999999999E-02   8.0000000000000002E-02   8.2500000000000004E-02   8.5000000000000006E-02   8.7500000000000008E-02   8.9999999999999997E-02   9.2499999999999999E-02
 9.5000000000000001E-02   9.7500000000000003E-02   1.0000000000000001E-01   0.0000000000000000E+00   2.5000000000000001E-03   5.0000000000000001E-03   7.4999999999999997E-03   1.0000000000000000E-02   1.2500000000000001E-02   1.4999999999999999E-02   1.7500000000000002E-02
 2.0000000000000000E-02   2.2499999999999999E-02   2.5000000000000001E-02   2.7500000000000000E-02   2.9999999999999999E-02   3.2500000000000001E-02   3.5000000000000003E-02   3.7499999999999999E-02   4.0000000000000001E-02   4.2500000000000003E-02   4.4999999999999998E-02
 4.7500000000000001E-02   5.0000000000000003E-02   5.2499999999999998E-02   5.5000000000000000E-02   5.7500000000000002E-02   5.9999999999999998E-02   6.2500000000000000E-02   6.5000000000000002E-02   6.7500000000000004E-02   7.0000000000000007E-02   7.2499999999999995E-02
 7.4999999999999997E-02   7.7499999999999999E-02   8.0000000000000002E-02   8.2500000000000004E-02   8.5000000000000006E-02   8.7500000000000008E-02   8.9999999999999997E-02   9.2499999999999999E-02   9.5000000000000001E-02   9.7500000000000003E-02   1.0000000000000001E-01
 0.0000000000000000E+00   2.5000000000000001E-03   5.0000000000000001E-03   7.4999999999999997E-03   1.0000000000000000E-02   1.2500000000000001E-02   1.4999999999999999E-02   1.7500000000000002E-02   2.0000000000000000E-02   2.2499999999999999E-02   2.5000000000000001E-02
 2.7500000000000000E-02   2.9999999999999999E-02   3.2500000000000001E-02   3.5000000000000003E-02   3.7499999999999999E-02   4.0000000000000001E-02   4.2500000000000003E-02   4.4999999999999998E-02   4.7500000000000001E-02   5.0000000000000003E-02   5.2499999999999998E-02
 5.5000000000000000E-02   5.7500000000000002E-02   5.9999999999999998E-02   6.2500000000000000E-02   6.5000000000000002E-02   6.7500000000000004E-02   7.0000000000000007E-02   7.2499999999999995E-02   7.4999999999999997E-02   7.7499999999999999E-02   8.0000000000000002E-02
 8.2500000000000004E-02   8.5000000000000006E-02   8.7500000000000008E-02   8.9999999999999997E-02   9.2499999999999999E-02   9.5000000000000001E-02   9.7500000000000003E-02   1.0000000000000001E-01   0.0000000000000000E+00   2.5000000000000001E-03   5.0000000000000001E-03
 7.4999999999999997E-03   1.0000000000000000E-02   1.2500000000000001E-02   1.4999999999999999E-02   1.7500000000000002E-02   2.0000000000000000E-02   2.2499999999999999E-02   2.5000000000000001E-02   2.7500000000000000E-02   2.9999999999999999E-02   3.2500000000000001E-02
 3.5000000000000003E-02   3.7499999999999999E-02   4.0000000000000001E-02   4.2500000000000003E-02   4.4999999999999998E-02   4.7500000000000001E-02   5.0000000000000003E-02   5.2499999999999998E-02   5.5000000000000000E-02   5.7500000000000002E-02   5.9999999999999998E-02
 6.2500000000000000E-02   6.5000000000000002E-02   6.7500000000000004E-02   7.0000000000000007E-02   7.2499999999999995E-02   7.4999999999999997E-02   7.7499999999999999E-02   8.0000000000000002E-02   8.2500000000000004E-02   8.5000000000000006E-02   8.7500000000000008E-02
 8.9999999999999997E-02   9.2499999999999999E-02   9.5000000000000001E-02   9.7500000000000003E-02   1.0000000000000001E-01   0.0000000000000000E+00   2.5000000000000001E-03   5.0000000000000001E-03   7.4999999999999997E-03   1.0000000000000000E-02   1.2500000000000001E-02
 1.4999999999999999E-02   1.7500000000000002E-02   2.0000000000000000E-02   2.2499999999999999E-02   2.5000000000000001E-02   2.7500000000000000E-02   2.9999999999999999E-02   3.2500000000000001E-02   3.5000000000000003E-02   3.7499999999999999E-02   4.0000000000000001E-02
 4.2500000000000003E-02   4.4999999999999998E-02   4.7500000000000001E-02   5.0000000000000003E-02   5.2499999999999998E-02   5.5000000000000000E-02   5.7500000000000002E-02   5.9999999999999998E-02   6.2500000000000000E-02   6.5000000000000002E-02   6.7500000000000004E-02
 7.0000000000000007E-02   7.2499999999999995E-02   7.4999999999999997E-02   7.7499999999999999E-02   8.0000000000000002E-02   8.2500000000000004E-02   8.5000000000000006E-02   8.7500000000000008E-02   8.9999999999999997E-02   9.2499999999999999E-02   9.5000000000000001E-02
 9.7500000000000003E-02   1.0000000000000001E-01   0.0000000000000000E+00   2.5000000000000001E-03   5.0000000000000001E-03   7.4999999999999997E-03   1.0000000000000000E-02   1.2500000000000001E-02   1.4999999999999999E-02   1.7500000000000002E-02   2.0000000000000000E-02
 2.2499999999999999E-02   2.5000000000000001E-02   2.7500000000000000E-02   2.9999999999999999E-02   3.2500000000000001E-02   3.5000000000000003E-02   3.7499999999999999E-02   4.0000000000000001E-02   4.2500000000000003E-02   4.4999999999999998E-02   4.7500000000000001E-02
 5.0000000000000003E-02   5.2499999999999998E-02   5.5000000000000000E-02   5.7500000000000002E-02   5.9999999999999998E-02   6.2500000000000000E-02   6.5000000000000002E-02   6.7500000000000004E-02   7.0000000000000007E-02   7.2499999999999995E-02   7.4999999999999997E-02
 7.7499999999999999E-02   8.0000000000000002E-02   8.2500000000000004E-02   8.5000000000000006E-02   8.7500000000000008E-02   8.9999999999999997E-02   9.2499999999999999E-02   9.5000000000000001E-02   9.7500000000000003E-02   1.0000000000000001E-01   0.0000000000000000E+00
 2.5000000000000001E-03   5.0000000000000001E-03   7.4999999999999997E-03   1.0000000000000000E-02   1.2500000000000001E-02   1.4999999999999999E-02   1.7500000000000002E-02   2.0000000000000000E-02   2.2499999999999999E-02   2.5000000000000001E-02   2.7500000000000000E-02
 2.9999999999999999E-02   3.2500000000000001E-02   3.5000000000000003E-02   3.7499999999999999E-02   4.0000000000000001E-02   4.2500000000000003E-02   4.4999999999999998E-02   4.7500000000000001E-02   5.0000000000000003E-02   5.2499999999999998E-02   5.5000000000000000E-02
 5.7500000000000002E-02   5.9999999999999998E-02   6.2500000000000000E-02   6.5000000000000002E-02   6.7500000000000004E-02   7.0000000000000007E-02   7.2499999999999995E-02   7.4999999999999997E-02   7.7499999999999999E-02   8.0000000000000002E-02   8.2500000000000004E-02
 8.5000000000000006E-02   8.7500000000000008E-02   8.9999999999999997E-02   9.2499999999999999E-02   9.5000000000000001E-02   9.7500000000000003E-02   1.0000000000000001E-01   0.0000000000000000E+00   2.5000000000000001E-03   5.0000000000000001E-03   7.4999999999999997E-03
 1.0000000000000000E-02   1.2500000000000001E-02   1.4999999999999999E-02   1.7500000000000002E-02   2.0000000000000000E-02   2.2499999999999999E-02   2.5000000000000001E-02   2.7500000000000000E-02   2.9999999999999999E-02   3.2500000000000001E-02   3.5000000000000003E-02
 3.7499999999999999E-02   4.0000000000000001E-02   4.2500000000000003E-02   4.4999999999999998E-02   4.7500000000000001E-02   5.0000000000000003E-02   5.2499999999999998E-02   5.5000000000000000E-02   5.7500000000000002E-02   5.9999999999999998E-02   6.2500000000000000E-02
 6.5000000000000002E-02   6.7500000000000004E-02   7.0000000000000007E-02   7.2499999999999995E-02   7.4999999999999997E-02   7.7499999999999999E-02   8.0000000000000002E-02   8.2500000000000004E-02   8.5000000000000006E-02   8.7500000000000008E-02   8.9999999999999997E-02
 9.2499999999999999E-02   9.5000000000000001E-02   9.7500000000000003E-02   1.0000000000000001E-01   0.0000000000000000E+00   2.5000000000000001E-03   5.0000000000000001E-03   7.4999999999999997E-03   1.0000000000000000E-02   1.2500000000000001E-02   1.4999999999999999E-02
 1.7500000000000002E-02   2.0000000000000000E-02   2.2499999999999999E-02   2.5000000000000001E-02   2.7500000000000000E-02   2.9999999999999999E-02   3.2500000000000001E-02   3.5000000000000003E-02   3.7499999999999999E-02   4.0000000000000001E-02   4.2500000000000003E-02
 4.4999999999999998E-02   4.7500000000000001E-02   5.0000000000000003E-02   5.2499999999999998E-02   5.5000000000000000E-02   5.7500000000000002E-02   5.9999999999999998E-02   6.2500000000000000E-02   6.5000000000000002E-02   6.7500000000000004E-02   7.0000000000000007E-02
 7.2499999999999995E-02   7.4999999999999997E-02   7.7499999999999999E-02   8.0000000000000002E-02   8.2500000000000004E-02   8.5000000000000006E-02   8.7500000000000008E-02   8.9999999999999997E-02   9.2499999999999999E-02   9.5000000000000001E-02   9.7500000000000003E-02
 1.0000000000000001E-01   0.0000000000000000E+00   2.5000000000000001E-03   5.0000000000000001E-03   7.4999999999999997E-03   1.0000000000000000E-02   1.2500000000000001E-02   1.4999999999999999E-02   1.7500000000000002E-02   2.0000000000000000E-02   2.2499999999999999E-02
 2.5000000000000001E-02   2.7500000000000000E-02   2.9999999999999999E-02   3.2500000000000001E-02   3.5000000000000003E-02   3.7499999999999999E-02   4.0000000000000001E-02   4.2500000000000003E-02   4.4999999999999998E-02   4.7500000000000001E-02   5.0000000000000003E-02
 5.2499999999999998E-02   5.5000000000000000E-02   5.7500000000000002E-02   5.9999999999999998E-02   6.2500000000000000E-02   6.5000000000000002E-02   6.7500000000000004E-02   7.0000000000000007E-02   7.2499999999999995E-02   7.4999999999999997E-02   7.7499999999999999E-02
 8.0000000000000002E-02   8.2500000000000004E-02   8.5000000000000006E-02   8.7500000000000008E-02   8.9999999999999997E-02   9.2499999999999999E-02   9.5000000000000001E-02   9.7500000000000003E-02   1.0000000000000001E-01   0.0000000000000000E+00   2.5000000000000001E-03
 5.0000000000000001E-03   7.4999999999999997E-03   1.0000000000000000E-02   1.2500000000000001E-02   1.4999999999999999E-02   1.7500000000000002E-02   2.0000000000000000E-02   2.2499999999999999E-02   2.5000000000000001E-02   2.7500000000000000E-02   2.9999999999999999E-02
 3.2500000000000001E-02   3.5000000000000003E-02   3.7499999999999999E-02   4.0000000000000001E-02   4.2500000000000003E-02   4.4999999999999998E-02   4.7500000000000001E-02   5.0000000000000003E-02   5.2499999999999998E-02   5.5000000000000000E-02   5.7500000000000002E-02
 5.9999999999999998E-02   6.2500000000000000E-02   6.5000000000000002E-02   6.7500000000000004E-02   7.0000000000000007E-02   7.2499999999999995E-02   7.4999999999999997E-02   7.7499999999999999E-02   8.0000000000000002E-02   8.2500000000000004E-02   8.5000000000000006E-02
 8.7500000000000008E-02   8.9999999999999997E-02   9.2499999999999999E-02   9.5000000000000001E-02   9.7500000000000003E-02   1.0000000000000001E-01   0.0000000000000000E+00   2.5000000000000001E-03   5.0000000000000001E-03   7.4999999999999997E-03   1.0000000000000000E-02
 1.2500000000000001E-02   1.4999999999999999E-02   1.7500000000000002E-02   2.0000000000000000E-02   2.2499999999999999E-02   2.5000000000000001E-02   2.7500000000000000E-02   2.9999999999999999E-02   3.2500000000000001E-02   3.5000000000000003E-02   3.7499999999999999E-02
 4.0000000000000001E-02   4.2500000000000003E-02   4.4999999999999998E-02   4.7500000000000001E-02   5.0000000000000003E-02   5.2499999999999998E-02   5.5000000000000000E-02   5.7500000000000002E-02   5.9999999999999998E-02   6.2500000000000000E-02   6.5000000000000002E-02
 6.7500000000000004E-02   7.0000000000000007E-02   7.2499999999999995E-02   7.4999999999999997E-02   7.7499999999999999E-02   8.0000000000000002E-02   8.2500000000000004E-02   8.5000000000000006E-02   8.7500000000000008E-02   8.9999999999999997E-02   9.2499999999999999E-02
 9.5000000000000001E-02   9.7500000000000003E-02   1.0000000000000001E-01   0.0000000000000000E+00   2.5000000000000001E-03   5.0000000000000001E-03   7.4999999999999997E-03   1.0000000000000000E-02   1.2500000000000001E-02   1.4999999999999999E-02   1.7500000000000002E-02
 2.0000000000000000E-02   2.2499999999999999E-02   2.5000000000000001E-02   2.7500000000000000E-02   2.9999999999999999E-02   3.2500000000000001E-02   3.5000000000000003E-02   3.7499999999999999E-02   4.0000000000000001E-02   4.2500000000000003E-02   4.4999999999999998E-02
 4.7500000000000001E-02   5.0000000000000003E-02   5.2499999999999998E-02   5.5000000000000000E-02   5.7500000000000002E-02   5.9999999999999998E-02   6.2500000000000000E-02   6.5000000000000002E-02   6.7500000000000004E-02   7.0000000000000007E-02   7.2499999999999995E-02
 7.4999999999999997E-02   7.7499999999999999E-02   8.0000000000000002E-02   8.2500000000000004E-02   8.5000000000000006E-02   8.7500000000000008E-02   8.9999999999999997E-02   9.2499999999999999E-02   9.5000000000000001E-02   9.7500000000000003E-02   1.0000000000000001E-01
 0.0000000000000000E+00   2.5000000000000001E-03   5.0000000000000001E-03   7.4999999999999997E-03   1.0000000000000000E-02   1.2500000000000001E-02   1.4999999999999999E-02   1.7500000000000002E-02   2.0000000000000000E-02   2.2499999999999999E-02   2.5000000000000001E-02
 2.7500000000000000E-02   2.9999999999999999E-02   3.2500000000000001E-02   3.5000000000000003E-02   3.7499999999999999E-02   4.0000000000000001E-02   4.2500000000000003E-02   4.4999999999999998E-02   4.7500000000000001E-02   5.0000000000000003E-02   5.2499999999999998E-02
 5.5000000000000000E-02   5.7500000000000002E-02   5.9999999999999998E-02   6.2500000000000000E-02   6.5000000000000002E-02   6.7500000000000004E-02   7.0000000000000007E-02   7.2499999999999995E-02   7.4999999999999997E-02   7.7499999999999999E-02   8.0000000000000002E-02
 8.2500000000000004E-02   8.5000000000000006E-02   8.7500000000000008E-02   8.9999999999999997E-02   9.2499999999999999E-02   9.5000000000000001E-02   9.7500000000000003E-02   1.0000000000000001E-01   0.0000000000000000E+00   2.5000000000000001E-03   5.0000000000000001E-03
 7.4999999999999997E-03   1.0000000000000000E-02   1.2500000000000001E-02   1.4999999999999999E-02   1.7500000000000002E-02   2.0000000000000000E-02   2.2499999999999999E-02   2.5000000000000001E-02   2.7500000000000000E-02   2.9999999999999999E-02   3.2500000000000001E-02
 3.5000000000000003E-02   3.7499999999999999E-02   4.0000000000000001E-02   4.2500000000000003E-02   4.4999999999999998E-02   4.7500000000000001E-02   5.0000000000000003E-02   5.2499999999999998E-02   5.5000000000000000E-02   5.7500000000000002E-02   5.9999999999999998E-02
 6.2500000000000000E-02   6.5000000000000002E-02   6.7500000000000004E-02   7.0000000000000007E-02   7.2499999999999995E-02   7.4999999999999997E-02   7.7499999999999999E-02   8.0000000000000002E-02   8.2500000000000004E-02   8.5000000000000006E-02   8.7500000000000008E-02
 8.9999999999999997E-02   9.2499999999999999E-02   9.5000000000000001E-02   9.7500000000000003E-02   1.0000000000000001E-01   0.0000000000000000E+00   2.5000000000000001E-03   5.0000000000000001E-03   7.4999999999999997E-03   1.0000000000000000E-02   1.2500000000000001E-02
 1.4999999999999999E-02   1.7500000000000002E-02   2.0000000000000000E-02   2.2499999999999999E-02   2.5000000000000001E-02   2.7500000000000000E-02   2.9999999999999999E-02   3.2500000000000001E-02   3.5000000000000003E-02   3.7499999999999999E-02   4.0000000000000001E-02
 4.2500000000000003E-02   4.4999999999999998E-02   4.7500000000000001E-02   5.0000000000000003E-02   5.2499999999999998E-02   5.5000000000000000E-02   5.7500000000000002E-02   5.9999999999999998E-02   6.2500000000000000E-02   6.5000000000000002E-02   6.7500000000000004E-02
 7.0000000000000007E-02   7.2499999999999995E-02   7.4999999999999997E-02   7.7499999999999999E-02   8.0000000000000002E-02   8.2500000000000004E-02   8.5000000000000006E-02   8.7500000000000008E-02   8.9999999999999997E-02   9.2499999999999999E-02   9.5000000000000001E-02
 9.7500000000000003E-02   1.0000000000000001E-01   0.0000000000000000E+00   2.5000000000000001E-03   5.0000000000000001E-03   7.4999999999999997E-03   1.0000000000000000E-02   1.2500000000000001E-02   1.4999999999999999E-02   1.7500000000000002E-02   2.0000000000000000E-02
 2.2499999999999999E-02   2.5000000000000001E-02   2.7500000000000000E-02   2.9999999999999999E-02   3.2500000000000001E-02   3.5000000000000003E-02   3.7499999999999999E-02   4.0000000000000001E-02   4.2500000000000003E-02   4.4999999999999998E-02   4.7500000000000001E-02
 5.0000000000000003E-02   5.2499999999999998E-02   5.5000000000000000E-02   5.7500000000000002E-02   5.9999999999999998E-02   6.2500000000000000E-02   6.5000000000000002E-02   6.7500000000000004E-02   7.0000000000000007E-02   7.2499999999999995E-02   7.4999999999999997E-02
 7.7499999999999999E-02   8.0000000000000002E-02   8.2500000000000004E-02   8.5000000000000006E-02   8.7500000000000008E-02   8.9999999999999997E-02   9.2499999999999999E-02   9.5000000000000001E-02   9.7500000000000003E-02   1.0000000000000001E-01   0.0000000000000000E+00
 2.5000000000000001E-03   5.0000000000000001E-03   7.4999999999999997E-03   1.0000000000000000E-02   1.2500000000000001E-02   1.4999999999999999E-02   1.7500000000000002E-02   2.0000000000000000E-02   2.2499999999999999E-02   2.5000000000000001E-02   2.7500000000000000E-02
 2.9999999999999999E-02   3.2500000000000001E-02   3.5000000000000003E-02   3.7499999999999999E-02   4.0000000000000001E-02   4.2500000000000003E-02   4.4999999999999998E-02   4.7500000000000001E-02   5.0000000000000003E-02   5.2499999999999998E-02   5.5000000000000000E-02
 5.7500000000000002E-02   5.9999999999999998E-02   6.2500000000000000E-02   6.5000000000000002E-02   6.7500000000000004E-02   7.0000000000000007E-02   7.2499999999999995E-02   7.4999999999999997E-02   7.7499999999999999E-02   8.0000000000000002E-02   8.2500000000000004E-02
 8.5000000000000006E-02   8.7500000000000008E-02   8.9999999999999997E-02   9.2499999999999999E-02   9.5000000000000001E-02   9.7500000000000003E-02   1.0000000000000001E-01   0.0000000000000000E+00   2.5000000000000001E-03   5.0000000000000001E-03   7.4999999999999997E-03
 1.0000000000000000E-02   1.2500000000000001E-02   1.4999999999999999E-02   1.7500000000000002E-02   2.0000000000000000E-02   2.2499999999999999E-02   2.5000000000000001E-02   2.7500000000000000E-02   2.9999999999999999E-02   3.2500000000000001E-02   3.5000000000000003E-02
 3.7499999999999999E-02   4.0000000000000001E-02   4.2500000000000003E-02   4.4999999999999998E-02   4.7500000000000001E-02   5.0000000000000003E-02   5.2499999999999998E-02   5.5000000000000000E-02   5.7500000000000002E-02   5.9999999999999998E-02   6.2500000000000000E-02
 6.5000000000000002E-02   6.7500000000000004E-02   7.0000000000000007E-02   7.2499999999999995E-02   7.4999999999999997E-02   7.7499999999999999E-02   8.0000000000000002E-02   8.2500000000000004E-02   8.5000000000000006E-02   8.7500000000000008E-02   8.9999999999999997E-02
 9.2499999999999999E-02   9.5000000000000001E-02   9.7500000000000003E-02   1.0000000000000001E-01   0.0000000000000000E+00   2.5000000000000001E-03   5.0000000000000001E-03   7.4999999999999997E-03   1.0000000000000000E-02   1.2500000000000001E-02   1.4999999999999999E-02
 1.7500000000000002E-02   2.0000000000000000E-02   2.2499999999999999E-02   2.5000000000000001E-02   2.7500000000000000E-02   2.9999999999999999E-02   3.2500000000000001E-02   3.5000000000000003E-02   3.7499999999999999E-02   4.0000000000000001E-02   4.2500000000000003E-02
 4.4999999999999998E-02   4.7500000000000001E-02   5.0000000000000003E-02   5.2499999999999998E-02   5.5000000000000000E-02   5.7500000000000002E-02   5.9999999999999998E-02   6.2500000000000000E-02   6.5000000000000002E-02   6.7500000000000004E-02   7.0000000000000007E-02
 7.2499999999999995E-02   7.4999999999999997E-02   7.7499999999999999E-02   8.0000000000000002E-02   8.2500000000000004E-02   8.5000000000000006E-02   8.7500000000000008E-02   8.9999999999999997E-02   9.2499999999999999E-02   9.5000000000000001E-02   9.7500000000000003E-02
 1.0000000000000001E-01   0.0000000000000000E+00   2.5000000000000001E-03   5.0000000000000001E-03   7.4999999999999997E-03   1.0000000000000000E-02   1.2500000000000001E-02   1.4999999999999999E-02   1.7500000000000002E-02   2.0000000000000000E-02   2.2499999999999999E-02
 2.5000000000000001E-02   2.7500000000000000E-02   2.9999999999999999E-02   3.2500000000000001E-02   3.5000000000000003E-02   3.7499999999999999E-02   4.0000000000000001E-02   4.2500000000000003E-02   4.4999999999999998E-02   4.7500000000000001E-02   5.0000000000000003E-02
 5.2499999999999998E-02   5.5000000000000000E-02   5.7500000000000002E-02   5.9999999999999998E-02   6.2500000000000000E-02   6.5000000000000002E-02   6.7500000000000004E-02   7.0000000000000007E-02   7.2499999999999995E-02   7.4999999999999997E-02   7.7499999999999999E-02
 8.0000000000000002E-02   8.2500000000000004E-02   8.5000000000000006E-02   8.7500000000000008E-02   8.9999999999999997E-02   9.2499999999999999E-02   9.5000000000000001E-02   9.7500000000000003E-02   1.0000000000000001E-01
 0.0000000000000000E+00   0.0000000000000000E+00   0.0000000000000000E+00   0.0000000000000000E+00   0.0000000000000000E+00   0.0000000000000000E+00   0.0000000000000000E+00   0.0000000000000000E+00   0.0000000000000000E+00   0.0000000000000000E+00   0.0000000000000000E+00
 0.0000000000000000E+00   0.0000000000000000E+00   0.0000000000000000E+00   0.0000000000000000E+00   0.0000000000000000E+00   0.0000000000000000E+00   0.0000000000000000E+00   0.0000000000000000E+00   0.0000000000000000E+00   0.0000000000000000E+00   0.0000000000000000E+00
 0.0000000000000000E+00   0.0000000000000000E+00   0.0000000000000000E+00   0.0000000000000000E+00   0.0000000000000000E+00   0.0000000000000000E+00   0.0000000000000000E+00   0.0000000000000000E+00   0.0000000000000000E+00   0.0000000000000000E+00   0.0000000000000000E+00
 0.0000000000000000E+00   0.0000000000000000E+00   0.0000000000000000E+00   0.0000000000000000E+00   0.0000000000000000E+00   0.0000000000000000E+00   0.0000000000000000E+00   0.0000000000000000E+00   2.5000000000000001E-02   2.5000000000000001E-02   2.5000000000000001E-02
 2.5000000000000001E-02   2.5000000000000001E-02   2.5000000000000001E-02   2.5000000000000001E-02   2.5000000000000001E-02   2.5000000000000001E-02   2.5000000000000001E-02   2.5000000000000001E-02   2.5000000000000001E-02   2.5000000000000001E-02   2.5000000000000001E-02
 2.5000000000000001E-02   2.5000000000000001E-02   2.5000000000000001E-02   2.5000000000000001E-02   2.5000000000000001E-02   2.5000000000000001E-02   2.5000000000000001E-02   2.5000000000000001E-02   2.5000000000000001E-02   2.5000000000000001E-02   2.5000000000000001E-02
 2.5000000000000001E-02   2.5000000000000001E-02   2.5000000000000001E-02   2.5000000000000001E-02   2.5000000000000001E-02   2.5000000000000001E-02   2.5000000000000001E-02   2.5000000000000001E-02   2.5000000000000001E-02   2.5000000000000001E-02   2.5000000000000001E-02
 2.5000000000000001E-02   2.5000000000000001E-02   2.5000000000000001E-02   2.5000000000000001E-02   2.5000000000000001E-02   5.0000000000000003E-02   5.0000000000000003E-02   5.0000000000000003E-02   5.0000000000000003E-02   5.0000000000000003E-02   5.0000000000000003E-02
 5.0000000000000003E-02   5.0000000000000003E-02   5.0000000000000003E-02   5.0000000000000003E-02   5.0000000000000003E-02   5.0000000000000003E-02   5.0000000000000003E-02   5.0000000000000003E-02   5.0000000000000003E-02   5.0000000000000003E-02   5.0000000000000003E-02
 5.0000000000000003E-02   5.0000000000000003E-02   5.0000000000000003E-02   5.0000000000000003E-02   5.0000000000000003E-02   5.0000000000000003E-02   5.0000000000000003E-02   5.0000000000000003E-02   5.0000000000000003E-02   5.0000000000000003E-02   5.0000000000000003E-02
 5.0000000000000003E-02   5.0000000000000003E-02   5.0000000000000003E-02   5.0000000000000003E-02   5.0000000000000003E-02   5.0000000000000003E-02   5.0000000000000003E-02   5.0000000000000003E-02   5.0000000000000003E-02   5.0000000000000003E-02   5.0000000000000003E-02
 5.0000000000000003E-02   5.0000000000000003E-02   7.5000000000000011E-02   7.5000000000000011E-02   7.5000000000000011E-02   7.5000000000000011E-02   7.5000000000000011E-02   7.5000000000000011E-02   7.5000000000000011E-02   7.5000000000000011E-02   7.5000000000000011E-02
 7.5000000000000011E-02   7.5000000000000011E-02   7.5000000000000011E-02   7.5000000000000011E-02   7.5000000000000011E-02   7.5000000000000011E-02   7.5000000000000011E-02   7.5000000000000011E-02   7.5000000000000011E-02   7.5000000000000011E-02   7.5000000000000011E-02
 7.5000000000000011E-02   7.5000000000000011E-02   7.5000000000000011E-02   7.5000000000000011E-02   7.5000000000000011E-02   7.5000000000000011E-02   7.5000000000000011E-02   7.5000000000000011E-02   7.5000000000000011E-02   7.5000000000000011E-02   7.5000000000000011E-02
 7.5000000000000011E-02   7.5000000000000011E-02   7.5000000000000011E-02   7.5000000000000011E-02   7.5000000000000011E-02   7.5000000000000011E-02   7.5000000000000011E-02   7.5000000000000011E-02   7.5000000000000011E-02   7.5000000000000011E-02   1.0000000000000001E-01
 1.0000000000000001E-01   1.0000000000000001E-01   1.0000000000000001E-01   1.0000000000000001E-01   1.0000000000000001E-01   1.0000000000000001E-01   1.0000000000000001E-01   1.0000000000000001E-01   1.0000000000000001E-01   1.0000000000000001E-01   1.0000000000000001E-01
 1.0000000000000001E-01   1.0000000000000001E-01   1.0000000000000001E-01   1.0000000000000001E-01   1.0000000000000001E-01   1.0000000000000001E-01   1.0000000000000001E-01   1.0000000000000001E-01   1.0000000000000001E-01   1.0000000000000001E-01   1.0000000000000001E-01
 1.0000000000000001E-01   1.0000000000000001E-01   1.0000000000000001E-01   1.0000000000000001E-01   1.0000000000000001E-01   1.0000000000000001E-01   1.0000000000000001E-01   1.0000000000000001E-01   1.0000000000000001E-01   1.0000000000000001E-01   1.0000000000000001E-01
 1.0000000000000001E-01   1.0000000000000001E-01   1.0000000000000001E-01   1.0000000000000001E-01   1.0000000000000001E-01   1.0000000000000001E-01   1.0000000000000001E-01   1.2500000000000000E-01   1.2500000000000000E-01   1.2500000000000000E-01   1.2500000000000000E-01
 1.2500000000000000E-01   1.2500000000000000E-01   1.2500000000000000E-01   1.2500000000000000E-01   1.2500000000000000E-01   1.2500000000000000E-01   1.2500000000000000E-01   1.2500000000000000E-01   1.2500000000000000E-01   1.2500000000000000E-01   1.2500000000000000E-01
 1.2500000000000000E-01   1.2500000000000000E-01   1.2500000000000000E-01   1.2500000000000000E-01   1.2500000000000000E-01   1.2500000000000000E-01   1.2500000000000000E-01   1.2500000000000000E-01   1.2500000000000000E-01   1.2500000000000000E-01   1.2500000000000000E-01
 1.2500000000000000E-01   1.2500000000000000E-01   1.2500000000000000E-01   1.2500000000000000E-01   1.2500000000000000E-01   1.2500000000000000E-01   1.2500000000000000E-01   1.2500000000000000E-01   1.2500000000000000E-01   1.2500000000000000E-01   1.2500000000000000E-01
 1.2500000000000000E-01   1.2500000000000000E-01   1.2500000000000000E-01   1.2500000000000000E-01   1.5000000000000002E-01   1.5000000000000002E-01   1.5000000000000002E-01   1.5000000000000002E-01   1.5000000000000002E-01   1.5000000000000002E-01   1.5000000000000002E-01
 1.5000000000000002E-01   1.5000000000000002E-01   1.5000000000000002E-01   1.5000000000000002E-01   1.5000000000000002E-01   1.5000000000000002E-01   1.5000000000000002E-01   1.5000000000000002E-01   1.5000000000000002E-01   1.5000000000000002E-01   1.5000000000000002E-01
 1.5000000000000002E-01   1.5000000000000002E-01   1.5000000000000002E-01   1.5000000000000002E-01   1.5000000000000002E-01   1.5000000000000002E-01   1.5000000000000002E-01   1.5000000000000002E-01   1.5000000000000002E-01   1.5000000000000002E-01   1.5000000000000002E-01
 1.5000000000000002E-01   1.5000000000000002E-01   1.5000000000000002E-01   1.5000000000000002E-01   1.5000000000000002E-01   1.5000000000000002E-01   1.5000000000000002E-01   1.5000000000000002E-01   1.5000000000000002E-01   1.5000000000000002E-01   1.5000000000000002E-01
 1.5000000000000002E-01   1.7500000000000002E-01   1.7500000000000002E-01   1.7500000000000002E-01   1.7500000000000002E-01   1.7500000000000002E-01   1.7500000000000002E-01   1.7500000000000002E-01   1.7500000000000002E-01   1.7500000000000002E-01   1.7500000000000002E-01
 1.7500000000000002E-01   1.7500000000000002E-01   1.7500000000000002E-01   1.7500000000000002E-01   1.7500000000000002E-01   1.7500000000000002E-01   1.7500000000000002E-01   1.7500000000000002E-01   1.7500000000000002E-01   1.7500000000000002E-01   1.7500000000000002E-01
 1.7500000000000002E-01   1.7500000000000002E-01   1.7500000000000002E-01   1.7500000000000002E-01   1.7500000000000002E-01   1.7500000000000002E-01   1.7500000000000002E-01   1.7500000000000002E-01   1.7500000000000002E-01   1.7500000000000002E-01   1.7500000000000002E-01
 1.7500000000000002E-01   1.7500000000000002E-01   1.7500000000000002E-01   1.7500000000000002E-01   1.7500000000000002E-01   1.7500000000000002E-01   1.7500000000000002E-01   1.7500000000000002E-01   1.7500000000000002E-01   2.0000000000000001E-01   2.0000000000000001E-01
 2.0000000000000001E-01   2.0000000000000001E-01   2.0000000000000001E-01   2.0000000000000001E-01   2.0000000000000001E-01   2.0000000000000001E-01   2.0000000000000001E-01   2.0000000000000001E-01   2.0000000000000001E-01   2.0000000000000001E-01   2.0000000000000001E-01
 2.0000000000000001E-01   2.0000000000000001E-01   2.0000000000000001E-01   2.0000000000000001E-01   2.0000000000000001E-01   2.0000000000000001E-01   2.0000000000000001E-01   2.0000000000000001E-01   2.0000000000000001E-01   2.0000000000000001E-01   2.0000000000000001E-01
 2.0000000000000001E-01   2.0000000000000001E-01   2.0000000000000001E-01   2.0000000000000001E-01   2.0000000000000001E-01   2.0000000000000001E-01   2.0000000000000001E-01   2.0000000000000001E-01   2.0000000000000001E-01   2.0000000000000001E-01   2.0000000000000001E-01
 2.0000000000000001E-01   2.0000000000000001E-01   2.0000000000000001E-01   2.0000000000000001E-01   2.0000000000000001E-01   2.0000000000000001E-01   2.2500000000000001E-01   2.2500000000000001E-01   2.2500000000000001E-01   2.2500000000000001E-01   2.2500000000000001E-01
 2.2500000000000001E-01   2.2500000000000001E-01   2.2500000000000001E-01   2.2500000000000001E-01   2.2500000000000001E-01   2.2500000000000001E-01   2.2500000000000001E-01   2.2500000000000001E-01   2.2500000000000001E-01   2.2500000000000001E-01   2.2500000000000001E-01
 2.2500000000000001E-01   2.2500000000000001E-01   2.2500000000000001E-01   2.2500000000000001E-01   2.2500000000000001E-01   2.2500000000000001E-01   2.2500000000000001E-01   2.2500000000000001E-01   2.2500000000000001E-01   2.2500000000000001E-01   2.2500000000000001E-01
 2.2500000000000001E-01   2.2500000000000001E-01   2.2500000000000001E-01   2.2500000000000001E-01   2.2500000000000001E-01   2.2500000000000001E-01   2.2500000000000001E-01   2.2500000000000001E-01   2.2500000000000001E-01   2.2500000000000001E-01   2.2500000000000001E-01
 2.2500000000000001E-01   2.2500000000000001E-01   2.2500000000000001E-01   2.5000000000000000E-01   2.5000000000000000E-01   2.5000000000000000E-01   2.5000000000000000E-01   2.5000000000000000E-01   2.5000000000000000E-01   2.5000000000000000E-01   2.5000000000000000E-01
 2.5000000000000000E-01   2.5000000000000000E-01   2.5000000000000000E-01   2.5000000000000000E-01   2.5000000000000000E-01   2.5000000000000000E-01   2.5000000000000000E-01   2.5000000000000000E-01   2.5000000000000000E-01   2.5000000000000000E-01   2.5000000000000000E-01
 2.5000000000000000E-01   2.5000000000000000E-01   2.5000000000000000E-01   2.5000000000000000E-01   2.5000000000000000E-01   2.5000000000000000E-01   2.5000000000000000E-01   2.5000000000000000E-01   2.5000000000000000E-01   2.5000000000000000E-01   2.5000000000000000E-01
 2.5000000000000000E-01   2.5000000000000000E-01   2.5000000000000000E-01   2.5000000000000000E-01   2.5000000000000000E-01   2.5000000000000000E-01   2.5000000000000000E-01   2.5000000000000000E-01   2.5000000000000000E-01   2.5000000000000000E-01   2.5000000000000000E-01
 2.7500000000000002E-01   2.7500000000000002E-01   2.7500000000000002E-01   2.7500000000000002E-01   2.7500000000000002E-01   2.7500000000000002E-01   2.7500000000000002E-01   2.7500000000000002E-01   2.7500000000000002E-01   2.7500000000000002E-01   2.7500000000000002E-01
 2.7500000000000002E-01   2.7500000000000002E-01   2.7500000000000002E-01   2.7500000000000002E-01   2.7500000000000002E-01   2.7500000000000002E-01   2.7500000000000002E-01   2.7500000000000002E-01   2.7500000000000002E-01   2.7500000000000002E-01   2.7500000000000002E-01
 2.7500000000000002E-01   2.7500000000000002E-01   2.7500000000000002E-01   2.7500000000000002E-01   2.7500000000000002E-01   2.7500000000000002E-01   2.7500000000000002E-01   2.7500000000000002E-01   2.7500000000000002E-01   2.7500000000000002E-01   2.7500000000000002E-01
 2.7500000000000002E-01   2.7500000000000002E-01   2.7500000000000002E-01   2.7500000000000002E-01   2.7500000000000002E-01   2.7500000000000002E-01   2.7500000000000002E-01   2.7500000000000002E-01   3.0000000000000004E-01   3.0000000000000004E-01   3.0000000000000004E-01
 3.0000000000000004E-01   3.0000000000000004E-01   3.0000000000000004E-01   3.0000000000000004E-01   3.0000000000000004E-01   3.0000000000000004E-01   3.0000000000000004E-01   3.0000000000000004E-01   3.0000000000000004E-01   3.0000000000000004E-01   3.0000000000000004E-01
 3.0000000000000004E-01   3.0000000000000004E-01   3.0000000000000004E-01   3.0000000000000004E-01   3.0000000000000004E-01   3.0000000000000004E-01   3.0000000000000004E-01   3.0000000000000004E-01   3.0000000000000004E-01   3.0000000000000004E-01   3.0000000000000004E-01
 3.0000000000000004E-01   3.0000000000000004E-01   3.0000000000000004E-01   3.0000000000000004E-01   3.0000000000000004E-01   3.0000000000000004E-01   3.0000000000000004E-01   3.0000000000000004E-01   3.0000000000000004E-01   3.0000000000000004E-01   3.0000000000000004E-01
 3.0000000000000004E-01   3.0000000000000004E-01   3.0000000000000004E-01   3.0000000000000004E-01   3.0000000000000004E-01   3.2500000000000001E-01   3.2500000000000001E-01   3.2500000000000001E-01   3.2500000000000001E-01   3.2500000000000001E-01   3.2500000000000001E-01
 3.2500000000000001E-01   3.2500000000000001E-01   3.2500000000000001E-01   3.2500000000000001E-01   3.2500000000000001E-01   3.2500000000000001E-01   3.2500000000000001E-01   3.2500000000000001E-01   3.2500000000000001E-01   3.2500000000000001E-01   3.2500000000000001E-01
 3.2500000000000001E-01   3.2500000000000001E-01   3.2500000000000001E-01   3.2500000000000001E-01   3.2500000000000001E-01   3.2500000000000001E-01   3.2500000000000001E-01   3.2500000000000001E-01   3.2500000000000001E-01   3.2500000000000001E-01   3.2500000000000001E-01
 3.2500000000000001E-01   3.2500000000000001E-01   3.2500000000000001E-01   3.2500000000000001E-01   3.2500000000000001E-01   3.2500000000000001E-01   3.2500000000000001E-01   3.2500000000000001E-01   3.2500000000000001E-01   3.2500000000000001E-01   3.2500000000000001E-01
 3.2500000000000001E-01   3.2500000000000001E-01   3.5000000000000003E-01   3.5000000000000003E-01   3.5000000000000003E-01   3.5000000000000003E-01   3.5000000000000003E-01   3.5000000000000003E-01   3.5000000000000003E-01   3.5000000000000003E-01   3.5000000000000003E-01
 3.5000000000000003E-01   3.5000000000000003E-01   3.5000000000000003E-01   3.5000000000000003E-01   3.5000000000000003E-01   3.5000000000000003E-01   3.5000000000000003E-01   3.5000000000000003E-01   3.5000000000000003E-01   3.5000000000000003E-01   3.5000000000000003E-01
 3.5000000000000003E-01   3.5000000000000003E-01   3.5000000000000003E-01   3.5000000000000003E-01   3.5000000000000003E-01   3.5000000000000003E-01   3.5000000000000003E-01   3.5000000000000003E-01   3.5000000000000003E-01   3.5000000000000003E-01   3.5000000000000003E-01
 3.5000000000000003E-01   3.5000000000000003E-01   3.5000000000000003E-01   3.5000000000000003E-01   3.5000000000000003E-01   3.5000000000000003E-01   3.5000000000000003E-01   3.5000000000000003E-01   3.5000000000000003E-01   3.5000000000000003E-01   3.7500000000000000E-01
 3.7500000000000000E-01   3.7500000000000000E-01   3.7500000000000000E-01   3.7500000000000000E-01   3.7500000000000000E-01   3.7500000000000000E-01   3.7500000000000000E-01   3.7500000000000000E-01   3.7500000000000000E-01   3.7500000000000000E-01   3.7500000000000000E-01
 3.7500000000000000E-01   3.7500000000000000E-01   3.7500000000000000E-01   3.7500000000000000E-01   3.7500000000000000E-01   3.7500000000000000E-01   3.7500000000000000E-01   3.7500000000000000E-01   3.7500000000000000E-01   3.7500000000000000E-01   3.7500000000000000E-01
 3.7500000000000000E-01   3.7500000000000000E-01   3.7500000000000000E-01   3.7500000000000000E-01   3.7500000000000000E-01   3.7500000000000000E-01   3.7500000000000000E-01   3.7500000000000000E-01   3.7500000000000000E-01   3.7500000000000000E-01   3.7500000000000000E-01
 3.7500000000000000E-01   3.7500000000000000E-01   3.7500000000000000E-01   3.7500000000000000E-01   3.7500000000000000E-01   3.7500000000000000E-01   3.7500000000000000E-01   4.0000000000000002E-01   4.0000000000000002E-01   4.0000000000000002E-01   4.0000000000000002E-01
 4.0000000000000002E-01   4.0000000000000002E-01   4.0000000000000002E-01   4.0000000000000002E-01   4.0000000000000002E-01   4.0000000000000002E-01   4.0000000000000002E-01   4.0000000000000002E-01   4.0000000000000002E-01   4.0000000000000002E-01   4.0000000000000002E-01
 4.0000000000000002E-01   4.0000000000000002E-01   4.0000000000000002E-01   4.0000000000000002E-01   4.0000000000000002E-01   4.0000000000000002E-01   4.0000000000000002E-01   4.0000000000000002E-01   4.0000000000000002E-01   4.0000000000000002E-01   4.0000000000000002E-01
 4.0000000000000002E-01   4.0000000000000002E-01   4.0000000000000002E-01   4.0000000000000002E-01   4.0000000000000002E-01   4.0000000000000002E-01   4.0000000000000002E-01   4.0000000000000002E-01   4.0000000000000002E-01   4.0000000000000002E-01   4.0000000000000002E-01
 4.0000000000000002E-01   4.0000000000000002E-01   4.0000000000000002E-01   4.0000000000000002E-01   4.2500000000000004E-01   4.2500000000000004E-01   4.2500000000000004E-01   4.2500000000000004E-01   4.2500000000000004E-01   4.2500000000000004E-01   4.2500000000000004E-01
 4.2500000000000004E-01   4.2500000000000004E-01   4.2500000000000004E-01   4.2500000000000004E-01   4.2500000000000004E-01   4.2500000000000004E-01   4.2500000000000004E-01   4.2500000000000004E-01   4.2500000000000004E-01   4.2500000000000004E-01   4.2500000000000004E-01
 4.2500000000000004E-01   4.2500000000000004E-01   4.2500000000000004E-01   4.2500000000000004E-01   4.2500000000000004E-01   4.2500000000000004E-01   4.2500000000000004E-01   4.2500000000000004E-01   4.2500000000000004E-01   4.2500000000000004E-01   4.2500000000000004E-01
 4.2500000000000004E-01   4.2500000000000004E-01   4.2500000000000004E-01   4.2500000000000004E-01   4.2500000000000004E-01   4.2500000000000004E-01   4.2500000000000004E-01   4.2500000000000004E-01   4.2500000000000004E-01   4.2500000000000004E-01   4.2500000000000004E-01
 4.2500000000000004E-01   4.5000000000000001E-01   4.5000000000000001E-01   4.5000000000000001E-01   4.5000000000000001E-01   4.5000000000000001E-01   4.5000000000000001E-01   4.5000000000000001E-01   4.5000000000000001E-01   4.5000000000000001E-01   4.5000000000000001E-01
 4.5000000000000001E-01   4.5000000000000001E-01   4.5000000000000001E-01   4.5000000000000001E-01   4.5000000000000001E-01   4.5000000000000001E-01   4.5000000000000001E-01   4.5000000000000001E-01   4.5000000000000001E-01   4.5000000000000001E-01   4.5000000000000001E-01
 4.5000000000000001E-01   4.5000000000000001E-01   4.5000000000000001E-01   4.5000000000000001E-01   4.5000000000000001E-01   4.5000000000000001E-01   4.5000000000000001E-01   4.5000000000000001E-01   4.5000000000000001E-01   4.5000000000000001E-01   4.5000000000000001E-01
 4.5000000000000001E-01   4.5000000000000001E-01   4.5000000000000001E-01   4.5000000000000001E-01   4.5000000000000001E-01   4.5000000000000001E-01   4.5000000000000001E-01   4.5000000000000001E-01   4.5000000000000001E-01   4.7500000000000003E-01   4.7500000000000003E-01
 4.7500000000000003E-01   4.7500000000000003E-01   4.7500000000000003E-01   4.7500000000000003E-01   4.7500000000000003E-01   4.7500000000000003E-01   4.7500000000000003E-01   4.7500000000000003E-01   4.7500000000000003E-01   4.7500000000000003E-01   4.7500000000000003E-01
 4.7500000000000003E-01   4.7500000000000003E-01   4.7500000000000003E-01   4.7500000000000003E-01   4.7500000000000003E-01   4.7500000000000003E-01   4.7500000000000003E-01   4.7500000000000003E-01   4.7500000000000003E-01   4.7500000000000003E-01   4.7500000000000003E-01
 4.7500000000000003E-01   4.7500000000000003E-01   4.7500000000000003E-01   4.7500000000000003E-01   4.7500000000000003E-01   4.7500000000000003E-01   4.7500000000000003E-01   4.7500000000000003E-01   4.7500000000000003E-01   4.7500000000000003E-01   4.7500000000000003E-01
 4.7500000000000003E-01   4.7500000000000003E-01   4.7500000000000003E-01   4.7500000000000003E-01   4.7500000000000003E-01   4.7500000000000003E-01   5.0000000000000000E-01   5.0000000000000000E-01   5.0000000000000000E-01   5.0000000000000000E-01   5.0000000000000000E-01
 5.0000000000000000E-01   5.0000000000000000E-01   5.0000000000000000E-01   5.0000000000000000E-01   5.0000000000000000E-01   5.0000000000000000E-01   5.0000000000000000E-01   5.0000000000000000E-01   5.0000000000000000E-01   5.0000000000000000E-01   5.0000000000000000E-01
 5.0000000000000000E-01   5.0000000000000000E-01   5.0000000000000000E-01   5.0000000000000000E-01   5.0000000000000000E-01   5.0000000000000000E-01   5.0000000000000000E-01   5.0000000000000000E-01   5.0000000000000000E-01   5.0000000000000000E-01   5.0000000000000000E-01
 5.0000000000000000E-01   5.0000000000000000E-01   5.0000000000000000E-01   5.0000000000000000E-01   5.0000000000000000E-01   5.0000000000000000E-01   5.0000000000000000E-01   5.0000000000000000E-01   5.0000000000000000E-01   5.0000000000000000E-01   5.0000000000000000E-01
 5.0000000000000000E-01   5.0000000000000000E-01   5.0000000000000000E-01   5.2500000000000002E-01   5.2500000000000002E-01   5.2500000000000002E-01   5.2500000000000002E-01   5.2500000000000002E-01   5.2500000000000002E-01   5.2500000000000002E-01   5.2500000000000002E-01
 5.2500000000000002E-01   5.2500000000000002E-01   5.2500000000000002E-01   5.2500000000000002E-01   5.2500000000000002E-01   5.2500000000000002E-01   5.2500000000000002E-01   5.2500000000000002E-01   5.2500000000000002E-01   5.2500000000000002E-01   5.2500000000000002E-01
 5.2500000000000002E-01   5.2500000000000002E-01   5.2500000000000002E-01   5.2500000000000002E-01   5.2500000000000002E-01   5.2500000000000002E-01   5.2500000000000002E-01   5.2500000000000002E-01   5.2500000000000002E-01   5.2500000000000002E-01   5.2500000000000002E-01
 5.2500000000000002E-01   5.2500000000000002E-01   5.2500000000000002E-01   5.2500000000000002E-01   5.2500000000000002E-01   5.2500000000000002E-01   5.2500000000000002E-01   5.2500000000000002E-01   5.2500000000000002E-01   5.2500000000000002E-01   5.2500000000000002E-01
 5.5000000000000004E-01   5.5000000000000004E-01   5.5000000000000004E-01   5.5000000000000004E-01   5.5000000000000004E-01   5.5000000000000004E-01   5.5000000000000004E-01   5.5000000000000004E-01   5.5000000000000004E-01   5.5000000000000004E-01   5.5000000000000004E-01
 5.5000000000000004E-01   5.5000000000000004E-01   5.5000000000000004E-01   5.5000000000000004E-01   5.5000000000000004E-01   5.5000000000000004E-01   5.5000000000000004E-01   5.5000000000000004E-01   5.5000000000000004E-01   5.5000000000000004E-01   5.5000000000000004E-01
 5.5000000000000004E-01   5.5000000000000004E-01   5.5000000000000004E-01   5.5000000000000004E-01   5.5000000000000004E-01   5.5000000000000004E-01   5.5000000000000004E-01   5.5000000000000004E-01   5.5000000000000004E-01   5.5000000000000004E-01   5.5000000000000004E-01
 5.5000000000000004E-01   5.5000000000000004E-01   5.5000000000000004E-01   5.5000000000000004E-01   5.5000000000000004E-01   5.5000000000000004E-01   5.5000000000000004E-01   5.5000000000000004E-01   5.7500000000000007E-01   5.7500000000000007E-01   5.7500000000000007E-01
 5.7500000000000007E-01   5.7500000000000007E-01   5.7500000000000007E-01   5.7500000000000007E-01   5.7500000000000007E-01   5.7500000000000007E-01   5.7500000000000007E-01   5.7500000000000007E-01   5.7500000000000007E-01   5.7500000000000007E-01   5.7500000000000007E-01
 5.7500000000000007E-01   5.7500000000000007E-01   5.7500000000000007E-01   5.7500000000000007E-01   5.7500000000000007E-01   5.7500000000000007E-01   5.7500000000000007E-01   5.7500000000000007E-01   5.7500000000000007E-01   5.7500000000000007E-01   5.7500000000000007E-01
 5.7500000000000007E-01   5.7500000000000007E-01   5.7500000000000007E-01   5.7500000000000007E-01   5.7500000000000007E-01   5.7500000000000007E-01   5.7500000000000007E-01   5.7500000000000007E-01   5.7500000000000007E-01   5.7500000000000007E-01   5.7500000000000007E-01
 5.7500000000000007E-01   5.7500000000000007E-01   5.7500000000000007E-01   5.7500000000000007E-01   5.7500000000000007E-01   6.0000000000000009E-01   6.0000000000000009E-01   6.0000000000000009E-01   6.0000000000000009E-01   6.0000000000000009E-01   6.0000000000000009E-01
 6.0000000000000009E-01   6.0000000000000009E-01   6.0000000000000009E-01   6.0000000000000009E-01   6.0000000000000009E-01   6.0000000000000009E-01   6.0000000000000009E-01   6.0000000000000009E-01   6.0000000000000009E-01   6.0000000000000009E-01   6.0000000000000009E-01
 6.0000000000000009E-01   6.0000000000000009E-01   6.0000000000000009E-01   6.0000000000000009E-01   6.0000000000000009E-01   6.0000000000000009E-01   6.0000000000000009E-01   6.0000000000000009E-01   6.0000000000000009E-01   6.0000000000000009E-01   6.0000000000000009E-01
 6.0000000000000009E-01   6.0000000000000009E-01   6.0000000000000009E-01   6.0000000000000009E-01   6.0000000000000009E-01   6.0000000000000009E-01   6.0000000000000009E-01   6.0000000000000009E-01   6.0000000000000009E-01   6.0000000000000009E-01   6.0000000000000009E-01
 6.0000000000000009E-01   6.0000000000000009E-01   6.2500000000000000E-01   6.2500000000000000E-01   6.2500000000000000E-01   6.2500000000000000E-01   6.2500000000000000E-01   6.2500000000000000E-01   6.2500000000000000E-01   6.2500000000000000E-01   6.2500000000000000E-01
 6.2500000000000000E-01   6.2500000000000000E-01   6.2500000000000000E-01   6.2500000000000000E-01   6.2500000000000000E-01   6.2500000000000000E-01   6.2500000000000000E-01   6.2500000000000000E-01   6.2500000000000000E-01   6.2500000000000000E-01   6.2500000000000000E-01
 6.2500000000000000E-01   6.2500000000000000E-01   6.2500000000000000E-01   6.2500000000000000E-01   6.2500000000000000E-01   6.2500000000000000E-01   6.2500000000000000E-01   6.2500000000000000E-01   6.2500000000000000E-01   6.2500000000000000E-01   6.2500000000000000E-01
 6.2500000000000000E-01   6.2500000000000000E-01   6.2500000000000000E-01   6.2500000000000000E-01   6.2500000000000000E-01   6.2500000000000000E-01   6.2500000000000000E-01   6.2500000000000000E-01   6.2500000000000000E-01   6.2500000000000000E-01   6.5000000000000002E-01
 6.5000000000000002E-01   6.5000000000000002E-01   6.5000000000000002E-01   6.5000000000000002E-01   6.5000000000000002E-01   6.5000000000000002E-01   6.5000000000000002E-01   6.5000000000000002E-01   6.5000000000000002E-01   6.5000000000000002E-01   6.5000000000000002E-01
 6.5000000000000002E-01   6.5000000000000002E-01   6.5000000000000002E-01   6.5000000000000002E-01   6.5000000000000002E-01   6.5000000000000002E-01   6.5000000000000002E-01   6.5000000000000002E-01   6.5000000000000002E-01   6.5000000000000002E-01   6.5000000000000002E-01
 6.5000000000000002E-01   6.5000000000000002E-01   6.5000000000000002E-01   6.5000000000000002E-01   6.5000000000000002E-01   6.5000000000000002E-01   6.5000000000000002E-01   6.5000000000000002E-01   6.5000000000000002E-01   6.5000000000000002E-01   6.5000000000000002E-01
 6.5000000000000002E-01   6.5000000000000002E-01   6.5000000000000002E-01   6.5000000000000002E-01   6.5000000000000002E-01   6.5000000000000002E-01   6.5000000000000002E-01   6.7500000000000004E-01   6.7500000000000004E-01   6.7500000000000004E-01   6.7500000000000004E-01
 6.7500000000000004E-01   6.7500000000000004E-01   6.7500000000000004E-01   6.7500000000000004E-01   6.7500000000000004E-01   6.7500000000000004E-01   6.7500000000000004E-01   6.7500000000000004E-01   6.7500000000000004E-01   6.7500000000000004E-01   6.7500000000000004E-01
 6.7500000000000004E-01   6.7500000000000004E-01   6.7500000000000004E-01   6.7500000000000004E-01   6.7500000000000004E-01   6.7500000000000004E-01   6.7500000000000004E-01   6.7500000000000004E-01   6.7500000000000004E-01   6.7500000000000004E-01   6.7500000000000004E-01
 6.7500000000000004E-01   6.7500000000000004E-01   6.7500000000000004E-01   6.7500000000000004E-01   6.7500000000000004E-01   6.7500000000000004E-01   6.7500000000000004E-01   6.7500000000000004E-01   6.7500000000000004E-01   6.7500000000000004E-01   6.7500000000000004E-01
 6.7500000000000004E-01   6.7500000000000004E-01   6.7500000000000004E-01   6.7500000000000004E-01   7.0000000000000007E-01   7.0000000000000007E-01   7.0000000000000007E-01   7.0000000000000007E-01   7.0000000000000007E-01   7.0000000000000007E-01   7.0000000000000007E-01
 7.0000000000000007E-01   7.0000000000000007E-01   7.0000000000000007E-01   7.0000000000000007E-01   7.0000000000000007E-01   7.0000000000000007E-01   7.0000000000000007E-01   7.0000000000000007E-01   7.0000000000000007E-01   7.0000000000000007E-01   7.0000000000000007E-01
 7.0000000000000007E-01   7.0000000000000007E-01   7.0000000000000007E-01   7.0000000000000007E-01   7.0000000000000007E-01   7.0000000000000007E-01   7.0000000000000007E-01   7.0000000000000007E-01   7.0000000000000007E-01   7.0000000000000007E-01   7.0000000000000007E-01
 7.0000000000000007E-01   7.0000000000000007E-01   7.0000000000000007E-01   7.0000000000000007E-01   7.0000000000000007E-01   7.0000000000000007E-01   7.0000000000000007E-01   7.0000000000000007E-01   7.0000000000000007E-01   7.0000000000000007E-01   7.0000000000000007E-01
 7.0000000000000007E-01   7.2500000000000009E-01   7.2500000000000009E-01   7.2500000000000009E-01   7.2500000000000009E-01   7.2500000000000009E-01   7.2500000000000009E-01   7.2500000000000009E-01   7.2500000000000009E-01   7.2500000000000009E-01   7.2500000000000009E-01
 7.2500000000000009E-01   7.2500000000000009E-01   7.2500000000000009E-01   7.2500000000000009E-01   7.2500000000000009E-01   7.2500000000000009E-01   7.2500000000000009E-01   7.2500000000000009E-01   7.2500000000000009E-01   7.2500000000000009E-01   7.2500000000000009E-01
 7.2500000000000009E-01   7.2500000000000009E-01   7.2500000000000009E-01   7.2500000000000009E-01   7.2500000000000009E-01   7.2500000000000009E-01   7.2500000000000009E-01   7.2500000000000009E-01   7.2500000000000009E-01   7.2500000000000009E-01   7.2500000000000009E-01
 7.2500000000000009E-01   7.2500000000000009E-01   7.2500000000000009E-01   7.2500000000000009E-01   7.2500000000000009E-01   7.2500000000000009E-01   7.2500000000000009E-01   7.2500000000000009E-01   7.2500000000000009E-01   7.5000000000000000E-01   7.5000000000000000E-01
 7.5000000000000000E-01   7.5000000000000000E-01   7.5000000000000000E-01   7.5000000000000000E-01   7.5000000000000000E-01   7.5000000000000000E-01   7.5000000000000000E-01   7.5000000000000000E-01   7.5000000000000000E-01   7.5000000000000000E-01   7.5000000000000000E-01
 7.5000000000000000E-01   7.5000000000000000E-01   7.5000000000000000E-01   7.5000000000000000E-01   7.5000000000000000E-01   7.5000000000000000E-01   7.5000000000000000E-01   7.5000000000000000E-01   7.5000000000000000E-01   7.5000000000000000E-01   7.5000000000000000E-01
 7.5000000000000000E-01   7.5000000000000000E-01   7.5000000000000000E-01   7.5000000000000000E-01   7.5000000000000000E-01   7.5000000000000000E-01   7.5000000000000000E-01   7.5000000000000000E-01   7.5000000000000000E-01   7.5000000000000000E-01   7.5000000000000000E-01
 7.5000000000000000E-01   7.5000000000000000E-01   7.5000000000000000E-01   7.5000000000000000E-01   7.5000000000000000E-01   7.5000000000000000E-01   7.7500000000000002E-01   7.7500000000000002E-01   7.7500000000000002E-01   7.7500000000000002E-01   7.7500000000000002E-01
 7.7500000000000002E-01   7.7500000000000002E-01   7.7500000000000002E-01   7.7500000000000002E-01   7.7500000000000002E-01   7.7500000000000002E-01   7.7500000000000002E-01   7.7500000000000002E-01   7.7500000000000002E-01   7.7500000000000002E-01   7.7500000000000002E-01
 7.7500000000000002E-01   7.7500000000000002E-01   7.7500000000000002E-01   7.7500000000000002E-01   7.7500000000000002E-01   7.7500000000000002E-01   7.7500000000000002E-01   7.7500000000000002E-01   7.7500000000000002E-01   7.7500000000000002E-01   7.7500000000000002E-01
 7.7500000000000002E-01   7.7500000000000002E-01   7.7500000000000002E-01   7.7500000000000002E-01   7.7500000000000002E-01   7.7500000000000002E-01   7.7500000000000002E-01   7.7500000000000002E-01   7.7500000000000002E-01   7.7500000000000002E-01   7.7500000000000002E-01
 7.7500000000000002E-01   7.7500000000000002E-01   7.7500000000000002E-01   8.0000000000000004E-01   8.0000000000000004E-01   8.0000000000000004E-01   8.0000000000000004E-01   8.0000000000000004E-01   8.0000000000000004E-01   8.0000000000000004E-01   8.0000000000000004E-01
 8.0000000000000004E-01   8.0000000000000004E-01   8.0000000000000004E-01   8.0000000000000004E-01   8.0000000000000004E-01   8.0000000000000004E-01   8.0000000000000004E-01   8.0000000000000004E-01   8.0000000000000004E-01   8.0000000000000004E-01   8.0000000000000004E-01
 8.0000000000000004E-01   8.0000000000000004E-01   8.0000000000000004E-01   8.0000000000000004E-01   8.0000000000000004E-01   8.0000000000000004E-01   8.0000000000000004E-01   8.0000000000000004E-01   8.0000000000000004E-01   8.0000000000000004E-01   8.0000000000000004E-01
 8.0000000000000004E-01   8.0000000000000004E-01   8.0000000000000004E-01   8.0000000000000004E-01   8.0000000000000004E-01   8.0000000000000004E-01   8.0000000000000004E-01   8.0000000000000004E-01   8.0000000000000004E-01   8.0000000000000004E-01   8.0000000000000004E-01
 8.2500000000000007E-01   8.2500000000000007E-01   8.2500000000000007E-01   8.2500000000000007E-01   8.2500000000000007E-01   8.2500000000000007E-01   8.2500000000000007E-01   8.2500000000000007E-01   8.2500000000000007E-01   8.2500000000000007E-01   8.2500000000000007E-01
 8.2500000000000007E-01   8.2500000000000007E-01   8.2500000000000007E-01   8.2500000000000007E-01   8.2500000000000007E-01   8.2500000000000007E-01   8.2500000000000007E-01   8.2500000000000007E-01   8.2500000000000007E-01   8.2500000000000007E-01   8.2500000000000007E-01
 8.2500000000000007E-01   8.2500000000000007E-01   8.2500000000000007E-01   8.2500000000000007E-01   8.2500000000000007E-01   8.2500000000000007E-01   8.2500000000000007E-01   8.2500000000000007E-01   8.2500000000000007E-01   8.2500000000000007E-01   8.2500000000000007E-01
 8.2500000000000007E-01   8.2500000000000007E-01   8.2500000000000007E-01   8.2500000000000007E-01   8.2500000000000007E-01   8.2500000000000007E-01   8.2500000000000007E-01   8.2500000000000007E-01   8.5000000000000009E-01   8.5000000000000009E-01   8.5000000000000009E-01
 8.5000000000000009E-01   8.5000000000000009E-01   8.5000000000000009E-01   8.5000000000000009E-01   8.5000000000000009E-01   8.5000000000000009E-01   8.5000000000000009E-01   8.5000000000000009E-01   8.5000000000000009E-01   8.5000000000000009E-01   8.5000000000000009E-01
 8.5000000000000009E-01   8.5000000000000009E-01   8.5000000000000009E-01   8.5000000000000009E-01   8.5000000000000009E-01   8.5000000000000009E-01   8.5000000000000009E-01   8.5000000000000009E-01   8.5000000000000009E-01   8.5000000000000009E-01   8.5000000000000009E-01
 8.5000000000000009E-01   8.5000000000000009E-01   8.5000000000000009E-01   8.5000000000000009E-01   8.5000000000000009E-01   8.5000000000000009E-01   8.5000000000000009E-01   8.5000000000000009E-01   8.5000000000000009E-01   8.5000000000000009E-01   8.5000000000000009E-01
 8.5000000000000009E-01   8.5000000000000009E-01   8.5000000000000009E-01   8.5000000000000009E-01   8.5000000000000009E-01   8.7500000000000000E-01   8.7500000000000000E-01   8.7500000000000000E-01   8.7500000000000000E-01   8.7500000000000000E-01   8.7500000000000000E-01
 8.7500000000000000E-01   8.7500000000000000E-01   8.7500000000000000E-01   8.7500000000000000E-01   8.7500000000000000E-01   8.7500000000000000E-01   8.7500000000000000E-01   8.7500000000000000E-01   8.7500000000000000E-01   8.7500000000000000E-01   8.7500000000000000E-01
 8.7500000000000000E-01   8.7500000000000000E-01   8.7500000000000000E-01   8.7500000000000000E-01   8.7500000000000000E-01   8.7500000000000000E-01   8.7500000000000000E-01   8.7500000000000000E-01   8.7500000000000000E-01   8.7500000000000000E-01   8.7500000000000000E-01
 8.7500000000000000E-01   8.7500000000000000E-01   8.7500000000000000E-01   8.7500000000000000E-01   8.7500000000000000E-01   8.7500000000000000E-01   8.7500000000000000E-01   8.7500000000000000E-01   8.7500000000000000E-01   8.7500000000000000E-01   8.7500000000000000E-01
 8.7500000000000000E-01   8.7500000000000000E-01   9.0000000000000002E-01   9.0000000000000002E-01   9.0000000000000002E-01   9.0000000000000002E-01   9.0000000000000002E-01   9.0000000000000002E-01   9.0000000000000002E-01   9.0000000000000002E-01   9.0000000000000002E-01
 9.0000000000000002E-01   9.0000000000000002E-01   9.0000000000000002E-01   9.0000000000000002E-01   9.0000000000000002E-01   9.0000000000000002E-01   9.0000000000000002E-01   9.0000000000000002E-01   9.0000000000000002E-01   9.0000000000000002E-01   9.0000000000000002E-01
 9.0000000000000002E-01   9.0000000000000002E-01   9.0000000000000002E-01   9.0000000000000002E-01   9.0000000000000002E-01   9.0000000000000002E-01   9.0000000000000002E-01   9.0000000000000002E-01   9.0000000000000002E-01   9.0000000000000002E-01   9.0000000000000002E-01
 9.0000000000000002E-01   9.0000000000000002E-01   9.0000000000000002E-01   9.0000000000000002E-01   9.0000000000000002E-01   9.0000000000000002E-01   9.0000000000000002E-01   9.0000000000000002E-01   9.0000000000000002E-01   9.0000000000000002E-01   9.2500000000000004E-01
 9.2500000000000004E-01   9.2500000000000004E-01   9.2500000000000004E-01   9.2500000000000004E-01   9.2500000000000004E-01   9.2500000000000004E-01   9.2500000000000004E-01   9.2500000000000004E-01   9.2500000000000004E-01   9.2500000000000004E-01   9.2500000000000004E-01
 9.2500000000000004E-01   9.2500000000000004E-01   9.2500000000000004E-01   9.2500000000000004E-01   9.2500000000000004E-01   9.2500000000000004E-01   9.2500000000000004E-01   9.2500000000000004E-01   9.2500000000000004E-01   9.2500000000000004E-01   9.2500000000000004E-01
 9.2500000000000004E-01   9.2500000000000004E-01   9.2500000000000004E-01   9.2500000000000004E-01   9.2500000000000004E-01   9.2500000000000004E-01   9.2500000000000004E-01   9.2500000000000004E-01   9.2500000000000004E-01   9.2500000000000004E-01   9.2500000000000004E-01
 9.2500000000000004E-01   9.2500000000000004E-01   9.2500000000000004E-01   9.2500000000000004E-01   9.2500000000000004E-01   9.2500000000000004E-01   9.2500000000000004E-01   9.5000000000000007E-01   9.5000000000000007E-01   9.5000000000000007E-01   9.5000000000000007E-01
 9.5000000000000007E-01   9.5000000000000007E-01   9.5000000000000007E-01   9.5000000000000007E-01   9.5000000000000007E-01   9.5000000000000007E-01   9.5000000000000007E-01   9.5000000000000007E-01   9.5000000000000007E-01   9.5000000000000007E-01   9.5000000000000007E-01
 9.5000000000000007E-01   9.5000000000000007E-01   9.5000000000000007E-01   9.5000000000000007E-01   9.5000000000000007E-01   9.5000000000000007E-01   9.5000000000000007E-01   9.5000000000000007E-01   9.5000000000000007E-01   9.5000000000000007E-01   9.5000000000000007E-01
 9.5000000000000007E-01   9.5000000000000007E-01   9.5000000000000007E-01   9.5000000000000007E-01   9.5000000000000007E-01   9.5000000000000007E-01   9.5000000000000007E-01   9.5000000000000007E-01   9.5000000000000007E-01   9.5000000000000007E-01   9.5000000000000007E-01
 9.5000000000000007E-01   9.5000000000000007E-01   9.5000000000000007E-01   9.5000000000000007E-01   9.7500000000000009E-01   9.7500000000000009E-01   9.7500000000000009E-01   9.7500000000000009E-01   9.7500000000000009E-01   9.7500000000000009E-01   9.7500000000000009E-01
 9.7500000000000009E-01   9.7500000000000009E-01   9.7500000000000009E-01   9.7500000000000009E-01   9.7500000000000009E-01   9.7500000000000009E-01   9.7500000000000009E-01   9.7500000000000009E-01   9.7500000000000009E-01   9.7500000000000009E-01   9.7500000000000009E-01
 9.7500000000000009E-01   9.7500000000000009E-01   9.7500000000000009E-01   9.7500000000000009E-01   9.7500000000000009E-01   9.7500000000000009E-01   9.7500000000000009E-01   9.7500000000000009E-01   9.7500000000000009E-01   9.7500000000000009E-01   9.7500000000000009E-01
 9.7500000000000009E-01   9.7500000000000009E-01   9.7500000000000009E-01   9.7500000000000009E-01   9.7500000000000009E-01   9.7500000000000009E-01   9.7500000000000009E-01   9.7500000000000009E-01   9.7500000000000009E-01   9.7500000000000009E-01   9.7500000000000009E-01
 9.7500000000000009E-01   1.0000000000000000E+00   1.0000000000000000E+00   1.0000000000000000E+00   1.0000000000000000E+00   1.0000000000000000E+00   1.0000000000000000E+00   1.0000000000000000E+00   1.0000000000000000E+00   1.0000000000000000E+00   1.0000000000000000E+00
 1.0000000000000000E+00   1.0000000000000000E+00   1.0000000000000000E+00   1.0000000000000000E+00   1.0000000000000000E+00   1.0000000000000000E+00   1.0000000000000000E+00   1.0000000000000000E+00   1.0000000000000000E+00   1.0000000000000000E+00   1.0000000000000000E+00
 1.0000000000000000E+00   1.0000000000000000E+00   1.0000000000000000E+00   1.0000000000000000E+00   1.0000000000000000E+00   1.0000000000000000E+00   1.0000000000000000E+00   1.0000000000000000E+00   1.0000000000000000E+00   1.0000000000000000E+00   1.0000000000000000E+00
 1.0000000000000000E+00   1.0000000000000000E+00   1.0000000000000000E+00   1.0000000000000000E+00   1.0000000000000000E+00   1.0000000000000000E+00   1.0000000000000000E+00   1.0000000000000000E+00   1.0000000000000000E+00
 1.0000082191834547E+00   1.0000082191826758E+00   1.0000082191820834E+00   1.0000082191817166E+00   1.0000082191815214E+00   1.0000082191814250E+00   1.0000082191813771E+00   1.0000082191813506E+00   1.0000082191813362E+00   1.0000082191813289E+00   1.0000082191813251E+00
 1.0000082191813271E+00   1.0000082191813333E+00   1.0000082191813442E+00   1.0000082191813557E+00   1.0000082191813702E+00   1.0000082191813844E+00   1.0000082191813977E+00   1.0000082191814093E+00   1.0000082191814195E+00   1.0000082191814277E+00   1.0000082191814332E+00
 1.0000082191814366E+00   1.0000082191814348E+00   1.0000082191814279E+00   1.0000082191814148E+00   1.0000082191813939E+00   1.0000082191813655E+00   1.0000082191813251E+00   1.0000082191812740E+00   1.0000082191812121E+00   1.0000082191811412E+00   1.0000082191810675E+00
 1.0000082191810020E+00   1.0000082191809578E+00   1.0000082191809581E+00   1.0000082191810296E+00   1.0000082191812085E+00   1.0000082191815292E+00   1.0000082191824555E+00   1.0000014073503538E+00   1.0000014073503705E+00   1.0000014073503676E+00   1.0000014073503489E+00
 1.0000014073503174E+00   1.0000014073502772E+00   1.0000014073502299E+00   1.0000014073501815E+00   1.0000014073501338E+00   1.0000014073500896E+00   1.0000014073500481E+00   1.0000014073500134E+00   1.0000014073499821E+00   1.0000014073499552E+00   1.0000014073499355E+00
 1.0000014073499186E+00   1.0000014073499048E+00   1.0000014073498944E+00   1.0000014073498853E+00   1.0000014073498793E+00   1.0000014073498731E+00   1.0000014073498673E+00   1.0000014073498615E+00   1.0000014073498558E+00   1.0000014073498473E+00   1.0000014073498367E+00
 1.0000014073498227E+00   1.0000014073498049E+00   1.0000014073497803E+00   1.0000014073497523E+00   1.0000014073497165E+00   1.0000014073496768E+00   1.0000014073496319E+00   1.0000014073495895E+00   1.0000014073495509E+00   1.0000014073495296E+00   1.0000014073495322E+00
 1.0000014073495707E+00   1.0000014073496555E+00   1.0000014073498980E+00   1.0000000708326622E+00   1.0000000708326653E+00   1.0000000708326684E+00   1.0000000708326668E+00   1.0000000708326602E+00   1.0000000708326506E+00   1.0000000708326389E+00   1.0000000708326267E+00
 1.0000000708326118E+00   1.0000000708325987E+00   1.0000000708325845E+00   1.0000000708325705E+00   1.0000000708325603E+00   1.0000000708325489E+00   1.0000000708325389E+00   1.0000000708325303E+00   1.0000000708325227E+00   1.0000000708325147E+00   1.0000000708325085E+00
 1.0000000708325036E+00   1.0000000708324970E+00   1.0000000708324921E+00   1.0000000708324863E+00   1.0000000708324805E+00   1.0000000708324741E+00   1.0000000708324661E+00   1.0000000708324570E+00   1.0000000708324457E+00   1.0000000708324308E+00   1.0000000708324126E+00
 1.0000000708323906E+00   1.0000000708323660E+00   1.0000000708323402E+00   1.0000000708323120E+00   1.0000000708322878E+00   1.0000000708322692E+00   1.0000000708322641E+00   1.0000000708322760E+00   1.0000000708323118E+00   1.0000000708324304E+00   1.0000000015490405E+00
 1.0000000015490360E+00   1.0000000015490347E+00   1.0000000015490329E+00   1.0000000015490285E+00   1.0000000015490225E+00   1.0000000015490171E+00   1.0000000015490111E+00   1.0000000015490051E+00   1.0000000015489994E+00   1.0000000015489929E+00   1.0000000015489876E+00
 1.0000000015489825E+00   1.0000000015489781E+00   1.0000000015489747E+00   1.0000000015489716E+00   1.0000000015489670E+00   1.0000000015489638E+00   1.0000000015489614E+00   1.0000000015489581E+00   1.0000000015489550E+00   1.0000000015489519E+00   1.0000000015489487E+00
 1.0000000015489454E+00   1.0000000015489401E+00   1.0000000015489368E+00   1.0000000015489305E+00   1.0000000015489230E+00   1.0000000015489130E+00   1.0000000015489017E+00   1.0000000015488897E+00   1.0000000015488730E+00   1.0000000015488557E+00   1.0000000015488382E+00
 1.0000000015488220E+00   1.0000000015488097E+00   1.0000000015488024E+00   1.0000000015488091E+00   1.0000000015488308E+00   1.0000000015489017E+00   1.0000000000631262E+00   1.0000000000631248E+00   1.0000000000631251E+00   1.0000000000631242E+00   1.0000000000631228E+00
 1.0000000000631206E+00   1.0000000000631164E+00   1.0000000000631128E+00   1.0000000000631106E+00   1.0000000000631062E+00   1.0000000000631035E+00   1.0000000000631013E+00   1.0000000000630977E+00   1.0000000000630962E+00   1.0000000000630944E+00   1.0000000000630920E+00
 1.0000000000630902E+00   1.0000000000630886E+00   1.0000000000630880E+00   1.0000000000630864E+00   1.0000000000630846E+00   1.0000000000630827E+00   1.0000000000630802E+00   1.0000000000630784E+00   1.0000000000630758E+00   1.0000000000630724E+00   1.0000000000630687E+00
 1.0000000000630638E+00   1.0000000000630573E+00   1.0000000000630496E+00   1.0000000000630409E+00   1.0000000000630314E+00   1.0000000000630189E+00   1.0000000000630069E+00   1.0000000000629952E+00   1.0000000000629885E+00   1.0000000000629814E+00   1.0000000000629858E+00
 1.0000000000629967E+00   1.0000000000630409E+00   1.0000000000103946E+00   1.0000000000103930E+00   1.0000000000103928E+00   1.0000000000103924E+00   1.0000000000103906E+00   1.0000000000103888E+00   1.0000000000103861E+00   1.0000000000103850E+00   1.0000000000103821E+00
 1.0000000000103806E+00   1.0000000000103790E+00   1.0000000000103775E+00   1.0000000000103761E+00   1.0000000000103746E+00   1.0000000000103739E+00   1.0000000000103733E+00   1.0000000000103724E+00   1.0000000000103713E+00   1.0000000000103701E+00   1.0000000000103695E+00
 1.0000000000103690E+00   1.0000000000103682E+00   1.0000000000103664E+00   1.0000000000103646E+00   1.0000000000103628E+00   1.0000000000103613E+00   1.0000000000103582E+00   1.0000000000103553E+00   1.0000000000103502E+00   1.0000000000103457E+00   1.0000000000103397E+00
 1.0000000000103320E+00   1.0000000000103226E+00   1.0000000000103144E+00   1.0000000000103073E+00   1.0000000000103013E+00   1.0000000000102971E+00   1.0000000000102980E+00   1.0000000000103078E+00   1.0000000000103360E+00   1.0000000000025406E+00   1.0000000000025400E+00
 1.0000000000025402E+00   1.0000000000025395E+00   1.0000000000025386E+00   1.0000000000025375E+00   1.0000000000025360E+00   1.0000000000025349E+00   1.0000000000025335E+00   1.0000000000025331E+00   1.0000000000025322E+00   1.0000000000025302E+00   1.0000000000025291E+00
 1.0000000000025291E+00   1.0000000000025280E+00   1.0000000000025278E+00   1.0000000000025269E+00   1.0000000000025264E+00   1.0000000000025255E+00   1.0000000000025253E+00   1.0000000000025246E+00   1.0000000000025242E+00   1.0000000000025233E+00   1.0000000000025233E+00
 1.0000000000025220E+00   1.0000000000025211E+00   1.0000000000025189E+00   1.0000000000025162E+00   1.0000000000025144E+00   1.0000000000025104E+00   1.0000000000025062E+00   1.0000000000025002E+00   1.0000000000024956E+00   1.0000000000024885E+00   1.0000000000024831E+00
 1.0000000000024785E+00   1.0000000000024765E+00   1.0000000000024765E+00   1.0000000000024831E+00   1.0000000000025020E+00   1.0000000000005966E+00   1.0000000000005951E+00   1.0000000000005957E+00   1.0000000000005946E+00   1.0000000000005940E+00   1.0000000000005929E+00
 1.0000000000005924E+00   1.0000000000005917E+00   1.0000000000005906E+00   1.0000000000005900E+00   1.0000000000005893E+00   1.0000000000005893E+00   1.0000000000005889E+00   1.0000000000005880E+00   1.0000000000005875E+00   1.0000000000005871E+00   1.0000000000005871E+00
 1.0000000000005869E+00   1.0000000000005869E+00   1.0000000000005869E+00   1.0000000000005864E+00   1.0000000000005858E+00   1.0000000000005855E+00   1.0000000000005851E+00   1.0000000000005846E+00   1.0000000000005831E+00   1.0000000000005813E+00   1.0000000000005800E+00
 1.0000000000005786E+00   1.0000000000005747E+00   1.0000000000005727E+00   1.0000000000005682E+00   1.0000000000005649E+00   1.0000000000005602E+00   1.0000000000005560E+00   1.0000000000005536E+00   1.0000000000005513E+00   1.0000000000005518E+00   1.0000000000005549E+00
 1.0000000000005689E+00   1.0000000000001357E+00   1.0000000000001341E+00   1.0000000000001341E+00   1.0000000000001341E+00   1.0000000000001334E+00   1.0000000000001330E+00   1.0000000000001328E+00   1.0000000000001319E+00   1.0000000000001312E+00   1.0000000000001306E+00
 1.0000000000001299E+00   1.0000000000001295E+00   1.0000000000001297E+00   1.0000000000001290E+00   1.0000000000001288E+00   1.0000000000001288E+00   1.0000000000001288E+00   1.0000000000001286E+00   1.0000000000001283E+00   1.0000000000001281E+00   1.0000000000001277E+00
 1.0000000000001283E+00   1.0000000000001277E+00   1.0000000000001277E+00   1.0000000000001266E+00   1.0000000000001257E+00   1.0000000000001246E+00   1.0000000000001235E+00   1.0000000000001223E+00   1.0000000000001208E+00   1.0000000000001179E+00   1.0000000000001152E+00
 1.0000000000001117E+00   1.0000000000001084E+00   1.0000000000001064E+00   1.0000000000001039E+00   1.0000000000001039E+00   1.0000000000001030E+00   1.0000000000001059E+00   1.0000000000001152E+00   1.0000000000000349E+00   1.0000000000000342E+00   1.0000000000000333E+00
 1.0000000000000335E+00   1.0000000000000335E+00   1.0000000000000326E+00   1.0000000000000326E+00   1.0000000000000318E+00   1.0000000000000313E+00   1.0000000000000309E+00   1.0000000000000304E+00   1.0000000000000295E+00   1.0000000000000293E+00   1.0000000000000293E+00
 1.0000000000000291E+00   1.0000000000000293E+00   1.0000000000000289E+00   1.0000000000000291E+00   1.0000000000000289E+00   1.0000000000000289E+00   1.0000000000000289E+00   1.0000000000000282E+00   1.0000000000000280E+00   1.0000000000000280E+00   1.0000000000000275E+00
 1.0000000000000273E+00   1.0000000000000269E+00   1.0000000000000255E+00   1.0000000000000238E+00   1.0000000000000226E+00   1.0000000000000202E+00   1.0000000000000184E+00   1.0000000000000164E+00   1.0000000000000151E+00   1.0000000000000129E+00   1.0000000000000111E+00
 1.0000000000000104E+00   1.0000000000000107E+00   1.0000000000000129E+00   1.0000000000000200E+00   1.0000000000000144E+00   1.0000000000000122E+00   1.0000000000000124E+00   1.0000000000000127E+00   1.0000000000000124E+00   1.0000000000000120E+00   1.0000000000000113E+00
 1.0000000000000109E+00   1.0000000000000100E+00   1.0000000000000095E+00   1.0000000000000091E+00   1.0000000000000087E+00   1.0000000000000082E+00   1.0000000000000082E+00   1.0000000000000082E+00   1.0000000000000080E+00   1.0000000000000078E+00   1.0000000000000078E+00
 1.0000000000000073E+00   1.0000000000000073E+00   1.0000000000000073E+00   1.0000000000000073E+00   1.0000000000000073E+00   1.0000000000000069E+00   1.0000000000000064E+00   1.0000000000000060E+00   1.0000000000000053E+00   1.0000000000000044E+00   1.0000000000000029E+00
 1.0000000000000020E+00   1.0000000000000016E+00   1.0000000000000011E+00   9.9999999999999978E-01   9.9999999999999822E-01   9.9999999999999711E-01   9.9999999999999523E-01   9.9999999999999478E-01   9.9999999999999523E-01   9.9999999999999678E-01   1.0000000000000029E+00
 1.0000000000000082E+00   1.0000000000000073E+00   1.0000000000000071E+00   1.0000000000000075E+00   1.0000000000000075E+00   1.0000000000000069E+00   1.0000000000000062E+00   1.0000000000000062E+00   1.0000000000000056E+00   1.0000000000000049E+00   1.0000000000000049E+00
 1.0000000000000040E+00   1.0000000000000038E+00   1.0000000000000036E+00   1.0000000000000031E+00   1.0000000000000029E+00   1.0000000000000024E+00   1.0000000000000022E+00   1.0000000000000018E+00   1.0000000000000020E+00   1.0000000000000018E+00   1.0000000000000016E+00
 1.0000000000000009E+00   1.0000000000000004E+00   1.0000000000000000E+00   1.0000000000000000E+00   1.0000000000000000E+00   1.0000000000000000E+00   1.0000000000000000E+00   1.0000000000000000E+00   1.0000000000000000E+00   9.9999999999999889E-01   9.9999999999999734E-01
 9.9999999999999634E-01   9.9999999999999567E-01   9.9999999999999500E-01   9.9999999999999467E-01   9.9999999999999512E-01   9.9999999999999534E-01   9.9999999999999989E-01   1.0000000000000069E+00   1.0000000000000058E+00   1.0000000000000056E+00   1.0000000000000053E+00
 1.0000000000000047E+00   1.0000000000000044E+00   1.0000000000000038E+00   1.0000000000000027E+00   1.0000000000000027E+00   1.0000000000000022E+00   1.0000000000000018E+00   1.0000000000000011E+00   1.0000000000000007E+00   1.0000000000000000E+00   1.0000000000000000E+00
 1.0000000000000000E+00   1.0000000000000000E+00   1.0000000000000000E+00   1.0000000000000000E+00   1.0000000000000000E+00   1.0000000000000000E+00   1.0000000000000000E+00   1.0000000000000000E+00   1.0000000000000000E+00   1.0000000000000000E+00   1.0000000000000000E+00
 1.0000000000000000E+00   1.0000000000000000E+00   1.0000000000000000E+00   1.0000000000000000E+00   9.9999999999999978E-01   9.9999999999999878E-01   9.9999999999999789E-01   9.9999999999999678E-01   9.9999999999999589E-01   9.9999999999999489E-01   9.9999999999999523E-01
 9.9999999999999523E-01   9.9999999999999656E-01   9.9999999999999922E-01   1.0000000000000067E+00   1.0000000000000047E+00   1.0000000000000042E+00   1.0000000000000031E+00   1.0000000000000029E+00   1.0000000000000009E+00   1.0000000000000002E+00   1.0000000000000000E+00
 1.0000000000000002E+00   1.0000000000000000E+00   1.0000000000000000E+00   1.0000000000000000E+00   1.0000000000000000E+00   1.0000000000000000E+00   1.0000000000000000E+00   1.0000000000000000E+00   1.0000000000000000E+00   1.0000000000000000E+00   1.0000000000000000E+00
 1.0000000000000000E+00   1.0000000000000000E+00   1.0000000000000000E+00   1.0000000000000000E+00   1.0000000000000000E+00   1.0000000000000000E+00   1.0000000000000000E+00   1.0000000000000000E+00   1.0000000000000000E+00   1.0000000000000000E+00   1.0000000000000000E+00
 1.0000000000000000E+00   9.9999999999999978E-01   9.9999999999999878E-01   9.9999999999999734E-01   9.9999999999999634E-01   9.9999999999999589E-01   9.9999999999999600E-01   9.9999999999999567E-01   9.9999999999999678E-01   9.9999999999999944E-01   1.0000000000000051E+00
 1.0000000000000033E+00   1.0000000000000018E+00   1.0000000000000000E+00   1.0000000000000000E+00   1.0000000000000000E+00   1.0000000000000000E+00   1.0000000000000000E+00   1.0000000000000000E+00   1.0000000000000000E+00   1.0000000000000000E+00   1.0000000000000000E+00
 1.0000000000000000E+00   1.0000000000000000E+00   1.0000000000000000E+00   1.0000000000000000E+00   1.0000000000000000E+00   1.0000000000000000E+00   1.0000000000000000E+00   1.0000000000000000E+00   1.0000000000000000E+00   1.0000000000000000E+00   1.0000000000000000E+00
 1.0000000000000000E+00   1.0000000000000000E+00   1.0000000000000000E+00   1.0000000000000000E+00   1.0000000000000000E+00   1.0000000000000000E+00   1.0000000000000000E+00   1.0000000000000000E+00   1.0000000000000000E+00   9.9999999999999989E-01   9.9999999999999878E-01
 9.9999999999999734E-01   9.9999999999999678E-01   9.9999999999999689E-01   9.9999999999999656E-01   9.9999999999999734E-01   9.9999999999999989E-01   1.0000000000000040E+00   1.0000000000000011E+00   1.0000000000000000E+00   1.0000000000000000E+00   1.0000000000000000E+00
 1.0000000000000000E+00   1.0000000000000000E+00   1.0000000000000000E+00   1.0000000000000000E+00   1.0000000000000000E+00   1.0000000000000000E+00   1.0000000000000000E+00   1.0000000000000000E+00   1.0000000000000000E+00   1.0000000000000000E+00   1.0000000000000000E+00
 1.0000000000000000E+00   1.0000000000000000E+00   1.0000000000000000E+00   1.0000000000000000E+00   1.0000000000000000E+00   1.0000000000000000E+00   1.0000000000000000E+00   1.0000000000000000E+00   1.0000000000000000E+00   1.0000000000000000E+00   1.0000000000000000E+00
 1.0000000000000000E+00   1.0000000000000000E+00   1.0000000000000000E+00   1.0000000000000000E+00   1.0000000000000000E+00   1.0000000000000000E+00   1.0000000000000000E+00   1.0000000000000000E+00   9.9999999999999845E-01   9.9999999999999911E-01   9.9999999999999756E-01
 9.9999999999999734E-01   9.9999999999999989E-01   1.0000000000000022E+00   1.0000000000000000E+00   1.0000000000000000E+00   1.0000000000000000E+00   1.0000000000000000E+00   1.0000000000000000E+00   1.0000000000000000E+00   1.0000000000000000E+00   1.0000000000000000E+00
 1.0000000000000000E+00   1.0000000000000000E+00   1.0000000000000000E+00   1.0000000000000000E+00   1.0000000000000000E+00   1.0000000000000000E+00   1.0000000000000000E+00   1.0000000000000000E+00   1.0000000000000000E+00   1.0000000000000000E+00   1.0000000000000000E+00
 1.0000000000000000E+00   1.0000000000000000E+00   1.0000000000000000E+00   1.0000000000000000E+00   1.0000000000000000E+00   1.0000000000000000E+00   1.0000000000000000E+00   1.0000000000000000E+00   1.0000000000000000E+00   1.0000000000000000E+00   1.0000000000000000E+00
 1.0000000000000000E+00   1.0000000000000000E+00   1.0000000000000000E+00   1.0000000000000000E+00   1.0000000000000000E+00   1.0000000000000000E+00   9.9999999999999878E-01   9.9999999999999833E-01   1.0000000000000000E+00   1.0000000000000000E+00   1.0000000000000000E+00
 1.0000000000000000E+00   1.0000000000000000E+00   1.0000000000000000E+00   1.0000000000000000E+00   1.0000000000000000E+00   1.0000000000000000E+00   1.0000000000000000E+00   1.0000000000000000E+00   1.0000000000000000E+00   1.0000000000000000E+00   1.0000000000000000E+00
 1.0000000000000000E+00   1.0000000000000000E+00   1.0000000000000000E+00   1.0000000000000000E+00   1.0000000000000000E+00   1.0000000000000000E+00   1.0000000000000000E+00   1.0000000000000000E+00   1.0000000000000000E+00   1.0000000000000000E+00   1.0000000000000000E+00
 1.0000000000000000E+00   1.0000000000000000E+00   1.0000000000000000E+00   1.0000000000000000E+00   1.0000000000000000E+00   1.0000000000000000E+00   1.0000000000000000E+00   1.0000000000000000E+00   1.0000000000000000E+00   1.0000000000000000E+00   1.0000000000000000E+00
 1.0000000000000000E+00   1.0000000000000000E+00   1.0000000000000000E+00   9.9999999999999978E-01   1.0000000000000000E+00   1.0000000000000000E+00   1.0000000000000000E+00   1.0000000000000000E+00   1.0000000000000000E+00   1.0000000000000000E+00   1.0000000000000000E+00
 1.0000000000000000E+00   1.0000000000000000E+00   1.0000000000000000E+00   1.0000000000000000E+00   1.0000000000000000E+00   1.0000000000000000E+00   1.0000000000000000E+00   1.0000000000000000E+00   1.0000000000000000E+00   1.0000000000000000E+00   1.0000000000000000E+00
 1.0000000000000000E+00   1.0000000000000000E+00   1.0000000000000000E+00   1.0000000000000000E+00   1.0000000000000000E+00   1.0000000000000000E+00   1.0000000000000000E+00   1.0000000000000000E+00   1.0000000000000000E+00   1.0000000000000000E+00   1.0000000000000000E+00
 1.0000000000000000E+00   1.0000000000000000E+00   1.0000000000000000E+00   1.0000000000000000E+00   1.0000000000000000E+00   1.0000000000000000E+00   1.0000000000000000E+00   1.0000000000000000E+00   1.0000000000000000E+00   1.0000000000000000E+00   1.0000000000000000E+00
 9.9999999999999933E-01   1.0000000000000000E+00   1.0000000000000000E+00   1.0000000000000000E+00   1.0000000000000000E+00   1.0000000000000000E+00   1.0000000000000000E+00   1.0000000000000000E+00   1.0000000000000000E+00   1.0000000000000000E+00   1.0000000000000000E+00
 1.0000000000000000E+00   1.0000000000000000E+00   1.0000000000000000E+00   1.0000000000000000E+00   1.0000000000000000E+00   1.0000000000000000E+00   1.0000000000000000E+00   1.0000000000000000E+00   1.0000000000000000E+00   1.0000000000000000E+00   1.0000000000000000E+00
 1.0000000000000000E+00   1.0000000000000000E+00   1.0000000000000000E+00   1.0000000000000000E+00   1.0000000000000000E+00   1.0000000000000000E+00   1.0000000000000000E+00   1.0000000000000000E+00   1.0000000000000000E+00   1.0000000000000000E+00   1.0000000000000000E+00
 1.0000000000000000E+00   1.0000000000000000E+00   1.0000000000000000E+00   1.0000000000000000E+00   1.0000000000000000E+00   1.0000000000000000E+00   1.0000000000000000E+00   9.9999999999999922E-01   1.0000000000000000E+00   1.0000000000000000E+00   1.0000000000000000E+00
 1.0000000000000000E+00   1.0000000000000000E+00   1.0000000000000000E+00   1.0000000000000000E+00   1.0000000000000000E+00   1.0000000000000000E+00   1.0000000000000000E+00   1.0000000000000000E+00   1.0000000000000000E+00   1.0000000000000000E+00   1.0000000000000000E+00
 1.0000000000000000E+00   1.0000000000000000E+00   1.0000000000000000E+00   1.0000000000000000E+00   1.0000000000000000E+00   1.0000000000000000E+00   1.0000000000000000E+00   1.0000000000000000E+00   1.0000000000000000E+00   1.0000000000000000E+00   1.0000000000000000E+00
 1.0000000000000000E+00   1.0000000000000000E+00   1.0000000000000000E+00   1.0000000000000000E+00   1.0000000000000000E+00   1.0000000000000000E+00   1.0000000000000000E+00   1.0000000000000000E+00   1.0000000000000000E+00   1.0000000000000000E+00   1.0000000000000000E+00
 1.0000000000000000E+00   1.0000000000000000E+00   1.0000000000000000E+00   1.0000000000000000E+00   1.0000000000000000E+00   1.0000000000000000E+00   1.0000000000000000E+00   1.0000000000000000E+00   1.0000000000000000E+00   1.0000000000000000E+00   1.0000000000000000E+00
 1.0000000000000000E+00   1.0000000000000000E+00   1.0000000000000000E+00   1.0000000000000000E+00   1.0000000000000000E+00   1.0000000000000000E+00   1.0000000000000000E+00   1.0000000000000000E+00   1.0000000000000000E+00   1.0000000000000000E+00   1.0000000000000000E+00
 1.0000000000000000E+00   1.0000000000000000E+00   1.0000000000000000E+00   1.0000000000000000E+00   1.0000000000000000E+00   1.0000000000000000E+00   1.0000000000000000E+00   1.0000000000000000E+00   1.0000000000000000E+00   1.0000000000000000E+00   1.0000000000000000E+00
 1.0000000000000000E+00   1.0000000000000000E+00   1.0000000000000000E+00   1.0000000000000000E+00   1.0000000000000000E+00   1.0000000000000000E+00   1.0000000000000000E+00   1.0000000000000000E+00   1.0000000000000000E+00   1.0000000000000000E+00   1.0000000000000000E+00
 1.0000000000000000E+00   1.0000000000000000E+00   1.0000000000000000E+00   1.0000000000000000E+00   1.0000000000000000E+00   1.0000000000000000E+00   1.0000000000000000E+00   1.0000000000000000E+00   1.0000000000000000E+00   1.0000000000000000E+00   1.0000000000000000E+00
 1.0000000000000000E+00   1.0000000000000000E+00   1.0000000000000000E+00   1.0000000000000000E+00   1.0000000000000000E+00   1.0000000000000000E+00   1.0000000000000000E+00   1.0000000000000000E+00   1.0000000000000000E+00   1.0000000000000000E+00   1.0000000000000000E+00
 1.0000000000000000E+00   1.0000000000000000E+00   1.0000000000000000E+00   1.0000000000000000E+00   1.0000000000000000E+00   1.0000000000000000E+00   1.0000000000000000E+00   1.0000000000000000E+00   1.0000000000000000E+00   1.0000000000000000E+00   1.0000000000000000E+00
 1.0000000000000000E+00   1.0000000000000000E+00   1.0000000000000000E+00   1.0000000000000000E+00   1.0000000000000000E+00   1.0000000000000000E+00   1.0000000000000000E+00   1.0000000000000000E+00   1.0000000000000000E+00   1.0000000000000000E+00   1.0000000000000000E+00
 1.0000000000000000E+00   1.0000000000000000E+00   1.0000000000000000E+00   1.0000000000000000E+00   1.0000000000000000E+00   1.0000000000000000E+00   1.0000000000000000E+00   1.0000000000000000E+00   1.0000000000000000E+00   1.0000000000000000E+00   1.0000000000000000E+00
 1.0000000000000000E+00   1.0000000000000000E+00   1.0000000000000000E+00   1.0000000000000000E+00   1.0000000000000000E+00   1.0000000000000000E+00   1.0000000000000000E+00   1.0000000000000000E+00   1.0000000000000000E+00   1.0000000000000000E+00   1.0000000000000000E+00
 1.0000000000000000E+00   1.0000000000000000E+00   1.0000000000000000E+00   1.0000000000000000E+00   1.0000000000000000E+00   1.0000000000000000E+00   1.0000000000000000E+00   1.0000000000000000E+00   1.0000000000000000E+00   1.0000000000000000E+00   1.0000000000000000E+00
 1.0000000000000000E+00   1.0000000000000000E+00   1.0000000000000000E+00   1.0000000000000000E+00   1.0000000000000000E+00   1.0000000000000000E+00   1.0000000000000000E+00   1.0000000000000000E+00   1.0000000000000000E+00   1.0000000000000000E+00   1.0000000000000000E+00
 1.0000000000000000E+00   1.0000000000000000E+00   1.0000000000000000E+00   1.0000000000000000E+00   1.0000000000000000E+00   1.0000000000000000E+00   1.0000000000000000E+00   1.0000000000000000E+00   1.0000000000000000E+00   1.0000000000000000E+00   1.0000000000000000E+00
 1.0000000000000000E+00   1.0000000000000000E+00   1.0000000000000000E+00   1.0000000000000000E+00   1.0000000000000000E+00   1.0000000000000000E+00   1.0000000000000000E+00   1.0000000000000000E+00   1.0000000000000000E+00   1.0000000000000000E+00   1.0000000000000000E+00
 1.0000000000000000E+00   1.0000000000000000E+00   1.0000000000000000E+00   1.0000000000000000E+00   1.0000000000000000E+00   1.0000000000000000E+00   1.0000000000000000E+00   1.0000000000000000E+00   1.0000000000000000E+00   1.0000000000000000E+00   1.0000000000000000E+00
 1.0000000000000000E+00   1.0000000000000000E+00   1.0000000000000000E+00   1.0000000000000000E+00   1.0000000000000000E+00   1.0000000000000000E+00   1.0000000000000000E+00   1.0000000000000000E+00   1.0000000000000000E+00   1.0000000000000000E+00   1.0000000000000000E+00
 1.0000000000000000E+00   1.0000000000000000E+00   1.0000000000000000E+00   1.0000000000000000E+00   1.0000000000000000E+00   1.0000000000000000E+00   1.0000000000000000E+00   1.0000000000000000E+00   1.0000000000000000E+00   1.0000000000000000E+00   1.0000000000000000E+00
 1.0000000000000000E+00   1.0000000000000000E+00   1.0000000000000000E+00   1.0000000000000000E+00   1.0000000000000000E+00   1.0000000000000000E+00   1.0000000000000000E+00   1.0000000000000000E+00   1.0000000000000000E+00   1.0000000000000000E+00   1.0000000000000000E+00
 1.0000000000000000E+00   1.0000000000000000E+00   1.0000000000000000E+00   1.0000000000000000E+00   1.0000000000000000E+00   1.0000000000000000E+00   1.0000000000000000E+00   1.0000000000000000E+00   1.0000000000000000E+00   1.0000000000000000E+00   1.0000000000000000E+00
 1.0000000000000000E+00   1.0000000000000000E+00   1.0000000000000000E+00   1.0000000000000000E+00   1.0000000000000000E+00   1.0000000000000000E+00   1.0000000000000000E+00   1.0000000000000000E+00   1.0000000000000000E+00   1.0000000000000000E+00   1.0000000000000000E+00
 1.0000000000000000E+00   1.0000000000000000E+00   1.0000000000000000E+00   1.0000000000000000E+00   1.0000000000000000E+00   1.0000000000000000E+00   1.0000000000000000E+00   1.0000000000000000E+00   1.0000000000000000E+00   1.0000000000000000E+00   1.0000000000000000E+00
 1.0000000000000000E+00   1.0000000000000000E+00   1.0000000000000000E+00   1.0000000000000000E+00   1.0000000000000000E+00   1.0000000000000000E+00   1.0000000000000000E+00   1.0000000000000000E+00   1.0000000000000000E+00   1.0000000000000000E+00   1.0000000000000000E+00
 1.0000000000000000E+00   1.0000000000000000E+00   1.0000000000000000E+00   1.0000000000000000E+00   1.0000000000000000E+00   1.0000000000000000E+00   1.0000000000000000E+00   1.0000000000000000E+00   1.0000000000000000E+00   1.0000000000000000E+00   1.0000000000000000E+00
 1.0000000000000000E+00   1.0000000000000000E+00   1.0000000000000000E+00   1.0000000000000000E+00   1.0000000000000000E+00   1.0000000000000000E+00   1.0000000000000000E+00   1.0000000000000000E+00   1.0000000000000000E+00   1.0000000000000000E+00   1.0000000000000000E+00
 1.0000000000000000E+00   1.0000000000000000E+00   1.0000000000000000E+00   1.0000000000000000E+00   1.0000000000000000E+00   1.0000000000000000E+00   1.0000000000000000E+00   1.0000000000000000E+00   1.0000000000000000E+00   1.0000000000000000E+00   1.0000000000000000E+00
 1.0000000000000000E+00   1.0000000000000000E+00   1.0000000000000000E+00   1.0000000000000000E+00   1.0000000000000000E+00   1.0000000000000000E+00   1.0000000000000000E+00   1.0000000000000000E+00   1.0000000000000000E+00   1.0000000000000000E+00   1.0000000000000000E+00
 1.0000000000000000E+00   1.0000000000000000E+00   1.0000000000000000E+00   1.0000000000000000E+00   1.0000000000000000E+00   1.0000000000000000E+00   9.9999999999999989E-01   9.9999999999999989E-01   9.9999999999999989E-01   9.9999999999999989E-01   9.9999999999999989E-01
 9.9999999999999989E-01   9.9999999999999989E-01   9.9999999999999989E-01   9.9999999999999978E-01   9.9999999999999989E-01   9.9999999999999989E-01   9.9999999999999978E-01   9.9999999999999978E-01   9.9999999999999978E-01   9.9999999999999978E-01   9.9999999999999978E-01
 9.9999999999999978E-01   9.9999999999999978E-01   9.9999999999999978E-01   9.9999999999999978E-01   9.9999999999999967E-01   9.9999999999999967E-01   9.9999999999999967E-01   9.9999999999999956E-01   9.9999999999999956E-01   9.9999999999999956E-01   9.9999999999999956E-01
 9.9999999999999967E-01   9.9999999999999967E-01   9.9999999999999967E-01   9.9999999999999978E-01   9.9999999999999989E-01   9.9999999999999667E-01   9.9999999999999645E-01   9.9999999999999656E-01   9.9999999999999645E-01   9.9999999999999623E-01   9.9999999999999623E-01
 9.9999999999999611E-01   9.9999999999999623E-01   9.9999999999999634E-01   9.9999999999999611E-01   9.9999999999999623E-01   9.9999999999999623E-01   9.9999999999999611E-01   9.9999999999999611E-01   9.9999999999999611E-01   9.9999999999999611E-01   9.9999999999999611E-01
 9.9999999999999611E-01   9.9999999999999611E-01   9.9999999999999611E-01   9.9999999999999600E-01   9.9999999999999611E-01   9.9999999999999611E-01   9.9999999999999611E-01   9.9999999999999611E-01   9.9999999999999611E-01   9.9999999999999600E-01   9.9999999999999611E-01
 9.9999999999999600E-01   9.9999999999999589E-01   9.9999999999999600E-01   9.9999999999999578E-01   9.9999999999999578E-01   9.9999999999999589E-01   9.9999999999999567E-01   9.9999999999999567E-01   9.9999999999999567E-01   9.9999999999999589E-01   9.9999999999999600E-01
 9.9999999999999611E-01   9.9999999999997535E-01   9.9999999999997524E-01   9.9999999999997524E-01   9.9999999999997524E-01   9.9999999999997513E-01   9.9999999999997513E-01   9.9999999999997524E-01   9.9999999999997513E-01   9.9999999999997502E-01   9.9999999999997513E-01
 9.9999999999997491E-01   9.9999999999997513E-01   9.9999999999997491E-01   9.9999999999997491E-01   9.9999999999997491E-01   9.9999999999997491E-01   9.9999999999997502E-01   9.9999999999997491E-01   9.9999999999997491E-01   9.9999999999997491E-01   9.9999999999997491E-01
 9.9999999999997502E-01   9.9999999999997491E-01   9.9999999999997502E-01   9.9999999999997491E-01   9.9999999999997491E-01   9.9999999999997491E-01   9.9999999999997491E-01   9.9999999999997491E-01   9.9999999999997480E-01   9.9999999999997469E-01   9.9999999999997480E-01
 9.9999999999997458E-01   9.9999999999997446E-01   9.9999999999997446E-01   9.9999999999997424E-01   9.9999999999997435E-01   9.9999999999997435E-01   9.9999999999997446E-01   9.9999999999997502E-01   9.9999999999986244E-01   9.9999999999986244E-01   9.9999999999986244E-01
 9.9999999999986255E-01   9.9999999999986244E-01   9.9999999999986255E-01   9.9999999999986255E-01   9.9999999999986244E-01   9.9999999999986233E-01   9.9999999999986233E-01   9.9999999999986244E-01   9.9999999999986244E-01   9.9999999999986233E-01   9.9999999999986244E-01
 9.9999999999986244E-01   9.9999999999986233E-01   9.9999999999986244E-01   9.9999999999986233E-01   9.9999999999986244E-01   9.9999999999986233E-01   9.9999999999986233E-01   9.9999999999986222E-01   9.9999999999986233E-01   9.9999999999986244E-01   9.9999999999986233E-01
 9.9999999999986233E-01   9.9999999999986211E-01   9.9999999999986211E-01   9.9999999999986233E-01   9.9999999999986211E-01   9.9999999999986211E-01   9.9999999999986200E-01   9.9999999999986189E-01   9.9999999999986200E-01   9.9999999999986200E-01   9.9999999999986178E-01
 9.9999999999986178E-01   9.9999999999986189E-01   9.9999999999986189E-01   9.9999999999986233E-01   9.9999999999931577E-01   9.9999999999931555E-01   9.9999999999931577E-01   9.9999999999931577E-01   9.9999999999931577E-01   9.9999999999931577E-01   9.9999999999931577E-01
 9.9999999999931566E-01   9.9999999999931566E-01   9.9999999999931577E-01   9.9999999999931577E-01   9.9999999999931566E-01   9.9999999999931566E-01   9.9999999999931566E-01   9.9999999999931566E-01   9.9999999999931566E-01   9.9999999999931555E-01   9.9999999999931566E-01
 9.9999999999931566E-01   9.9999999999931577E-01   9.9999999999931566E-01   9.9999999999931577E-01   9.9999999999931566E-01   9.9999999999931555E-01   9.9999999999931566E-01   9.9999999999931566E-01   9.9999999999931555E-01   9.9999999999931566E-01   9.9999999999931555E-01
 9.9999999999931555E-01   9.9999999999931544E-01   9.9999999999931544E-01   9.9999999999931533E-01   9.9999999999931521E-01   9.9999999999931521E-01   9.9999999999931521E-01   9.9999999999931510E-01   9.9999999999931521E-01   9.9999999999931544E-01   9.9999999999931533E-01
 9.9999999999682854E-01   9.9999999999682865E-01   9.9999999999682854E-01   9.9999999999682843E-01   9.9999999999682843E-01   9.9999999999682854E-01   9.9999999999682843E-01   9.9999999999682854E-01   9.9999999999682843E-01   9.9999999999682831E-01   9.9999999999682843E-01
 9.9999999999682843E-01   9.9999999999682831E-01   9.9999999999682831E-01   9.9999999999682843E-01   9.9999999999682831E-01   9.9999999999682831E-01   9.9999999999682831E-01   9.9999999999682831E-01   9.9999999999682843E-01   9.9999999999682843E-01   9.9999999999682831E-01
 9.9999999999682843E-01   9.9999999999682843E-01   9.9999999999682843E-01   9.9999999999682820E-01   9.9999999999682831E-01   9.9999999999682831E-01   9.9999999999682831E-01   9.9999999999682831E-01   9.9999999999682831E-01   9.9999999999682798E-01   9.9999999999682809E-01
 9.9999999999682809E-01   9.9999999999682809E-01   9.9999999999682809E-01   9.9999999999682820E-01   9.9999999999682820E-01   9.9999999999682831E-01   9.9999999999682854E-01   9.9999999998506794E-01   9.9999999998506794E-01   9.9999999998506794E-01   9.9999999998506806E-01
 9.9999999998506806E-01   9.9999999998506794E-01   9.9999999998506794E-01   9.9999999998506794E-01   9.9999999998506794E-01   9.9999999998506794E-01   9.9999999998506794E-01   9.9999999998506794E-01   9.9999999998506794E-01   9.9999999998506794E-01   9.9999999998506794E-01
 9.9999999998506794E-01   9.9999999998506806E-01   9.9999999998506794E-01   9.9999999998506783E-01   9.9999999998506783E-01   9.9999999998506794E-01   9.9999999998506806E-01   9.9999999998506794E-01   9.9999999998506794E-01   9.9999999998506806E-01   9.9999999998506783E-01
 9.9999999998506783E-01   9.9999999998506783E-01   9.9999999998506783E-01   9.9999999998506772E-01   9.9999999998506783E-01   9.9999999998506783E-01   9.9999999998506772E-01   9.9999999998506783E-01   9.9999999998506772E-01   9.9999999998506772E-01   9.9999999998506750E-01
 9.9999999998506750E-01   9.9999999998506739E-01   9.9999999998506772E-01   9.9999999988432853E-01   9.9999999988432831E-01   9.9999999988432819E-01   9.9999999988432831E-01   9.9999999988432819E-01   9.9999999988432819E-01   9.9999999988432819E-01   9.9999999988432819E-01
 9.9999999988432819E-01   9.9999999988432819E-01   9.9999999988432808E-01   9.9999999988432819E-01   9.9999999988432819E-01   9.9999999988432808E-01   9.9999999988432819E-01   9.9999999988432808E-01   9.9999999988432808E-01   9.9999999988432819E-01   9.9999999988432819E-01
 9.9999999988432797E-01   9.9999999988432819E-01   9.9999999988432808E-01   9.9999999988432819E-01   9.9999999988432808E-01   9.9999999988432853E-01   9.9999999988432808E-01   9.9999999988432819E-01   9.9999999988432808E-01   9.9999999988432808E-01   9.9999999988432808E-01
 9.9999999988432808E-01   9.9999999988432808E-01   9.9999999988432786E-01   9.9999999988432786E-01   9.9999999988432797E-01   9.9999999988432786E-01   9.9999999988432797E-01   9.9999999988432753E-01   9.9999999988432753E-01   9.9999999988432764E-01   9.9999999800295969E-01
 9.9999999800295980E-01   9.9999999800295980E-01   9.9999999800295980E-01   9.9999999800295980E-01   9.9999999800295980E-01   9.9999999800295980E-01   9.9999999800295980E-01   9.9999999800295980E-01   9.9999999800295969E-01   9.9999999800295980E-01   9.9999999800295980E-01
 9.9999999800295980E-01   9.9999999800295980E-01   9.9999999800295980E-01   9.9999999800295980E-01   9.9999999800295980E-01   9.9999999800295980E-01   9.9999999800295980E-01   9.9999999800295980E-01   9.9999999800295980E-01   9.9999999800295980E-01   9.9999999800295980E-01
 9.9999999800295980E-01   9.9999999800295980E-01   9.9999999800295980E-01   9.9999999800295980E-01   9.9999999800295980E-01   9.9999999800295980E-01   9.9999999800295980E-01   9.9999999800295980E-01   9.9999999800295969E-01   9.9999999800295969E-01   9.9999999800295958E-01
 9.9999999800295969E-01   9.9999999800295947E-01   9.9999999800295936E-01   9.9999999800295936E-01   9.9999999800295947E-01   9.9999999800295925E-01   9.9999992877714283E-01   9.9999992877714250E-01   9.9999992877714239E-01   9.9999992877714239E-01   9.9999992877714239E-01
 9.9999992877714239E-01   9.9999992877714250E-01   9.9999992877714239E-01   9.9999992877714239E-01   9.9999992877714239E-01   9.9999992877714239E-01   9.9999992877714239E-01   9.9999992877714239E-01   9.9999992877714239E-01   9.9999992877714239E-01   9.9999992877714239E-01
 9.9999992877714239E-01   9.9999992877714239E-01   9.9999992877714250E-01   9.9999992877714239E-01   9.9999992877714250E-01   9.9999992877714239E-01   9.9999992877714239E-01   9.9999992877714250E-01   9.9999992877714239E-01   9.9999992877714239E-01   9.9999992877714239E-01
 9.9999992877714239E-01   9.9999992877714239E-01   9.9999992877714239E-01   9.9999992877714239E-01   9.9999992877714239E-01   9.9999992877714239E-01   9.9999992877714228E-01   9.9999992877714239E-01   9.9999992877714239E-01   9.9999992877714239E-01   9.9999992877714239E-01
 9.9999992877714228E-01   9.9999992877714250E-01   9.9999860012415809E-01   9.9999860012415820E-01   9.9999860012415820E-01   9.9999860012415831E-01   9.9999860012415820E-01   9.9999860012415831E-01   9.9999860012415842E-01   9.9999860012415831E-01   9.9999860012415831E-01
 9.9999860012415831E-01   9.9999860012415820E-01   9.9999860012415831E-01   9.9999860012415809E-01   9.9999860012415820E-01   9.9999860012415809E-01   9.9999860012415820E-01   9.9999860012415820E-01   9.9999860012415798E-01   9.9999860012415809E-01   9.9999860012415809E-01
 9.9999860012415798E-01   9.9999860012415809E-01   9.9999860012415809E-01   9.9999860012415798E-01   9.9999860012415798E-01   9.9999860012415798E-01   9.9999860012415798E-01   9.9999860012415798E-01   9.9999860012415787E-01   9.9999860012415798E-01   9.9999860012415787E-01
 9.9999860012415775E-01   9.9999860012415787E-01   9.9999860012415775E-01   9.9999860012415787E-01   9.9999860012415798E-01   9.9999860012415798E-01   9.9999860012415809E-01   9.9999860012415831E-01   9.9999860012415842E-01   9.9999177424091268E-01   9.9999177424091334E-01
 9.9999177424091346E-01   9.9999177424091423E-01   9.9999177424091457E-01   9.9999177424091490E-01   9.9999177424091512E-01   9.9999177424091523E-01   9.9999177424091523E-01   9.9999177424091534E-01   9.9999177424091523E-01   9.9999177424091523E-01   9.9999177424091534E-01
 9.9999177424091523E-01   9.9999177424091534E-01   9.9999177424091523E-01   9.9999177424091523E-01   9.9999177424091523E-01   9.9999177424091523E-01   9.9999177424091523E-01   9.9999177424091523E-01   9.9999177424091512E-01   9.9999177424091523E-01   9.9999177424091501E-01
 9.9999177424091501E-01   9.9999177424091501E-01   9.9999177424091512E-01   9.9999177424091501E-01   9.9999177424091490E-01   9.9999177424091490E-01   9.9999177424091490E-01   9.9999177424091501E-01   9.9999177424091501E-01   9.9999177424091501E-01   9.9999177424091512E-01
 9.9999177424091545E-01   9.9999177424091545E-01   9.9999177424091557E-01   9.9999177424091579E-01   9.9999177424091623E-01
 1.1874030776979666E-03   1.1874030771900487E-03   1.1874030770330131E-03   1.1874030770544037E-03   1.1874030771560195E-03   1.1874030772764054E-03   1.1874030773836456E-03   1.1874030774719762E-03   1.1874030775400936E-03   1.1874030775954367E-03   1.1874030776429802E-03
 1.1874030776873503E-03   1.1874030777289366E-03   1.1874030777705028E-03   1.1874030778126785E-03   1.1874030778524342E-03   1.1874030778926737E-03   1.1874030779301121E-03   1.1874030779655614E-03   1.1874030780004664E-03   1.1874030780339596E-03   1.1874030780694024E-03
 1.1874030781060959E-03   1.1874030781466815E-03   1.1874030781953272E-03   1.1874030782521615E-03   1.1874030783219104E-03   1.1874030784055367E-03   1.1874030785055691E-03   1.1874030786208057E-03   1.1874030787483922E-03   1.1874030788829285E-03   1.1874030790112223E-03
 1.1874030791160185E-03   1.1874030791743054E-03   1.1874030791585439E-03   1.1874030790372657E-03   1.1874030787784717E-03   1.1874030783570206E-03   1.1874030772922712E-03   1.3006273759254871E-03   1.3006273757240560E-03   1.3006273755993393E-03   1.3006273754949079E-03
 1.3006273754058509E-03   1.3006273753292889E-03   1.3006273752628706E-03   1.3006273752069128E-03   1.3006273751598270E-03   1.3006273751240396E-03   1.3006273750971462E-03   1.3006273750794063E-03   1.3006273750699815E-03   1.3006273750686170E-03   1.3006273750712613E-03
 1.3006273750797795E-03   1.3006273750918826E-03   1.3006273751069301E-03   1.3006273751234123E-03   1.3006273751417928E-03   1.3006273751611564E-03   1.3006273751829211E-03   1.3006273752054862E-03   1.3006273752323549E-03   1.3006273752630723E-03   1.3006273752996747E-03
 1.3006273753427607E-03   1.3006273753953612E-03   1.3006273754565959E-03   1.3006273755290464E-03   1.3006273756112471E-03   1.3006273757007521E-03   1.3006273757934243E-03   1.3006273758823421E-03   1.3006273759603385E-03   1.3006273760132467E-03   1.3006273760334710E-03
 1.3006273760095117E-03   1.3006273759382414E-03   1.3006273757190196E-03   1.3133194220124494E-03   1.3133194219044867E-03   1.3133194218388712E-03   1.3133194217795153E-03   1.3133194217267003E-03   1.3133194216778687E-03   1.3133194216338594E-03   1.3133194215955242E-03
 1.3133194215620373E-03   1.3133194215321389E-03   1.3133194215077903E-03   1.3133194214881530E-03   1.3133194214726425E-03   1.3133194214621888E-03   1.3133194214549619E-03   1.3133194214506195E-03   1.3133194214501685E-03   1.3133194214500232E-03   1.3133194214533632E-03
 1.3133194214588026E-03   1.3133194214649021E-03   1.3133194214736304E-03   1.3133194214843106E-03   1.3133194214969180E-03   1.3133194215135078E-03   1.3133194215330405E-03   1.3133194215568255E-03   1.3133194215871732E-03   1.3133194216223298E-03   1.3133194216653919E-03
 1.3133194217141062E-03   1.3133194217682959E-03   1.3133194218265228E-03   1.3133194218850743E-03   1.3133194219393444E-03   1.3133194219834728E-03   1.3133194220121798E-03   1.3133194220180768E-03   1.3133194220007753E-03   1.3133194219088684E-03   1.3136922621111127E-03
 1.3136922620442927E-03   1.3136922620062973E-03   1.3136922619724285E-03   1.3136922619409218E-03   1.3136922619130570E-03   1.3136922618882489E-03   1.3136922618654269E-03   1.3136922618457430E-03   1.3136922618266723E-03   1.3136922618125798E-03   1.3136922617992331E-03
 1.3136922617893554E-03   1.3136922617805970E-03   1.3136922617744717E-03   1.3136922617694548E-03   1.3136922617669161E-03   1.3136922617645094E-03   1.3136922617646225E-03   1.3136922617651976E-03   1.3136922617670258E-03   1.3136922617699974E-03   1.3136922617747447E-03
 1.3136922617811402E-03   1.3136922617886784E-03   1.3136922617995686E-03   1.3136922618131462E-03   1.3136922618305947E-03   1.3136922618506314E-03   1.3136922618769238E-03   1.3136922619061805E-03   1.3136922619395831E-03   1.3136922619765162E-03   1.3136922620129786E-03
 1.3136922620492486E-03   1.3136922620792238E-03   1.3136922620997562E-03   1.3136922621081607E-03   1.3136922621004869E-03   1.3136922620468549E-03   1.3136970503016539E-03   1.3136970502616303E-03   1.3136970502389466E-03   1.3136970502183141E-03   1.3136970502009722E-03
 1.3136970501838369E-03   1.3136970501684401E-03   1.3136970501541839E-03   1.3136970501410887E-03   1.3136970501301277E-03   1.3136970501193411E-03   1.3136970501117550E-03   1.3136970501037063E-03   1.3136970500975398E-03   1.3136970500921901E-03   1.3136970500883373E-03
 1.3136970500849581E-03   1.3136970500826719E-03   1.3136970500804612E-03   1.3136970500800304E-03   1.3136970500796691E-03   1.3136970500801125E-03   1.3136970500820695E-03   1.3136970500840712E-03   1.3136970500888176E-03   1.3136970500943509E-03   1.3136970501024274E-03
 1.3136970501120993E-03   1.3136970501256471E-03   1.3136970501405150E-03   1.3136970501595527E-03   1.3136970501812400E-03   1.3136970502047201E-03   1.3136970502284574E-03   1.3136970502521457E-03   1.3136970502727161E-03   1.3136970502871826E-03   1.3136970502941924E-03
 1.3136970502915031E-03   1.3136970502590913E-03   1.3136971995455808E-03   1.3136971995186689E-03   1.3136971995046131E-03   1.3136971994911698E-03   1.3136971994793677E-03   1.3136971994682394E-03   1.3136971994584510E-03   1.3136971994491069E-03   1.3136971994405816E-03
 1.3136971994332188E-03   1.3136971994259880E-03   1.3136971994204430E-03   1.3136971994154099E-03   1.3136971994104788E-03   1.3136971994069282E-03   1.3136971994041667E-03   1.3136971994013268E-03   1.3136971993994260E-03   1.3136971993979432E-03   1.3136971993965819E-03
 1.3136971993958141E-03   1.3136971993960240E-03   1.3136971993965429E-03   1.3136971993976823E-03   1.3136971993995099E-03   1.3136971994033751E-03   1.3136971994080157E-03   1.3136971994153522E-03   1.3136971994227977E-03   1.3136971994332630E-03   1.3136971994467642E-03
 1.3136971994609538E-03   1.3136971994765093E-03   1.3136971994932977E-03   1.3136971995097496E-03   1.3136971995238475E-03   1.3136971995345427E-03   1.3136971995393910E-03   1.3136971995380573E-03   1.3136971995167455E-03   1.3136972316835319E-03   1.3136972316661133E-03
 1.3136972316562068E-03   1.3136972316476763E-03   1.3136972316395543E-03   1.3136972316320939E-03   1.3136972316255579E-03   1.3136972316191953E-03   1.3136972316136666E-03   1.3136972316082469E-03   1.3136972316039996E-03   1.3136972315997508E-03   1.3136972315958948E-03
 1.3136972315929034E-03   1.3136972315900561E-03   1.3136972315876045E-03   1.3136972315860094E-03   1.3136972315846388E-03   1.3136972315836459E-03   1.3136972315818648E-03   1.3136972315812979E-03   1.3136972315812283E-03   1.3136972315807404E-03   1.3136972315820753E-03
 1.3136972315834663E-03   1.3136972315851833E-03   1.3136972315882882E-03   1.3136972315923891E-03   1.3136972315978431E-03   1.3136972316053095E-03   1.3136972316136284E-03   1.3136972316238928E-03   1.3136972316346517E-03   1.3136972316460974E-03   1.3136972316578695E-03
 1.3136972316673014E-03   1.3136972316752985E-03   1.3136972316791550E-03   1.3136972316781285E-03   1.3136972316637103E-03   1.3136972392645073E-03   1.3136972392516529E-03   1.3136972392452889E-03   1.3136972392386855E-03   1.3136972392334748E-03   1.3136972392281587E-03
 1.3136972392239874E-03   1.3136972392192316E-03   1.3136972392151520E-03   1.3136972392121082E-03   1.3136972392079848E-03   1.3136972392055024E-03   1.3136972392029966E-03   1.3136972392007427E-03   1.3136972391990585E-03   1.3136972391969380E-03   1.3136972391956405E-03
 1.3136972391944981E-03   1.3136972391937479E-03   1.3136972391930815E-03   1.3136972391918848E-03   1.3136972391920001E-03   1.3136972391919871E-03   1.3136972391915947E-03   1.3136972391926168E-03   1.3136972391937418E-03   1.3136972391959239E-03   1.3136972391990097E-03
 1.3136972392030521E-03   1.3136972392075528E-03   1.3136972392138531E-03   1.3136972392208551E-03   1.3136972392287438E-03   1.3136972392364592E-03   1.3136972392450582E-03   1.3136972392519249E-03   1.3136972392569170E-03   1.3136972392606258E-03   1.3136972392592673E-03
 1.3136972392506210E-03   1.3136972408812563E-03   1.3136972408729526E-03   1.3136972408676634E-03   1.3136972408634292E-03   1.3136972408593938E-03   1.3136972408553471E-03   1.3136972408524675E-03   1.3136972408491986E-03   1.3136972408462888E-03   1.3136972408439849E-03
 1.3136972408413661E-03   1.3136972408394698E-03   1.3136972408372808E-03   1.3136972408353596E-03   1.3136972408344821E-03   1.3136972408329811E-03   1.3136972408322514E-03   1.3136972408314947E-03   1.3136972408303350E-03   1.3136972408297545E-03   1.3136972408291877E-03
 1.3136972408291289E-03   1.3136972408287729E-03   1.3136972408291574E-03   1.3136972408293944E-03   1.3136972408304098E-03   1.3136972408317588E-03   1.3136972408337247E-03   1.3136972408361489E-03   1.3136972408399059E-03   1.3136972408446270E-03   1.3136972408497416E-03
 1.3136972408549935E-03   1.3136972408610279E-03   1.3136972408673254E-03   1.3136972408718582E-03   1.3136972408761183E-03   1.3136972408787290E-03   1.3136972408784239E-03   1.3136972408709434E-03   1.3136972411901548E-03   1.3136972411844840E-03   1.3136972411799015E-03
 1.3136972411772552E-03   1.3136972411740431E-03   1.3136972411713498E-03   1.3136972411689472E-03   1.3136972411666630E-03   1.3136972411647212E-03   1.3136972411623082E-03   1.3136972411606728E-03   1.3136972411593316E-03   1.3136972411576843E-03   1.3136972411565871E-03
 1.3136972411552715E-03   1.3136972411541999E-03   1.3136972411538304E-03   1.3136972411529912E-03   1.3136972411524111E-03   1.3136972411523012E-03   1.3136972411517613E-03   1.3136972411512101E-03   1.3136972411513107E-03   1.3136972411515715E-03   1.3136972411514809E-03
 1.3136972411522054E-03   1.3136972411533017E-03   1.3136972411545468E-03   1.3136972411568505E-03   1.3136972411595547E-03   1.3136972411623849E-03   1.3136972411661573E-03   1.3136972411697233E-03   1.3136972411750211E-03   1.3136972411791510E-03   1.3136972411836813E-03
 1.3136972411864737E-03   1.3136972411881584E-03   1.3136972411878405E-03   1.3136972411835486E-03   1.3136972412410117E-03   1.3136972412356614E-03   1.3136972412328717E-03   1.3136972412308679E-03   1.3136972412285018E-03   1.3136972412265929E-03   1.3136972412243540E-03
 1.3136972412229320E-03   1.3136972412209065E-03   1.3136972412196371E-03   1.3136972412183799E-03   1.3136972412170727E-03   1.3136972412157643E-03   1.3136972412150691E-03   1.3136972412141552E-03   1.3136972412137555E-03   1.3136972412128895E-03   1.3136972412121158E-03
 1.3136972412121763E-03   1.3136972412115294E-03   1.3136972412112900E-03   1.3136972412108258E-03   1.3136972412110450E-03   1.3136972412110509E-03   1.3136972412111116E-03   1.3136972412115437E-03   1.3136972412119675E-03   1.3136972412137195E-03   1.3136972412147226E-03
 1.3136972412170730E-03   1.3136972412196169E-03   1.3136972412218890E-03   1.3136972412253339E-03   1.3136972412289658E-03   1.3136972412322544E-03   1.3136972412349725E-03   1.3136972412379092E-03   1.3136972412391957E-03   1.3136972412385976E-03   1.3136972412356041E-03
 1.3136972412461422E-03   1.3136972412416020E-03   1.3136972412398757E-03   1.3136972412376624E-03   1.3136972412357887E-03   1.3136972412347437E-03   1.3136972412327870E-03   1.3136972412315171E-03   1.3136972412303870E-03   1.3136972412291831E-03   1.3136972412284378E-03
 1.3136972412271519E-03   1.3136972412265012E-03   1.3136972412256362E-03   1.3136972412250241E-03   1.3136972412246312E-03   1.3136972412236810E-03   1.3136972412235493E-03   1.3136972412234355E-03   1.3136972412231579E-03   1.3136972412225085E-03   1.3136972412225486E-03
 1.3136972412221342E-03   1.3136972412225102E-03   1.3136972412224183E-03   1.3136972412230528E-03   1.3136972412236489E-03   1.3136972412245813E-03   1.3136972412256848E-03   1.3136972412269687E-03   1.3136972412286175E-03   1.3136972412308996E-03   1.3136972412339351E-03
 1.3136972412362284E-03   1.3136972412389747E-03   1.3136972412413333E-03   1.3136972412433107E-03   1.3136972412439967E-03   1.3136972412442585E-03   1.3136972412412773E-03   1.3136972412445128E-03   1.3136972412410130E-03   1.3136972412396556E-03   1.3136972412374837E-03
 1.3136972412364984E-03   1.3136972412346947E-03   1.3136972412339089E-03   1.3136972412329010E-03   1.3136972412319896E-03   1.3136972412310941E-03   1.3136972412298770E-03   1.3136972412294665E-03   1.3136972412288539E-03   1.3136972412280915E-03   1.3136972412276309E-03
 1.3136972412271016E-03   1.3136972412267865E-03   1.3136972412261401E-03   1.3136972412258743E-03   1.3136972412261677E-03   1.3136972412257832E-03   1.3136972412258908E-03   1.3136972412253261E-03   1.3136972412254766E-03   1.3136972412255404E-03   1.3136972412258606E-03
 1.3136972412266252E-03   1.3136972412266599E-03   1.3136972412278495E-03   1.3136972412294964E-03   1.3136972412305030E-03   1.3136972412319903E-03   1.3136972412342992E-03   1.3136972412361562E-03   1.3136972412384944E-03   1.3136972412402938E-03   1.3136972412418053E-03
 1.3136972412426862E-03   1.3136972412426419E-03   1.3136972412401502E-03   1.3136972412421855E-03   1.3136972412393681E-03   1.3136972412381273E-03   1.3136972412367595E-03   1.3136972412356633E-03   1.3136972412345540E-03   1.3136972412340117E-03   1.3136972412331968E-03
 1.3136972412321713E-03   1.3136972412312994E-03   1.3136972412307187E-03   1.3136972412300192E-03   1.3136972412294400E-03   1.3136972412291688E-03   1.3136972412287468E-03   1.3136972412283814E-03   1.3136972412278103E-03   1.3136972412276196E-03   1.3136972412274607E-03
 1.3136972412271495E-03   1.3136972412272183E-03   1.3136972412272515E-03   1.3136972412266642E-03   1.3136972412270125E-03   1.3136972412269418E-03   1.3136972412273911E-03   1.3136972412278653E-03   1.3136972412280676E-03   1.3136972412289710E-03   1.3136972412294721E-03
 1.3136972412310581E-03   1.3136972412322210E-03   1.3136972412336706E-03   1.3136972412354933E-03   1.3136972412374334E-03   1.3136972412385632E-03   1.3136972412398293E-03   1.3136972412406912E-03   1.3136972412408120E-03   1.3136972412390010E-03   1.3136972412404755E-03
 1.3136972412381607E-03   1.3136972412372148E-03   1.3136972412358600E-03   1.3136972412351911E-03   1.3136972412344594E-03   1.3136972412338375E-03   1.3136972412329353E-03   1.3136972412322256E-03   1.3136972412316286E-03   1.3136972412310106E-03   1.3136972412305637E-03
 1.3136972412302651E-03   1.3136972412296820E-03   1.3136972412292483E-03   1.3136972412290415E-03   1.3136972412287587E-03   1.3136972412285685E-03   1.3136972412283827E-03   1.3136972412282520E-03   1.3136972412280041E-03   1.3136972412277307E-03   1.3136972412279718E-03
 1.3136972412279315E-03   1.3136972412281342E-03   1.3136972412280507E-03   1.3136972412287372E-03   1.3136972412290898E-03   1.3136972412293804E-03   1.3136972412300916E-03   1.3136972412310453E-03   1.3136972412320115E-03   1.3136972412332328E-03   1.3136972412347192E-03
 1.3136972412361317E-03   1.3136972412376310E-03   1.3136972412382906E-03   1.3136972412392963E-03   1.3136972412392486E-03   1.3136972412373465E-03   1.3136972412390044E-03   1.3136972412372448E-03   1.3136972412364232E-03   1.3136972412353895E-03   1.3136972412347487E-03
 1.3136972412340360E-03   1.3136972412332740E-03   1.3136972412330084E-03   1.3136972412324617E-03   1.3136972412316412E-03   1.3136972412314775E-03   1.3136972412307181E-03   1.3136972412305563E-03   1.3136972412302107E-03   1.3136972412299934E-03   1.3136972412292908E-03
 1.3136972412295413E-03   1.3136972412291482E-03   1.3136972412290707E-03   1.3136972412290226E-03   1.3136972412289302E-03   1.3136972412284332E-03   1.3136972412288608E-03   1.3136972412286568E-03   1.3136972412286837E-03   1.3136972412288025E-03   1.3136972412290111E-03
 1.3136972412292397E-03   1.3136972412299067E-03   1.3136972412306274E-03   1.3136972412310119E-03   1.3136972412320501E-03   1.3136972412328930E-03   1.3136972412341726E-03   1.3136972412354554E-03   1.3136972412363614E-03   1.3136972412373204E-03   1.3136972412379272E-03
 1.3136972412378521E-03   1.3136972412365446E-03   1.3136972412380876E-03   1.3136972412364071E-03   1.3136972412353719E-03   1.3136972412351052E-03   1.3136972412347485E-03   1.3136972412332814E-03   1.3136972412333759E-03   1.3136972412328930E-03   1.3136972412321848E-03
 1.3136972412319244E-03   1.3136972412314935E-03   1.3136972412311747E-03   1.3136972412306626E-03   1.3136972412307233E-03   1.3136972412305227E-03   1.3136972412299687E-03   1.3136972412297961E-03   1.3136972412296482E-03   1.3136972412298067E-03   1.3136972412293136E-03
 1.3136972412293522E-03   1.3136972412292882E-03   1.3136972412291247E-03   1.3136972412294769E-03   1.3136972412294088E-03   1.3136972412294231E-03   1.3136972412293685E-03   1.3136972412298642E-03   1.3136972412301868E-03   1.3136972412304301E-03   1.3136972412312923E-03
 1.3136972412318847E-03   1.3136972412326308E-03   1.3136972412339494E-03   1.3136972412344113E-03   1.3136972412352667E-03   1.3136972412365136E-03   1.3136972412369882E-03   1.3136972412371147E-03   1.3136972412362787E-03   1.3136972412368488E-03   1.3136972412355593E-03
 1.3136972412351412E-03   1.3136972412346785E-03   1.3136972412340383E-03   1.3136972412336066E-03   1.3136972412331309E-03   1.3136972412327416E-03   1.3136972412324715E-03   1.3136972412319382E-03   1.3136972412315219E-03   1.3136972412312229E-03   1.3136972412311522E-03
 1.3136972412308165E-03   1.3136972412306539E-03   1.3136972412304071E-03   1.3136972412303150E-03   1.3136972412301903E-03   1.3136972412301237E-03   1.3136972412298353E-03   1.3136972412297967E-03   1.3136972412296812E-03   1.3136972412294257E-03   1.3136972412297208E-03
 1.3136972412297254E-03   1.3136972412298113E-03   1.3136972412299476E-03   1.3136972412300168E-03   1.3136972412304121E-03   1.3136972412306049E-03   1.3136972412313879E-03   1.3136972412320261E-03   1.3136972412327772E-03   1.3136972412336417E-03   1.3136972412339637E-03
 1.3136972412351993E-03   1.3136972412355163E-03   1.3136972412362347E-03   1.3136972412362874E-03   1.3136972412355018E-03   1.3136972412363898E-03   1.3136972412353340E-03   1.3136972412348586E-03   1.3136972412344057E-03   1.3136972412337725E-03   1.3136972412333857E-03
 1.3136972412331311E-03   1.3136972412325545E-03   1.3136972412323665E-03   1.3136972412319441E-03   1.3136972412317646E-03   1.3136972412313719E-03   1.3136972412312123E-03   1.3136972412311151E-03   1.3136972412308629E-03   1.3136972412307677E-03   1.3136972412304828E-03
 1.3136972412303876E-03   1.3136972412302623E-03   1.3136972412302597E-03   1.3136972412302573E-03   1.3136972412300374E-03   1.3136972412301862E-03   1.3136972412299344E-03   1.3136972412301246E-03   1.3136972412299190E-03   1.3136972412300981E-03   1.3136972412303950E-03
 1.3136972412306476E-03   1.3136972412310080E-03   1.3136972412313198E-03   1.3136972412320636E-03   1.3136972412323541E-03   1.3136972412333265E-03   1.3136972412341481E-03   1.3136972412345763E-03   1.3136972412351915E-03   1.3136972412354753E-03   1.3136972412354977E-03
 1.3136972412348415E-03   1.3136972412357874E-03   1.3136972412348227E-03   1.3136972412342949E-03   1.3136972412342894E-03   1.3136972412338766E-03   1.3136972412331478E-03   1.3136972412330873E-03   1.3136972412326018E-03   1.3136972412323470E-03   1.3136972412320477E-03
 1.3136972412318608E-03   1.3136972412314564E-03   1.3136972412314551E-03   1.3136972412309835E-03   1.3136972412308872E-03   1.3136972412309709E-03   1.3136972412307792E-03   1.3136972412307807E-03   1.3136972412305379E-03   1.3136972412304863E-03   1.3136972412305819E-03
 1.3136972412302894E-03   1.3136972412305596E-03   1.3136972412303126E-03   1.3136972412304336E-03   1.3136972412301623E-03   1.3136972412304952E-03   1.3136972412307662E-03   1.3136972412306806E-03   1.3136972412309393E-03   1.3136972412315802E-03   1.3136972412319072E-03
 1.3136972412326334E-03   1.3136972412329784E-03   1.3136972412334583E-03   1.3136972412341734E-03   1.3136972412346134E-03   1.3136972412348107E-03   1.3136972412349820E-03   1.3136972412347546E-03   1.3136972412351121E-03   1.3136972412348380E-03   1.3136972412343762E-03
 1.3136972412340386E-03   1.3136972412335730E-03   1.3136972412329715E-03   1.3136972412329619E-03   1.3136972412326133E-03   1.3136972412321299E-03   1.3136972412321037E-03   1.3136972412317513E-03   1.3136972412315744E-03   1.3136972412315328E-03   1.3136972412312242E-03
 1.3136972412310607E-03   1.3136972412313155E-03   1.3136972412308857E-03   1.3136972412309698E-03   1.3136972412308369E-03   1.3136972412307146E-03   1.3136972412307274E-03   1.3136972412305804E-03   1.3136972412306368E-03   1.3136972412307430E-03   1.3136972412306890E-03
 1.3136972412305398E-03   1.3136972412306365E-03   1.3136972412307552E-03   1.3136972412312489E-03   1.3136972412312203E-03   1.3136972412313545E-03   1.3136972412318829E-03   1.3136972412325215E-03   1.3136972412329737E-03   1.3136972412332729E-03   1.3136972412339440E-03
 1.3136972412339976E-03   1.3136972412347470E-03   1.3136972412345336E-03   1.3136972412340522E-03   1.3136972412350664E-03   1.3136972412343916E-03   1.3136972412338046E-03   1.3136972412336472E-03   1.3136972412333961E-03   1.3136972412332137E-03   1.3136972412327748E-03
 1.3136972412325311E-03   1.3136972412321922E-03   1.3136972412318940E-03   1.3136972412317064E-03   1.3136972412315867E-03   1.3136972412314664E-03   1.3136972412313287E-03   1.3136972412313174E-03   1.3136972412312895E-03   1.3136972412309213E-03   1.3136972412312823E-03
 1.3136972412308076E-03   1.3136972412309137E-03   1.3136972412307252E-03   1.3136972412309295E-03   1.3136972412309668E-03   1.3136972412305641E-03   1.3136972412309278E-03   1.3136972412307671E-03   1.3136972412307521E-03   1.3136972412310915E-03   1.3136972412310175E-03
 1.3136972412313970E-03   1.3136972412317351E-03   1.3136972412318179E-03   1.3136972412325215E-03   1.3136972412327820E-03   1.3136972412333479E-03   1.3136972412335786E-03   1.3136972412340049E-03   1.3136972412342411E-03   1.3136972412342862E-03   1.3136972412341079E-03
 1.3136972412346715E-03   1.3136972412341450E-03   1.3136972412337610E-03   1.3136972412330526E-03   1.3136972412334592E-03   1.3136972412327132E-03   1.3136972412326163E-03   1.3136972412324298E-03   1.3136972412320924E-03   1.3136972412321249E-03   1.3136972412319068E-03
 1.3136972412314564E-03   1.3136972412317010E-03   1.3136972412313495E-03   1.3136972412314399E-03   1.3136972412311299E-03   1.3136972412312775E-03   1.3136972412311459E-03   1.3136972412311028E-03   1.3136972412310676E-03   1.3136972412309880E-03   1.3136972412308517E-03
 1.3136972412310455E-03   1.3136972412310152E-03   1.3136972412308011E-03   1.3136972412310295E-03   1.3136972412311390E-03   1.3136972412312751E-03   1.3136972412314308E-03   1.3136972412314089E-03   1.3136972412318693E-03   1.3136972412318944E-03   1.3136972412325723E-03
 1.3136972412329090E-03   1.3136972412332341E-03   1.3136972412332313E-03   1.3136972412339284E-03   1.3136972412337974E-03   1.3136972412341945E-03   1.3136972412338245E-03   1.3136972412343152E-03   1.3136972412338332E-03   1.3136972412333997E-03   1.3136972412334715E-03
 1.3136972412330441E-03   1.3136972412329522E-03   1.3136972412324535E-03   1.3136972412324819E-03   1.3136972412320770E-03   1.3136972412320762E-03   1.3136972412318472E-03   1.3136972412315800E-03   1.3136972412317416E-03   1.3136972412315644E-03   1.3136972412313634E-03
 1.3136972412314057E-03   1.3136972412314057E-03   1.3136972412311329E-03   1.3136972412312704E-03   1.3136972412313181E-03   1.3136972412312762E-03   1.3136972412311554E-03   1.3136972412310605E-03   1.3136972412310483E-03   1.3136972412311563E-03   1.3136972412312103E-03
 1.3136972412310863E-03   1.3136972412311713E-03   1.3136972412312032E-03   1.3136972412316577E-03   1.3136972412316587E-03   1.3136972412320612E-03   1.3136972412321406E-03   1.3136972412327586E-03   1.3136972412330439E-03   1.3136972412333787E-03   1.3136972412337556E-03
 1.3136972412336075E-03   1.3136972412337976E-03   1.3136972412337781E-03   1.3136972412342652E-03   1.3136972412334392E-03   1.3136972412333091E-03   1.3136972412330335E-03   1.3136972412331070E-03   1.3136972412325807E-03   1.3136972412324571E-03   1.3136972412322553E-03
 1.3136972412321206E-03   1.3136972412320673E-03   1.3136972412318355E-03   1.3136972412319419E-03   1.3136972412316876E-03   1.3136972412317164E-03   1.3136972412315690E-03   1.3136972412315959E-03   1.3136972412314595E-03   1.3136972412314618E-03   1.3136972412314330E-03
 1.3136972412313582E-03   1.3136972412311943E-03   1.3136972412312324E-03   1.3136972412311819E-03   1.3136972412312602E-03   1.3136972412310969E-03   1.3136972412312580E-03   1.3136972412312365E-03   1.3136972412312207E-03   1.3136972412315432E-03   1.3136972412314640E-03
 1.3136972412318955E-03   1.3136972412320456E-03   1.3136972412322932E-03   1.3136972412325951E-03   1.3136972412329275E-03   1.3136972412330246E-03   1.3136972412335338E-03   1.3136972412337239E-03   1.3136972412338393E-03   1.3136972412333870E-03   1.3136972412340132E-03
 1.3136972412335114E-03   1.3136972412331506E-03   1.3136972412328286E-03   1.3136972412329509E-03   1.3136972412327785E-03   1.3136972412324569E-03   1.3136972412323366E-03   1.3136972412319703E-03   1.3136972412321735E-03   1.3136972412317826E-03   1.3136972412318248E-03
 1.3136972412319055E-03   1.3136972412317095E-03   1.3136972412316674E-03   1.3136972412314937E-03   1.3136972412315213E-03   1.3136972412314558E-03   1.3136972412314699E-03   1.3136972412313899E-03   1.3136972412315208E-03   1.3136972412312819E-03   1.3136972412313569E-03
 1.3136972412311301E-03   1.3136972412312513E-03   1.3136972412313077E-03   1.3136972412313742E-03   1.3136972412313734E-03   1.3136972412314718E-03   1.3136972412316050E-03   1.3136972412320408E-03   1.3136972412320269E-03   1.3136972412320673E-03   1.3136972412326070E-03
 1.3136972412326889E-03   1.3136972412332931E-03   1.3136972412333442E-03   1.3136972412334379E-03   1.3136972412335272E-03   1.3136972412333364E-03   1.3136972412339249E-03   1.3136972412332137E-03   1.3136972412331911E-03   1.3136972412329622E-03   1.3136972412326165E-03
 1.3136972412324966E-03   1.3136972412323225E-03   1.3136972412321748E-03   1.3136972412321217E-03   1.3136972412319046E-03   1.3136972412320016E-03   1.3136972412317043E-03   1.3136972412318784E-03   1.3136972412316928E-03   1.3136972412316000E-03   1.3136972412314612E-03
 1.3136972412315709E-03   1.3136972412313365E-03   1.3136972412315299E-03   1.3136972412315262E-03   1.3136972412313788E-03   1.3136972412314022E-03   1.3136972412315809E-03   1.3136972412312667E-03   1.3136972412313649E-03   1.3136972412313487E-03   1.3136972412315390E-03
 1.3136972412312806E-03   1.3136972412317405E-03   1.3136972412317015E-03   1.3136972412318372E-03   1.3136972412320922E-03   1.3136972412321976E-03   1.3136972412325764E-03   1.3136972412326436E-03   1.3136972412329849E-03   1.3136972412332254E-03   1.3136972412334648E-03
 1.3136972412332805E-03   1.3136972412333432E-03   1.3136972412337265E-03   1.3136972412328869E-03   1.3136972412326987E-03   1.3136972412326209E-03   1.3136972412324597E-03   1.3136972412322431E-03   1.3136972412321193E-03   1.3136972412320252E-03   1.3136972412320011E-03
 1.3136972412318391E-03   1.3136972412316900E-03   1.3136972412316611E-03   1.3136972412315273E-03   1.3136972412316091E-03   1.3136972412313931E-03   1.3136972412314464E-03   1.3136972412313521E-03   1.3136972412313389E-03   1.3136972412313348E-03   1.3136972412311576E-03
 1.3136972412312704E-03   1.3136972412311930E-03   1.3136972412313144E-03   1.3136972412313708E-03   1.3136972412312589E-03   1.3136972412311414E-03   1.3136972412314488E-03   1.3136972412311839E-03   1.3136972412315592E-03   1.3136972412315317E-03   1.3136972412315746E-03
 1.3136972412319948E-03   1.3136972412320120E-03   1.3136972412322429E-03   1.3136972412324706E-03   1.3136972412327397E-03   1.3136972412329648E-03   1.3136972412328665E-03   1.3136972412328507E-03   1.3136972412330452E-03   1.3136972412319686E-03   1.3136972412312858E-03
 1.3136972412311680E-03   1.3136972412310468E-03   1.3136972412308833E-03   1.3136972412307246E-03   1.3136972412306175E-03   1.3136972412304806E-03   1.3136972412304371E-03   1.3136972412303848E-03   1.3136972412301961E-03   1.3136972412302647E-03   1.3136972412301296E-03
 1.3136972412300203E-03   1.3136972412300749E-03   1.3136972412301170E-03   1.3136972412300209E-03   1.3136972412297956E-03   1.3136972412299559E-03   1.3136972412298236E-03   1.3136972412297928E-03   1.3136972412298861E-03   1.3136972412297937E-03   1.3136972412299555E-03
 1.3136972412297560E-03   1.3136972412299138E-03   1.3136972412297839E-03   1.3136972412298852E-03   1.3136972412300296E-03   1.3136972412299487E-03   1.3136972412301474E-03   1.3136972412305546E-03   1.3136972412305656E-03   1.3136972412307539E-03   1.3136972412310642E-03
 1.3136972412311142E-03   1.3136972412314269E-03   1.3136972412313016E-03   1.3136972412313768E-03   1.3136972412314007E-03   1.3136972412221182E-03   1.3136972412214271E-03   1.3136972412211767E-03   1.3136972412211984E-03   1.3136972412208492E-03   1.3136972412207707E-03
 1.3136972412207688E-03   1.3136972412206751E-03   1.3136972412207027E-03   1.3136972412205520E-03   1.3136972412204275E-03   1.3136972412205240E-03   1.3136972412200931E-03   1.3136972412204578E-03   1.3136972412201848E-03   1.3136972412202579E-03   1.3136972412200508E-03
 1.3136972412202950E-03   1.3136972412200708E-03   1.3136972412201376E-03   1.3136972412201504E-03   1.3136972412199745E-03   1.3136972412200927E-03   1.3136972412199984E-03   1.3136972412201716E-03   1.3136972412200903E-03   1.3136972412200766E-03   1.3136972412200385E-03
 1.3136972412202889E-03   1.3136972412203171E-03   1.3136972412205092E-03   1.3136972412206439E-03   1.3136972412207818E-03   1.3136972412208514E-03   1.3136972412211454E-03   1.3136972412212014E-03   1.3136972412212812E-03   1.3136972412216682E-03   1.3136972412213209E-03
 1.3136972412216936E-03   1.3136972411619736E-03   1.3136972411613356E-03   1.3136972411612266E-03   1.3136972411612979E-03   1.3136972411610850E-03   1.3136972411608807E-03   1.3136972411609521E-03   1.3136972411609143E-03   1.3136972411607118E-03   1.3136972411606353E-03
 1.3136972411605826E-03   1.3136972411607307E-03   1.3136972411604162E-03   1.3136972411605123E-03   1.3136972411605242E-03   1.3136972411603041E-03   1.3136972411604011E-03   1.3136972411603351E-03   1.3136972411601953E-03   1.3136972411603156E-03   1.3136972411602374E-03
 1.3136972411603696E-03   1.3136972411602085E-03   1.3136972411602781E-03   1.3136972411602660E-03   1.3136972411601194E-03   1.3136972411604175E-03   1.3136972411603629E-03   1.3136972411602840E-03   1.3136972411604462E-03   1.3136972411606125E-03   1.3136972411606383E-03
 1.3136972411607599E-03   1.3136972411609785E-03   1.3136972411611162E-03   1.3136972411612036E-03   1.3136972411614933E-03   1.3136972411614404E-03   1.3136972411614068E-03   1.3136972411614250E-03   1.3136972408273691E-03   1.3136972408268773E-03   1.3136972408267923E-03
 1.3136972408269217E-03   1.3136972408266708E-03   1.3136972408267348E-03   1.3136972408266832E-03   1.3136972408263989E-03   1.3136972408264395E-03   1.3136972408264241E-03   1.3136972408263573E-03   1.3136972408262762E-03   1.3136972408262369E-03   1.3136972408261710E-03
 1.3136972408262120E-03   1.3136972408260056E-03   1.3136972408261725E-03   1.3136972408262684E-03   1.3136972408260342E-03   1.3136972408260550E-03   1.3136972408259464E-03   1.3136972408260288E-03   1.3136972408259848E-03   1.3136972408259978E-03   1.3136972408260132E-03
 1.3136972408261220E-03   1.3136972408259991E-03   1.3136972408261736E-03   1.3136972408260923E-03   1.3136972408262701E-03   1.3136972408264527E-03   1.3136972408263605E-03   1.3136972408264221E-03   1.3136972408269467E-03   1.3136972408269200E-03   1.3136972408270484E-03
 1.3136972408271455E-03   1.3136972408270078E-03   1.3136972408270627E-03   1.3136972408270659E-03   1.3136972391270354E-03   1.3136972391263773E-03   1.3136972391266854E-03   1.3136972391263682E-03   1.3136972391264055E-03   1.3136972391263012E-03   1.3136972391262762E-03
 1.3136972391261138E-03   1.3136972391261121E-03   1.3136972391258827E-03   1.3136972391260815E-03   1.3136972391259195E-03   1.3136972391258534E-03   1.3136972391259332E-03   1.3136972391258406E-03   1.3136972391257489E-03   1.3136972391256758E-03   1.3136972391259740E-03
 1.3136972391256238E-03   1.3136972391259299E-03   1.3136972391256212E-03   1.3136972391257831E-03   1.3136972391255978E-03   1.3136972391256357E-03   1.3136972391256329E-03   1.3136972391257404E-03   1.3136972391256214E-03   1.3136972391257322E-03   1.3136972391259607E-03
 1.3136972391258558E-03   1.3136972391258573E-03   1.3136972391261824E-03   1.3136972391261839E-03   1.3136972391263478E-03   1.3136972391264413E-03   1.3136972391264400E-03   1.3136972391265451E-03   1.3136972391267594E-03   1.3136972391267182E-03   1.3136972391263951E-03
 1.3136972312805541E-03   1.3136972312805340E-03   1.3136972312803440E-03   1.3136972312802165E-03   1.3136972312802716E-03   1.3136972312799979E-03   1.3136972312801740E-03   1.3136972312801482E-03   1.3136972312800138E-03   1.3136972312799483E-03   1.3136972312798427E-03
 1.3136972312798845E-03   1.3136972312797748E-03   1.3136972312798464E-03   1.3136972312797384E-03   1.3136972312797104E-03   1.3136972312797911E-03   1.3136972312795981E-03   1.3136972312795983E-03   1.3136972312795313E-03   1.3136972312795848E-03   1.3136972312795434E-03
 1.3136972312796510E-03   1.3136972312796117E-03   1.3136972312796386E-03   1.3136972312796514E-03   1.3136972312794881E-03   1.3136972312797438E-03   1.3136972312796072E-03   1.3136972312798618E-03   1.3136972312798097E-03   1.3136972312800667E-03   1.3136972312799587E-03
 1.3136972312802130E-03   1.3136972312803876E-03   1.3136972312801937E-03   1.3136972312805071E-03   1.3136972312806868E-03   1.3136972312805758E-03   1.3136972312804843E-03   1.3136971986668943E-03   1.3136971986666679E-03   1.3136971986666530E-03   1.3136971986665218E-03
 1.3136971986665896E-03   1.3136971986664021E-03   1.3136971986663609E-03   1.3136971986664025E-03   1.3136971986662024E-03   1.3136971986661868E-03   1.3136971986660757E-03   1.3136971986660907E-03   1.3136971986660801E-03   1.3136971986661423E-03   1.3136971986659925E-03
 1.3136971986660992E-03   1.3136971986659322E-03   1.3136971986659567E-03   1.3136971986660254E-03   1.3136971986660499E-03   1.3136971986659560E-03   1.3136971986657823E-03   1.3136971986658877E-03   1.3136971986659448E-03   1.3136971986659294E-03   1.3136971986659569E-03
 1.3136971986658188E-03   1.3136971986659556E-03   1.3136971986660161E-03   1.3136971986660556E-03   1.3136971986661594E-03   1.3136971986663249E-03   1.3136971986662796E-03   1.3136971986663990E-03   1.3136971986665133E-03   1.3136971986665389E-03   1.3136971986668871E-03
 1.3136971986667495E-03   1.3136971986667403E-03   1.3136971986668904E-03   1.3136970552916488E-03   1.3136970552912247E-03   1.3136970552913494E-03   1.3136970552911093E-03   1.3136970552911614E-03   1.3136970552909868E-03   1.3136970552909077E-03   1.3136970552909857E-03
 1.3136970552909562E-03   1.3136970552908992E-03   1.3136970552907795E-03   1.3136970552908355E-03   1.3136970552907255E-03   1.3136970552906728E-03   1.3136970552907270E-03   1.3136970552907129E-03   1.3136970552905299E-03   1.3136970552906301E-03   1.3136970552905334E-03
 1.3136970552904846E-03   1.3136970552905909E-03   1.3136970552905473E-03   1.3136970552904965E-03   1.3136970552906431E-03   1.3136970552906175E-03   1.3136970552904813E-03   1.3136970552906839E-03   1.3136970552906295E-03   1.3136970552904800E-03   1.3136970552907919E-03
 1.3136970552907526E-03   1.3136970552908480E-03   1.3136970552908799E-03   1.3136970552911683E-03   1.3136970552911670E-03   1.3136970552910657E-03   1.3136970552913309E-03   1.3136970552913197E-03   1.3136970552913745E-03   1.3136970552913934E-03   1.3136923306110142E-03
 1.3136923306111671E-03   1.3136923306108577E-03   1.3136923306109913E-03   1.3136923306109132E-03   1.3136923306107922E-03   1.3136923306106302E-03   1.3136923306108490E-03   1.3136923306106747E-03   1.3136923306106103E-03   1.3136923306105686E-03   1.3136923306106627E-03
 1.3136923306104730E-03   1.3136923306104472E-03   1.3136923306106263E-03   1.3136923306105335E-03   1.3136923306103594E-03   1.3136923306105736E-03   1.3136923306104680E-03   1.3136923306104398E-03   1.3136923306105899E-03   1.3136923306103743E-03   1.3136923306104414E-03
 1.3136923306104140E-03   1.3136923306104984E-03   1.3136923306104038E-03   1.3136923306105415E-03   1.3136923306104995E-03   1.3136923306104865E-03   1.3136923306105660E-03   1.3136923306106749E-03   1.3136923306106105E-03   1.3136923306108117E-03   1.3136923306108818E-03
 1.3136923306110036E-03   1.3136923306112404E-03   1.3136923306111656E-03   1.3136923306111201E-03   1.3136923306111060E-03   1.3136923306111151E-03   1.3133191455890144E-03   1.3133191455886747E-03   1.3133191455885207E-03   1.3133191455884806E-03   1.3133191455885196E-03
 1.3133191455884847E-03   1.3133191455883919E-03   1.3133191455881692E-03   1.3133191455883631E-03   1.3133191455881924E-03   1.3133191455881976E-03   1.3133191455882546E-03   1.3133191455881705E-03   1.3133191455881920E-03   1.3133191455880497E-03   1.3133191455881668E-03
 1.3133191455880933E-03   1.3133191455881347E-03   1.3133191455881623E-03   1.3133191455882293E-03   1.3133191455881731E-03   1.3133191455880404E-03   1.3133191455880953E-03   1.3133191455882711E-03   1.3133191455880701E-03   1.3133191455882503E-03   1.3133191455881996E-03
 1.3133191455884511E-03   1.3133191455882778E-03   1.3133191455883791E-03   1.3133191455885903E-03   1.3133191455884474E-03   1.3133191455886712E-03   1.3133191455888520E-03   1.3133191455887373E-03   1.3133191455889522E-03   1.3133191455890795E-03   1.3133191455891951E-03
 1.3133191455890470E-03   1.3133191455887393E-03   1.3007140558639265E-03   1.3007140558638252E-03   1.3007140558639163E-03   1.3007140558640544E-03   1.3007140558639141E-03   1.3007140558640602E-03   1.3007140558641617E-03   1.3007140558639050E-03   1.3007140558639013E-03
 1.3007140558640626E-03   1.3007140558638994E-03   1.3007140558638321E-03   1.3007140558640507E-03   1.3007140558639217E-03   1.3007140558638705E-03   1.3007140558640362E-03   1.3007140558638662E-03   1.3007140558641437E-03   1.3007140558639982E-03   1.3007140558639802E-03
 1.3007140558640490E-03   1.3007140558641559E-03   1.3007140558641171E-03   1.3007140558642719E-03   1.3007140558641643E-03   1.3007140558644126E-03   1.3007140558642099E-03   1.3007140558644206E-03   1.3007140558645978E-03   1.3007140558645670E-03   1.3007140558645408E-03
 1.3007140558649883E-03   1.3007140558647756E-03   1.3007140558649541E-03   1.3007140558649259E-03   1.3007140558650551E-03   1.3007140558650653E-03   1.3007140558649558E-03   1.3007140558647893E-03   1.3007140558642730E-03   1.1873199731998359E-03   1.1873199732019954E-03
 1.1873199732030367E-03   1.1873199732035512E-03   1.1873199732039845E-03   1.1873199732044643E-03   1.1873199732046562E-03   1.1873199732047415E-03   1.1873199732047948E-03   1.1873199732048323E-03   1.1873199732048282E-03   1.1873199732048477E-03   1.1873199732046469E-03
 1.1873199732048199E-03   1.1873199732049021E-03   1.1873199732046185E-03   1.1873199732046022E-03   1.1873199732046209E-03   1.1873199732045162E-03   1.1873199732045350E-03   1.1873199732044923E-03   1.1873199732042713E-03   1.1873199732041959E-03   1.1873199732042707E-03
 1.1873199732041417E-03   1.1873199732039480E-03   1.1873199732040029E-03   1.1873199732039064E-03   1.1873199732038513E-03   1.1873199732038485E-03   1.1873199732037236E-03   1.1873199732035575E-03   1.1873199732034779E-03   1.1873199732030813E-03   1.1873199732032286E-03
 1.1873199732029790E-03   1.1873199732025553E-03   1.1873199732022575E-03   1.1873199732013514E-03   1.1873199732000878E-03
 9.0664207695627445E-06   9.0664214241353948E-06   9.0664220939485851E-06   9.0664227209739079E-06   9.0664232089583590E-06   9.0664235489732506E-06   9.0664237695180770E-06   9.0664239051339523E-06   9.0664239844250334E-06   9.0664240276810223E-06   9.0664240485026490E-06
 9.0664240558988627E-06   9.0664240551534229E-06   9.0664240499314089E-06   9.0664240420048356E-06   9.0664240329423742E-06   9.0664240231048844E-06   9.0664240134901728E-06   9.0664240041744756E-06   9.0664239950951125E-06   9.0664239865773441E-06   9.0664239786643776E-06
 9.0664239712825159E-06   9.0664239646486233E-06   9.0664239586627533E-06   9.0664239534587455E-06   9.0664239494592779E-06   9.0664239466025169E-06   9.0664239453323436E-06   9.0664239462882525E-06   9.0664239500597734E-06   9.0664239581884775E-06   9.0664239724683095E-06
 9.0664239959213593E-06   9.0664240326699820E-06   9.0664240894698481E-06   9.0664241743395102E-06   9.0664242978529110E-06   9.0664244717656141E-06   9.0664248985964785E-06   2.0147347925793252E-06   2.0147350369123777E-06   2.0147351559957310E-06   2.0147352532256964E-06
 2.0147353331957223E-06   2.0147353993642298E-06   2.0147354546416173E-06   2.0147355009828225E-06   2.0147355397778200E-06   2.0147355724098075E-06   2.0147355998884482E-06   2.0147356227473641E-06   2.0147356417836185E-06   2.0147356575181347E-06   2.0147356703303767E-06
 2.0147356804236412E-06   2.0147356885407740E-06   2.0147356944767936E-06   2.0147356988779891E-06   2.0147357015817267E-06   2.0147357033088367E-06   2.0147357037094947E-06   2.0147357031894287E-06   2.0147357016918880E-06   2.0147356993769673E-06   2.0147356960947409E-06
 2.0147356918028588E-06   2.0147356866495536E-06   2.0147356807712030E-06   2.0147356742880784E-06   2.0147356678354623E-06   2.0147356620638679E-06   2.0147356586699022E-06   2.0147356596228985E-06   2.0147356675300176E-06   2.0147356856218117E-06   2.0147357175464335E-06
 2.0147357646709675E-06   2.0147358257917613E-06   2.0147359422208694E-06   1.3803501521370298E-07   1.3803511498316525E-07   1.3803516373583670E-07   1.3803520339222263E-07   1.3803523515087463E-07   1.3803526071941067E-07   1.3803528175208592E-07   1.3803529929329167E-07
 1.3803531428916398E-07   1.3803532749779660E-07   1.3803533925376802E-07   1.3803535029992585E-07   1.3803536054563704E-07   1.3803537009508739E-07   1.3803537896352309E-07   1.3803538743470020E-07   1.3803539521978049E-07   1.3803540260167321E-07   1.3803540911874511E-07
 1.3803541534104937E-07   1.3803542090859747E-07   1.3803542586289349E-07   1.3803543011923455E-07   1.3803543376825302E-07   1.3803543684552438E-07   1.3803543926465143E-07   1.3803544104511580E-07   1.3803544223181044E-07   1.3803544281626518E-07   1.3803544284845495E-07
 1.3803544284422283E-07   1.3803544310426533E-07   1.3803544438667668E-07   1.3803544760371147E-07   1.3803545425377000E-07   1.3803546625199344E-07   1.3803548512303984E-07   1.3803551233905187E-07   1.3803554796355612E-07   1.3803561883054627E-07   3.6771491700383738E-09
 3.6771978075171794E-09   3.6772213897614320E-09   3.6772409782453467E-09   3.6772566805421146E-09   3.6772690768693006E-09   3.6772789964721500E-09   3.6772868527027457E-09   3.6772933418221666E-09   3.6772988890409510E-09   3.6773037450808537E-09   3.6773080547845022E-09
 3.6773119799351926E-09   3.6773157797250043E-09   3.6773194058730581E-09   3.6773229176716636E-09   3.6773262380408289E-09   3.6773294610011994E-09   3.6773325365778350E-09   3.6773355342274432E-09   3.6773383802581530E-09   3.6773411288800739E-09   3.6773437030132080E-09
 3.6773461145160175E-09   3.6773482278632371E-09   3.6773504589480288E-09   3.6773524570987712E-09   3.6773542748315013E-09   3.6773562670530267E-09   3.6773581627128016E-09   3.6773602201558710E-09   3.6773629891066326E-09   3.6773667482389104E-09   3.6773719371628020E-09
 3.6773793791943245E-09   3.6773903033782734E-09   3.6774056033344025E-09   3.6774264623677050E-09   3.6774532125150906E-09   3.6775067941249247E-09   1.6511265586421923E-10   1.6514402403535314E-10   1.6515958064246140E-10   1.6517237083996427E-10   1.6518241410961945E-10
 1.6519034403207152E-10   1.6519632323764652E-10   1.6520107593951385E-10   1.6520473427481317E-10   1.6520762265716385E-10   1.6520998418502110E-10   1.6521191372607518E-10   1.6521375602273593E-10   1.6521534251544629E-10   1.6521688326837755E-10   1.6521834524724482E-10
 1.6521974962787158E-10   1.6522119890124448E-10   1.6522246352143476E-10   1.6522391787700538E-10   1.6522525534202930E-10   1.6522649455123139E-10   1.6522782269889299E-10   1.6522893908831771E-10   1.6523013001664191E-10   1.6523135906144884E-10   1.6523241531153464E-10
 1.6523361386315572E-10   1.6523485222532559E-10   1.6523637519056594E-10   1.6523807010349472E-10   1.6524039436190343E-10   1.6524336236535247E-10   1.6524748318064257E-10   1.6525333109611199E-10   1.6526138468537508E-10   1.6527216063853057E-10   1.6528624086721115E-10
 1.6530398536042025E-10   1.6533826054862144E-10   3.0124688652303432E-11   3.0145181767429135E-11   3.0155251295105997E-11   3.0163513254473444E-11   3.0170118417396120E-11   3.0175198921013751E-11   3.0179017345540013E-11   3.0181955702834038E-11   3.0184235068495164E-11
 3.0185973180102962E-11   3.0187327585785654E-11   3.0188526137406051E-11   3.0189486672768270E-11   3.0190386221758293E-11   3.0191358615581747E-11   3.0192137885893234E-11   3.0192906144776413E-11   3.0193776894646216E-11   3.0194661197043175E-11   3.0195575992626217E-11
 3.0196309523158545E-11   3.0197109122260773E-11   3.0197973942899965E-11   3.0198723567058330E-11   3.0199490131875640E-11   3.0200173687464113E-11   3.0201001238653665E-11   3.0201722910724809E-11   3.0202545379716735E-11   3.0203326344094233E-11   3.0204341936598159E-11
 3.0205696342281038E-11   3.0207576755424208E-11   3.0210124630529769E-11   3.0213889691980488E-11   3.0219072686584867E-11   3.0226454578720240E-11   3.0236256443985737E-11   3.0248678182156801E-11   3.0272672931485523E-11   7.7065920512362171E-12   7.7203563366290688E-12
 7.7272876072364314E-12   7.7329390110605040E-12   7.7373325709579072E-12   7.7407808420861795E-12   7.7433185527961582E-12   7.7452472468170611E-12   7.7467464951337076E-12   7.7479120124691296E-12   7.7487878445365954E-12   7.7495620326503987E-12   7.7501532616475903E-12
 7.7506995978985677E-12   7.7513264022795423E-12   7.7518380101796839E-12   7.7524758259889729E-12   7.7530255503717426E-12   7.7535176765141021E-12   7.7540860356217114E-12   7.7546679472564783E-12   7.7551490619705204E-12   7.7557479142642356E-12   7.7562662984279537E-12
 7.7568117876459935E-12   7.7572861260964624E-12   7.7576469621320089E-12   7.7582398851951063E-12   7.7587370935351575E-12   7.7593545805537349E-12   7.7601346978981868E-12   7.7609910482079046E-12   7.7623064903750244E-12   7.7639768393470600E-12   7.7666077236812674E-12
 7.7702957051336401E-12   7.7753897612784290E-12   7.7821304494726626E-12   7.7908760646529906E-12   7.8078590752452486E-12   1.8196453052015431E-12   1.8293827959631757E-12   1.8341532855221079E-12   1.8380835183973674E-12   1.8411870471161064E-12   1.8435816092579951E-12
 1.8454747278951080E-12   1.8468062636881922E-12   1.8477481643255406E-12   1.8486214552941606E-12   1.8491330631943030E-12   1.8496743172475981E-12   1.8501063040506986E-12   1.8504857748110697E-12   1.8508322112864975E-12   1.8512108350139206E-12   1.8515623536870311E-12
 1.8519155664260362E-12   1.8522747083956720E-12   1.8526177567393096E-12   1.8529608050829484E-12   1.8533199470525850E-12   1.8536875593516938E-12   1.8541322516490027E-12   1.8544363364770678E-12   1.8547717615241829E-12   1.8551520793175033E-12   1.8555112212871416E-12
 1.8558568107296234E-12   1.8564361812655526E-12   1.8569943759777964E-12   1.8575839109090935E-12   1.8585546106666526E-12   1.8598912286574275E-12   1.8617157376258201E-12   1.8644465718477712E-12   1.8680388385770787E-12   1.8730600498883986E-12   1.8793162352368096E-12
 1.8913466441866293E-12   3.6980611444170480E-13   3.7673823208203364E-13   3.8030593485586830E-13   3.8313248380085550E-13   3.8536187451802876E-13   3.8710506832347806E-13   3.8843745114950898E-13   3.8938273991864503E-13   3.9017979792201148E-13   3.9070919351404562E-13
 3.9117844976682470E-13   3.9152996843993534E-13   3.9184675876220834E-13   3.9204072930712978E-13   3.9227535743351927E-13   3.9252099698822302E-13   3.9280729412439492E-13   3.9296568928553153E-13   3.9330196136559154E-13   3.9353913059082279E-13   3.9378053498079042E-13
 3.9403888002970268E-13   3.9425572046420003E-13   3.9446324353627728E-13   3.9476732836434198E-13   3.9505447253346154E-13   3.9519423296975890E-13   3.9553897537929181E-13   3.9581171998830810E-13   3.9613359250826529E-13   3.9646647645653734E-13   3.9699841314741405E-13
 3.9774210807510464E-13   3.9876108871065277E-13   4.0018240999614614E-13   4.0218479588345607E-13   4.0494019406087405E-13   4.0860699968953787E-13   4.1323603474628095E-13   4.2205618882603514E-13   5.2830291953196124E-14   5.8012439524497794E-14   6.0562008695733200E-14
 6.2718554579442561E-14   6.4374503991324667E-14   6.5667923301781997E-14   6.6647093388807943E-14   6.7412811173125855E-14   6.7926113139161987E-14   6.8339465217422098E-14   6.8655408506747977E-14   6.8926459049869404E-14   6.9145840583208267E-14   6.9343199259918519E-14
 6.9464324971375897E-14   6.9595615078200288E-14   6.9749775074600596E-14   6.9890382543844797E-14   7.0042001441403330E-14   7.0148727592757372E-14   7.0388437916830326E-14   7.0568855934595530E-14   7.0774684940778338E-14   7.0899198784024720E-14   7.1148226470517509E-14
 7.1326950422388179E-14   7.1516685802573168E-14   7.1720820742861542E-14   7.1940202276200532E-14   7.2197700292165903E-14   7.2483997428338033E-14   7.2891420275967478E-14   7.3437756526946628E-14   7.4261072551677896E-14   7.5303770109748091E-14   7.6866545897432389E-14
 7.9005304089249535E-14   8.1783572156243590E-14   8.5330099106397118E-14   9.1927638732560119E-14  -6.7330648977243364E-15  -2.8257019120403116E-15  -8.1569272820588107E-16   8.1992789294215237E-16   2.1209704999247416E-15   3.0942113563199221E-15   3.9014337550532632E-15
 4.4105005563530937E-15   4.8526517548198385E-15   5.1855357030907770E-15   5.3845884456955383E-15   5.5921115177728427E-15   5.7056139327049205E-15   5.8657031597359817E-15   5.9326187625690707E-15   6.1960460091651573E-15   6.1867286467453616E-15   6.3078543582027257E-15
 6.4230508390293121E-15   6.5517998470119650E-15   6.6712314925748206E-15   6.7804987427706245E-15   6.8499554444454764E-15   6.9676930241138265E-15   7.0947479662019739E-15   7.2277321389209022E-15   7.3929035636354939E-15   7.5411343294050028E-15   7.7384930061152658E-15
 7.8807945412539946E-15   8.1518450843753738E-15   8.5516446354794068E-15   9.0175127564692830E-15   9.6163650501780891E-15   1.0476103491641217E-14   1.1679737309689603E-14   1.3366179907672929E-14   1.5497314802964752E-14   1.8173938916288328E-14   2.3341686927486688E-14
-1.4483416365101162E-14  -1.1362946987416355E-14  -9.8577694401454779E-15  -8.5736674921079633E-15  -7.6012736686600344E-15  -6.8279325878168677E-15  -6.2511031507366978E-15  -5.8258926112150414E-15  -5.5006319594693956E-15  -5.2643097671854506E-15  -5.0847387823675405E-15
-4.8933093362880733E-15  -4.8213115357714594E-15  -4.6552930781096181E-15  -4.5790601128567334E-15  -4.4943568181313050E-15  -4.4308293470872340E-15  -4.3452790194145513E-15  -4.2597286917418685E-15  -4.1809546276472178E-15  -4.0691462786096517E-15  -3.9954544121985284E-15
-3.9175273810511359E-15  -3.7709906811761435E-15  -3.6828992546616979E-15  -3.5931137622527420E-15  -3.4914698085822260E-15  -3.3838966242809299E-15  -3.1873849805179322E-15  -3.0332249841176495E-15  -2.8976997125569615E-15  -2.6071674116487392E-15  -2.2404021454876303E-15
-1.7474289701856279E-15  -1.0020399766018416E-15  -1.4738373282224900E-16   1.1697525001581951E-15   2.7401515843676750E-15   4.8780627432375385E-15   8.8591175953327288E-15  -1.3413613752719007E-14  -1.0919948756002377E-14  -9.6883628506946336E-15  -8.6956402365126015E-15
-7.9222991556694348E-15  -7.2870244452287127E-15  -6.8135330277135659E-15  -6.4670965522865657E-15  -6.2375506235806511E-15  -6.0266394197143335E-15  -5.8911141481536486E-15  -5.7657532719600161E-15  -5.6259928356630589E-15  -5.5675475623025161E-15  -5.5226548160980382E-15
-5.4515040485286770E-15  -5.3583304243307039E-15  -5.3049673486536830E-15  -5.2482161411876449E-15  -5.1397959239390945E-15  -5.0788095517367848E-15  -5.0347638384795612E-15  -4.9788596639607774E-15  -4.9466724119651140E-15  -4.8899212044990759E-15  -4.8035238438791372E-15
-4.6883273630525524E-15  -4.5934596729600707E-15  -4.5045212134983692E-15  -4.3537493488871037E-15  -4.1682491334384128E-15  -4.0005366098820652E-15  -3.6642645298221112E-15  -3.3237572850258852E-15  -2.7731858693105907E-15  -1.9744338000497843E-15  -9.7154679050068722E-16
 3.9302328752599723E-16   2.1362170929753529E-15   5.3159787769679929E-15  -1.1301960615214054E-14  -9.3944424179974009E-15  -8.4593180442286612E-15  -7.6063558663435934E-15  -6.9346587391709372E-15  -6.4272860037656255E-15  -6.0596737046572630E-15  -5.7056139327049671E-15
-5.4845383334715931E-15  -5.3193669087570061E-15  -5.2312754822425589E-15  -5.1296315285720429E-15  -5.0703392222642418E-15  -4.9881770263805747E-15  -4.9627660379629457E-15  -4.9339669177562995E-15  -4.8729805455539899E-15  -4.8077590086154087E-15  -4.7662543941999480E-15
-4.7383023069405561E-15  -4.7120442855756728E-15  -4.6468227486370917E-15  -4.5807541787512562E-15  -4.5129915429709122E-15  -4.4935097851840633E-15  -4.4164297869839220E-15  -4.4223590176147021E-15  -4.3105506685771344E-15  -4.2724341859506909E-15  -4.1284385849174599E-15
-3.9827489179897202E-15  -3.7565911210728228E-15  -3.6151366188813586E-15  -3.2415950891422161E-15  -2.8087612530952702E-15  -2.1531577519204401E-15  -1.3433942543453257E-15  -2.2700482986415348E-16   1.1392593140570377E-15   3.5278922253141629E-15  -9.5934951606021567E-15
-7.9942969561860598E-15  -7.1819923597692000E-15  -6.5467176493284873E-15  -5.9275365648855938E-15  -5.5201137172562753E-15  -5.2177229550864901E-15  -4.9822477957497946E-15  -4.8907682374463302E-15  -4.7798069213560168E-15  -4.6612223087404148E-15  -4.5705897833842046E-15
-4.5231559383379638E-15  -4.4833453898170117E-15  -4.4130416551949048E-15  -4.3893247326717844E-15  -4.3088566026826258E-15  -4.3029273720518457E-15  -4.3317264922584919E-15  -4.2800574824759796E-15  -4.2326236374297388E-15  -4.2072126490121098E-15  -4.1563906721768518E-15
-4.1445322109152916E-15  -4.0810047398712190E-15  -4.0039247416710777E-15  -3.9378561717852423E-15  -3.8582350747433380E-15  -3.8268948556949289E-15  -3.7345682644442102E-15  -3.6498649697187802E-15  -3.5245040935251437E-15  -3.3203691532368577E-15  -3.0560948736935192E-15
-2.7240579583698370E-15  -2.2378610466458686E-15  -1.4653669987499441E-15  -5.6158284402960310E-16   6.2256921623191243E-16   2.6529071908004691E-15  -8.1721738751094565E-15  -6.8618139057070792E-15  -6.2112926022157844E-15  -5.6200636050322827E-15  -5.1855357030908267E-15
-4.8695924137649726E-15  -4.6307291226392600E-15  -4.4308293470872451E-15  -4.2631168235308936E-15  -4.1699431993329206E-15  -4.1326737496537314E-15  -4.0420412242975212E-15  -3.9835959509369745E-15  -3.9166803481038848E-15  -3.8819519972664585E-15  -3.8624702394796095E-15
-3.8285889215894375E-15  -3.7794610106486881E-15  -3.7616733187563478E-15  -3.7125454078155984E-15  -3.6820522217144436E-15  -3.6405476072989829E-15  -3.6100544211978280E-15  -3.5897256304637248E-15  -3.5363625547867039E-15  -3.4957049733184975E-15  -3.4779172814261572E-15
-3.4719880507953771E-15  -3.4059194809095417E-15  -3.3279924497621460E-15  -3.2695471764015993E-15  -3.1535036626277602E-15  -3.0018847650692404E-15  -2.7672566386797992E-15  -2.4674069753517769E-15  -1.9786689647860487E-15  -1.3942162311805795E-15  -6.7593229190893335E-16
 2.4309845586198484E-16   1.9515639104739084E-15  -7.0091976385293195E-15  -5.9182192024657965E-15  -5.3532482266471781E-15  -4.8729805455539899E-15  -4.5214618724434552E-15  -4.2546464940583506E-15  -4.0437352901920298E-15  -3.8497647452707950E-15  -3.7820021094904510E-15
-3.6964517818177667E-15  -3.5948078281472506E-15  -3.5346684888921953E-15  -3.4855405779514459E-15  -3.4669058531118513E-15  -3.4347186011161879E-15  -3.3881317890172014E-15  -3.3838966242809299E-15  -3.3373098121819433E-15  -3.3042755272390256E-15  -3.2797115717686509E-15
-3.2526065174565133E-15  -3.2331247596696644E-15  -3.1856909146234236E-15  -3.1746794863091177E-15  -3.1416452013662000E-15  -3.1458803661024715E-15  -3.1323278389464027E-15  -3.0518597089572441E-15  -3.0103550945417834E-15  -2.9713915789680856E-15  -2.9248047668690991E-15
-2.8392544391964147E-15  -2.6546012566949773E-15  -2.4462311516704194E-15  -2.1972034651776551E-15  -1.8829542417463097E-15  -1.4120039230729187E-15  -7.6148261958161689E-16   7.1997800516615652E-17   1.5221182062159777E-15  -6.0893198578111651E-15  -5.1152319684687197E-15
-4.6663045064239406E-15  -4.2614227576363850E-15  -3.9420913365215138E-15  -3.6718878263473920E-15  -3.5092575004745663E-15  -3.3906728878589643E-15  -3.2856408023994310E-15  -3.1992434417794924E-15  -3.1213164106320967E-15  -3.1145401470540623E-15  -3.1365630036826742E-15
-3.0654122361133129E-15  -3.0840469609529075E-15  -3.0510126760099898E-15  -3.0239076216978522E-15  -3.0078139957000205E-15  -2.9900263038076802E-15  -2.9696975130735770E-15  -2.9392043269724222E-15  -2.9332750963416421E-15  -2.8960056466624529E-15  -2.9324280633943878E-15
-2.9112522397130303E-15  -2.8816060865591298E-15  -2.8451836698271948E-15  -2.8257019120403459E-15  -2.7841972976248852E-15  -2.7460808149984417E-15  -2.6579893884839945E-15  -2.5732860937585644E-15  -2.4496192834594366E-15  -2.2802126940085765E-15  -2.0557489629861869E-15
-1.7321823771350442E-15  -1.3366179907672859E-15  -7.5385932305632730E-16  -1.1604351377383917E-16   1.1553529400548657E-15  -5.3092025133899545E-15  -4.5400965972830498E-15  -4.0970983658690507E-15  -3.7650614505453650E-15  -3.5372095877339582E-15  -3.3246043179731288E-15
-3.1357159707354199E-15  -3.0230605887505979E-15  -2.9324280633943878E-15  -2.8875353171899099E-15  -2.8714416911920781E-15  -2.8197726814095658E-15  -2.7562452103654933E-15  -2.7994438906754626E-15  -2.7299871890006100E-15  -2.7587863092072562E-15  -2.7384575184731530E-15
-2.7443867491039331E-15  -2.7232109254225756E-15  -2.6969529040576923E-15  -2.7105054312137611E-15  -2.6308843341718569E-15  -2.6020852139652106E-15  -2.5554984018662241E-15  -2.5851445550201246E-15  -2.5809093902838531E-15  -2.4987471944001860E-15  -2.4860417001913715E-15
-2.4716421400880484E-15  -2.4013384054659415E-15  -2.3623748898922436E-15  -2.2708953315887792E-15  -2.2039797287556895E-15  -2.0201735792015063E-15  -1.8278971001747801E-15  -1.5424469969500809E-15  -1.1502707423713399E-15  -7.0219031327381498E-16  -1.5924219408380846E-16
 7.9366987157727991E-16  -4.6019300024326137E-15  -3.8870341949499843E-15  -3.5787142021494189E-15  -3.2593827810345477E-15  -3.0357660829594124E-15  -2.8799120206646212E-15  -2.7757269681523422E-15  -2.6893296075324036E-15  -2.5919208185981590E-15  -2.5402518088156467E-15
-2.4911238978748973E-15  -2.4479252175649280E-15  -2.4750302718770656E-15  -2.4352197233561135E-15  -2.4038795043077044E-15  -2.4021854384131958E-15  -2.4259023609363162E-15  -2.3801625817845840E-15  -2.4259023609363162E-15  -2.3750803841010582E-15  -2.3420460991581404E-15
-2.3733863182065496E-15  -2.3810096147318383E-15  -2.3301876378965802E-15  -2.3234113743185458E-15  -2.2827537928503394E-15  -2.2852948916921023E-15  -2.2598839032744733E-15  -2.2285436842260642E-15  -2.2429432443293873E-15  -2.1667102790765003E-15  -2.1065709398214449E-15
-1.9879863272058429E-15  -1.8660135828012236E-15  -1.7110065534536867E-15  -1.4712962293807197E-15  -1.1274008527954738E-15  -7.8858767389375362E-16  -2.8036790554117341E-16   5.6497097581861872E-16  -4.0962513329217964E-15  -3.5397506865757211E-15  -3.2127959689355612E-15
-2.9620742165482883E-15  -2.7596333421545105E-15  -2.6317313671191112E-15  -2.4945120296639145E-15  -2.4563955470374710E-15  -2.4233612620945533E-15  -2.3632219228394979E-15  -2.3352698355801060E-15  -2.3191762095822743E-15  -2.2827537928503394E-15  -2.2768245622195593E-15
-2.2717423645360335E-15  -2.2649661009579991E-15  -2.2675071997997620E-15  -2.2446373102238959E-15  -2.2607309362217276E-15  -2.2446373102238959E-15  -2.2099089593864696E-15  -2.2378610466458615E-15  -2.1938153333886379E-15  -2.1650162131819917E-15  -2.1743335756017890E-15
-2.1396052247643627E-15  -2.1463814883423971E-15  -2.0930184126653761E-15  -2.1057239068741906E-15  -2.0820069843510702E-15  -2.0320320404630665E-15  -1.9718927012080112E-15  -1.8753309452210210E-15  -1.8304381990165430E-15  -1.6474790824096142E-15  -1.4467322739103450E-15
-1.1883872249977834E-15  -8.1061053052236542E-16  -3.4982460721602604E-16   4.4215119846674478E-16  -3.6871344193979694E-15  -3.1543506955750145E-15  -2.9019348772932330E-15  -2.6605304873257574E-15  -2.4911238978748973E-15  -2.3937151089406528E-15  -2.2768245622195593E-15
-2.2014386299139266E-15  -2.1641691802347374E-15  -2.1531577519204315E-15  -2.0853951161400874E-15  -2.0828540172983245E-15  -2.0345731393048294E-15  -2.0218676450960149E-15  -2.0100091838344547E-15  -2.0150913815179805E-15  -1.9930685248893687E-15  -1.9752808329970284E-15
-1.9549520422629252E-15  -1.9888333601530972E-15  -1.9439406139486193E-15  -1.9354702844760763E-15  -1.9295410538452962E-15  -1.9151414937419731E-15  -1.9024359995331586E-15  -1.9354702844760763E-15  -1.9159885266892274E-15  -1.8787190770100382E-15  -1.8516140226979005E-15
-1.8202738036494914E-15  -1.7753810574450135E-15  -1.7245590806097555E-15  -1.6847485320888034E-15  -1.5509173264226239E-15  -1.4297916149652590E-15  -1.2841019480375193E-15  -1.0079692072326174E-15  -7.1489580748262949E-16  -3.3457801416544863E-16   3.3118988237643143E-16
-3.2593827810345477E-15  -2.8434896039326862E-15  -2.5851445550201246E-15  -2.4208201632527904E-15  -2.3039296165316969E-15  -2.1700984108655175E-15  -2.0608311606697127E-15  -2.0227146780432692E-15  -1.9769748988915370E-15  -1.9015889665859043E-15  -1.8998949006913957E-15
-1.8617784180649521E-15  -1.8668606157484779E-15  -1.8770250111155296E-15  -1.8533080885924091E-15  -1.8516140226979005E-15  -1.8312852319637973E-15  -1.8185797377549828E-15  -1.8338263308055602E-15  -1.8473788579616290E-15  -1.8329792978583059E-15  -1.8456847920671204E-15
-1.8380614955418317E-15  -1.8126505071242027E-15  -1.8329792978583059E-15  -1.8143445730187113E-15  -1.8041801776516597E-15  -1.7694518268142334E-15  -1.7474289701856216E-15  -1.7177828170317211E-15  -1.6847485320888034E-15  -1.6584905107239201E-15  -1.6178329292557136E-15
-1.5085656790599089E-15  -1.3823577699190182E-15  -1.2095630486791409E-15  -1.0249098661777034E-15  -7.3776569705849560E-16  -4.2944570425793027E-16   1.7448878713438587E-16  -2.8892293830844185E-15  -2.5072175238727290E-15  -2.3479753297889205E-15  -2.2116030252809782E-15
-2.0820069843510702E-15  -1.9676575364717397E-15  -1.9109063290057016E-15  -1.8499199568033919E-15  -1.8168856718604742E-15  -1.7906276504955909E-15  -1.7652166620779619E-15  -1.7584403984999275E-15  -1.7719929256559963E-15  -1.7135476522954496E-15  -1.7372645748185700E-15
-1.7135476522954496E-15  -1.7203239158734840E-15  -1.7186298499789754E-15  -1.7059243557701609E-15  -1.6889836968250749E-15  -1.6695019390382260E-15  -1.6390087529370712E-15  -1.6415498517788341E-15  -1.6415498517788341E-15  -1.6203740280974765E-15  -1.6398557858843255E-15
-1.5983511714688647E-15  -1.5712461171567271E-15  -1.5483762275808610E-15  -1.5585406229479126E-15  -1.5178830414797062E-15  -1.4873898553785514E-15  -1.3908280993915612E-15  -1.3340768919255230E-15  -1.2392092018330414E-15  -1.0477797557535695E-15  -8.4110371662352024E-16
-6.4713317170228546E-16  -3.3288394827094003E-16   8.8938459461701536E-17  -2.5961559833344305E-15  -2.2412491784348787E-15  -2.0540548970916783E-15  -1.9117533619529559E-15  -1.8236619354385086E-15  -1.7431938054493501E-15  -1.6491731483041228E-15  -1.5975041385216104E-15
-1.5687050183149642E-15  -1.5534584252643868E-15  -1.5238122721104863E-15  -1.5365177663193008E-15  -1.5043305143236374E-15  -1.4941661189565858E-15  -1.4763784270642455E-15  -1.5043305143236374E-15  -1.4890839212730600E-15  -1.4568966692773966E-15  -1.4636729328554310E-15
-1.4543555704356337E-15  -1.4433441421213278E-15  -1.4416500762268192E-15  -1.4391089773850563E-15  -1.4297916149652590E-15  -1.4357208455960391E-15  -1.4272505161234961E-15  -1.4543555704356337E-15  -1.4179331537036988E-15  -1.4340267797015305E-15  -1.4018395277058671E-15
-1.3594878803431520E-15  -1.3044307387716225E-15  -1.2925722775100623E-15  -1.2078689827846323E-15  -1.1460355776350684E-15  -1.0113573390216346E-15  -8.3686855188724873E-16  -6.4205097401875966E-16  -3.3034284942917713E-16   1.1011428314305904E-16  -2.4216671962000447E-15
-2.1235115987665310E-15  -1.9363173174233306E-15  -1.8185797377549828E-15  -1.7296412782932813E-15  -1.6322324893590368E-15  -1.5958100726271018E-15  -1.5610817217896755E-15  -1.4950131519038401E-15  -1.5043305143236374E-15  -1.4628258999081767E-15  -1.4128509560201730E-15
-1.4323327138070219E-15  -1.4365678785432934E-15  -1.4289445820180047E-15  -1.4136979889674273E-15  -1.4153920548619359E-15  -1.4247094172817332E-15  -1.3992984288641042E-15  -1.4153920548619359E-15  -1.4052276594948843E-15  -1.3916751323388155E-15  -1.3840518358135268E-15
-1.3942162311805784E-15  -1.3899810664443069E-15  -1.3789696381300010E-15  -1.3721933745519665E-15  -1.3247595295057257E-15  -1.3383120566617945E-15  -1.3205243647694542E-15  -1.3298417271892515E-15  -1.2544557948836188E-15  -1.1858461261560205E-15  -1.1561999730021200E-15
-1.0952136007998103E-15  -9.4528876913579918E-16  -8.0891646462785682E-16  -6.5306240233306556E-16  -4.3622196783596467E-16  -5.9292306307801024E-17  -2.0684544571950014E-15  -1.8262030342802715E-15  -1.6889836968250749E-15  -1.5500702934753696E-15  -1.5034834813763831E-15
-1.3992984288641042E-15  -1.3806637040245096E-15  -1.3078188705606397E-15  -1.2866430468792822E-15  -1.2680083220396876E-15  -1.2442913995165672E-15  -1.2646201902506704E-15  -1.2553028278308731E-15  -1.2459854654110758E-15  -1.2332799712022613E-15  -1.1943164556285635E-15
-1.2104100816263952E-15  -1.1799168955252404E-15  -1.2002456862593436E-15  -1.1943164556285635E-15  -1.2053278839428694E-15  -1.1960105215230721E-15  -1.2222685428879554E-15  -1.1739876648944603E-15  -1.1511177753185942E-15  -1.1917753567868006E-15  -1.1265538198482195E-15
-1.1392593140570340E-15  -1.1502707423713399E-15  -1.1282478857427281E-15  -1.0858962383800130E-15  -1.0943665678525560E-15  -1.0172865696524147E-15  -9.6985272460617389E-16  -9.1140745124562716E-16  -8.2924525536196003E-16  -6.8186152253971177E-16  -5.0144350477454580E-16
-3.1424922343134543E-16   3.8963515573697816E-17  -1.5932689737853389E-15  -1.3781226051827467E-15  -1.2527617289891102E-15  -1.1511177753185942E-15  -1.0460856898590609E-15  -1.0028870095490916E-15  -9.4867690092481638E-16  -8.8599646282799815E-16  -8.7837316630270945E-16
-8.5380921083233474E-16  -8.4872701314880894E-16  -8.4618591430704604E-16  -8.2162195883667133E-16  -7.9875206926080522E-16  -8.2246899178392563E-16  -8.1061053052236542E-16  -8.4364481546528314E-16  -7.8858767389375362E-16  -8.1569272820589123E-16  -8.0722239873334822E-16
-8.1738679410039983E-16  -7.8604657505199071E-16  -7.7164701494866761E-16  -7.8096437736846491E-16  -7.8096437736846491E-16  -7.7334108084317621E-16  -7.6656481726514181E-16  -7.7503514673768481E-16  -7.5640042189809020E-16  -7.5894152073985310E-16  -7.3014240053320689E-16
-7.0642547801008648E-16  -6.7085009422540587E-16  -6.1409888675936775E-16  -5.3108965792844631E-16  -4.5993889035908508E-16  -3.3457801416544863E-16  -1.8550021544869177E-16   0.0000000000000000E+00   3.3457801416544863E-16   7.3437756526947839E-16   9.7239382344793679E-16
 1.0977546996415732E-15   1.1697525001581888E-15   1.2824078821430107E-15   1.3052777717188768E-15   1.3501705179233547E-15   1.4009924947586128E-15   1.4306386479125135E-15   1.4365678785432936E-15   1.4594377681191597E-15   1.4984012836928575E-15   1.4687551305389570E-15
 1.4848487565367887E-15   1.4704491964334656E-15   1.4831546906422801E-15   1.5077186461126550E-15   1.4552026033828882E-15   1.5077186461126548E-15   1.4890839212730604E-15   1.5017894154818749E-15   1.4882368883258061E-15   1.4916250201148233E-15   1.4704491964334658E-15
 1.4823076576950260E-15   1.4797665588532631E-15   1.5170360085324523E-15   1.5068716131654007E-15   1.5390588651610643E-15   1.5585406229479132E-15   1.5822575454710336E-15   1.6144447974666972E-15   1.6254562257810031E-15   1.6813604002997870E-15   1.7558992996581654E-15
 1.8575432533286814E-15   1.9329291856343142E-15   2.0870891820345968E-15   2.2124500582282329E-15   2.5190759851342896E-15   1.4395324938586882E-14   1.4554567132670693E-14   1.4676539877075312E-14   1.4760396138853491E-14   1.4800206687374447E-14   1.4853569763051468E-14
 1.4865428224313028E-14   1.4935731958935135E-14   1.4956907782616489E-14   1.4978083606297850E-14   1.4976389540403341E-14   1.4993330199348427E-14   1.4964531079141781E-14   1.4990789100506664E-14   1.5012811957135276E-14   1.5007729759451750E-14   1.5024670418396839E-14
 1.5022129319555073E-14   1.5015353055977039E-14   1.4998412397031953E-14   1.5011117891240771E-14   1.5051775472708977E-14   1.5045846242078197E-14   1.5048387340919960E-14   1.5011117891240767E-14   1.5033140747869382E-14   1.5046693275025451E-14   1.5061092835128774E-14
 1.5092433054177183E-14   1.5069563164601320E-14   1.5068716131654063E-14   1.5095821185966204E-14   1.5136478767434410E-14   1.5166971953535565E-14   1.5171207118271840E-14   1.5254216347102761E-14   1.5349931070142497E-14   1.5482068209914165E-14   1.5687897216096960E-14
 1.5931842704906198E-14   8.8878320122448676E-14   8.9036715283585243E-14   8.9143441434939285E-14   8.9183251983460237E-14   8.9279813739447240E-14   8.9308612859653886E-14   8.9369599231856183E-14   8.9371293297750705E-14   8.9395010220273838E-14   8.9411950879218911E-14
 8.9459384724265177E-14   8.9431432637005760E-14   8.9445832197109108E-14   8.9467008020790466E-14   8.9444985164161854E-14   8.9476325383210263E-14   8.9489030877419065E-14   8.9476325383210263E-14   8.9483101646788297E-14   8.9467008020790466E-14   8.9491571976260840E-14
 8.9506818569311405E-14   8.9521218129414741E-14   8.9499195272786116E-14   8.9516135931731215E-14   8.9498348239838875E-14   8.9532229557729047E-14   8.9500889338680638E-14   8.9511900766994944E-14   8.9542393953096111E-14   8.9560181644988464E-14   8.9592368896984115E-14
 8.9605921424140196E-14   8.9663519664553501E-14   8.9685542521182113E-14   8.9753305156962482E-14   8.9874430868419847E-14   8.9964216360828803E-14   9.0095506467653207E-14   9.0345381187093188E-14   4.6631704845197408E-13   4.6642377460332813E-13   4.6647629064605789E-13
 4.6660673371993505E-13   4.6663722690603631E-13   4.6670075437708028E-13   4.6670329547592205E-13   4.6676004668338818E-13   4.6678206954001680E-13   4.6679901019896188E-13   4.6682780931916853E-13   4.6678799877064758E-13   4.6677698734233327E-13   4.6681086866022344E-13
 4.6683373854979931E-13   4.6682103305559049E-13   4.6682188008853775E-13   4.6680917459432893E-13   4.6680070426485639E-13   4.6679138690243659E-13   4.6680578646253992E-13   4.6680493942959276E-13   4.6679731613306737E-13   4.6680663349548717E-13   4.6683797371453558E-13
 4.6681933898969599E-13   4.6682357415443236E-13   4.6684559701106107E-13   4.6684136184632460E-13   4.6682272712148510E-13   4.6687609019716223E-13   4.6684474997811382E-13   4.6691590074568328E-13   4.6692352404220847E-13   4.6694215876704806E-13   4.6700229810630322E-13
 4.6709462469755394E-13   4.6717509282754309E-13   4.6731061809910378E-13   4.6754016402780950E-13   2.2165336040684621E-12   2.2166149192313989E-12   2.2167402801075921E-12   2.2167902550514802E-12   2.2168063486774780E-12   2.2168868168074675E-12   2.2168673350496807E-12
 2.2169113807629379E-12   2.2169223921912522E-12   2.2169173099935687E-12   2.2169588146079842E-12   2.2169715201021930E-12   2.2169469561467226E-12   2.2169537324103006E-12   2.2169791433987183E-12   2.2169435680149336E-12   2.2169977781235583E-12   2.2169825315305073E-12
 2.2169613557068259E-12   2.2170037073541886E-12   2.2170257302108173E-12   2.2169715201021930E-12   2.2169952370247161E-12   2.2170418238368155E-12   2.2170045543871359E-12   2.2170096365848194E-12   2.2170418238368155E-12   2.2170274242767118E-12   2.2170342005402902E-12
 2.2170570704298661E-12   2.2170257302108181E-12   2.2170570704298665E-12   2.2170477530674467E-12   2.2171570203176429E-12   2.2171485499881703E-12   2.2172086893274254E-12   2.2172900044903622E-12   2.2173891073451906E-12   2.2174958334965442E-12   2.2176669341518900E-12
 9.7029047123639212E-12   9.7030309202730621E-12   9.7030919066452660E-12   9.7031596692810464E-12   9.7031749158740969E-12   9.7032282789497740E-12   9.7032994297173449E-12   9.7032706305971367E-12   9.7032858771901889E-12   9.7032994297173449E-12   9.7033172174092373E-12
 9.7032816420254526E-12   9.7033062059809230E-12   9.7033079000468175E-12   9.7033019708161867E-12   9.7033256877387098E-12   9.7033214525739735E-12   9.7033265347716571E-12   9.7033180644421845E-12   9.7032960415855559E-12   9.7033561809248110E-12   9.7032918064208196E-12
 9.7033426283976549E-12   9.7032968886185032E-12   9.7033451694964967E-12   9.7033324640022895E-12   9.7033129822445010E-12   9.7033019708161867E-12   9.7033316169693406E-12   9.7033273818046043E-12   9.7033350051011296E-12   9.7033595690566032E-12   9.7033629571883922E-12
 9.7034053088357549E-12   9.7034358020218561E-12   9.7035010235587947E-12   9.7035484574038393E-12   9.7036416310280389E-12   9.7037144758615012E-12   9.7039440217902055E-12   4.2105793509304343E-11   4.2105940046004218E-11   4.2106023902265996E-11   4.2106054395452097E-11
 4.2106123005120825E-11   4.2106124699186719E-11   4.2106168744899983E-11   4.2106171285998825E-11   4.2106167897867036E-11   4.2106207708415557E-11   4.2106229731272185E-11   4.2106221260942713E-11   4.2106233119403974E-11   4.2106206014349662E-11   4.2106234813469869E-11
 4.2106228037206291E-11   4.2106216178745023E-11   4.2106218719843871E-11   4.2106238201601658E-11   4.2106200085119031E-11   4.2106212790613240E-11   4.2106223802041548E-11   4.2106239048634605E-11   4.2106220413909765E-11   4.2106258530392385E-11   4.2106226343140396E-11
 4.2106237354568711E-11   4.2106261071491234E-11   4.2106231425338080E-11   4.2106266153688924E-11   4.2106255989293550E-11   4.2106272082919548E-11   4.2106304270171550E-11   4.2106316975665759E-11   4.2106339845555335E-11   4.2106394055663959E-11   4.2106434713245440E-11
 4.2106538051265005E-11   4.2106618519395001E-11   4.2106786231918544E-11   2.8020995849287825E-10   2.8021007792452392E-10   2.8021015669858801E-10   2.8021021429682843E-10   2.8021023886078390E-10   2.8021027951836542E-10   2.8021028714166194E-10   2.8021032695221046E-10
 2.8021036422166014E-10   2.8021034304583646E-10   2.8021038285638498E-10   2.8021038031528614E-10   2.8021039217374740E-10   2.8021038624451677E-10   2.8021037269198961E-10   2.8021038285638498E-10   2.8021038793858267E-10   2.8021039132671445E-10   2.8021039217374740E-10
 2.8021038878561566E-10   2.8021040064407687E-10   2.8021037692715435E-10   2.8021041250253814E-10   2.8021044130165839E-10   2.8021037184495656E-10   2.8021042436099940E-10   2.8021039217374740E-10   2.8021044130165839E-10   2.8021045400715260E-10   2.8021041504363698E-10
 2.8021044130165839E-10   2.8021044299572429E-10   2.8021046078341623E-10   2.8021048111220697E-10   2.8021052854605196E-10   2.8021059800275369E-10   2.8021062426077505E-10   2.8021064120143410E-10   2.8021077079747503E-10   2.8021086058296744E-10   4.4281338268887338E-09
 4.4281338810988416E-09   4.4281339488614774E-09   4.4281339691902681E-09   4.4281339835898282E-09   4.4281340733753215E-09   4.4281340725282885E-09   4.4281340674460908E-09   4.4281340869278486E-09   4.4281340869278486E-09   4.4281341123388370E-09   4.4281340945511452E-09
 4.4281341072566394E-09   4.4281341301265289E-09   4.4281340996333428E-09   4.4281341267383972E-09   4.4281341106447712E-09   4.4281340911630134E-09   4.4281341174210347E-09   4.4281341131858700E-09   4.4281341216561995E-09   4.4281341241972983E-09   4.4281341097977382E-09
 4.4281340776104862E-09   4.4281341030214746E-09   4.4281341225032324E-09   4.4281340894689475E-09   4.4281341555375174E-09   4.4281341343616937E-09   4.4281341004803758E-09   4.4281341640078468E-09   4.4281341436790561E-09   4.4281341894188352E-09   4.4281341784074078E-09
 4.4281342283823517E-09   4.4281342376997149E-09   4.4281343190148787E-09   4.4281343732249873E-09   4.4281344663986107E-09   4.4281346349581688E-09   1.3872903873696856E-07   1.3872903896736160E-07   1.3872903912067459E-07   1.3872903916810844E-07   1.3872903922401261E-07
 1.3872903930278668E-07   1.3872903930448072E-07   1.3872903932904470E-07   1.3872903930278668E-07   1.3872903934429129E-07   1.3872903936123195E-07   1.3872903935953788E-07   1.3872903940019547E-07   1.3872903934683239E-07   1.3872903936716118E-07   1.3872903935022052E-07
 1.3872903938918404E-07   1.3872903940273657E-07   1.3872903935276162E-07   1.3872903936885525E-07   1.3872903939172514E-07   1.3872903937054931E-07   1.3872903938325481E-07   1.3872903938410184E-07   1.3872903937817261E-07   1.3872903937732558E-07   1.3872903942052426E-07
 1.3872903938579591E-07   1.3872903937309041E-07   1.3872903939087810E-07   1.3872903940951283E-07   1.3872903944085305E-07   1.3872903944593525E-07   1.3872903946880516E-07   1.3872903945355854E-07   1.3872903949082802E-07   1.3872903949421615E-07   1.3872903950353351E-07
 1.3872903951285087E-07   1.3872903946456997E-07   2.0231074181715646E-06   2.0231074184841197E-06   2.0231074186509857E-06   2.0231074186916428E-06   2.0231074187619470E-06   2.0231074187992164E-06   2.0231074188017571E-06   2.0231074188585087E-06   2.0231074189059426E-06
 2.0231074189296595E-06   2.0231074189669294E-06   2.0231074189770933E-06   2.0231074189779408E-06   2.0231074190321509E-06   2.0231074190838203E-06   2.0231074190965254E-06   2.0231074191321008E-06   2.0231074191719122E-06   2.0231074191854643E-06   2.0231074191761469E-06
 2.0231074192735561E-06   2.0231074192947320E-06   2.0231074193074375E-06   2.0231074193658827E-06   2.0231074193895997E-06   2.0231074194006111E-06   2.0231074194302572E-06   2.0231074195005614E-06   2.0231074195141139E-06   2.0231074195420660E-06   2.0231074195717122E-06
 2.0231074196132172E-06   2.0231074196123702E-06   2.0231074196013587E-06   2.0231074196233816E-06   2.0231074196411689E-06   2.0231074195615478E-06   2.0231074195547711E-06   2.0231074193921403E-06   2.0231074189889518E-06   8.8842339266891664E-06   8.8842339256329027E-06
 8.8842339253381319E-06   8.8842339250814724E-06   8.8842339249476361E-06   8.8842339248536121E-06   8.8842339248256583E-06   8.8842339247714465E-06   8.8842339248095630E-06   8.8842339248104083E-06   8.8842339248417502E-06   8.8842339248603850E-06   8.8842339248536087E-06
 8.8842339248773256E-06   8.8842339249213713E-06   8.8842339249374667E-06   8.8842339249459370E-06   8.8842339250187818E-06   8.8842339250120056E-06   8.8842339250331814E-06   8.8842339250729919E-06   8.8842339250738407E-06   8.8842339251161906E-06   8.8842339251678630E-06
 8.8842339251780274E-06   8.8842339251898859E-06   8.8842339252186850E-06   8.8842339252474841E-06   8.8842339252491799E-06   8.8842339252762849E-06   8.8842339252847552E-06   8.8842339253067781E-06   8.8842339253669174E-06   8.8842339253550590E-06   8.8842339253770801E-06
 8.8842339254007954E-06   8.8842339254363708E-06   8.8842339255075215E-06   8.8842339255735884E-06   8.8842339258116030E-06
 2.0000023471546857E+00   2.0000023471505530E+00   2.0000023471468888E+00   2.0000023471437225E+00   2.0000023471414083E+00   2.0000023471398780E+00   2.0000023471389401E+00   2.0000023471383925E+00   2.0000023471381017E+00   2.0000023471379635E+00   2.0000023471379222E+00
 2.0000023471379351E+00   2.0000023471379840E+00   2.0000023471380439E+00   2.0000023471381092E+00   2.0000023471381803E+00   2.0000023471382460E+00   2.0000023471383108E+00   2.0000023471383641E+00   2.0000023471384050E+00   2.0000023471384374E+00   2.0000023471384556E+00
 2.0000023471384631E+00   2.0000023471384507E+00   2.0000023471384245E+00   2.0000023471383734E+00   2.0000023471382997E+00   2.0000023471381994E+00   2.0000023471380755E+00   2.0000023471379276E+00   2.0000023471377602E+00   2.0000023471375745E+00   2.0000023471373853E+00
 2.0000023471371944E+00   2.0000023471370212E+00   2.0000023471368613E+00   2.0000023471367308E+00   2.0000023471366153E+00   2.0000023471365274E+00   2.0000023471364519E+00   2.0000012886882508E+00   2.0000012886876184E+00   2.0000012886872676E+00   2.0000012886869238E+00
 2.0000012886865854E+00   2.0000012886862755E+00   2.0000012886859881E+00   2.0000012886857230E+00   2.0000012886854877E+00   2.0000012886852847E+00   2.0000012886851102E+00   2.0000012886849592E+00   2.0000012886848366E+00   2.0000012886847425E+00   2.0000012886846639E+00
 2.0000012886846021E+00   2.0000012886845600E+00   2.0000012886845209E+00   2.0000012886844947E+00   2.0000012886844734E+00   2.0000012886844578E+00   2.0000012886844414E+00   2.0000012886844227E+00   2.0000012886843970E+00   2.0000012886843686E+00   2.0000012886843304E+00
 2.0000012886842780E+00   2.0000012886842140E+00   2.0000012886841341E+00   2.0000012886840346E+00   2.0000012886839214E+00   2.0000012886837917E+00   2.0000012886836527E+00   2.0000012886835012E+00   2.0000012886833520E+00   2.0000012886831970E+00   2.0000012886830376E+00
 2.0000012886828817E+00   2.0000012886827236E+00   2.0000012886824527E+00   2.0000001525531852E+00   2.0000001525528806E+00   2.0000001525527251E+00   2.0000001525525866E+00   2.0000001525524627E+00   2.0000001525523459E+00   2.0000001525522446E+00   2.0000001525521496E+00
 2.0000001525520696E+00   2.0000001525519924E+00   2.0000001525519258E+00   2.0000001525518694E+00   2.0000001525518134E+00   2.0000001525517650E+00   2.0000001525517273E+00   2.0000001525516913E+00   2.0000001525516584E+00   2.0000001525516327E+00   2.0000001525516069E+00
 2.0000001525515829E+00   2.0000001525515643E+00   2.0000001525515438E+00   2.0000001525515243E+00   2.0000001525515003E+00   2.0000001525514710E+00   2.0000001525514457E+00   2.0000001525514080E+00   2.0000001525513640E+00   2.0000001525513103E+00   2.0000001525512507E+00
 2.0000001525511824E+00   2.0000001525510971E+00   2.0000001525510047E+00   2.0000001525509097E+00   2.0000001525508067E+00   2.0000001525507018E+00   2.0000001525505886E+00   2.0000001525504776E+00   2.0000001525503617E+00   2.0000001525501672E+00   2.0000000052119828E+00
 2.0000000052117999E+00   2.0000000052117066E+00   2.0000000052116196E+00   2.0000000052115494E+00   2.0000000052114886E+00   2.0000000052114340E+00   2.0000000052113878E+00   2.0000000052113469E+00   2.0000000052113105E+00   2.0000000052112821E+00   2.0000000052112545E+00
 2.0000000052112288E+00   2.0000000052112084E+00   2.0000000052111879E+00   2.0000000052111675E+00   2.0000000052111551E+00   2.0000000052111409E+00   2.0000000052111275E+00   2.0000000052111124E+00   2.0000000052111031E+00   2.0000000052110889E+00   2.0000000052110716E+00
 2.0000000052110583E+00   2.0000000052110423E+00   2.0000000052110223E+00   2.0000000052109996E+00   2.0000000052109681E+00   2.0000000052109392E+00   2.0000000052108922E+00   2.0000000052108446E+00   2.0000000052107954E+00   2.0000000052107358E+00   2.0000000052106737E+00
 2.0000000052106079E+00   2.0000000052105373E+00   2.0000000052104676E+00   2.0000000052103912E+00   2.0000000052103113E+00   2.0000000052101949E+00   2.0000000002659930E+00   2.0000000002658771E+00   2.0000000002658185E+00   2.0000000002657670E+00   2.0000000002657234E+00
 2.0000000002656870E+00   2.0000000002656573E+00   2.0000000002656284E+00   2.0000000002656031E+00   2.0000000002655858E+00   2.0000000002655680E+00   2.0000000002655529E+00   2.0000000002655414E+00   2.0000000002655298E+00   2.0000000002655209E+00   2.0000000002655129E+00
 2.0000000002655085E+00   2.0000000002655005E+00   2.0000000002654925E+00   2.0000000002654863E+00   2.0000000002654792E+00   2.0000000002654730E+00   2.0000000002654659E+00   2.0000000002654552E+00   2.0000000002654446E+00   2.0000000002654290E+00   2.0000000002654135E+00
 2.0000000002653939E+00   2.0000000002653717E+00   2.0000000002653442E+00   2.0000000002653104E+00   2.0000000002652749E+00   2.0000000002652403E+00   2.0000000002651976E+00   2.0000000002651506E+00   2.0000000002651044E+00   2.0000000002650555E+00   2.0000000002650040E+00
 2.0000000002649516E+00   2.0000000002648664E+00   2.0000000000584235E+00   2.0000000000583524E+00   2.0000000000583151E+00   2.0000000000582787E+00   2.0000000000582516E+00   2.0000000000582263E+00   2.0000000000582081E+00   2.0000000000581899E+00   2.0000000000581775E+00
 2.0000000000581650E+00   2.0000000000581553E+00   2.0000000000581473E+00   2.0000000000581393E+00   2.0000000000581331E+00   2.0000000000581286E+00   2.0000000000581224E+00   2.0000000000581180E+00   2.0000000000581180E+00   2.0000000000581157E+00   2.0000000000581117E+00
 2.0000000000581073E+00   2.0000000000581037E+00   2.0000000000580993E+00   2.0000000000580940E+00   2.0000000000580878E+00   2.0000000000580771E+00   2.0000000000580673E+00   2.0000000000580576E+00   2.0000000000580407E+00   2.0000000000580220E+00   2.0000000000580007E+00
 2.0000000000579772E+00   2.0000000000579514E+00   2.0000000000579217E+00   2.0000000000578888E+00   2.0000000000578515E+00   2.0000000000578169E+00   2.0000000000577804E+00   2.0000000000577387E+00   2.0000000000576801E+00   2.0000000000162386E+00   2.0000000000161897E+00
 2.0000000000161640E+00   2.0000000000161391E+00   2.0000000000161213E+00   2.0000000000161062E+00   2.0000000000160902E+00   2.0000000000160796E+00   2.0000000000160707E+00   2.0000000000160618E+00   2.0000000000160538E+00   2.0000000000160489E+00   2.0000000000160467E+00
 2.0000000000160423E+00   2.0000000000160414E+00   2.0000000000160387E+00   2.0000000000160369E+00   2.0000000000160343E+00   2.0000000000160343E+00   2.0000000000160334E+00   2.0000000000160307E+00   2.0000000000160281E+00   2.0000000000160263E+00   2.0000000000160227E+00
 2.0000000000160174E+00   2.0000000000160103E+00   2.0000000000160068E+00   2.0000000000159952E+00   2.0000000000159828E+00   2.0000000000159712E+00   2.0000000000159570E+00   2.0000000000159410E+00   2.0000000000159170E+00   2.0000000000159011E+00   2.0000000000158780E+00
 2.0000000000158522E+00   2.0000000000158238E+00   2.0000000000157980E+00   2.0000000000157705E+00   2.0000000000157252E+00   2.0000000000041993E+00   2.0000000000041691E+00   2.0000000000041456E+00   2.0000000000041354E+00   2.0000000000041220E+00   2.0000000000041105E+00
 2.0000000000040981E+00   2.0000000000040909E+00   2.0000000000040874E+00   2.0000000000040807E+00   2.0000000000040759E+00   2.0000000000040714E+00   2.0000000000040687E+00   2.0000000000040687E+00   2.0000000000040661E+00   2.0000000000040652E+00   2.0000000000040616E+00
 2.0000000000040603E+00   2.0000000000040608E+00   2.0000000000040581E+00   2.0000000000040581E+00   2.0000000000040572E+00   2.0000000000040545E+00   2.0000000000040523E+00   2.0000000000040474E+00   2.0000000000040465E+00   2.0000000000040439E+00   2.0000000000040368E+00
 2.0000000000040279E+00   2.0000000000040217E+00   2.0000000000040066E+00   2.0000000000039972E+00   2.0000000000039808E+00   2.0000000000039675E+00   2.0000000000039506E+00   2.0000000000039293E+00   2.0000000000039075E+00   2.0000000000038893E+00   2.0000000000038662E+00
 2.0000000000038369E+00   2.0000000000010365E+00   2.0000000000010170E+00   2.0000000000010028E+00   2.0000000000009912E+00   2.0000000000009797E+00   2.0000000000009708E+00   2.0000000000009646E+00   2.0000000000009610E+00   2.0000000000009548E+00   2.0000000000009504E+00
 2.0000000000009486E+00   2.0000000000009477E+00   2.0000000000009441E+00   2.0000000000009410E+00   2.0000000000009424E+00   2.0000000000009415E+00   2.0000000000009388E+00   2.0000000000009361E+00   2.0000000000009353E+00   2.0000000000009353E+00   2.0000000000009335E+00
 2.0000000000009335E+00   2.0000000000009335E+00   2.0000000000009290E+00   2.0000000000009299E+00   2.0000000000009290E+00   2.0000000000009250E+00   2.0000000000009210E+00   2.0000000000009113E+00   2.0000000000009059E+00   2.0000000000008997E+00   2.0000000000008922E+00
 2.0000000000008837E+00   2.0000000000008695E+00   2.0000000000008571E+00   2.0000000000008384E+00   2.0000000000008233E+00   2.0000000000008091E+00   2.0000000000007923E+00   2.0000000000007718E+00   2.0000000000002860E+00   2.0000000000002691E+00   2.0000000000002576E+00
 2.0000000000002505E+00   2.0000000000002411E+00   2.0000000000002380E+00   2.0000000000002300E+00   2.0000000000002274E+00   2.0000000000002247E+00   2.0000000000002198E+00   2.0000000000002180E+00   2.0000000000002167E+00   2.0000000000002185E+00   2.0000000000002167E+00
 2.0000000000002145E+00   2.0000000000002141E+00   2.0000000000002141E+00   2.0000000000002145E+00   2.0000000000002149E+00   2.0000000000002123E+00   2.0000000000002114E+00   2.0000000000002123E+00   2.0000000000002132E+00   2.0000000000002096E+00   2.0000000000002096E+00
 2.0000000000002043E+00   2.0000000000002029E+00   2.0000000000001998E+00   2.0000000000001976E+00   2.0000000000001901E+00   2.0000000000001856E+00   2.0000000000001807E+00   2.0000000000001714E+00   2.0000000000001616E+00   2.0000000000001457E+00   2.0000000000001341E+00
 2.0000000000001217E+00   2.0000000000001101E+00   2.0000000000000986E+00   2.0000000000000773E+00   2.0000000000001084E+00   2.0000000000001013E+00   2.0000000000000950E+00   2.0000000000000879E+00   2.0000000000000799E+00   2.0000000000000790E+00   2.0000000000000733E+00
 2.0000000000000697E+00   2.0000000000000702E+00   2.0000000000000684E+00   2.0000000000000657E+00   2.0000000000000635E+00   2.0000000000000626E+00   2.0000000000000626E+00   2.0000000000000617E+00   2.0000000000000631E+00   2.0000000000000608E+00   2.0000000000000604E+00
 2.0000000000000613E+00   2.0000000000000613E+00   2.0000000000000595E+00   2.0000000000000604E+00   2.0000000000000595E+00   2.0000000000000586E+00   2.0000000000000577E+00   2.0000000000000564E+00   2.0000000000000560E+00   2.0000000000000533E+00   2.0000000000000515E+00
 2.0000000000000471E+00   2.0000000000000373E+00   2.0000000000000320E+00   2.0000000000000266E+00   2.0000000000000151E+00   2.0000000000000004E+00   1.9999999999999929E+00   1.9999999999999836E+00   1.9999999999999769E+00   1.9999999999999694E+00   1.9999999999999512E+00
 2.0000000000000719E+00   2.0000000000000617E+00   2.0000000000000568E+00   2.0000000000000497E+00   2.0000000000000444E+00   2.0000000000000422E+00   2.0000000000000400E+00   2.0000000000000373E+00   2.0000000000000355E+00   2.0000000000000355E+00   2.0000000000000329E+00
 2.0000000000000329E+00   2.0000000000000320E+00   2.0000000000000311E+00   2.0000000000000320E+00   2.0000000000000311E+00   2.0000000000000320E+00   2.0000000000000320E+00   2.0000000000000329E+00   2.0000000000000324E+00   2.0000000000000329E+00   2.0000000000000315E+00
 2.0000000000000329E+00   2.0000000000000329E+00   2.0000000000000320E+00   2.0000000000000311E+00   2.0000000000000293E+00   2.0000000000000258E+00   2.0000000000000187E+00   2.0000000000000142E+00   2.0000000000000098E+00   2.0000000000000071E+00   1.9999999999999982E+00
 1.9999999999999885E+00   1.9999999999999809E+00   1.9999999999999738E+00   1.9999999999999694E+00   1.9999999999999587E+00   1.9999999999999525E+00   1.9999999999999458E+00   2.0000000000000533E+00   2.0000000000000471E+00   2.0000000000000426E+00   2.0000000000000382E+00
 2.0000000000000351E+00   2.0000000000000329E+00   2.0000000000000324E+00   2.0000000000000329E+00   2.0000000000000302E+00   2.0000000000000302E+00   2.0000000000000293E+00   2.0000000000000284E+00   2.0000000000000284E+00   2.0000000000000293E+00   2.0000000000000284E+00
 2.0000000000000275E+00   2.0000000000000275E+00   2.0000000000000266E+00   2.0000000000000258E+00   2.0000000000000258E+00   2.0000000000000258E+00   2.0000000000000258E+00   2.0000000000000258E+00   2.0000000000000258E+00   2.0000000000000258E+00   2.0000000000000204E+00
 2.0000000000000178E+00   2.0000000000000151E+00   2.0000000000000124E+00   2.0000000000000098E+00   2.0000000000000071E+00   2.0000000000000040E+00   1.9999999999999942E+00   1.9999999999999876E+00   1.9999999999999831E+00   1.9999999999999787E+00   1.9999999999999729E+00
 1.9999999999999702E+00   1.9999999999999649E+00   1.9999999999999551E+00   2.0000000000000444E+00   2.0000000000000413E+00   2.0000000000000386E+00   2.0000000000000382E+00   2.0000000000000351E+00   2.0000000000000355E+00   2.0000000000000338E+00   2.0000000000000329E+00
 2.0000000000000293E+00   2.0000000000000275E+00   2.0000000000000266E+00   2.0000000000000240E+00   2.0000000000000231E+00   2.0000000000000213E+00   2.0000000000000222E+00   2.0000000000000231E+00   2.0000000000000231E+00   2.0000000000000231E+00   2.0000000000000231E+00
 2.0000000000000240E+00   2.0000000000000231E+00   2.0000000000000240E+00   2.0000000000000231E+00   2.0000000000000231E+00   2.0000000000000195E+00   2.0000000000000169E+00   2.0000000000000142E+00   2.0000000000000115E+00   2.0000000000000089E+00   2.0000000000000062E+00
 2.0000000000000027E+00   1.9999999999999996E+00   1.9999999999999991E+00   1.9999999999999907E+00   1.9999999999999858E+00   1.9999999999999805E+00   1.9999999999999809E+00   1.9999999999999800E+00   1.9999999999999738E+00   1.9999999999999645E+00   2.0000000000000426E+00
 2.0000000000000400E+00   2.0000000000000382E+00   2.0000000000000391E+00   2.0000000000000355E+00   2.0000000000000329E+00   2.0000000000000293E+00   2.0000000000000275E+00   2.0000000000000249E+00   2.0000000000000213E+00   2.0000000000000195E+00   2.0000000000000195E+00
 2.0000000000000195E+00   2.0000000000000195E+00   2.0000000000000204E+00   2.0000000000000195E+00   2.0000000000000195E+00   2.0000000000000204E+00   2.0000000000000204E+00   2.0000000000000204E+00   2.0000000000000213E+00   2.0000000000000213E+00   2.0000000000000204E+00
 2.0000000000000178E+00   2.0000000000000142E+00   2.0000000000000124E+00   2.0000000000000098E+00   2.0000000000000062E+00   2.0000000000000044E+00   2.0000000000000009E+00   1.9999999999999996E+00   1.9999999999999996E+00   1.9999999999999982E+00   1.9999999999999996E+00
 1.9999999999999942E+00   1.9999999999999858E+00   1.9999999999999871E+00   1.9999999999999845E+00   1.9999999999999707E+00   1.9999999999999725E+00   2.0000000000000417E+00   2.0000000000000373E+00   2.0000000000000364E+00   2.0000000000000329E+00   2.0000000000000302E+00
 2.0000000000000266E+00   2.0000000000000240E+00   2.0000000000000204E+00   2.0000000000000195E+00   2.0000000000000187E+00   2.0000000000000178E+00   2.0000000000000169E+00   2.0000000000000169E+00   2.0000000000000169E+00   2.0000000000000160E+00   2.0000000000000169E+00
 2.0000000000000169E+00   2.0000000000000169E+00   2.0000000000000178E+00   2.0000000000000178E+00   2.0000000000000178E+00   2.0000000000000169E+00   2.0000000000000133E+00   2.0000000000000107E+00   2.0000000000000089E+00   2.0000000000000053E+00   2.0000000000000027E+00
 2.0000000000000000E+00   2.0000000000000000E+00   2.0000000000000000E+00   1.9999999999999996E+00   1.9999999999999996E+00   1.9999999999999996E+00   1.9999999999999996E+00   1.9999999999999996E+00   1.9999999999999925E+00   1.9999999999999960E+00   1.9999999999999800E+00
 1.9999999999999889E+00   1.9999999999999805E+00   2.0000000000000382E+00   2.0000000000000346E+00   2.0000000000000302E+00   2.0000000000000258E+00   2.0000000000000231E+00   2.0000000000000213E+00   2.0000000000000195E+00   2.0000000000000187E+00   2.0000000000000169E+00
 2.0000000000000169E+00   2.0000000000000160E+00   2.0000000000000151E+00   2.0000000000000133E+00   2.0000000000000133E+00   2.0000000000000124E+00   2.0000000000000124E+00   2.0000000000000133E+00   2.0000000000000124E+00   2.0000000000000124E+00   2.0000000000000124E+00
 2.0000000000000133E+00   2.0000000000000107E+00   2.0000000000000062E+00   2.0000000000000044E+00   2.0000000000000009E+00   2.0000000000000000E+00   2.0000000000000000E+00   2.0000000000000000E+00   2.0000000000000000E+00   2.0000000000000000E+00   1.9999999999999996E+00
 1.9999999999999996E+00   1.9999999999999996E+00   1.9999999999999996E+00   1.9999999999999996E+00   1.9999999999999996E+00   1.9999999999999996E+00   1.9999999999999996E+00   1.9999999999999960E+00   1.9999999999999853E+00   2.0000000000000302E+00   2.0000000000000266E+00
 2.0000000000000240E+00   2.0000000000000231E+00   2.0000000000000213E+00   2.0000000000000195E+00   2.0000000000000187E+00   2.0000000000000169E+00   2.0000000000000151E+00   2.0000000000000142E+00   2.0000000000000133E+00   2.0000000000000133E+00   2.0000000000000115E+00
 2.0000000000000115E+00   2.0000000000000107E+00   2.0000000000000089E+00   2.0000000000000089E+00   2.0000000000000089E+00   2.0000000000000080E+00   2.0000000000000071E+00   2.0000000000000053E+00   2.0000000000000027E+00   2.0000000000000000E+00   2.0000000000000000E+00
 2.0000000000000000E+00   2.0000000000000000E+00   2.0000000000000000E+00   2.0000000000000000E+00   2.0000000000000000E+00   2.0000000000000000E+00   2.0000000000000000E+00   1.9999999999999996E+00   1.9999999999999996E+00   1.9999999999999996E+00   1.9999999999999996E+00
 1.9999999999999996E+00   1.9999999999999996E+00   1.9999999999999996E+00   1.9999999999999840E+00   1.9999999999999787E+00   2.0000000000000293E+00   2.0000000000000258E+00   2.0000000000000231E+00   2.0000000000000213E+00   2.0000000000000195E+00   2.0000000000000178E+00
 2.0000000000000169E+00   2.0000000000000151E+00   2.0000000000000142E+00   2.0000000000000124E+00   2.0000000000000115E+00   2.0000000000000107E+00   2.0000000000000089E+00   2.0000000000000080E+00   2.0000000000000062E+00   2.0000000000000062E+00   2.0000000000000053E+00
 2.0000000000000044E+00   2.0000000000000027E+00   2.0000000000000000E+00   2.0000000000000000E+00   2.0000000000000000E+00   2.0000000000000000E+00   2.0000000000000000E+00   2.0000000000000000E+00   2.0000000000000000E+00   2.0000000000000000E+00   2.0000000000000000E+00
 2.0000000000000000E+00   2.0000000000000000E+00   2.0000000000000000E+00   2.0000000000000000E+00   1.9999999999999996E+00   1.9999999999999996E+00   1.9999999999999996E+00   1.9999999999999996E+00   1.9999999999999996E+00   1.9999999999999996E+00   1.9999999999999996E+00
 1.9999999999999845E+00   2.0000000000000266E+00   2.0000000000000231E+00   2.0000000000000222E+00   2.0000000000000195E+00   2.0000000000000187E+00   2.0000000000000160E+00   2.0000000000000142E+00   2.0000000000000133E+00   2.0000000000000115E+00   2.0000000000000098E+00
 2.0000000000000089E+00   2.0000000000000089E+00   2.0000000000000071E+00   2.0000000000000053E+00   2.0000000000000044E+00   2.0000000000000036E+00   2.0000000000000009E+00   2.0000000000000000E+00   2.0000000000000000E+00   2.0000000000000000E+00   2.0000000000000000E+00
 2.0000000000000000E+00   2.0000000000000000E+00   2.0000000000000000E+00   2.0000000000000000E+00   2.0000000000000000E+00   2.0000000000000000E+00   2.0000000000000000E+00   2.0000000000000000E+00   2.0000000000000000E+00   2.0000000000000000E+00   2.0000000000000000E+00
 2.0000000000000000E+00   2.0000000000000000E+00   1.9999999999999996E+00   1.9999999999999996E+00   1.9999999999999996E+00   1.9999999999999996E+00   1.9999999999999996E+00   1.9999999999999996E+00   2.0000000000000266E+00   2.0000000000000222E+00   2.0000000000000204E+00
 2.0000000000000178E+00   2.0000000000000160E+00   2.0000000000000142E+00   2.0000000000000124E+00   2.0000000000000107E+00   2.0000000000000098E+00   2.0000000000000080E+00   2.0000000000000071E+00   2.0000000000000044E+00   2.0000000000000036E+00   2.0000000000000027E+00
 2.0000000000000009E+00   2.0000000000000000E+00   2.0000000000000000E+00   2.0000000000000000E+00   2.0000000000000000E+00   2.0000000000000000E+00   2.0000000000000000E+00   2.0000000000000009E+00   2.0000000000000000E+00   2.0000000000000000E+00   2.0000000000000000E+00
 2.0000000000000000E+00   2.0000000000000000E+00   2.0000000000000000E+00   2.0000000000000000E+00   2.0000000000000000E+00   2.0000000000000000E+00   2.0000000000000000E+00   2.0000000000000000E+00   2.0000000000000000E+00   2.0000000000000000E+00   1.9999999999999996E+00
 1.9999999999999996E+00   1.9999999999999996E+00   1.9999999999999996E+00   1.9999999999999996E+00   2.0000000000000240E+00   2.0000000000000204E+00   2.0000000000000178E+00   2.0000000000000160E+00   2.0000000000000133E+00   2.0000000000000124E+00   2.0000000000000107E+00
 2.0000000000000089E+00   2.0000000000000071E+00   2.0000000000000062E+00   2.0000000000000036E+00   2.0000000000000027E+00   2.0000000000000009E+00   2.0000000000000000E+00   2.0000000000000000E+00   2.0000000000000000E+00   2.0000000000000000E+00   2.0000000000000000E+00
 2.0000000000000000E+00   2.0000000000000000E+00   2.0000000000000000E+00   2.0000000000000000E+00   2.0000000000000000E+00   2.0000000000000000E+00   2.0000000000000000E+00   2.0000000000000000E+00   2.0000000000000000E+00   2.0000000000000000E+00   2.0000000000000000E+00
 2.0000000000000000E+00   2.0000000000000000E+00   2.0000000000000000E+00   2.0000000000000000E+00   2.0000000000000000E+00   2.0000000000000000E+00   2.0000000000000000E+00   1.9999999999999996E+00   1.9999999999999996E+00   1.9999999999999996E+00   1.9999999999999996E+00
 2.0000000000000222E+00   2.0000000000000178E+00   2.0000000000000160E+00   2.0000000000000142E+00   2.0000000000000115E+00   2.0000000000000098E+00   2.0000000000000080E+00   2.0000000000000071E+00   2.0000000000000044E+00   2.0000000000000036E+00   2.0000000000000009E+00
 2.0000000000000000E+00   2.0000000000000000E+00   2.0000000000000000E+00   2.0000000000000000E+00   2.0000000000000000E+00   2.0000000000000000E+00   2.0000000000000000E+00   2.0000000000000000E+00   2.0000000000000000E+00   2.0000000000000000E+00   2.0000000000000000E+00
 2.0000000000000000E+00   2.0000000000000000E+00   2.0000000000000000E+00   2.0000000000000000E+00   2.0000000000000000E+00   2.0000000000000000E+00   2.0000000000000000E+00   2.0000000000000000E+00   2.0000000000000000E+00   2.0000000000000000E+00   2.0000000000000000E+00
 2.0000000000000000E+00   2.0000000000000000E+00   2.0000000000000000E+00   2.0000000000000000E+00   1.9999999999999996E+00   1.9999999999999996E+00   1.9999999999999996E+00   2.0000000000000204E+00   2.0000000000000160E+00   2.0000000000000133E+00   2.0000000000000115E+00
 2.0000000000000089E+00   2.0000000000000071E+00   2.0000000000000053E+00   2.0000000000000036E+00   2.0000000000000018E+00   2.0000000000000000E+00   2.0000000000000000E+00   2.0000000000000000E+00   2.0000000000000000E+00   2.0000000000000000E+00   2.0000000000000000E+00
 2.0000000000000000E+00   2.0000000000000000E+00   2.0000000000000000E+00   2.0000000000000000E+00   2.0000000000000000E+00   2.0000000000000000E+00   2.0000000000000000E+00   2.0000000000000000E+00   2.0000000000000000E+00   2.0000000000000000E+00   2.0000000000000000E+00
 2.0000000000000000E+00   2.0000000000000000E+00   2.0000000000000000E+00   2.0000000000000000E+00   2.0000000000000000E+00   2.0000000000000000E+00   2.0000000000000000E+00   2.0000000000000000E+00   2.0000000000000000E+00   2.0000000000000000E+00   2.0000000000000000E+00
 2.0000000000000000E+00   1.9999999999999996E+00   1.9999999999999996E+00   2.0000000000000169E+00   2.0000000000000133E+00   2.0000000000000107E+00   2.0000000000000089E+00   2.0000000000000062E+00   2.0000000000000044E+00   2.0000000000000018E+00   2.0000000000000009E+00
 2.0000000000000000E+00   2.0000000000000000E+00   2.0000000000000000E+00   2.0000000000000000E+00   2.0000000000000000E+00   2.0000000000000000E+00   2.0000000000000000E+00   2.0000000000000000E+00   2.0000000000000000E+00   2.0000000000000000E+00   2.0000000000000000E+00
 2.0000000000000000E+00   2.0000000000000000E+00   2.0000000000000000E+00   2.0000000000000000E+00   2.0000000000000000E+00   2.0000000000000000E+00   2.0000000000000000E+00   2.0000000000000000E+00   2.0000000000000000E+00   2.0000000000000000E+00   2.0000000000000000E+00
 2.0000000000000000E+00   2.0000000000000000E+00   2.0000000000000000E+00   2.0000000000000000E+00   2.0000000000000000E+00   2.0000000000000000E+00   2.0000000000000000E+00   2.0000000000000000E+00   1.9999999999999996E+00   1.9999999999999996E+00   2.0000000000000124E+00
 2.0000000000000115E+00   2.0000000000000080E+00   2.0000000000000053E+00   2.0000000000000027E+00   2.0000000000000009E+00   2.0000000000000000E+00   2.0000000000000000E+00   2.0000000000000000E+00   2.0000000000000000E+00   2.0000000000000000E+00   2.0000000000000000E+00
 2.0000000000000000E+00   2.0000000000000000E+00   2.0000000000000000E+00   2.0000000000000000E+00   2.0000000000000000E+00   2.0000000000000000E+00   2.0000000000000000E+00   2.0000000000000000E+00   2.0000000000000000E+00   2.0000000000000000E+00   2.0000000000000000E+00
 2.0000000000000000E+00   2.0000000000000000E+00   2.0000000000000000E+00   2.0000000000000000E+00   2.0000000000000000E+00   2.0000000000000000E+00   2.0000000000000000E+00   2.0000000000000000E+00   2.0000000000000000E+00   2.0000000000000000E+00   2.0000000000000000E+00
 2.0000000000000000E+00   2.0000000000000000E+00   2.0000000000000000E+00   2.0000000000000000E+00   2.0000000000000000E+00   1.9999999999999996E+00   2.0000000000000062E+00   2.0000000000000053E+00   2.0000000000000027E+00   2.0000000000000000E+00   2.0000000000000000E+00
 2.0000000000000000E+00   2.0000000000000000E+00   2.0000000000000000E+00   2.0000000000000000E+00   2.0000000000000000E+00   2.0000000000000000E+00   2.0000000000000000E+00   2.0000000000000000E+00   2.0000000000000000E+00   2.0000000000000000E+00   2.0000000000000000E+00
 2.0000000000000000E+00   2.0000000000000000E+00   2.0000000000000000E+00   2.0000000000000000E+00   2.0000000000000000E+00   2.0000000000000000E+00   2.0000000000000000E+00   2.0000000000000000E+00   2.0000000000000000E+00   2.0000000000000000E+00   2.0000000000000000E+00
 2.0000000000000000E+00   2.0000000000000000E+00   2.0000000000000000E+00   2.0000000000000000E+00   2.0000000000000000E+00   2.0000000000000000E+00   2.0000000000000000E+00   2.0000000000000000E+00   2.0000000000000000E+00   2.0000000000000000E+00   2.0000000000000000E+00
 2.0000000000000000E+00   1.9999999999999996E+00   2.0000000000000000E+00   2.0000000000000000E+00   2.0000000000000000E+00   2.0000000000000000E+00   2.0000000000000000E+00   2.0000000000000000E+00   2.0000000000000000E+00   2.0000000000000000E+00   2.0000000000000000E+00
 2.0000000000000000E+00   2.0000000000000000E+00   2.0000000000000000E+00   2.0000000000000000E+00   2.0000000000000000E+00   2.0000000000000000E+00   2.0000000000000000E+00   2.0000000000000000E+00   2.0000000000000000E+00   2.0000000000000000E+00   2.0000000000000000E+00
 2.0000000000000000E+00   2.0000000000000000E+00   2.0000000000000000E+00   2.0000000000000000E+00   2.0000000000000000E+00   2.0000000000000000E+00   2.0000000000000000E+00   2.0000000000000000E+00   2.0000000000000000E+00   2.0000000000000000E+00   1.9999999999999996E+00
 1.9999999999999996E+00   1.9999999999999996E+00   1.9999999999999996E+00   1.9999999999999996E+00   1.9999999999999996E+00   1.9999999999999996E+00   1.9999999999999996E+00   1.9999999999999996E+00   1.9999999999999996E+00   1.9999999999999978E+00   1.9999999999999978E+00
 1.9999999999999973E+00   1.9999999999999969E+00   1.9999999999999969E+00   1.9999999999999969E+00   1.9999999999999969E+00   1.9999999999999969E+00   1.9999999999999969E+00   1.9999999999999969E+00   1.9999999999999969E+00   1.9999999999999969E+00   1.9999999999999964E+00
 1.9999999999999964E+00   1.9999999999999964E+00   1.9999999999999964E+00   1.9999999999999969E+00   1.9999999999999964E+00   1.9999999999999964E+00   1.9999999999999969E+00   1.9999999999999969E+00   1.9999999999999960E+00   1.9999999999999960E+00   1.9999999999999960E+00
 1.9999999999999960E+00   1.9999999999999960E+00   1.9999999999999960E+00   1.9999999999999960E+00   1.9999999999999960E+00   1.9999999999999960E+00   1.9999999999999960E+00   1.9999999999999964E+00   1.9999999999999964E+00   1.9999999999999956E+00   1.9999999999999956E+00
 1.9999999999999951E+00   1.9999999999999951E+00   1.9999999999999951E+00   1.9999999999999960E+00   1.9999999999999956E+00   1.9999999999999662E+00   1.9999999999999649E+00   1.9999999999999640E+00   1.9999999999999649E+00   1.9999999999999649E+00   1.9999999999999649E+00
 1.9999999999999654E+00   1.9999999999999649E+00   1.9999999999999645E+00   1.9999999999999654E+00   1.9999999999999645E+00   1.9999999999999645E+00   1.9999999999999649E+00   1.9999999999999640E+00   1.9999999999999649E+00   1.9999999999999640E+00   1.9999999999999640E+00
 1.9999999999999640E+00   1.9999999999999640E+00   1.9999999999999649E+00   1.9999999999999631E+00   1.9999999999999640E+00   1.9999999999999640E+00   1.9999999999999640E+00   1.9999999999999640E+00   1.9999999999999640E+00   1.9999999999999631E+00   1.9999999999999640E+00
 1.9999999999999631E+00   1.9999999999999627E+00   1.9999999999999631E+00   1.9999999999999640E+00   1.9999999999999631E+00   1.9999999999999618E+00   1.9999999999999623E+00   1.9999999999999623E+00   1.9999999999999623E+00   1.9999999999999618E+00   1.9999999999999623E+00
 1.9999999999999614E+00   1.9999999999997935E+00   1.9999999999997939E+00   1.9999999999997939E+00   1.9999999999997939E+00   1.9999999999997944E+00   1.9999999999997944E+00   1.9999999999997926E+00   1.9999999999997935E+00   1.9999999999997922E+00   1.9999999999997935E+00
 1.9999999999997926E+00   1.9999999999997926E+00   1.9999999999997926E+00   1.9999999999997926E+00   1.9999999999997917E+00   1.9999999999997917E+00   1.9999999999997904E+00   1.9999999999997917E+00   1.9999999999997917E+00   1.9999999999997908E+00   1.9999999999997917E+00
 1.9999999999997904E+00   1.9999999999997908E+00   1.9999999999997904E+00   1.9999999999997908E+00   1.9999999999997908E+00   1.9999999999997908E+00   1.9999999999997908E+00   1.9999999999997899E+00   1.9999999999997899E+00   1.9999999999997908E+00   1.9999999999997899E+00
 1.9999999999997908E+00   1.9999999999997913E+00   1.9999999999997913E+00   1.9999999999997926E+00   1.9999999999997917E+00   1.9999999999997891E+00   1.9999999999997895E+00   1.9999999999997886E+00   1.9999999999989631E+00   1.9999999999989622E+00   1.9999999999989622E+00
 1.9999999999989631E+00   1.9999999999989622E+00   1.9999999999989631E+00   1.9999999999989626E+00   1.9999999999989613E+00   1.9999999999989622E+00   1.9999999999989613E+00   1.9999999999989613E+00   1.9999999999989613E+00   1.9999999999989613E+00   1.9999999999989604E+00
 1.9999999999989604E+00   1.9999999999989613E+00   1.9999999999989604E+00   1.9999999999989604E+00   1.9999999999989604E+00   1.9999999999989604E+00   1.9999999999989613E+00   1.9999999999989599E+00   1.9999999999989604E+00   1.9999999999989604E+00   1.9999999999989604E+00
 1.9999999999989613E+00   1.9999999999989599E+00   1.9999999999989599E+00   1.9999999999989604E+00   1.9999999999989591E+00   1.9999999999989582E+00   1.9999999999989604E+00   1.9999999999989599E+00   1.9999999999989595E+00   1.9999999999989586E+00   1.9999999999989582E+00
 1.9999999999989573E+00   1.9999999999989586E+00   1.9999999999989586E+00   1.9999999999989568E+00   1.9999999999953224E+00   1.9999999999953242E+00   1.9999999999953215E+00   1.9999999999953206E+00   1.9999999999953206E+00   1.9999999999953206E+00   1.9999999999953197E+00
 1.9999999999953220E+00   1.9999999999953229E+00   1.9999999999953197E+00   1.9999999999953197E+00   1.9999999999953220E+00   1.9999999999953220E+00   1.9999999999953220E+00   1.9999999999953220E+00   1.9999999999953220E+00   1.9999999999953215E+00   1.9999999999953220E+00
 1.9999999999953220E+00   1.9999999999953197E+00   1.9999999999953211E+00   1.9999999999953197E+00   1.9999999999953211E+00   1.9999999999953197E+00   1.9999999999953211E+00   1.9999999999953202E+00   1.9999999999953180E+00   1.9999999999953202E+00   1.9999999999953180E+00
 1.9999999999953180E+00   1.9999999999953180E+00   1.9999999999953189E+00   1.9999999999953189E+00   1.9999999999953193E+00   1.9999999999953184E+00   1.9999999999953184E+00   1.9999999999953162E+00   1.9999999999953157E+00   1.9999999999953144E+00   1.9999999999953144E+00
 1.9999999999809024E+00   1.9999999999809024E+00   1.9999999999809024E+00   1.9999999999809024E+00   1.9999999999809015E+00   1.9999999999809015E+00   1.9999999999809015E+00   1.9999999999809006E+00   1.9999999999808997E+00   1.9999999999808993E+00   1.9999999999808997E+00
 1.9999999999808997E+00   1.9999999999808993E+00   1.9999999999808993E+00   1.9999999999808997E+00   1.9999999999808993E+00   1.9999999999808993E+00   1.9999999999808993E+00   1.9999999999808993E+00   1.9999999999809006E+00   1.9999999999808997E+00   1.9999999999808993E+00
 1.9999999999809002E+00   1.9999999999808993E+00   1.9999999999809002E+00   1.9999999999808997E+00   1.9999999999808993E+00   1.9999999999808993E+00   1.9999999999808993E+00   1.9999999999808993E+00   1.9999999999808988E+00   1.9999999999809002E+00   1.9999999999808988E+00
 1.9999999999808979E+00   1.9999999999808988E+00   1.9999999999808993E+00   1.9999999999808957E+00   1.9999999999808962E+00   1.9999999999808957E+00   1.9999999999808948E+00   1.9999999999263989E+00   1.9999999999263971E+00   1.9999999999263971E+00   1.9999999999263975E+00
 1.9999999999263975E+00   1.9999999999263962E+00   1.9999999999263953E+00   1.9999999999263953E+00   1.9999999999263953E+00   1.9999999999263953E+00   1.9999999999263953E+00   1.9999999999263953E+00   1.9999999999263953E+00   1.9999999999263953E+00   1.9999999999263971E+00
 1.9999999999263944E+00   1.9999999999263962E+00   1.9999999999263953E+00   1.9999999999263962E+00   1.9999999999263953E+00   1.9999999999263953E+00   1.9999999999263962E+00   1.9999999999263953E+00   1.9999999999263953E+00   1.9999999999263962E+00   1.9999999999263953E+00
 1.9999999999263953E+00   1.9999999999263953E+00   1.9999999999263953E+00   1.9999999999263944E+00   1.9999999999263944E+00   1.9999999999263953E+00   1.9999999999263944E+00   1.9999999999263944E+00   1.9999999999263935E+00   1.9999999999263927E+00   1.9999999999263918E+00
 1.9999999999263918E+00   1.9999999999263918E+00   1.9999999999263918E+00   1.9999999996296922E+00   1.9999999996296944E+00   1.9999999996296922E+00   1.9999999996296944E+00   1.9999999996296913E+00   1.9999999996296922E+00   1.9999999996296922E+00   1.9999999996296922E+00
 1.9999999996296944E+00   1.9999999996296922E+00   1.9999999996296922E+00   1.9999999996296944E+00   1.9999999996296935E+00   1.9999999996296922E+00   1.9999999996296909E+00   1.9999999996296922E+00   1.9999999996296922E+00   1.9999999996296935E+00   1.9999999996296918E+00
 1.9999999996296927E+00   1.9999999996296918E+00   1.9999999996296922E+00   1.9999999996296935E+00   1.9999999996296922E+00   1.9999999996296904E+00   1.9999999996296922E+00   1.9999999996296927E+00   1.9999999996296922E+00   1.9999999996296922E+00   1.9999999996296922E+00
 1.9999999996296922E+00   1.9999999996296904E+00   1.9999999996296909E+00   1.9999999996296909E+00   1.9999999996296900E+00   1.9999999996296909E+00   1.9999999996296891E+00   1.9999999996296900E+00   1.9999999996296900E+00   1.9999999996296896E+00   1.9999999944241735E+00
 1.9999999944241718E+00   1.9999999944241709E+00   1.9999999944241709E+00   1.9999999944241700E+00   1.9999999944241691E+00   1.9999999944241691E+00   1.9999999944241682E+00   1.9999999944241682E+00   1.9999999944241713E+00   1.9999999944241682E+00   1.9999999944241682E+00
 1.9999999944241682E+00   1.9999999944241682E+00   1.9999999944241682E+00   1.9999999944241682E+00   1.9999999944241682E+00   1.9999999944241682E+00   1.9999999944241682E+00   1.9999999944241682E+00   1.9999999944241682E+00   1.9999999944241682E+00   1.9999999944241682E+00
 1.9999999944241682E+00   1.9999999944241682E+00   1.9999999944241682E+00   1.9999999944241682E+00   1.9999999944241682E+00   1.9999999944241673E+00   1.9999999944241673E+00   1.9999999944241673E+00   1.9999999944241709E+00   1.9999999944241709E+00   1.9999999944241700E+00
 1.9999999944241700E+00   1.9999999944241691E+00   1.9999999944241700E+00   1.9999999944241664E+00   1.9999999944241673E+00   1.9999999944241704E+00   1.9999998459734567E+00   1.9999998459734563E+00   1.9999998459734554E+00   1.9999998459734554E+00   1.9999998459734554E+00
 1.9999998459734545E+00   1.9999998459734536E+00   1.9999998459734545E+00   1.9999998459734545E+00   1.9999998459734545E+00   1.9999998459734545E+00   1.9999998459734545E+00   1.9999998459734545E+00   1.9999998459734545E+00   1.9999998459734545E+00   1.9999998459734545E+00
 1.9999998459734545E+00   1.9999998459734545E+00   1.9999998459734527E+00   1.9999998459734545E+00   1.9999998459734536E+00   1.9999998459734545E+00   1.9999998459734545E+00   1.9999998459734536E+00   1.9999998459734545E+00   1.9999998459734545E+00   1.9999998459734545E+00
 1.9999998459734545E+00   1.9999998459734545E+00   1.9999998459734545E+00   1.9999998459734545E+00   1.9999998459734545E+00   1.9999998459734536E+00   1.9999998459734536E+00   1.9999998459734527E+00   1.9999998459734527E+00   1.9999998459734527E+00   1.9999998459734527E+00
 1.9999998459734509E+00   1.9999998459734509E+00   1.9999986808026875E+00   1.9999986808026884E+00   1.9999986808026884E+00   1.9999986808026879E+00   1.9999986808026884E+00   1.9999986808026879E+00   1.9999986808026857E+00   1.9999986808026871E+00   1.9999986808026871E+00
 1.9999986808026862E+00   1.9999986808026875E+00   1.9999986808026862E+00   1.9999986808026866E+00   1.9999986808026866E+00   1.9999986808026866E+00   1.9999986808026857E+00   1.9999986808026866E+00   1.9999986808026866E+00   1.9999986808026857E+00   1.9999986808026857E+00
 1.9999986808026857E+00   1.9999986808026857E+00   1.9999986808026857E+00   1.9999986808026857E+00   1.9999986808026857E+00   1.9999986808026857E+00   1.9999986808026857E+00   1.9999986808026857E+00   1.9999986808026839E+00   1.9999986808026857E+00   1.9999986808026848E+00
 1.9999986808026866E+00   1.9999986808026848E+00   1.9999986808026848E+00   1.9999986808026839E+00   1.9999986808026848E+00   1.9999986808026848E+00   1.9999986808026839E+00   1.9999986808026835E+00   1.9999986808026848E+00   1.9999977404049776E+00   1.9999977404049825E+00
 1.9999977404049847E+00   1.9999977404049856E+00   1.9999977404049873E+00   1.9999977404049865E+00   1.9999977404049873E+00   1.9999977404049865E+00   1.9999977404049869E+00   1.9999977404049865E+00   1.9999977404049869E+00   1.9999977404049865E+00   1.9999977404049865E+00
 1.9999977404049869E+00   1.9999977404049873E+00   1.9999977404049865E+00   1.9999977404049869E+00   1.9999977404049869E+00   1.9999977404049869E+00   1.9999977404049869E+00   1.9999977404049869E+00   1.9999977404049873E+00   1.9999977404049869E+00   1.9999977404049865E+00
 1.9999977404049873E+00   1.9999977404049865E+00   1.9999977404049873E+00   1.9999977404049865E+00   1.9999977404049865E+00   1.9999977404049865E+00   1.9999977404049873E+00   1.9999977404049838E+00   1.9999977404049865E+00   1.9999977404049856E+00   1.9999977404049856E+00
 1.9999977404049865E+00   1.9999977404049882E+00   1.9999977404049882E+00   1.9999977404049865E+00   1.9999977404049882E+00
 1.0000093927704434E+00   1.0000093927675981E+00   1.0000093927651736E+00   1.0000093927632236E+00   1.0000093927618712E+00   1.0000093927610099E+00   1.0000093927604929E+00   1.0000093927601927E+00   1.0000093927600329E+00   1.0000093927599565E+00   1.0000093927599321E+00
 1.0000093927599403E+00   1.0000093927599709E+00   1.0000093927600120E+00   1.0000093927600562E+00   1.0000093927601059E+00   1.0000093927601530E+00   1.0000093927601987E+00   1.0000093927602369E+00   1.0000093927602676E+00   1.0000093927602922E+00   1.0000093927603066E+00
 1.0000093927603140E+00   1.0000093927603060E+00   1.0000093927602858E+00   1.0000093927602474E+00   1.0000093927601896E+00   1.0000093927601110E+00   1.0000093927600087E+00   1.0000093927598837E+00   1.0000093927597378E+00   1.0000093927595743E+00   1.0000093927594060E+00
 1.0000093927592451E+00   1.0000093927591143E+00   1.0000093927590343E+00   1.0000093927590405E+00   1.0000093927591618E+00   1.0000093927594387E+00   1.0000093927603273E+00   1.0000020516953860E+00   1.0000020516950865E+00   1.0000020516949082E+00   1.0000020516947177E+00
 1.0000020516945169E+00   1.0000020516943218E+00   1.0000020516941308E+00   1.0000020516939498E+00   1.0000020516937844E+00   1.0000020516936388E+00   1.0000020516935100E+00   1.0000020516933998E+00   1.0000020516933072E+00   1.0000020516932333E+00   1.0000020516931742E+00
 1.0000020516931265E+00   1.0000020516930916E+00   1.0000020516930617E+00   1.0000020516930395E+00   1.0000020516930228E+00   1.0000020516930088E+00   1.0000020516929948E+00   1.0000020516929797E+00   1.0000020516929611E+00   1.0000020516929384E+00   1.0000020516929087E+00
 1.0000020516928685E+00   1.0000020516928187E+00   1.0000020516927541E+00   1.0000020516926764E+00   1.0000020516925840E+00   1.0000020516924795E+00   1.0000020516923651E+00   1.0000020516922470E+00   1.0000020516921337E+00   1.0000020516920349E+00   1.0000020516919579E+00
 1.0000020516919184E+00   1.0000020516919241E+00   1.0000020516920312E+00   1.0000001471092601E+00   1.0000001471091111E+00   1.0000001471090363E+00   1.0000001471089655E+00   1.0000001471088971E+00   1.0000001471088289E+00   1.0000001471087665E+00   1.0000001471087070E+00
 1.0000001471086519E+00   1.0000001471086002E+00   1.0000001471085529E+00   1.0000001471085107E+00   1.0000001471084725E+00   1.0000001471084368E+00   1.0000001471084081E+00   1.0000001471083813E+00   1.0000001471083573E+00   1.0000001471083366E+00   1.0000001471083175E+00
 1.0000001471083004E+00   1.0000001471082844E+00   1.0000001471082693E+00   1.0000001471082538E+00   1.0000001471082363E+00   1.0000001471082149E+00   1.0000001471081945E+00   1.0000001471081663E+00   1.0000001471081332E+00   1.0000001471080913E+00   1.0000001471080433E+00
 1.0000001471079871E+00   1.0000001471079201E+00   1.0000001471078479E+00   1.0000001471077722E+00   1.0000001471076967E+00   1.0000001471076254E+00   1.0000001471075639E+00   1.0000001471075204E+00   1.0000001471074980E+00   1.0000001471075193E+00   1.0000000041550319E+00
 1.0000000041549360E+00   1.0000000041548880E+00   1.0000000041548427E+00   1.0000000041548032E+00   1.0000000041547668E+00   1.0000000041547341E+00   1.0000000041547050E+00   1.0000000041546786E+00   1.0000000041546546E+00   1.0000000041546340E+00   1.0000000041546149E+00
 1.0000000041545969E+00   1.0000000041545822E+00   1.0000000041545687E+00   1.0000000041545554E+00   1.0000000041545445E+00   1.0000000041545343E+00   1.0000000041545252E+00   1.0000000041545143E+00   1.0000000041545065E+00   1.0000000041544963E+00   1.0000000041544845E+00
 1.0000000041544745E+00   1.0000000041544612E+00   1.0000000041544479E+00   1.0000000041544304E+00   1.0000000041544070E+00   1.0000000041543826E+00   1.0000000041543478E+00   1.0000000041543120E+00   1.0000000041542707E+00   1.0000000041542236E+00   1.0000000041541750E+00
 1.0000000041541259E+00   1.0000000041540784E+00   1.0000000041540362E+00   1.0000000041540047E+00   1.0000000041539865E+00   1.0000000041539991E+00   1.0000000001961227E+00   1.0000000001960634E+00   1.0000000001960343E+00   1.0000000001960077E+00   1.0000000001959846E+00
 1.0000000001959641E+00   1.0000000001959450E+00   1.0000000001959271E+00   1.0000000001959122E+00   1.0000000001958991E+00   1.0000000001958875E+00   1.0000000001958778E+00   1.0000000001958684E+00   1.0000000001958611E+00   1.0000000001958549E+00   1.0000000001958484E+00
 1.0000000001958445E+00   1.0000000001958389E+00   1.0000000001958342E+00   1.0000000001958296E+00   1.0000000001958242E+00   1.0000000001958191E+00   1.0000000001958131E+00   1.0000000001958060E+00   1.0000000001957980E+00   1.0000000001957869E+00   1.0000000001957754E+00
 1.0000000001957607E+00   1.0000000001957432E+00   1.0000000001957217E+00   1.0000000001956961E+00   1.0000000001956688E+00   1.0000000001956391E+00   1.0000000001956058E+00   1.0000000001955704E+00   1.0000000001955407E+00   1.0000000001955092E+00   1.0000000001954878E+00
 1.0000000001954725E+00   1.0000000001954741E+00   1.0000000000396063E+00   1.0000000000395692E+00   1.0000000000395504E+00   1.0000000000395317E+00   1.0000000000395164E+00   1.0000000000395020E+00   1.0000000000394902E+00   1.0000000000394800E+00   1.0000000000394709E+00
 1.0000000000394631E+00   1.0000000000394567E+00   1.0000000000394511E+00   1.0000000000394458E+00   1.0000000000394411E+00   1.0000000000394382E+00   1.0000000000394345E+00   1.0000000000394313E+00   1.0000000000394302E+00   1.0000000000394280E+00   1.0000000000394254E+00
 1.0000000000394227E+00   1.0000000000394200E+00   1.0000000000394160E+00   1.0000000000394116E+00   1.0000000000394067E+00   1.0000000000393998E+00   1.0000000000393918E+00   1.0000000000393841E+00   1.0000000000393705E+00   1.0000000000393567E+00   1.0000000000393401E+00
 1.0000000000393205E+00   1.0000000000392983E+00   1.0000000000392752E+00   1.0000000000392517E+00   1.0000000000392271E+00   1.0000000000392055E+00   1.0000000000391882E+00   1.0000000000391771E+00   1.0000000000391760E+00   1.0000000000106599E+00   1.0000000000106348E+00
 1.0000000000106222E+00   1.0000000000106091E+00   1.0000000000105993E+00   1.0000000000105906E+00   1.0000000000105811E+00   1.0000000000105747E+00   1.0000000000105689E+00   1.0000000000105640E+00   1.0000000000105591E+00   1.0000000000105547E+00   1.0000000000105524E+00
 1.0000000000105502E+00   1.0000000000105487E+00   1.0000000000105471E+00   1.0000000000105453E+00   1.0000000000105436E+00   1.0000000000105427E+00   1.0000000000105420E+00   1.0000000000105400E+00   1.0000000000105382E+00   1.0000000000105365E+00   1.0000000000105347E+00
 1.0000000000105307E+00   1.0000000000105262E+00   1.0000000000105222E+00   1.0000000000105138E+00   1.0000000000105058E+00   1.0000000000104960E+00   1.0000000000104847E+00   1.0000000000104707E+00   1.0000000000104541E+00   1.0000000000104390E+00   1.0000000000104221E+00
 1.0000000000104046E+00   1.0000000000103884E+00   1.0000000000103755E+00   1.0000000000103684E+00   1.0000000000103646E+00   1.0000000000026963E+00   1.0000000000026796E+00   1.0000000000026685E+00   1.0000000000026623E+00   1.0000000000026550E+00   1.0000000000026481E+00
 1.0000000000026414E+00   1.0000000000026372E+00   1.0000000000026343E+00   1.0000000000026303E+00   1.0000000000026272E+00   1.0000000000026250E+00   1.0000000000026232E+00   1.0000000000026223E+00   1.0000000000026206E+00   1.0000000000026197E+00   1.0000000000026179E+00
 1.0000000000026170E+00   1.0000000000026172E+00   1.0000000000026159E+00   1.0000000000026155E+00   1.0000000000026144E+00   1.0000000000026128E+00   1.0000000000026112E+00   1.0000000000026084E+00   1.0000000000026064E+00   1.0000000000026033E+00   1.0000000000025984E+00
 1.0000000000025926E+00   1.0000000000025855E+00   1.0000000000025759E+00   1.0000000000025668E+00   1.0000000000025553E+00   1.0000000000025440E+00   1.0000000000025313E+00   1.0000000000025182E+00   1.0000000000025051E+00   1.0000000000024964E+00   1.0000000000024880E+00
 1.0000000000024873E+00   1.0000000000006539E+00   1.0000000000006426E+00   1.0000000000006355E+00   1.0000000000006297E+00   1.0000000000006233E+00   1.0000000000006184E+00   1.0000000000006151E+00   1.0000000000006124E+00   1.0000000000006086E+00   1.0000000000006057E+00
 1.0000000000006042E+00   1.0000000000006033E+00   1.0000000000006017E+00   1.0000000000005995E+00   1.0000000000006000E+00   1.0000000000005995E+00   1.0000000000005982E+00   1.0000000000005966E+00   1.0000000000005960E+00   1.0000000000005957E+00   1.0000000000005944E+00
 1.0000000000005951E+00   1.0000000000005944E+00   1.0000000000005922E+00   1.0000000000005915E+00   1.0000000000005902E+00   1.0000000000005871E+00   1.0000000000005840E+00   1.0000000000005780E+00   1.0000000000005738E+00   1.0000000000005678E+00   1.0000000000005613E+00
 1.0000000000005536E+00   1.0000000000005431E+00   1.0000000000005349E+00   1.0000000000005231E+00   1.0000000000005156E+00   1.0000000000005076E+00   1.0000000000005020E+00   1.0000000000005012E+00   1.0000000000001779E+00   1.0000000000001688E+00   1.0000000000001621E+00
 1.0000000000001588E+00   1.0000000000001541E+00   1.0000000000001517E+00   1.0000000000001477E+00   1.0000000000001454E+00   1.0000000000001437E+00   1.0000000000001408E+00   1.0000000000001394E+00   1.0000000000001379E+00   1.0000000000001386E+00   1.0000000000001377E+00
 1.0000000000001363E+00   1.0000000000001363E+00   1.0000000000001359E+00   1.0000000000001363E+00   1.0000000000001363E+00   1.0000000000001350E+00   1.0000000000001346E+00   1.0000000000001343E+00   1.0000000000001346E+00   1.0000000000001328E+00   1.0000000000001323E+00
 1.0000000000001295E+00   1.0000000000001283E+00   1.0000000000001255E+00   1.0000000000001226E+00   1.0000000000001177E+00   1.0000000000001130E+00   1.0000000000001088E+00   1.0000000000001021E+00   1.0000000000000959E+00   1.0000000000000857E+00   1.0000000000000782E+00
 1.0000000000000713E+00   1.0000000000000657E+00   1.0000000000000622E+00   1.0000000000000586E+00   1.0000000000000686E+00   1.0000000000000628E+00   1.0000000000000600E+00   1.0000000000000566E+00   1.0000000000000524E+00   1.0000000000000515E+00   1.0000000000000480E+00
 1.0000000000000457E+00   1.0000000000000451E+00   1.0000000000000437E+00   1.0000000000000420E+00   1.0000000000000404E+00   1.0000000000000395E+00   1.0000000000000395E+00   1.0000000000000391E+00   1.0000000000000395E+00   1.0000000000000382E+00   1.0000000000000380E+00
 1.0000000000000380E+00   1.0000000000000380E+00   1.0000000000000371E+00   1.0000000000000375E+00   1.0000000000000371E+00   1.0000000000000362E+00   1.0000000000000353E+00   1.0000000000000342E+00   1.0000000000000333E+00   1.0000000000000311E+00   1.0000000000000286E+00
 1.0000000000000255E+00   1.0000000000000202E+00   1.0000000000000171E+00   1.0000000000000131E+00   1.0000000000000058E+00   9.9999999999999722E-01   9.9999999999999167E-01   9.9999999999998657E-01   9.9999999999998368E-01   9.9999999999998146E-01   9.9999999999997846E-01
 1.0000000000000442E+00   1.0000000000000382E+00   1.0000000000000355E+00   1.0000000000000324E+00   1.0000000000000298E+00   1.0000000000000280E+00   1.0000000000000262E+00   1.0000000000000249E+00   1.0000000000000233E+00   1.0000000000000226E+00   1.0000000000000213E+00
 1.0000000000000204E+00   1.0000000000000198E+00   1.0000000000000191E+00   1.0000000000000191E+00   1.0000000000000184E+00   1.0000000000000184E+00   1.0000000000000182E+00   1.0000000000000182E+00   1.0000000000000182E+00   1.0000000000000182E+00   1.0000000000000173E+00
 1.0000000000000173E+00   1.0000000000000169E+00   1.0000000000000160E+00   1.0000000000000155E+00   1.0000000000000147E+00   1.0000000000000129E+00   1.0000000000000093E+00   1.0000000000000071E+00   1.0000000000000049E+00   1.0000000000000024E+00   9.9999999999999645E-01
 9.9999999999999056E-01   9.9999999999998612E-01   9.9999999999998190E-01   9.9999999999997935E-01   9.9999999999997446E-01   9.9999999999997158E-01   9.9999999999997280E-01   1.0000000000000335E+00   1.0000000000000293E+00   1.0000000000000269E+00   1.0000000000000244E+00
 1.0000000000000222E+00   1.0000000000000209E+00   1.0000000000000200E+00   1.0000000000000191E+00   1.0000000000000178E+00   1.0000000000000173E+00   1.0000000000000164E+00   1.0000000000000153E+00   1.0000000000000149E+00   1.0000000000000147E+00   1.0000000000000142E+00
 1.0000000000000138E+00   1.0000000000000138E+00   1.0000000000000133E+00   1.0000000000000129E+00   1.0000000000000129E+00   1.0000000000000129E+00   1.0000000000000129E+00   1.0000000000000129E+00   1.0000000000000129E+00   1.0000000000000129E+00   1.0000000000000102E+00
 1.0000000000000089E+00   1.0000000000000075E+00   1.0000000000000062E+00   1.0000000000000049E+00   1.0000000000000033E+00   1.0000000000000007E+00   9.9999999999999500E-01   9.9999999999999056E-01   9.9999999999998745E-01   9.9999999999998423E-01   9.9999999999998168E-01
 9.9999999999998035E-01   9.9999999999997902E-01   9.9999999999997680E-01   1.0000000000000289E+00   1.0000000000000253E+00   1.0000000000000235E+00   1.0000000000000222E+00   1.0000000000000204E+00   1.0000000000000187E+00   1.0000000000000171E+00   1.0000000000000164E+00
 1.0000000000000149E+00   1.0000000000000138E+00   1.0000000000000133E+00   1.0000000000000120E+00   1.0000000000000115E+00   1.0000000000000107E+00   1.0000000000000111E+00   1.0000000000000115E+00   1.0000000000000115E+00   1.0000000000000115E+00   1.0000000000000115E+00
 1.0000000000000120E+00   1.0000000000000115E+00   1.0000000000000120E+00   1.0000000000000115E+00   1.0000000000000115E+00   1.0000000000000098E+00   1.0000000000000084E+00   1.0000000000000071E+00   1.0000000000000058E+00   1.0000000000000044E+00   1.0000000000000031E+00
 1.0000000000000013E+00   9.9999999999999956E-01   9.9999999999999833E-01   9.9999999999999267E-01   9.9999999999998923E-01   9.9999999999998612E-01   9.9999999999998646E-01   9.9999999999998568E-01   9.9999999999998368E-01   9.9999999999998168E-01   1.0000000000000264E+00
 1.0000000000000233E+00   1.0000000000000209E+00   1.0000000000000195E+00   1.0000000000000178E+00   1.0000000000000164E+00   1.0000000000000147E+00   1.0000000000000138E+00   1.0000000000000124E+00   1.0000000000000107E+00   1.0000000000000098E+00   1.0000000000000098E+00
 1.0000000000000098E+00   1.0000000000000098E+00   1.0000000000000102E+00   1.0000000000000098E+00   1.0000000000000098E+00   1.0000000000000102E+00   1.0000000000000102E+00   1.0000000000000102E+00   1.0000000000000107E+00   1.0000000000000107E+00   1.0000000000000102E+00
 1.0000000000000089E+00   1.0000000000000071E+00   1.0000000000000062E+00   1.0000000000000049E+00   1.0000000000000031E+00   1.0000000000000022E+00   1.0000000000000004E+00   9.9999999999999978E-01   9.9999999999999978E-01   9.9999999999999900E-01   9.9999999999999856E-01
 9.9999999999999445E-01   9.9999999999998967E-01   9.9999999999999045E-01   9.9999999999998879E-01   9.9999999999998268E-01   9.9999999999998612E-01   1.0000000000000249E+00   1.0000000000000198E+00   1.0000000000000182E+00   1.0000000000000164E+00   1.0000000000000151E+00
 1.0000000000000133E+00   1.0000000000000120E+00   1.0000000000000102E+00   1.0000000000000098E+00   1.0000000000000093E+00   1.0000000000000089E+00   1.0000000000000084E+00   1.0000000000000084E+00   1.0000000000000084E+00   1.0000000000000080E+00   1.0000000000000084E+00
 1.0000000000000084E+00   1.0000000000000084E+00   1.0000000000000089E+00   1.0000000000000089E+00   1.0000000000000089E+00   1.0000000000000084E+00   1.0000000000000067E+00   1.0000000000000053E+00   1.0000000000000044E+00   1.0000000000000027E+00   1.0000000000000013E+00
 1.0000000000000000E+00   1.0000000000000000E+00   1.0000000000000000E+00   9.9999999999999978E-01   9.9999999999999978E-01   9.9999999999999978E-01   9.9999999999999978E-01   9.9999999999999978E-01   9.9999999999999467E-01   9.9999999999999711E-01   9.9999999999998757E-01
 9.9999999999999178E-01   9.9999999999999012E-01   1.0000000000000213E+00   1.0000000000000173E+00   1.0000000000000151E+00   1.0000000000000129E+00   1.0000000000000115E+00   1.0000000000000107E+00   1.0000000000000098E+00   1.0000000000000093E+00   1.0000000000000084E+00
 1.0000000000000084E+00   1.0000000000000080E+00   1.0000000000000075E+00   1.0000000000000067E+00   1.0000000000000067E+00   1.0000000000000062E+00   1.0000000000000062E+00   1.0000000000000067E+00   1.0000000000000062E+00   1.0000000000000062E+00   1.0000000000000062E+00
 1.0000000000000067E+00   1.0000000000000053E+00   1.0000000000000031E+00   1.0000000000000022E+00   1.0000000000000004E+00   1.0000000000000000E+00   1.0000000000000000E+00   1.0000000000000000E+00   1.0000000000000000E+00   1.0000000000000000E+00   9.9999999999999978E-01
 9.9999999999999978E-01   9.9999999999999978E-01   9.9999999999999978E-01   9.9999999999999978E-01   9.9999999999999978E-01   9.9999999999999978E-01   9.9999999999999856E-01   9.9999999999999634E-01   9.9999999999999267E-01   1.0000000000000151E+00   1.0000000000000133E+00
 1.0000000000000120E+00   1.0000000000000115E+00   1.0000000000000107E+00   1.0000000000000098E+00   1.0000000000000093E+00   1.0000000000000084E+00   1.0000000000000075E+00   1.0000000000000071E+00   1.0000000000000067E+00   1.0000000000000067E+00   1.0000000000000058E+00
 1.0000000000000058E+00   1.0000000000000053E+00   1.0000000000000044E+00   1.0000000000000044E+00   1.0000000000000044E+00   1.0000000000000040E+00   1.0000000000000036E+00   1.0000000000000027E+00   1.0000000000000013E+00   1.0000000000000000E+00   1.0000000000000000E+00
 1.0000000000000000E+00   1.0000000000000000E+00   1.0000000000000000E+00   1.0000000000000000E+00   1.0000000000000000E+00   1.0000000000000000E+00   1.0000000000000000E+00   9.9999999999999978E-01   9.9999999999999978E-01   9.9999999999999978E-01   9.9999999999999978E-01
 9.9999999999999978E-01   9.9999999999999978E-01   9.9999999999999978E-01   9.9999999999999178E-01   9.9999999999998934E-01   1.0000000000000147E+00   1.0000000000000129E+00   1.0000000000000115E+00   1.0000000000000107E+00   1.0000000000000098E+00   1.0000000000000089E+00
 1.0000000000000084E+00   1.0000000000000075E+00   1.0000000000000071E+00   1.0000000000000062E+00   1.0000000000000058E+00   1.0000000000000053E+00   1.0000000000000044E+00   1.0000000000000040E+00   1.0000000000000031E+00   1.0000000000000031E+00   1.0000000000000027E+00
 1.0000000000000022E+00   1.0000000000000013E+00   1.0000000000000000E+00   1.0000000000000000E+00   1.0000000000000000E+00   1.0000000000000000E+00   1.0000000000000000E+00   1.0000000000000000E+00   1.0000000000000000E+00   1.0000000000000000E+00   1.0000000000000000E+00
 1.0000000000000000E+00   1.0000000000000000E+00   1.0000000000000000E+00   1.0000000000000000E+00   9.9999999999999978E-01   9.9999999999999978E-01   9.9999999999999978E-01   9.9999999999999978E-01   9.9999999999999978E-01   9.9999999999999978E-01   9.9999999999999978E-01
 9.9999999999999156E-01   1.0000000000000133E+00   1.0000000000000115E+00   1.0000000000000111E+00   1.0000000000000098E+00   1.0000000000000093E+00   1.0000000000000080E+00   1.0000000000000071E+00   1.0000000000000067E+00   1.0000000000000058E+00   1.0000000000000049E+00
 1.0000000000000044E+00   1.0000000000000044E+00   1.0000000000000036E+00   1.0000000000000027E+00   1.0000000000000022E+00   1.0000000000000018E+00   1.0000000000000004E+00   1.0000000000000000E+00   1.0000000000000000E+00   1.0000000000000000E+00   1.0000000000000000E+00
 1.0000000000000000E+00   1.0000000000000000E+00   1.0000000000000000E+00   1.0000000000000000E+00   1.0000000000000000E+00   1.0000000000000000E+00   1.0000000000000000E+00   1.0000000000000000E+00   1.0000000000000000E+00   1.0000000000000000E+00   1.0000000000000000E+00
 1.0000000000000000E+00   1.0000000000000000E+00   9.9999999999999978E-01   9.9999999999999978E-01   9.9999999999999978E-01   9.9999999999999978E-01   9.9999999999999978E-01   9.9999999999999900E-01   1.0000000000000133E+00   1.0000000000000111E+00   1.0000000000000102E+00
 1.0000000000000089E+00   1.0000000000000080E+00   1.0000000000000071E+00   1.0000000000000062E+00   1.0000000000000053E+00   1.0000000000000049E+00   1.0000000000000040E+00   1.0000000000000036E+00   1.0000000000000022E+00   1.0000000000000018E+00   1.0000000000000013E+00
 1.0000000000000004E+00   1.0000000000000000E+00   1.0000000000000000E+00   1.0000000000000000E+00   1.0000000000000000E+00   1.0000000000000000E+00   1.0000000000000000E+00   1.0000000000000004E+00   1.0000000000000000E+00   1.0000000000000000E+00   1.0000000000000000E+00
 1.0000000000000000E+00   1.0000000000000000E+00   1.0000000000000000E+00   1.0000000000000000E+00   1.0000000000000000E+00   1.0000000000000000E+00   1.0000000000000000E+00   1.0000000000000000E+00   1.0000000000000000E+00   1.0000000000000000E+00   9.9999999999999978E-01
 9.9999999999999978E-01   9.9999999999999978E-01   9.9999999999999978E-01   9.9999999999999978E-01   1.0000000000000120E+00   1.0000000000000102E+00   1.0000000000000089E+00   1.0000000000000080E+00   1.0000000000000067E+00   1.0000000000000062E+00   1.0000000000000053E+00
 1.0000000000000044E+00   1.0000000000000036E+00   1.0000000000000031E+00   1.0000000000000018E+00   1.0000000000000013E+00   1.0000000000000004E+00   1.0000000000000000E+00   1.0000000000000000E+00   1.0000000000000000E+00   1.0000000000000000E+00   1.0000000000000000E+00
 1.0000000000000000E+00   1.0000000000000000E+00   1.0000000000000000E+00   1.0000000000000000E+00   1.0000000000000000E+00   1.0000000000000000E+00   1.0000000000000000E+00   1.0000000000000000E+00   1.0000000000000000E+00   1.0000000000000000E+00   1.0000000000000000E+00
 1.0000000000000000E+00   1.0000000000000000E+00   1.0000000000000000E+00   1.0000000000000000E+00   1.0000000000000000E+00   1.0000000000000000E+00   1.0000000000000000E+00   9.9999999999999978E-01   9.9999999999999978E-01   9.9999999999999978E-01   9.9999999999999978E-01
 1.0000000000000111E+00   1.0000000000000089E+00   1.0000000000000080E+00   1.0000000000000071E+00   1.0000000000000058E+00   1.0000000000000049E+00   1.0000000000000040E+00   1.0000000000000036E+00   1.0000000000000022E+00   1.0000000000000018E+00   1.0000000000000004E+00
 1.0000000000000000E+00   1.0000000000000000E+00   1.0000000000000000E+00   1.0000000000000000E+00   1.0000000000000000E+00   1.0000000000000000E+00   1.0000000000000000E+00   1.0000000000000000E+00   1.0000000000000000E+00   1.0000000000000000E+00   1.0000000000000000E+00
 1.0000000000000000E+00   1.0000000000000000E+00   1.0000000000000000E+00   1.0000000000000000E+00   1.0000000000000000E+00   1.0000000000000000E+00   1.0000000000000000E+00   1.0000000000000000E+00   1.0000000000000000E+00   1.0000000000000000E+00   1.0000000000000000E+00
 1.0000000000000000E+00   1.0000000000000000E+00   1.0000000000000000E+00   1.0000000000000000E+00   9.9999999999999978E-01   9.9999999999999978E-01   9.9999999999999978E-01   1.0000000000000102E+00   1.0000000000000080E+00   1.0000000000000067E+00   1.0000000000000058E+00
 1.0000000000000044E+00   1.0000000000000036E+00   1.0000000000000027E+00   1.0000000000000018E+00   1.0000000000000009E+00   1.0000000000000000E+00   1.0000000000000000E+00   1.0000000000000000E+00   1.0000000000000000E+00   1.0000000000000000E+00   1.0000000000000000E+00
 1.0000000000000000E+00   1.0000000000000000E+00   1.0000000000000000E+00   1.0000000000000000E+00   1.0000000000000000E+00   1.0000000000000000E+00   1.0000000000000000E+00   1.0000000000000000E+00   1.0000000000000000E+00   1.0000000000000000E+00   1.0000000000000000E+00
 1.0000000000000000E+00   1.0000000000000000E+00   1.0000000000000000E+00   1.0000000000000000E+00   1.0000000000000000E+00   1.0000000000000000E+00   1.0000000000000000E+00   1.0000000000000000E+00   1.0000000000000000E+00   1.0000000000000000E+00   1.0000000000000000E+00
 1.0000000000000000E+00   9.9999999999999978E-01   9.9999999999999978E-01   1.0000000000000084E+00   1.0000000000000067E+00   1.0000000000000053E+00   1.0000000000000044E+00   1.0000000000000031E+00   1.0000000000000022E+00   1.0000000000000009E+00   1.0000000000000004E+00
 1.0000000000000000E+00   1.0000000000000000E+00   1.0000000000000000E+00   1.0000000000000000E+00   1.0000000000000000E+00   1.0000000000000000E+00   1.0000000000000000E+00   1.0000000000000000E+00   1.0000000000000000E+00   1.0000000000000000E+00   1.0000000000000000E+00
 1.0000000000000000E+00   1.0000000000000000E+00   1.0000000000000000E+00   1.0000000000000000E+00   1.0000000000000000E+00   1.0000000000000000E+00   1.0000000000000000E+00   1.0000000000000000E+00   1.0000000000000000E+00   1.0000000000000000E+00   1.0000000000000000E+00
 1.0000000000000000E+00   1.0000000000000000E+00   1.0000000000000000E+00   1.0000000000000000E+00   1.0000000000000000E+00   1.0000000000000000E+00   1.0000000000000000E+00   1.0000000000000000E+00   9.9999999999999978E-01   9.9999999999999978E-01   1.0000000000000062E+00
 1.0000000000000058E+00   1.0000000000000040E+00   1.0000000000000027E+00   1.0000000000000013E+00   1.0000000000000004E+00   1.0000000000000000E+00   1.0000000000000000E+00   1.0000000000000000E+00   1.0000000000000000E+00   1.0000000000000000E+00   1.0000000000000000E+00
 1.0000000000000000E+00   1.0000000000000000E+00   1.0000000000000000E+00   1.0000000000000000E+00   1.0000000000000000E+00   1.0000000000000000E+00   1.0000000000000000E+00   1.0000000000000000E+00   1.0000000000000000E+00   1.0000000000000000E+00   1.0000000000000000E+00
 1.0000000000000000E+00   1.0000000000000000E+00   1.0000000000000000E+00   1.0000000000000000E+00   1.0000000000000000E+00   1.0000000000000000E+00   1.0000000000000000E+00   1.0000000000000000E+00   1.0000000000000000E+00   1.0000000000000000E+00   1.0000000000000000E+00
 1.0000000000000000E+00   1.0000000000000000E+00   1.0000000000000000E+00   1.0000000000000000E+00   1.0000000000000000E+00   9.9999999999999978E-01   1.0000000000000031E+00   1.0000000000000027E+00   1.0000000000000013E+00   1.0000000000000000E+00   1.0000000000000000E+00
 1.0000000000000000E+00   1.0000000000000000E+00   1.0000000000000000E+00   1.0000000000000000E+00   1.0000000000000000E+00   1.0000000000000000E+00   1.0000000000000000E+00   1.0000000000000000E+00   1.0000000000000000E+00   1.0000000000000000E+00   1.0000000000000000E+00
 1.0000000000000000E+00   1.0000000000000000E+00   1.0000000000000000E+00   1.0000000000000000E+00   1.0000000000000000E+00   1.0000000000000000E+00   1.0000000000000000E+00   1.0000000000000000E+00   1.0000000000000000E+00   1.0000000000000000E+00   1.0000000000000000E+00
 1.0000000000000000E+00   1.0000000000000000E+00   1.0000000000000000E+00   1.0000000000000000E+00   1.0000000000000000E+00   1.0000000000000000E+00   1.0000000000000000E+00   1.0000000000000000E+00   1.0000000000000000E+00   1.0000000000000000E+00   1.0000000000000000E+00
 1.0000000000000000E+00   9.9999999999999978E-01   1.0000000000000000E+00   1.0000000000000000E+00   1.0000000000000000E+00   1.0000000000000000E+00   1.0000000000000000E+00   1.0000000000000000E+00   1.0000000000000000E+00   1.0000000000000000E+00   1.0000000000000000E+00
 1.0000000000000000E+00   1.0000000000000000E+00   1.0000000000000000E+00   1.0000000000000000E+00   1.0000000000000000E+00   1.0000000000000000E+00   1.0000000000000000E+00   1.0000000000000000E+00   1.0000000000000000E+00   1.0000000000000000E+00   1.0000000000000000E+00
 1.0000000000000000E+00   1.0000000000000000E+00   1.0000000000000000E+00   1.0000000000000000E+00   1.0000000000000000E+00   1.0000000000000000E+00   1.0000000000000000E+00   1.0000000000000000E+00   1.0000000000000000E+00   1.0000000000000000E+00   9.9999999999999978E-01
 9.9999999999999978E-01   9.9999999999999978E-01   9.9999999999999978E-01   9.9999999999999978E-01   9.9999999999999978E-01   9.9999999999999978E-01   9.9999999999999978E-01   9.9999999999999978E-01   9.9999999999999978E-01   9.9999999999999889E-01   9.9999999999999889E-01
 9.9999999999999867E-01   9.9999999999999845E-01   9.9999999999999845E-01   9.9999999999999845E-01   9.9999999999999845E-01   9.9999999999999845E-01   9.9999999999999833E-01   9.9999999999999833E-01   9.9999999999999833E-01   9.9999999999999833E-01   9.9999999999999811E-01
 9.9999999999999811E-01   9.9999999999999811E-01   9.9999999999999811E-01   9.9999999999999822E-01   9.9999999999999811E-01   9.9999999999999811E-01   9.9999999999999822E-01   9.9999999999999822E-01   9.9999999999999778E-01   9.9999999999999778E-01   9.9999999999999778E-01
 9.9999999999999778E-01   9.9999999999999778E-01   9.9999999999999778E-01   9.9999999999999778E-01   9.9999999999999767E-01   9.9999999999999767E-01   9.9999999999999767E-01   9.9999999999999778E-01   9.9999999999999778E-01   9.9999999999999734E-01   9.9999999999999734E-01
 9.9999999999999722E-01   9.9999999999999722E-01   9.9999999999999722E-01   9.9999999999999778E-01   9.9999999999999767E-01   9.9999999999997979E-01   9.9999999999997891E-01   9.9999999999997857E-01   9.9999999999997891E-01   9.9999999999997868E-01   9.9999999999997868E-01
 9.9999999999997879E-01   9.9999999999997868E-01   9.9999999999997857E-01   9.9999999999997879E-01   9.9999999999997846E-01   9.9999999999997846E-01   9.9999999999997857E-01   9.9999999999997813E-01   9.9999999999997857E-01   9.9999999999997813E-01   9.9999999999997813E-01
 9.9999999999997813E-01   9.9999999999997813E-01   9.9999999999997857E-01   9.9999999999997757E-01   9.9999999999997813E-01   9.9999999999997813E-01   9.9999999999997813E-01   9.9999999999997813E-01   9.9999999999997813E-01   9.9999999999997757E-01   9.9999999999997813E-01
 9.9999999999997757E-01   9.9999999999997724E-01   9.9999999999997757E-01   9.9999999999997780E-01   9.9999999999997735E-01   9.9999999999997680E-01   9.9999999999997680E-01   9.9999999999997680E-01   9.9999999999997680E-01   9.9999999999997680E-01   9.9999999999997713E-01
 9.9999999999997680E-01   9.9999999999987210E-01   9.9999999999987221E-01   9.9999999999987221E-01   9.9999999999987221E-01   9.9999999999987232E-01   9.9999999999987232E-01   9.9999999999987155E-01   9.9999999999987188E-01   9.9999999999987110E-01   9.9999999999987188E-01
 9.9999999999987121E-01   9.9999999999987144E-01   9.9999999999987121E-01   9.9999999999987121E-01   9.9999999999987077E-01   9.9999999999987077E-01   9.9999999999987021E-01   9.9999999999987077E-01   9.9999999999987077E-01   9.9999999999987033E-01   9.9999999999987077E-01
 9.9999999999987021E-01   9.9999999999987033E-01   9.9999999999987021E-01   9.9999999999987033E-01   9.9999999999987033E-01   9.9999999999987033E-01   9.9999999999987033E-01   9.9999999999986988E-01   9.9999999999986977E-01   9.9999999999987010E-01   9.9999999999986977E-01
 9.9999999999986999E-01   9.9999999999987010E-01   9.9999999999987010E-01   9.9999999999987055E-01   9.9999999999987021E-01   9.9999999999986888E-01   9.9999999999986922E-01   9.9999999999986933E-01   9.9999999999934397E-01   9.9999999999934353E-01   9.9999999999934353E-01
 9.9999999999934408E-01   9.9999999999934353E-01   9.9999999999934408E-01   9.9999999999934386E-01   9.9999999999934308E-01   9.9999999999934341E-01   9.9999999999934297E-01   9.9999999999934308E-01   9.9999999999934308E-01   9.9999999999934297E-01   9.9999999999934264E-01
 9.9999999999934264E-01   9.9999999999934297E-01   9.9999999999934264E-01   9.9999999999934253E-01   9.9999999999934264E-01   9.9999999999934253E-01   9.9999999999934297E-01   9.9999999999934219E-01   9.9999999999934253E-01   9.9999999999934264E-01   9.9999999999934253E-01
 9.9999999999934297E-01   9.9999999999934208E-01   9.9999999999934208E-01   9.9999999999934253E-01   9.9999999999934164E-01   9.9999999999934119E-01   9.9999999999934219E-01   9.9999999999934186E-01   9.9999999999934175E-01   9.9999999999934130E-01   9.9999999999934086E-01
 9.9999999999934042E-01   9.9999999999934119E-01   9.9999999999934119E-01   9.9999999999934075E-01   9.9999999999697697E-01   9.9999999999697764E-01   9.9999999999697653E-01   9.9999999999697609E-01   9.9999999999697609E-01   9.9999999999697609E-01   9.9999999999697564E-01
 9.9999999999697664E-01   9.9999999999697708E-01   9.9999999999697564E-01   9.9999999999697564E-01   9.9999999999697664E-01   9.9999999999697664E-01   9.9999999999697664E-01   9.9999999999697664E-01   9.9999999999697664E-01   9.9999999999697631E-01   9.9999999999697664E-01
 9.9999999999697664E-01   9.9999999999697564E-01   9.9999999999697620E-01   9.9999999999697564E-01   9.9999999999697620E-01   9.9999999999697542E-01   9.9999999999697620E-01   9.9999999999697575E-01   9.9999999999697453E-01   9.9999999999697575E-01   9.9999999999697453E-01
 9.9999999999697453E-01   9.9999999999697442E-01   9.9999999999697486E-01   9.9999999999697475E-01   9.9999999999697486E-01   9.9999999999697442E-01   9.9999999999697442E-01   9.9999999999697320E-01   9.9999999999697309E-01   9.9999999999697264E-01   9.9999999999697253E-01
 9.9999999998727973E-01   9.9999999998727984E-01   9.9999999998727973E-01   9.9999999998727962E-01   9.9999999998727918E-01   9.9999999998727929E-01   9.9999999998727918E-01   9.9999999998727884E-01   9.9999999998727829E-01   9.9999999998727795E-01   9.9999999998727829E-01
 9.9999999998727829E-01   9.9999999998727795E-01   9.9999999998727795E-01   9.9999999998727829E-01   9.9999999998727795E-01   9.9999999998727795E-01   9.9999999998727795E-01   9.9999999998727795E-01   9.9999999998727873E-01   9.9999999998727829E-01   9.9999999998727795E-01
 9.9999999998727851E-01   9.9999999998727807E-01   9.9999999998727851E-01   9.9999999998727807E-01   9.9999999998727795E-01   9.9999999998727795E-01   9.9999999998727795E-01   9.9999999998727795E-01   9.9999999998727773E-01   9.9999999998727807E-01   9.9999999998727751E-01
 9.9999999998727707E-01   9.9999999998727751E-01   9.9999999998727773E-01   9.9999999998727607E-01   9.9999999998727629E-01   9.9999999998727618E-01   9.9999999998727596E-01   9.9999999994826738E-01   9.9999999994826649E-01   9.9999999994826649E-01   9.9999999994826683E-01
 9.9999999994826683E-01   9.9999999994826605E-01   9.9999999994826561E-01   9.9999999994826561E-01   9.9999999994826561E-01   9.9999999994826561E-01   9.9999999994826561E-01   9.9999999994826561E-01   9.9999999994826561E-01   9.9999999994826561E-01   9.9999999994826649E-01
 9.9999999994826516E-01   9.9999999994826616E-01   9.9999999994826561E-01   9.9999999994826594E-01   9.9999999994826549E-01   9.9999999994826561E-01   9.9999999994826616E-01   9.9999999994826561E-01   9.9999999994826561E-01   9.9999999994826616E-01   9.9999999994826549E-01
 9.9999999994826549E-01   9.9999999994826549E-01   9.9999999994826549E-01   9.9999999994826494E-01   9.9999999994826505E-01   9.9999999994826549E-01   9.9999999994826494E-01   9.9999999994826505E-01   9.9999999994826450E-01   9.9999999994826405E-01   9.9999999994826339E-01
 9.9999999994826339E-01   9.9999999994826327E-01   9.9999999994826361E-01   9.9999999969917464E-01   9.9999999969917552E-01   9.9999999969917430E-01   9.9999999969917552E-01   9.9999999969917386E-01   9.9999999969917430E-01   9.9999999969917430E-01   9.9999999969917430E-01
 9.9999999969917541E-01   9.9999999969917430E-01   9.9999999969917419E-01   9.9999999969917541E-01   9.9999999969917497E-01   9.9999999969917419E-01   9.9999999969917364E-01   9.9999999969917419E-01   9.9999999969917419E-01   9.9999999969917497E-01   9.9999999969917408E-01
 9.9999999969917430E-01   9.9999999969917408E-01   9.9999999969917419E-01   9.9999999969917497E-01   9.9999999969917419E-01   9.9999999969917375E-01   9.9999999969917419E-01   9.9999999969917452E-01   9.9999999969917419E-01   9.9999999969917419E-01   9.9999999969917419E-01
 9.9999999969917419E-01   9.9999999969917330E-01   9.9999999969917330E-01   9.9999999969917330E-01   9.9999999969917297E-01   9.9999999969917330E-01   9.9999999969917253E-01   9.9999999969917253E-01   9.9999999969917253E-01   9.9999999969917241E-01   9.9999999521504646E-01
 9.9999999521504568E-01   9.9999999521504523E-01   9.9999999521504523E-01   9.9999999521504479E-01   9.9999999521504435E-01   9.9999999521504435E-01   9.9999999521504390E-01   9.9999999521504390E-01   9.9999999521504535E-01   9.9999999521504390E-01   9.9999999521504390E-01
 9.9999999521504390E-01   9.9999999521504390E-01   9.9999999521504390E-01   9.9999999521504390E-01   9.9999999521504390E-01   9.9999999521504390E-01   9.9999999521504390E-01   9.9999999521504390E-01   9.9999999521504390E-01   9.9999999521504390E-01   9.9999999521504390E-01
 9.9999999521504390E-01   9.9999999521504390E-01   9.9999999521504390E-01   9.9999999521504390E-01   9.9999999521504390E-01   9.9999999521504346E-01   9.9999999521504346E-01   9.9999999521504346E-01   9.9999999521504512E-01   9.9999999521504512E-01   9.9999999521504457E-01
 9.9999999521504468E-01   9.9999999521504401E-01   9.9999999521504435E-01   9.9999999521504257E-01   9.9999999521504312E-01   9.9999999521504446E-01   9.9999985176387673E-01   9.9999985176387618E-01   9.9999985176387562E-01   9.9999985176387562E-01   9.9999985176387562E-01
 9.9999985176387518E-01   9.9999985176387485E-01   9.9999985176387518E-01   9.9999985176387518E-01   9.9999985176387518E-01   9.9999985176387518E-01   9.9999985176387518E-01   9.9999985176387518E-01   9.9999985176387518E-01   9.9999985176387518E-01   9.9999985176387518E-01
 9.9999985176387518E-01   9.9999985176387518E-01   9.9999985176387440E-01   9.9999985176387518E-01   9.9999985176387485E-01   9.9999985176387518E-01   9.9999985176387518E-01   9.9999985176387485E-01   9.9999985176387518E-01   9.9999985176387518E-01   9.9999985176387518E-01
 9.9999985176387518E-01   9.9999985176387518E-01   9.9999985176387518E-01   9.9999985176387518E-01   9.9999985176387518E-01   9.9999985176387474E-01   9.9999985176387463E-01   9.9999985176387429E-01   9.9999985176387429E-01   9.9999985176387429E-01   9.9999985176387429E-01
 9.9999985176387329E-01   9.9999985176387352E-01   9.9999794052642521E-01   9.9999794052642577E-01   9.9999794052642577E-01   9.9999794052642565E-01   9.9999794052642577E-01   9.9999794052642565E-01   9.9999794052642466E-01   9.9999794052642521E-01   9.9999794052642521E-01
 9.9999794052642477E-01   9.9999794052642532E-01   9.9999794052642477E-01   9.9999794052642477E-01   9.9999794052642488E-01   9.9999794052642477E-01   9.9999794052642443E-01   9.9999794052642488E-01   9.9999794052642466E-01   9.9999794052642432E-01   9.9999794052642432E-01
 9.9999794052642421E-01   9.9999794052642432E-01   9.9999794052642432E-01   9.9999794052642421E-01   9.9999794052642421E-01   9.9999794052642421E-01   9.9999794052642421E-01   9.9999794052642421E-01   9.9999794052642321E-01   9.9999794052642421E-01   9.9999794052642366E-01
 9.9999794052642443E-01   9.9999794052642366E-01   9.9999794052642355E-01   9.9999794052642321E-01   9.9999794052642377E-01   9.9999794052642377E-01   9.9999794052642343E-01   9.9999794052642343E-01   9.9999794052642421E-01   9.9999064445269492E-01   9.9999064445269803E-01
 9.9999064445269925E-01   9.9999064445270047E-01   9.9999064445270169E-01   9.9999064445270158E-01   9.9999064445270225E-01   9.9999064445270192E-01   9.9999064445270214E-01   9.9999064445270203E-01   9.9999064445270214E-01   9.9999064445270192E-01   9.9999064445270203E-01
 9.9999064445270214E-01   9.9999064445270247E-01   9.9999064445270192E-01   9.9999064445270214E-01   9.9999064445270214E-01   9.9999064445270214E-01   9.9999064445270214E-01   9.9999064445270214E-01   9.9999064445270225E-01   9.9999064445270214E-01   9.9999064445270169E-01
 9.9999064445270214E-01   9.9999064445270169E-01   9.9999064445270225E-01   9.9999064445270169E-01   9.9999064445270158E-01   9.9999064445270158E-01   9.9999064445270203E-01   9.9999064445270036E-01   9.9999064445270169E-01   9.9999064445270125E-01   9.9999064445270136E-01
 9.9999064445270214E-01   9.9999064445270303E-01   9.9999064445270314E-01   9.9999064445270247E-01   9.9999064445270380E-01
 1.4485664927474322E-04   1.4485664746307684E-04   1.4485664669362002E-04   1.4485664637563440E-04   1.4485664635259179E-04   1.4485664650022145E-04   1.4485664674356954E-04   1.4485664702603630E-04   1.4485664732456004E-04   1.4485664761569001E-04   1.4485664789082024E-04
 1.4485664814457451E-04   1.4485664837986023E-04   1.4485664859250830E-04   1.4485664878321146E-04   1.4485664896030076E-04   1.4485664911690702E-04   1.4485664926297049E-04   1.4485664939869997E-04   1.4485664952387250E-04   1.4485664964589414E-04   1.4485664976208947E-04
 1.4485664988209430E-04   1.4485665000768053E-04   1.4485665013775948E-04   1.4485665028101893E-04   1.4485665043362166E-04   1.4485665059842278E-04   1.4485665077070811E-04   1.4485665094719251E-04   1.4485665112226191E-04   1.4485665128581237E-04   1.4485665143669019E-04
 1.4485665157241601E-04   1.4485665169574100E-04   1.4485665181574115E-04   1.4485665194967199E-04   1.4485665212094211E-04   1.4485665234493177E-04   1.4485665289858438E-04   1.8292859352510077E-04   1.8292859285802776E-04   1.8292859243249806E-04   1.8292859205836239E-04
 1.8292859174418735E-04   1.8292859149245881E-04   1.8292859130167107E-04   1.8292859116477388E-04   1.8292859107845377E-04   1.8292859102993231E-04   1.8292859101714935E-04   1.8292859103213551E-04   1.8292859106867782E-04   1.8292859112012803E-04   1.8292859118897493E-04
 1.8292859126443157E-04   1.8292859134663272E-04   1.8292859143284392E-04   1.8292859152287141E-04   1.8292859161450501E-04   1.8292859170886898E-04   1.8292859180393236E-04   1.8292859190581815E-04   1.8292859200922721E-04   1.8292859211914328E-04   1.8292859223612633E-04
 1.8292859236263378E-04   1.8292859249568227E-04   1.8292859263921638E-04   1.8292859278715552E-04   1.8292859293887558E-04   1.8292859309145895E-04   1.8292859324185585E-04   1.8292859338902664E-04   1.8292859352919395E-04   1.8292859367352907E-04   1.8292859382035268E-04
 1.8292859398207003E-04   1.8292859415983663E-04   1.8292859450971046E-04   1.9343931050801454E-04   1.9343931020361472E-04   1.9343931001055374E-04   1.9343930983021953E-04   1.9343930966397296E-04   1.9343930951924522E-04   1.9343930939412182E-04   1.9343930928635415E-04
 1.9343930919710008E-04   1.9343930912858769E-04   1.9343930907500664E-04   1.9343930903627295E-04   1.9343930901165272E-04   1.9343930899664490E-04   1.9343930899346401E-04   1.9343930900045909E-04   1.9343930901227158E-04   1.9343930903586285E-04   1.9343930906195173E-04
 1.9343930909304765E-04   1.9343930913172069E-04   1.9343930917393499E-04   1.9343930922155681E-04   1.9343930927626844E-04   1.9343930933490573E-04   1.9343930940179948E-04   1.9343930947664199E-04   1.9343930955672111E-04   1.9343930964675897E-04   1.9343930974045922E-04
 1.9343930984113881E-04   1.9343930994563237E-04   1.9343931005112841E-04   1.9343931015757356E-04   1.9343931026494755E-04   1.9343931037477604E-04   1.9343931048819446E-04   1.9343931061260872E-04   1.9343931074232958E-04   1.9343931098136195E-04   1.9412066381610776E-04
 1.9412066364659638E-04   1.9412066354182109E-04   1.9412066344231038E-04   1.9412066335282934E-04   1.9412066327118466E-04   1.9412066319874136E-04   1.9412066313707438E-04   1.9412066308292423E-04   1.9412066304184275E-04   1.9412066300276219E-04   1.9412066297538571E-04
 1.9412066295189698E-04   1.9412066293678911E-04   1.9412066292552211E-04   1.9412066292125979E-04   1.9412066291903541E-04   1.9412066292383013E-04   1.9412066292968691E-04   1.9412066294087368E-04   1.9412066295574284E-04   1.9412066297454193E-04   1.9412066299644054E-04
 1.9412066302241387E-04   1.9412066305544387E-04   1.9412066309096058E-04   1.9412066313244657E-04   1.9412066317834209E-04   1.9412066323326374E-04   1.9412066328876464E-04   1.9412066335136341E-04   1.9412066341647436E-04   1.9412066348261785E-04   1.9412066355383863E-04
 1.9412066362331127E-04   1.9412066369755779E-04   1.9412066377686330E-04   1.9412066385969952E-04   1.9412066395044334E-04   1.9412066410398726E-04   1.9413771619929823E-04   1.9413771609569938E-04   1.9413771603301455E-04   1.9413771597447547E-04   1.9413771591688113E-04
 1.9413771586769692E-04   1.9413771582353788E-04   1.9413771578508790E-04   1.9413771575205372E-04   1.9413771572205545E-04   1.9413771569988506E-04   1.9413771567721610E-04   1.9413771566269459E-04   1.9413771565000230E-04   1.9413771564105422E-04   1.9413771563347076E-04
 1.9413771563010903E-04   1.9413771562849268E-04   1.9413771563097368E-04   1.9413771563373593E-04   1.9413771564030983E-04   1.9413771564946868E-04   1.9413771565998219E-04   1.9413771567622403E-04   1.9413771569217053E-04   1.9413771571413202E-04   1.9413771573822988E-04
 1.9413771576829822E-04   1.9413771579907565E-04   1.9413771583786765E-04   1.9413771587669174E-04   1.9413771591795555E-04   1.9413771596169625E-04   1.9413771600859452E-04   1.9413771605504459E-04   1.9413771610398835E-04   1.9413771615736522E-04   1.9413771621413662E-04
 1.9413771627527869E-04   1.9413771637966874E-04   1.9413880468304308E-04   1.9413880461899459E-04   1.9413880457690844E-04   1.9413880453884660E-04   1.9413880450229958E-04   1.9413880446970540E-04   1.9413880443965844E-04   1.9413880441414906E-04   1.9413880439194081E-04
 1.9413880437183452E-04   1.9413880435620190E-04   1.9413880434090064E-04   1.9413880432902374E-04   1.9413880432069791E-04   1.9413880431256214E-04   1.9413880430605988E-04   1.9413880430274903E-04   1.9413880430014756E-04   1.9413880429920721E-04   1.9413880430063771E-04
 1.9413880430333577E-04   1.9413880430674968E-04   1.9413880431297110E-04   1.9413880432143427E-04   1.9413880433297845E-04   1.9413880434517822E-04   1.9413880436118853E-04   1.9413880437772231E-04   1.9413880440145509E-04   1.9413880442546572E-04   1.9413880445006744E-04
 1.9413880447978452E-04   1.9413880451128588E-04   1.9413880454265789E-04   1.9413880457483954E-04   1.9413880460982726E-04   1.9413880464633432E-04   1.9413880468670125E-04   1.9413880472944747E-04   1.9413880480089984E-04   1.9413905887483303E-04   1.9413905883082684E-04
 1.9413905880438247E-04   1.9413905877804940E-04   1.9413905875395439E-04   1.9413905873221887E-04   1.9413905871194713E-04   1.9413905869465381E-04   1.9413905867868758E-04   1.9413905866586434E-04   1.9413905865321330E-04   1.9413905864369045E-04   1.9413905863593093E-04
 1.9413905862854860E-04   1.9413905862357493E-04   1.9413905861953039E-04   1.9413905861596507E-04   1.9413905861315721E-04   1.9413905861111446E-04   1.9413905861307630E-04   1.9413905861366705E-04   1.9413905861515349E-04   1.9413905861993989E-04   1.9413905862315816E-04
 1.9413905862937294E-04   1.9413905863846555E-04   1.9413905864872067E-04   1.9413905866116039E-04   1.9413905867563479E-04   1.9413905869080137E-04   1.9413905870936278E-04   1.9413905872809524E-04   1.9413905874984442E-04   1.9413905877203749E-04   1.9413905879414167E-04
 1.9413905881981183E-04   1.9413905884458883E-04   1.9413905887279224E-04   1.9413905890444612E-04   1.9413905895514772E-04   1.9413911995948231E-04   1.9413911993056168E-04   1.9413911991085950E-04   1.9413911989420583E-04   1.9413911987643128E-04   1.9413911986174002E-04
 1.9413911984685259E-04   1.9413911983549533E-04   1.9413911982487923E-04   1.9413911981419298E-04   1.9413911980833341E-04   1.9413911980007835E-04   1.9413911979419216E-04   1.9413911978940964E-04   1.9413911978474502E-04   1.9413911978275478E-04   1.9413911977983586E-04
 1.9413911977785687E-04   1.9413911977614524E-04   1.9413911977528888E-04   1.9413911977730520E-04   1.9413911977720678E-04   1.9413911977897888E-04   1.9413911978361742E-04   1.9413911978666498E-04   1.9413911979274353E-04   1.9413911979942683E-04   1.9413911980734191E-04
 1.9413911981668025E-04   1.9413911982906816E-04   1.9413911984063315E-04   1.9413911985442011E-04   1.9413911986900035E-04   1.9413911988599229E-04   1.9413911990119067E-04   1.9413911991947660E-04   1.9413911993878595E-04   1.9413911995694256E-04   1.9413911998175868E-04
 1.9413912001512413E-04   1.9413913329572441E-04   1.9413913327260562E-04   1.9413913326035102E-04   1.9413913324742760E-04   1.9413913323550880E-04   1.9413913322534272E-04   1.9413913321429107E-04   1.9413913320584684E-04   1.9413913319837287E-04   1.9413913319074553E-04
 1.9413913318545308E-04   1.9413913317987215E-04   1.9413913317634494E-04   1.9413913317321651E-04   1.9413913316903943E-04   1.9413913316742426E-04   1.9413913316489412E-04   1.9413913316322236E-04   1.9413913316297779E-04   1.9413913316236332E-04   1.9413913316252752E-04
 1.9413913316251586E-04   1.9413913316456362E-04   1.9413913316578891E-04   1.9413913316921092E-04   1.9413913317259008E-04   1.9413913317750870E-04   1.9413913318387722E-04   1.9413913319135480E-04   1.9413913319886588E-04   1.9413913320662565E-04   1.9413913321656313E-04
 1.9413913322848135E-04   1.9413913323975890E-04   1.9413913325101173E-04   1.9413913326568862E-04   1.9413913327854219E-04   1.9413913329217381E-04   1.9413913330881775E-04   1.9413913333616472E-04   1.9413913593276056E-04   1.9413913591470662E-04   1.9413913590725286E-04
 1.9413913589626323E-04   1.9413913588811447E-04   1.9413913588015995E-04   1.9413913587257436E-04   1.9413913586578113E-04   1.9413913585958906E-04   1.9413913585597203E-04   1.9413913585125019E-04   1.9413913584687904E-04   1.9413913584427500E-04   1.9413913584136069E-04
 1.9413913583958613E-04   1.9413913583815368E-04   1.9413913583552354E-04   1.9413913583471150E-04   1.9413913583398227E-04   1.9413913583265417E-04   1.9413913583307747E-04   1.9413913583425508E-04   1.9413913583453835E-04   1.9413913583534389E-04   1.9413913583842839E-04
 1.9413913584100359E-04   1.9413913584408229E-04   1.9413913584896702E-04   1.9413913585327944E-04   1.9413913585900609E-04   1.9413913586649602E-04   1.9413913587370640E-04   1.9413913588327712E-04   1.9413913589003649E-04   1.9413913589994941E-04   1.9413913590820707E-04
 1.9413913591882613E-04   1.9413913593014921E-04   1.9413913594291043E-04   1.9413913596047280E-04   1.9413913640511834E-04   1.9413913639391289E-04   1.9413913638680007E-04   1.9413913637876209E-04   1.9413913637235286E-04   1.9413913636566130E-04   1.9413913636087977E-04
 1.9413913635516906E-04   1.9413913635187900E-04   1.9413913634756482E-04   1.9413913634399503E-04   1.9413913634144344E-04   1.9413913633968866E-04   1.9413913633679888E-04   1.9413913633533874E-04   1.9413913633315274E-04   1.9413913633261576E-04   1.9413913633229888E-04
 1.9413913633045644E-04   1.9413913633069927E-04   1.9413913633053502E-04   1.9413913633131345E-04   1.9413913633118478E-04   1.9413913633235409E-04   1.9413913633419211E-04   1.9413913633616991E-04   1.9413913633947800E-04   1.9413913634102120E-04   1.9413913634628278E-04
 1.9413913635005250E-04   1.9413913635489032E-04   1.9413913636201420E-04   1.9413913636767791E-04   1.9413913637387898E-04   1.9413913638074472E-04   1.9413913638873675E-04   1.9413913639502707E-04   1.9413913640364309E-04   1.9413913641429045E-04   1.9413913642719977E-04
 1.9413913648269349E-04   1.9413913647516325E-04   1.9413913646843011E-04   1.9413913646367079E-04   1.9413913645901400E-04   1.9413913645316324E-04   1.9413913644968192E-04   1.9413913644575418E-04   1.9413913644215143E-04   1.9413913643921265E-04   1.9413913643598867E-04
 1.9413913643465266E-04   1.9413913643210898E-04   1.9413913643083990E-04   1.9413913642954222E-04   1.9413913642788791E-04   1.9413913642805030E-04   1.9413913642668393E-04   1.9413913642547855E-04   1.9413913642532256E-04   1.9413913642601476E-04   1.9413913642563982E-04
 1.9413913642681810E-04   1.9413913642686922E-04   1.9413913642874408E-04   1.9413913642955506E-04   1.9413913643180573E-04   1.9413913643410896E-04   1.9413913643712345E-04   1.9413913644119425E-04   1.9413913644572258E-04   1.9413913644984084E-04   1.9413913645338908E-04
 1.9413913645920900E-04   1.9413913646424116E-04   1.9413913646990622E-04   1.9413913647546666E-04   1.9413913648309785E-04   1.9413913648954793E-04   1.9413913650099087E-04   1.9413913649592699E-04   1.9413913648967849E-04   1.9413913648436745E-04   1.9413913648168502E-04
 1.9413913647675716E-04   1.9413913647428036E-04   1.9413913646987698E-04   1.9413913646671962E-04   1.9413913646393750E-04   1.9413913646172304E-04   1.9413913646062150E-04   1.9413913645806657E-04   1.9413913645624088E-04   1.9413913645547728E-04   1.9413913645417128E-04
 1.9413913645335886E-04   1.9413913645239731E-04   1.9413913645243059E-04   1.9413913645215117E-04   1.9413913645032377E-04   1.9413913645086544E-04   1.9413913645026021E-04   1.9413913645180628E-04   1.9413913645211268E-04   1.9413913645332443E-04   1.9413913645461987E-04
 1.9413913645535590E-04   1.9413913645903772E-04   1.9413913646064074E-04   1.9413913646225663E-04   1.9413913646639620E-04   1.9413913647041073E-04   1.9413913647319903E-04   1.9413913647750700E-04   1.9413913648104160E-04   1.9413913648584825E-04   1.9413913649066658E-04
 1.9413913649578176E-04   1.9413913650179678E-04   1.9413913651168712E-04   1.9413913650029118E-04   1.9413913649532312E-04   1.9413913649143111E-04   1.9413913648821997E-04   1.9413913648500455E-04   1.9413913648222073E-04   1.9413913647882292E-04   1.9413913647641802E-04
 1.9413913647490654E-04   1.9413913647326763E-04   1.9413913647131441E-04   1.9413913646990010E-04   1.9413913646863971E-04   1.9413913646696619E-04   1.9413913646614334E-04   1.9413913646537274E-04   1.9413913646546644E-04   1.9413913646487078E-04   1.9413913646412041E-04
 1.9413913646442200E-04   1.9413913646372107E-04   1.9413913646354133E-04   1.9413913646489631E-04   1.9413913646459331E-04   1.9413913646588104E-04   1.9413913646646087E-04   1.9413913646756817E-04   1.9413913647009712E-04   1.9413913647150371E-04   1.9413913647461762E-04
 1.9413913647575867E-04   1.9413913647872930E-04   1.9413913648176945E-04   1.9413913648460275E-04   1.9413913648747482E-04   1.9413913649209260E-04   1.9413913649578751E-04   1.9413913649972048E-04   1.9413913650430975E-04   1.9413913651194887E-04   1.9413913650291026E-04
 1.9413913649891720E-04   1.9413913649573753E-04   1.9413913649407461E-04   1.9413913649126839E-04   1.9413913648848419E-04   1.9413913648596686E-04   1.9413913648442933E-04   1.9413913648264023E-04   1.9413913648118081E-04   1.9413913647972384E-04   1.9413913647834511E-04
 1.9413913647704691E-04   1.9413913647647272E-04   1.9413913647596399E-04   1.9413913647520621E-04   1.9413913647473689E-04   1.9413913647430540E-04   1.9413913647388554E-04   1.9413913647360764E-04   1.9413913647385345E-04   1.9413913647439994E-04   1.9413913647386435E-04
 1.9413913647441431E-04   1.9413913647499560E-04   1.9413913647654357E-04   1.9413913647657266E-04   1.9413913647804286E-04   1.9413913648002218E-04   1.9413913648153085E-04   1.9413913648307700E-04   1.9413913648548244E-04   1.9413913648772419E-04   1.9413913649041496E-04
 1.9413913649326354E-04   1.9413913649578879E-04   1.9413913650005897E-04   1.9413913650282184E-04   1.9413913650685269E-04   1.9413913651351652E-04   1.9413913650643874E-04   1.9413913650290833E-04   1.9413913650034973E-04   1.9413913649863761E-04   1.9413913649643131E-04
 1.9413913649425797E-04   1.9413913649273288E-04   1.9413913649041762E-04   1.9413913648902195E-04   1.9413913648842735E-04   1.9413913648643269E-04   1.9413913648641046E-04   1.9413913648487052E-04   1.9413913648424553E-04   1.9413913648333114E-04   1.9413913648395637E-04
 1.9413913648223938E-04   1.9413913648255734E-04   1.9413913648219690E-04   1.9413913648176078E-04   1.9413913648168150E-04   1.9413913648276589E-04   1.9413913648184435E-04   1.9413913648268517E-04   1.9413913648331642E-04   1.9413913648402625E-04   1.9413913648488445E-04
 1.9413913648578482E-04   1.9413913648634883E-04   1.9413913648721001E-04   1.9413913648950198E-04   1.9413913649089247E-04   1.9413913649331298E-04   1.9413913649504280E-04   1.9413913649706356E-04   1.9413913650018837E-04   1.9413913650292007E-04   1.9413913650578087E-04
 1.9413913650938503E-04   1.9413913651506064E-04   1.9413913650920557E-04   1.9413913650682567E-04   1.9413913650542105E-04   1.9413913650268553E-04   1.9413913650020379E-04   1.9413913650053222E-04   1.9413913649753308E-04   1.9413913649618802E-04   1.9413913649556490E-04
 1.9413913649396006E-04   1.9413913649311574E-04   1.9413913649249907E-04   1.9413913649212635E-04   1.9413913649065609E-04   1.9413913648993783E-04   1.9413913649034533E-04   1.9413913648991550E-04   1.9413913648950716E-04   1.9413913648864473E-04   1.9413913648929444E-04
 1.9413913648908684E-04   1.9413913648900390E-04   1.9413913648950239E-04   1.9413913648898075E-04   1.9413913648957525E-04   1.9413913649019341E-04   1.9413913649119001E-04   1.9413913649136760E-04   1.9413913649227540E-04   1.9413913649387080E-04   1.9413913649483200E-04
 1.9413913649637566E-04   1.9413913649851683E-04   1.9413913649931217E-04   1.9413913650243267E-04   1.9413913650462539E-04   1.9413913650597698E-04   1.9413913650868388E-04   1.9413913651167159E-04   1.9413913651600913E-04   1.9413913651232124E-04   1.9413913651020507E-04
 1.9413913650824630E-04   1.9413913650645628E-04   1.9413913650514385E-04   1.9413913650364879E-04   1.9413913650262793E-04   1.9413913650138411E-04   1.9413913650023523E-04   1.9413913649943948E-04   1.9413913649884705E-04   1.9413913649822808E-04   1.9413913649718806E-04
 1.9413913649686629E-04   1.9413913649629118E-04   1.9413913649615473E-04   1.9413913649566570E-04   1.9413913649522809E-04   1.9413913649487502E-04   1.9413913649536180E-04   1.9413913649519700E-04   1.9413913649515637E-04   1.9413913649594326E-04   1.9413913649508151E-04
 1.9413913649546380E-04   1.9413913649599617E-04   1.9413913649645562E-04   1.9413913649736576E-04   1.9413913649805802E-04   1.9413913649942512E-04   1.9413913649981383E-04   1.9413913650114518E-04   1.9413913650239253E-04   1.9413913650377044E-04   1.9413913650666976E-04
 1.9413913650745445E-04   1.9413913651013343E-04   1.9413913651196093E-04   1.9413913651447005E-04   1.9413913651762719E-04   1.9413913651484226E-04   1.9413913651290931E-04   1.9413913651166500E-04   1.9413913651019856E-04   1.9413913650937080E-04   1.9413913650812129E-04
 1.9413913650662251E-04   1.9413913650621049E-04   1.9413913650483358E-04   1.9413913650428619E-04   1.9413913650322796E-04   1.9413913650302215E-04   1.9413913650244037E-04   1.9413913650176209E-04   1.9413913650155541E-04   1.9413913650095186E-04   1.9413913650095452E-04
 1.9413913650076598E-04   1.9413913650058605E-04   1.9413913650033772E-04   1.9413913650011987E-04   1.9413913650039488E-04   1.9413913649994128E-04   1.9413913650077105E-04   1.9413913650039393E-04   1.9413913650154373E-04   1.9413913650156316E-04   1.9413913650216579E-04
 1.9413913650280468E-04   1.9413913650351877E-04   1.9413913650470117E-04   1.9413913650542328E-04   1.9413913650726349E-04   1.9413913650786691E-04   1.9413913650879262E-04   1.9413913651094487E-04   1.9413913651270318E-04   1.9413913651463431E-04   1.9413913651709666E-04
 1.9413913652066204E-04   1.9413913651795280E-04   1.9413913651655470E-04   1.9413913651560765E-04   1.9413913651343927E-04   1.9413913651231241E-04   1.9413913651211280E-04   1.9413913651067694E-04   1.9413913651002135E-04   1.9413913650894536E-04   1.9413913650840085E-04
 1.9413913650749969E-04   1.9413913650733386E-04   1.9413913650643874E-04   1.9413913650674329E-04   1.9413913650621903E-04   1.9413913650545082E-04   1.9413913650550375E-04   1.9413913650508782E-04   1.9413913650534763E-04   1.9413913650511273E-04   1.9413913650470388E-04
 1.9413913650541834E-04   1.9413913650456800E-04   1.9413913650548174E-04   1.9413913650520299E-04   1.9413913650621125E-04   1.9413913650610261E-04   1.9413913650632146E-04   1.9413913650769690E-04   1.9413913650838797E-04   1.9413913650864151E-04   1.9413913650968042E-04
 1.9413913651031539E-04   1.9413913651202198E-04   1.9413913651320636E-04   1.9413913651401927E-04   1.9413913651548665E-04   1.9413913651753368E-04   1.9413913651911949E-04   1.9413913652156260E-04   1.9413913652103205E-04   1.9413913651853654E-04   1.9413913651780164E-04
 1.9413913651654443E-04   1.9413913651586902E-04   1.9413913651579814E-04   1.9413913651421355E-04   1.9413913651346592E-04   1.9413913651322208E-04   1.9413913651199503E-04   1.9413913651189984E-04   1.9413913651132790E-04   1.9413913651048981E-04   1.9413913651061319E-04
 1.9413913651035748E-04   1.9413913650914626E-04   1.9413913650977741E-04   1.9413913650932581E-04   1.9413913650940935E-04   1.9413913650943873E-04   1.9413913650921812E-04   1.9413913650931291E-04   1.9413913650919459E-04   1.9413913650918006E-04   1.9413913650942924E-04
 1.9413913650996118E-04   1.9413913651035374E-04   1.9413913651100358E-04   1.9413913651071090E-04   1.9413913651192071E-04   1.9413913651304167E-04   1.9413913651330204E-04   1.9413913651397354E-04   1.9413913651501681E-04   1.9413913651625947E-04   1.9413913651705305E-04
 1.9413913651890327E-04   1.9413913651940799E-04   1.9413913652167091E-04   1.9413913652407071E-04   1.9413913652271096E-04   1.9413913652155501E-04   1.9413913652141027E-04   1.9413913651980907E-04   1.9413913651894000E-04   1.9413913651766609E-04   1.9413913651725916E-04
 1.9413913651671297E-04   1.9413913651631707E-04   1.9413913651573859E-04   1.9413913651541103E-04   1.9413913651498372E-04   1.9413913651442413E-04   1.9413913651416154E-04   1.9413913651371189E-04   1.9413913651352449E-04   1.9413913651391578E-04   1.9413913651291010E-04
 1.9413913651386604E-04   1.9413913651319137E-04   1.9413913651367774E-04   1.9413913651289516E-04   1.9413913651288001E-04   1.9413913651382931E-04   1.9413913651309449E-04   1.9413913651382235E-04   1.9413913651450550E-04   1.9413913651416390E-04   1.9413913651516220E-04
 1.9413913651525111E-04   1.9413913651584045E-04   1.9413913651691265E-04   1.9413913651711908E-04   1.9413913651817162E-04   1.9413913651894119E-04   1.9413913652025692E-04   1.9413913652116150E-04   1.9413913652254166E-04   1.9413913652401629E-04   1.9413913652552818E-04
 1.9413913652524030E-04   1.9413913652390947E-04   1.9413913652337802E-04   1.9413913652367688E-04   1.9413913652111290E-04   1.9413913652152346E-04   1.9413913652051014E-04   1.9413913651975133E-04   1.9413913651969523E-04   1.9413913651856915E-04   1.9413913651812649E-04
 1.9413913651854725E-04   1.9413913651753612E-04   1.9413913651782414E-04   1.9413913651709526E-04   1.9413913651770669E-04   1.9413913651701494E-04   1.9413913651716036E-04   1.9413913651694536E-04   1.9413913651673376E-04   1.9413913651676840E-04   1.9413913651716183E-04
 1.9413913651648957E-04   1.9413913651671110E-04   1.9413913651747025E-04   1.9413913651708948E-04   1.9413913651729881E-04   1.9413913651751229E-04   1.9413913651760494E-04   1.9413913651872668E-04   1.9413913651870527E-04   1.9413913651982742E-04   1.9413913651985696E-04
 1.9413913652064518E-04   1.9413913652138891E-04   1.9413913652318153E-04   1.9413913652324612E-04   1.9413913652530017E-04   1.9413913652558437E-04   1.9413913652770119E-04   1.9413913652754499E-04   1.9413913652661317E-04   1.9413913652631152E-04   1.9413913652463542E-04
 1.9413913652433000E-04   1.9413913652337674E-04   1.9413913652342472E-04   1.9413913652230414E-04   1.9413913652230707E-04   1.9413913652154195E-04   1.9413913652132912E-04   1.9413913652150275E-04   1.9413913652065919E-04   1.9413913652059696E-04   1.9413913652068218E-04
 1.9413913652027029E-04   1.9413913651998381E-04   1.9413913652050797E-04   1.9413913651993107E-04   1.9413913651949961E-04   1.9413913651963096E-04   1.9413913651984048E-04   1.9413913651994123E-04   1.9413913652002509E-04   1.9413913652001658E-04   1.9413913652000780E-04
 1.9413913652071077E-04   1.9413913652106780E-04   1.9413913652164630E-04   1.9413913652122715E-04   1.9413913652218507E-04   1.9413913652239923E-04   1.9413913652357916E-04   1.9413913652333747E-04   1.9413913652428129E-04   1.9413913652496280E-04   1.9413913652561031E-04
 1.9413913652737604E-04   1.9413913652833353E-04   1.9413913652932947E-04   1.9413913652927952E-04   1.9413913652910727E-04   1.9413913652818149E-04   1.9413913652771035E-04   1.9413913652609248E-04   1.9413913652635342E-04   1.9413913652561822E-04   1.9413913652512773E-04
 1.9413913652470844E-04   1.9413913652423852E-04   1.9413913652410400E-04   1.9413913652334506E-04   1.9413913652361527E-04   1.9413913652323677E-04   1.9413913652323124E-04   1.9413913652283044E-04   1.9413913652281843E-04   1.9413913652261875E-04   1.9413913652247046E-04
 1.9413913652266591E-04   1.9413913652308208E-04   1.9413913652283112E-04   1.9413913652306189E-04   1.9413913652275016E-04   1.9413913652330969E-04   1.9413913652320159E-04   1.9413913652345413E-04   1.9413913652387214E-04   1.9413913652371675E-04   1.9413913652448431E-04
 1.9413913652424790E-04   1.9413913652510911E-04   1.9413913652556859E-04   1.9413913652619919E-04   1.9413913652680803E-04   1.9413913652797812E-04   1.9413913652810170E-04   1.9413913652877526E-04   1.9413913652975161E-04   1.9413913653176936E-04   1.9413913653127841E-04
 1.9413913653063916E-04   1.9413913653025151E-04   1.9413913652977381E-04   1.9413913652855110E-04   1.9413913652769751E-04   1.9413913652778348E-04   1.9413913652716348E-04   1.9413913652751582E-04   1.9413913652647135E-04   1.9413913652682513E-04   1.9413913652626780E-04
 1.9413913652570043E-04   1.9413913652595582E-04   1.9413913652571355E-04   1.9413913652573461E-04   1.9413913652552411E-04   1.9413913652537786E-04   1.9413913652524447E-04   1.9413913652538263E-04   1.9413913652495155E-04   1.9413913652554916E-04   1.9413913652528480E-04
 1.9413913652596519E-04   1.9413913652577771E-04   1.9413913652583330E-04   1.9413913652574513E-04   1.9413913652612734E-04   1.9413913652639787E-04   1.9413913652685646E-04   1.9413913652650562E-04   1.9413913652756301E-04   1.9413913652848125E-04   1.9413913652826598E-04
 1.9413913652923482E-04   1.9413913652894523E-04   1.9413913653018266E-04   1.9413913653104677E-04   1.9413913653196007E-04   1.9413913653332571E-04   1.9413913653280337E-04   1.9413913653242026E-04   1.9413913653142963E-04   1.9413913653100511E-04   1.9413913653071408E-04
 1.9413913653017933E-04   1.9413913652964443E-04   1.9413913652946503E-04   1.9413913652901880E-04   1.9413913652891395E-04   1.9413913652841389E-04   1.9413913652868706E-04   1.9413913652772697E-04   1.9413913652813612E-04   1.9413913652800894E-04   1.9413913652801688E-04
 1.9413913652773827E-04   1.9413913652798550E-04   1.9413913652740407E-04   1.9413913652733671E-04   1.9413913652756041E-04   1.9413913652746982E-04   1.9413913652709848E-04   1.9413913652792069E-04   1.9413913652768637E-04   1.9413913652786271E-04   1.9413913652762898E-04
 1.9413913652868947E-04   1.9413913652802409E-04   1.9413913652864342E-04   1.9413913652885392E-04   1.9413913652932012E-04   1.9413913652993259E-04   1.9413913653006790E-04   1.9413913653099695E-04   1.9413913653123884E-04   1.9413913653170439E-04   1.9413913653226856E-04
 1.9413913653366159E-04   1.9413913653458319E-04   1.9413913653207386E-04   1.9413913653224831E-04   1.9413913653170973E-04   1.9413913653095797E-04   1.9413913653047008E-04   1.9413913653016935E-04   1.9413913652988556E-04   1.9413913652954618E-04   1.9413913652906355E-04
 1.9413913652891086E-04   1.9413913652901698E-04   1.9413913652863350E-04   1.9413913652865469E-04   1.9413913652824259E-04   1.9413913652840438E-04   1.9413913652804703E-04   1.9413913652824825E-04   1.9413913652806649E-04   1.9413913652798490E-04   1.9413913652839619E-04
 1.9413913652799368E-04   1.9413913652828368E-04   1.9413913652793817E-04   1.9413913652770577E-04   1.9413913652821500E-04   1.9413913652861618E-04   1.9413913652781549E-04   1.9413913652901297E-04   1.9413913652842338E-04   1.9413913652896190E-04   1.9413913652954198E-04
 1.9413913652914646E-04   1.9413913652997186E-04   1.9413913653018816E-04   1.9413913653082958E-04   1.9413913653108534E-04   1.9413913653170157E-04   1.9413913653278821E-04   1.9413913653374437E-04   1.9413913653434453E-04   1.9413913652081990E-04   1.9413913652078748E-04
 1.9413913652018122E-04   1.9413913651948164E-04   1.9413913651907550E-04   1.9413913651899123E-04   1.9413913651853676E-04   1.9413913651836364E-04   1.9413913651797891E-04   1.9413913651785260E-04   1.9413913651783343E-04   1.9413913651739447E-04   1.9413913651731787E-04
 1.9413913651740200E-04   1.9413913651707937E-04   1.9413913651666415E-04   1.9413913651680604E-04   1.9413913651730470E-04   1.9413913651673273E-04   1.9413913651696244E-04   1.9413913651701483E-04   1.9413913651665176E-04   1.9413913651696477E-04   1.9413913651657622E-04
 1.9413913651712957E-04   1.9413913651691400E-04   1.9413913651744686E-04   1.9413913651743282E-04   1.9413913651740520E-04   1.9413913651807529E-04   1.9413913651810055E-04   1.9413913651770360E-04   1.9413913651842199E-04   1.9413913651913434E-04   1.9413913651899787E-04
 1.9413913651995909E-04   1.9413913651985853E-04   1.9413913652131952E-04   1.9413913652175445E-04   1.9413913652263908E-04   1.9413913643584970E-04   1.9413913643618228E-04   1.9413913643574851E-04   1.9413913643488338E-04   1.9413913643497683E-04   1.9413913643454039E-04
 1.9413913643405629E-04   1.9413913643384129E-04   1.9413913643343320E-04   1.9413913643345125E-04   1.9413913643340696E-04   1.9413913643299266E-04   1.9413913643377017E-04   1.9413913643258774E-04   1.9413913643310363E-04   1.9413913643270513E-04   1.9413913643314356E-04
 1.9413913643238239E-04   1.9413913643289080E-04   1.9413913643256476E-04   1.9413913643250184E-04   1.9413913643278216E-04   1.9413913643267166E-04   1.9413913643284621E-04   1.9413913643252475E-04   1.9413913643295274E-04   1.9413913643309691E-04   1.9413913643346719E-04
 1.9413913643307785E-04   1.9413913643345768E-04   1.9413913643355029E-04   1.9413913643385620E-04   1.9413913643404071E-04   1.9413913643459828E-04   1.9413913643469226E-04   1.9413913643538552E-04   1.9413913643589496E-04   1.9413913643573759E-04   1.9413913643745868E-04
 1.9413913643728681E-04   1.9413913591950606E-04   1.9413913591965513E-04   1.9413913591918343E-04   1.9413913591836233E-04   1.9413913591840811E-04   1.9413913591836483E-04   1.9413913591782346E-04   1.9413913591736194E-04   1.9413913591734939E-04   1.9413913591731505E-04
 1.9413913591728030E-04   1.9413913591641855E-04   1.9413913591701375E-04   1.9413913591671285E-04   1.9413913591657370E-04   1.9413913591685291E-04   1.9413913591638841E-04   1.9413913591643885E-04   1.9413913591683461E-04   1.9413913591638437E-04   1.9413913591662693E-04
 1.9413913591626470E-04   1.9413913591660576E-04   1.9413913591633121E-04   1.9413913591639797E-04   1.9413913591706292E-04   1.9413913591641676E-04   1.9413913591687456E-04   1.9413913591723970E-04   1.9413913591713358E-04   1.9413913591725075E-04   1.9413913591779069E-04
 1.9413913591795679E-04   1.9413913591833048E-04   1.9413913591865713E-04   1.9413913591918272E-04   1.9413913591923113E-04   1.9413913592004764E-04   1.9413913592068011E-04   1.9413913592117164E-04   1.9413913307469890E-04   1.9413913307483353E-04   1.9413913307449385E-04
 1.9413913307356160E-04   1.9413913307382867E-04   1.9413913307330096E-04   1.9413913307303118E-04   1.9413913307327022E-04   1.9413913307271717E-04   1.9413913307242446E-04   1.9413913307235066E-04   1.9413913307238126E-04   1.9413913307230100E-04   1.9413913307229886E-04
 1.9413913307196633E-04   1.9413913307220234E-04   1.9413913307186702E-04   1.9413913307149682E-04   1.9413913307177077E-04   1.9413913307166124E-04   1.9413913307196530E-04   1.9413913307162316E-04   1.9413913307173797E-04   1.9413913307173890E-04   1.9413913307179910E-04
 1.9413913307183566E-04   1.9413913307211904E-04   1.9413913307217092E-04   1.9413913307252421E-04   1.9413913307251646E-04   1.9413913307248846E-04   1.9413913307321723E-04   1.9413913307359985E-04   1.9413913307302424E-04   1.9413913307367281E-04   1.9413913307414732E-04
 1.9413913307433624E-04   1.9413913307530950E-04   1.9413913307572209E-04   1.9413913307605876E-04   1.9413911883942798E-04   1.9413911884007045E-04   1.9413911883901444E-04   1.9413911883923201E-04   1.9413911883864554E-04   1.9413911883859637E-04   1.9413911883831074E-04
 1.9413911883821484E-04   1.9413911883794886E-04   1.9413911883840024E-04   1.9413911883745343E-04   1.9413911883764263E-04   1.9413911883772866E-04   1.9413911883732609E-04   1.9413911883743449E-04   1.9413911883755182E-04   1.9413911883752935E-04   1.9413911883668823E-04
 1.9413911883741652E-04   1.9413911883672702E-04   1.9413911883725538E-04   1.9413911883697392E-04   1.9413911883730801E-04   1.9413911883724670E-04   1.9413911883733471E-04   1.9413911883736981E-04   1.9413911883759536E-04   1.9413911883764740E-04   1.9413911883728373E-04
 1.9413911883794422E-04   1.9413911883834768E-04   1.9413911883803031E-04   1.9413911883862448E-04   1.9413911883869631E-04   1.9413911883914503E-04   1.9413911883976116E-04   1.9413911884002278E-04   1.9413911883995314E-04   1.9413911884036934E-04   1.9413911884107521E-04
 1.9413905424740867E-04   1.9413905424671876E-04   1.9413905424652992E-04   1.9413905424653290E-04   1.9413905424608643E-04   1.9413905424647907E-04   1.9413905424554539E-04   1.9413905424553601E-04   1.9413905424551657E-04   1.9413905424539162E-04   1.9413905424522040E-04
 1.9413905424496539E-04   1.9413905424512566E-04   1.9413905424463682E-04   1.9413905424482786E-04   1.9413905424494441E-04   1.9413905424443096E-04   1.9413905424501863E-04   1.9413905424493062E-04   1.9413905424497862E-04   1.9413905424489321E-04   1.9413905424496764E-04
 1.9413905424468607E-04   1.9413905424473313E-04   1.9413905424475020E-04   1.9413905424486055E-04   1.9413905424531862E-04   1.9413905424483897E-04   1.9413905424565115E-04   1.9413905424513884E-04   1.9413905424562350E-04   1.9413905424547106E-04   1.9413905424631858E-04
 1.9413905424614980E-04   1.9413905424627101E-04   1.9413905424729415E-04   1.9413905424710637E-04   1.9413905424687849E-04   1.9413905424756620E-04   1.9413905424800864E-04   1.9413878789863959E-04   1.9413878789866041E-04   1.9413878789823581E-04   1.9413878789816742E-04
 1.9413878789762855E-04   1.9413878789762275E-04   1.9413878789745261E-04   1.9413878789693623E-04   1.9413878789719427E-04   1.9413878789704758E-04   1.9413878789714990E-04   1.9413878789687305E-04   1.9413878789679940E-04   1.9413878789638936E-04   1.9413878789659159E-04
 1.9413878789641719E-04   1.9413878789652068E-04   1.9413878789642766E-04   1.9413878789624865E-04   1.9413878789618596E-04   1.9413878789628652E-04   1.9413878789676259E-04   1.9413878789641768E-04   1.9413878789618900E-04   1.9413878789628668E-04   1.9413878789632515E-04
 1.9413878789670001E-04   1.9413878789657879E-04   1.9413878789670551E-04   1.9413878789691959E-04   1.9413878789705945E-04   1.9413878789696531E-04   1.9413878789750744E-04   1.9413878789777359E-04   1.9413878789818425E-04   1.9413878789864268E-04   1.9413878789808391E-04
 1.9413878789886361E-04   1.9413878789915448E-04   1.9413878789879133E-04   1.9413766080723184E-04   1.9413766080771309E-04   1.9413766080702093E-04   1.9413766080721951E-04   1.9413766080686337E-04   1.9413766080678035E-04   1.9413766080644682E-04   1.9413766080615349E-04
 1.9413766080594646E-04   1.9413766080579581E-04   1.9413766080580178E-04   1.9413766080549847E-04   1.9413766080573892E-04   1.9413766080587388E-04   1.9413766080545483E-04   1.9413766080556593E-04   1.9413766080589412E-04   1.9413766080547752E-04   1.9413766080578291E-04
 1.9413766080572959E-04   1.9413766080558155E-04   1.9413766080561185E-04   1.9413766080569707E-04   1.9413766080546383E-04   1.9413766080544082E-04   1.9413766080575759E-04   1.9413766080543458E-04   1.9413766080571783E-04   1.9413766080627552E-04   1.9413766080572688E-04
 1.9413766080618458E-04   1.9413766080627023E-04   1.9413766080656074E-04   1.9413766080629915E-04   1.9413766080671988E-04   1.9413766080757580E-04   1.9413766080720032E-04   1.9413766080768005E-04   1.9413766080795321E-04   1.9413766080820277E-04   1.9412045200482175E-04
 1.9412045200372551E-04   1.9412045200418800E-04   1.9412045200338147E-04   1.9412045200340323E-04   1.9412045200339938E-04   1.9412045200328660E-04   1.9412045200276222E-04   1.9412045200274856E-04   1.9412045200280933E-04   1.9412045200281099E-04   1.9412045200240880E-04
 1.9412045200284782E-04   1.9412045200284291E-04   1.9412045200221381E-04   1.9412045200220944E-04   1.9412045200276054E-04   1.9412045200202884E-04   1.9412045200234172E-04   1.9412045200243412E-04   1.9412045200191722E-04   1.9412045200254828E-04   1.9412045200236817E-04
 1.9412045200237511E-04   1.9412045200228615E-04   1.9412045200268259E-04   1.9412045200219798E-04   1.9412045200263225E-04   1.9412045200278103E-04   1.9412045200265150E-04   1.9412045200257777E-04   1.9412045200310001E-04   1.9412045200314514E-04   1.9412045200350634E-04
 1.9412045200356041E-04   1.9412045200362162E-04   1.9412045200414827E-04   1.9412045200449654E-04   1.9412045200461718E-04   1.9412045200468655E-04   1.9343903871826582E-04   1.9343903871821811E-04   1.9343903871813826E-04   1.9343903871796539E-04   1.9343903871765636E-04
 1.9343903871735279E-04   1.9343903871735848E-04   1.9343903871756198E-04   1.9343903871690536E-04   1.9343903871697261E-04   1.9343903871684638E-04   1.9343903871669042E-04   1.9343903871688517E-04   1.9343903871657815E-04   1.9343903871710700E-04   1.9343903871670853E-04
 1.9343903871680618E-04   1.9343903871670709E-04   1.9343903871662138E-04   1.9343903871635044E-04   1.9343903871659173E-04   1.9343903871700855E-04   1.9343903871679648E-04   1.9343903871650220E-04   1.9343903871724558E-04   1.9343903871675225E-04   1.9343903871697659E-04
 1.9343903871669164E-04   1.9343903871735840E-04   1.9343903871749604E-04   1.9343903871723317E-04   1.9343903871808956E-04   1.9343903871791012E-04   1.9343903871812441E-04   1.9343903871872544E-04   1.9343903871870153E-04   1.9343903871852280E-04   1.9343903871879288E-04
 1.9343903871919623E-04   1.9343903871962064E-04   1.8286829549798292E-04   1.8286829549800956E-04   1.8286829549786485E-04   1.8286829549753859E-04   1.8286829549784086E-04   1.8286829549745505E-04   1.8286829549693295E-04   1.8286829549757271E-04   1.8286829549749378E-04
 1.8286829549702018E-04   1.8286829549730643E-04   1.8286829549727778E-04   1.8286829549685348E-04   1.8286829549710512E-04   1.8286829549722888E-04   1.8286829549683020E-04   1.8286829549720571E-04   1.8286829549648268E-04   1.8286829549701492E-04   1.8286829549703695E-04
 1.8286829549696843E-04   1.8286829549669153E-04   1.8286829549687814E-04   1.8286829549663683E-04   1.8286829549702354E-04   1.8286829549660704E-04   1.8286829549718866E-04   1.8286829549706213E-04   1.8286829549685275E-04   1.8286829549723081E-04   1.8286829549759304E-04
 1.8286829549684993E-04   1.8286829549790879E-04   1.8286829549775125E-04   1.8286829549792071E-04   1.8286829549772656E-04   1.8286829549773906E-04   1.8286829549798300E-04   1.8286829549795001E-04   1.8286829549763459E-04   1.4494866099153044E-04   1.4494866099188411E-04
 1.4494866099198586E-04   1.4494866099256217E-04   1.4494866099295606E-04   1.4494866099289965E-04   1.4494866099322380E-04   1.4494866099350643E-04   1.4494866099355684E-04   1.4494866099353058E-04   1.4494866099353741E-04   1.4494866099347425E-04   1.4494866099376945E-04
 1.4494866099322133E-04   1.4494866099277868E-04   1.4494866099328872E-04   1.4494866099306467E-04   1.4494866099284766E-04   1.4494866099294055E-04   1.4494866099273043E-04   1.4494866099251129E-04   1.4494866099286149E-04   1.4494866099276090E-04   1.4494866099237848E-04
 1.4494866099230258E-04   1.4494866099262727E-04   1.4494866099207579E-04   1.4494866099218850E-04   1.4494866099212431E-04   1.4494866099191360E-04   1.4494866099178840E-04   1.4494866099174012E-04   1.4494866099152388E-04   1.4494866099198038E-04   1.4494866099077063E-04
 1.4494866099080264E-04   1.4494866099056276E-04   1.4494866098989164E-04   1.4494866099034034E-04   1.4494866098994501E-04
 9.3546573207767711E-05   9.3546572254867613E-05   9.3546570555552987E-05   9.3546568783059865E-05   9.3546567260919175E-05   9.3546566070427554E-05   9.3546565174707153E-05   9.3546564504571169E-05   9.3546563998412740E-05   9.3546563605768096E-05   9.3546563296056828E-05
 9.3546563043686777E-05   9.3546562833806798E-05   9.3546562656342594E-05   9.3546562503697974E-05   9.3546562371064039E-05   9.3546562255070751E-05   9.3546562150769729E-05   9.3546562057458127E-05   9.3546561976319662E-05   9.3546561902386642E-05   9.3546561835721164E-05
 9.3546561777193275E-05   9.3546561723885954E-05   9.3546561678599371E-05   9.3546561640296772E-05   9.3546561606643164E-05   9.3546561579750233E-05   9.3546561559820700E-05   9.3546561549470323E-05   9.3546561546631164E-05   9.3546561554391504E-05   9.3546561573122533E-05
 9.3546561602469175E-05   9.3546561645367043E-05   9.3546561699521139E-05   9.3546561770046011E-05   9.3546561855163037E-05   9.3546561964325567E-05   9.3546562243626834E-05   9.7990793559421912E-05   9.7990793554287618E-05   9.7990793502854084E-05   9.7990793415755515E-05
 9.7990793303296943E-05   9.7990793173046017E-05   9.7990793031155503E-05   9.7990792879820029E-05   9.7990792726122540E-05   9.7990792571948706E-05   9.7990792419697949E-05   9.7990792273335942E-05   9.7990792132055332E-05   9.7990791998748582E-05   9.7990791873668338E-05
 9.7990791756028404E-05   9.7990791646908727E-05   9.7990791544252359E-05   9.7990791449390659E-05   9.7990791361363784E-05   9.7990791277857787E-05   9.7990791201628305E-05   9.7990791128029544E-05   9.7990791059569753E-05   9.7990790993797671E-05   9.7990790933286708E-05
 9.7990790873102700E-05   9.7990790816447214E-05   9.7990790762321321E-05   9.7990790710924635E-05   9.7990790662378887E-05   9.7990790616828518E-05   9.7990790576276402E-05   9.7990790539523277E-05   9.7990790507480196E-05   9.7990790481158004E-05   9.7990790458725902E-05
 9.7990790441587647E-05   9.7990790432008843E-05   9.7990790462475533E-05   9.8068788352926190E-05   9.8068788374796635E-05   9.8068788371898007E-05   9.8068788355817432E-05   9.8068788330999258E-05   9.8068788299276113E-05   9.8068788260474699E-05   9.8068788216015972E-05
 9.8068788168527335E-05   9.8068788116103124E-05   9.8068788061835254E-05   9.8068788004724973E-05   9.8068787947017756E-05   9.8068787887678233E-05   9.8068787828623272E-05   9.8068787769228644E-05   9.8068787711373895E-05   9.8068787654188546E-05   9.8068787598405951E-05
 9.8068787543657536E-05   9.8068787489256134E-05   9.8068787437358872E-05   9.8068787386747461E-05   9.8068787337445901E-05   9.8068787289814190E-05   9.8068787242722546E-05   9.8068787197177164E-05   9.8068787152530708E-05   9.8068787109218796E-05   9.8068787066125392E-05
 9.8068787023599771E-05   9.8068786983688283E-05   9.8068786944596588E-05   9.8068786907490717E-05   9.8068786873226649E-05   9.8068786839864948E-05   9.8068786810017066E-05   9.8068786782527973E-05   9.8068786758877648E-05   9.8068786748989250E-05   9.7949809685270539E-05
 9.7949809695302661E-05   9.7949809694276396E-05   9.7949809687936700E-05   9.7949809677749144E-05   9.7949809665793131E-05   9.7949809650789359E-05   9.7949809633243078E-05   9.7949809612165930E-05   9.7949809588781600E-05   9.7949809563575851E-05   9.7949809535986511E-05
 9.7949809507194669E-05   9.7949809476812464E-05   9.7949809445349947E-05   9.7949809412069955E-05   9.7949809378770488E-05   9.7949809345375421E-05   9.7949809311533365E-05   9.7949809277904164E-05   9.7949809243261411E-05   9.7949809208920731E-05   9.7949809175353492E-05
 9.7949809141807816E-05   9.7949809109519124E-05   9.7949809076541380E-05   9.7949809044398418E-05   9.7949809012932621E-05   9.7949808982611565E-05   9.7949808952280440E-05   9.7949808923630181E-05   9.7949808895811519E-05   9.7949808869386557E-05   9.7949808844753524E-05
 9.7949808820616867E-05   9.7949808798572177E-05   9.7949808778085621E-05   9.7949808758687089E-05   9.7949808743130022E-05   9.7949808741757232E-05   9.7943271966953726E-05   9.7943271974007613E-05   9.7943271973525522E-05   9.7943271971211794E-05   9.7943271967232962E-05
 9.7943271961737033E-05   9.7943271955486472E-05   9.7943271946644559E-05   9.7943271936274125E-05   9.7943271924545104E-05   9.7943271911760327E-05   9.7943271897458318E-05   9.7943271882875812E-05   9.7943271866038275E-05   9.7943271847553441E-05   9.7943271828061695E-05
 9.7943271809505602E-05   9.7943271789321051E-05   9.7943271768898381E-05   9.7943271747831046E-05   9.7943271727111590E-05   9.7943271706000574E-05   9.7943271684529265E-05   9.7943271662420106E-05   9.7943271639916175E-05   9.7943271618176946E-05   9.7943271596934511E-05
 9.7943271575011334E-05   9.7943271553309211E-05   9.7943271532392674E-05   9.7943271511313467E-05   9.7943271490968237E-05   9.7943271473338594E-05   9.7943271454372686E-05   9.7943271436803217E-05   9.7943271421446280E-05   9.7943271405887951E-05   9.7943271392445105E-05
 9.7943271381342197E-05   9.7943271377912716E-05   9.7942947593929368E-05   9.7942947598077295E-05   9.7942947598069407E-05   9.7942947596742100E-05   9.7942947594394572E-05   9.7942947592039576E-05   9.7942947588461099E-05   9.7942947582779378E-05   9.7942947577425520E-05
 9.7942947571823813E-05   9.7942947563490663E-05   9.7942947555303473E-05   9.7942947546726363E-05   9.7942947537270006E-05   9.7942947526742687E-05   9.7942947516234234E-05   9.7942947505252662E-05   9.7942947494133572E-05   9.7942947481324198E-05   9.7942947468304976E-05
 9.7942947455559177E-05   9.7942947441712695E-05   9.7942947428783923E-05   9.7942947415151504E-05   9.7942947400912446E-05   9.7942947386292061E-05   9.7942947371644761E-05   9.7942947357171191E-05   9.7942947341821937E-05   9.7942947327880181E-05   9.7942947314178319E-05
 9.7942947299098463E-05   9.7942947284653962E-05   9.7942947271036139E-05   9.7942947257728113E-05   9.7942947245553458E-05   9.7942947232924305E-05   9.7942947221483682E-05   9.7942947211540111E-05   9.7942947206258000E-05   9.7942870661977090E-05   9.7942870664569025E-05
 9.7942870664771432E-05   9.7942870663179647E-05   9.7942870662114635E-05   9.7942870660783153E-05   9.7942870659017639E-05   9.7942870656194661E-05   9.7942870653271828E-05   9.7942870648982358E-05   9.7942870644263504E-05   9.7942870639486617E-05   9.7942870633569096E-05
 9.7942870628631938E-05   9.7942870621439964E-05   9.7942870614717843E-05   9.7942870607546225E-05   9.7942870600216788E-05   9.7942870593068453E-05   9.7942870584254011E-05   9.7942870576098642E-05   9.7942870566972466E-05   9.7942870557478297E-05   9.7942870548382017E-05
 9.7942870538518582E-05   9.7942870528991617E-05   9.7942870519235098E-05   9.7942870509325165E-05   9.7942870499199828E-05   9.7942870488948751E-05   9.7942870477402811E-05   9.7942870466989306E-05   9.7942870456933114E-05   9.7942870447255743E-05   9.7942870437220381E-05
 9.7942870428402537E-05   9.7942870418282676E-05   9.7942870409319197E-05   9.7942870400888359E-05   9.7942870397215259E-05   9.7942846914977471E-05   9.7942846917173631E-05   9.7942846917853981E-05   9.7942846916915143E-05   9.7942846916698276E-05   9.7942846915431684E-05
 9.7942846913244848E-05   9.7942846911975369E-05   9.7942846909093329E-05   9.7942846907112262E-05   9.7942846904925128E-05   9.7942846901640795E-05   9.7942846897497137E-05   9.7942846894017918E-05   9.7942846889777062E-05   9.7942846885117337E-05   9.7942846880237573E-05
 9.7942846875341411E-05   9.7942846869310360E-05   9.7942846863843420E-05   9.7942846857580350E-05   9.7942846852153471E-05   9.7942846845484543E-05   9.7942846839142408E-05   9.7942846832382028E-05   9.7942846824887182E-05   9.7942846818016891E-05   9.7942846810848160E-05
 9.7942846803927318E-05   9.7942846796396829E-05   9.7942846788815396E-05   9.7942846780570201E-05   9.7942846772952841E-05   9.7942846765942945E-05   9.7942846758642185E-05   9.7942846751567820E-05   9.7942846744534764E-05   9.7942846737745259E-05   9.7942846731927796E-05
 9.7942846728161278E-05   9.7942840292676388E-05   9.7942840295488497E-05   9.7942840296562711E-05   9.7942840295251355E-05   9.7942840295126875E-05   9.7942840294383261E-05   9.7942840292632505E-05   9.7942840291872927E-05   9.7942840290877114E-05   9.7942840288625497E-05
 9.7942840286405295E-05   9.7942840283757091E-05   9.7942840281344903E-05   9.7942840278006062E-05   9.7942840275631524E-05   9.7942840272711117E-05   9.7942840268778675E-05   9.7942840265335357E-05   9.7942840261250287E-05   9.7942840257262008E-05   9.7942840252738283E-05
 9.7942840248328305E-05   9.7942840242999424E-05   9.7942840238571705E-05   9.7942840234257420E-05   9.7942840228741013E-05   9.7942840224158673E-05   9.7942840219050699E-05   9.7942840213667025E-05   9.7942840208297961E-05   9.7942840202911184E-05   9.7942840197748945E-05
 9.7942840191833836E-05   9.7942840185680298E-05   9.7942840180157345E-05   9.7942840174660209E-05   9.7942840170272402E-05   9.7942840164646762E-05   9.7942840159717640E-05   9.7942840157155453E-05   9.7942838630062602E-05   9.7942838631351028E-05   9.7942838631589064E-05
 9.7942838631737410E-05   9.7942838631570294E-05   9.7942838631241401E-05   9.7942838630245765E-05   9.7942838629474003E-05   9.7942838628630127E-05   9.7942838626277314E-05   9.7942838625429535E-05   9.7942838623611681E-05   9.7942838621490805E-05   9.7942838619388022E-05
 9.7942838617431823E-05   9.7942838615727850E-05   9.7942838613087154E-05   9.7942838610730736E-05   9.7942838607800557E-05   9.7942838604139125E-05   9.7942838600819867E-05   9.7942838597818918E-05   9.7942838594561121E-05   9.7942838590842863E-05   9.7942838586829810E-05
 9.7942838582723286E-05   9.7942838579267460E-05   9.7942838575320828E-05   9.7942838571703604E-05   9.7942838567428107E-05   9.7942838562884148E-05   9.7942838558246677E-05   9.7942838555040894E-05   9.7942838550665556E-05   9.7942838546423804E-05   9.7942838542729738E-05
 9.7942838538364347E-05   9.7942838534922561E-05   9.7942838531188582E-05   9.7942838529144929E-05   9.7942838226556435E-05   9.7942838227692896E-05   9.7942838228285534E-05   9.7942838228121278E-05   9.7942838228527311E-05   9.7942838227709958E-05   9.7942838227053027E-05
 9.7942838226449695E-05   9.7942838226326693E-05   9.7942838225333292E-05   9.7942838224474442E-05   9.7942838223068353E-05   9.7942838221110664E-05   9.7942838219158409E-05   9.7942838218019522E-05   9.7942838215645309E-05   9.7942838213975367E-05   9.7942838211949643E-05
 9.7942838209788341E-05   9.7942838207377495E-05   9.7942838205220786E-05   9.7942838202449850E-05   9.7942838199981610E-05   9.7942838197331874E-05   9.7942838194730819E-05   9.7942838192018741E-05   9.7942838189028850E-05   9.7942838186202268E-05   9.7942838182374085E-05
 9.7942838179573063E-05   9.7942838176485566E-05   9.7942838173451183E-05   9.7942838169934844E-05   9.7942838167085385E-05   9.7942838163733289E-05   9.7942838160028380E-05   9.7942838157055335E-05   9.7942838154457180E-05   9.7942838150723933E-05   9.7942838148812241E-05
 9.7942838110332510E-05   9.7942838111268949E-05   9.7942838111266211E-05   9.7942838111651076E-05   9.7942838111661051E-05   9.7942838111482469E-05   9.7942838111232073E-05   9.7942838110542317E-05   9.7942838110474744E-05   9.7942838110318280E-05   9.7942838109266102E-05
 9.7942838107700555E-05   9.7942838107113622E-05   9.7942838105537314E-05   9.7942838103776407E-05   9.7942838102398766E-05   9.7942838101060074E-05   9.7942838099908896E-05   9.7942838097838097E-05   9.7942838096035827E-05   9.7942838094557463E-05   9.7942838092568305E-05
 9.7942838090459870E-05   9.7942838087883332E-05   9.7942838085895027E-05   9.7942838083535586E-05   9.7942838081555589E-05   9.7942838078685462E-05   9.7942838075950535E-05   9.7942838073572446E-05   9.7942838071551886E-05   9.7942838068764646E-05   9.7942838065589777E-05
 9.7942838063527164E-05   9.7942838060696718E-05   9.7942838058460456E-05   9.7942838056025271E-05   9.7942838053981319E-05   9.7942838051517280E-05   9.7942838049500461E-05   9.7942838056933642E-05   9.7942838057948808E-05   9.7942838057761146E-05   9.7942838057357945E-05
 9.7942838058115124E-05   9.7942838057909004E-05   9.7942838057519179E-05   9.7942838057440886E-05   9.7942838057395634E-05   9.7942838056919629E-05   9.7942838056019172E-05   9.7942838055162205E-05   9.7942838054445967E-05   9.7942838053152528E-05   9.7942838051571083E-05
 9.7942838050410838E-05   9.7942838049305806E-05   9.7942838048151550E-05   9.7942838047238395E-05   9.7942838045171960E-05   9.7942838043347871E-05   9.7942838042289486E-05   9.7942838040784437E-05   9.7942838039083690E-05   9.7942838037586881E-05   9.7942838036345686E-05
 9.7942838034070502E-05   9.7942838031888301E-05   9.7942838030189316E-05   9.7942838027611218E-05   9.7942838025936045E-05   9.7942838023748436E-05   9.7942838021807904E-05   9.7942838019640232E-05   9.7942838017969259E-05   9.7942838016141078E-05   9.7942838014244374E-05
 9.7942838012029024E-05   9.7942838010139964E-05   9.7942838009060966E-05   9.7942838018523883E-05   9.7942838019183905E-05   9.7942838019610850E-05   9.7942838019490259E-05   9.7942838019285901E-05   9.7942838019477344E-05   9.7942838019061823E-05   9.7942838019242370E-05
 9.7942838018807849E-05   9.7942838018151893E-05   9.7942838017783156E-05   9.7942838016918816E-05   9.7942838016437973E-05   9.7942838015764399E-05   9.7942838015148436E-05   9.7942838014445087E-05   9.7942838013422888E-05   9.7942838012211455E-05   9.7942838011345123E-05
 9.7942838010475173E-05   9.7942838008943872E-05   9.7942838007495392E-05   9.7942838006299788E-05   9.7942838004761278E-05   9.7942838003024020E-05   9.7942838001546320E-05   9.7942838000724143E-05   9.7942837999070070E-05   9.7942837997566282E-05   9.7942837995392701E-05
 9.7942837993363033E-05   9.7942837991942037E-05   9.7942837991177295E-05   9.7942837988931642E-05   9.7942837987458184E-05   9.7942837985786846E-05   9.7942837984726076E-05   9.7942837983175558E-05   9.7942837981794136E-05   9.7942837981247088E-05   9.7942837986941900E-05
 9.7942837988211894E-05   9.7942837987752043E-05   9.7942837988132314E-05   9.7942837987896405E-05   9.7942837988125836E-05   9.7942837987858824E-05   9.7942837987336862E-05   9.7942837987539147E-05   9.7942837987374172E-05   9.7942837986856397E-05   9.7942837986001856E-05
 9.7942837985854635E-05   9.7942837985207217E-05   9.7942837984342580E-05   9.7942837983709731E-05   9.7942837982413391E-05   9.7942837981737554E-05   9.7942837981322413E-05   9.7942837980660494E-05   9.7942837979893217E-05   9.7942837978438869E-05   9.7942837977661753E-05
 9.7942837976399335E-05   9.7942837975244308E-05   9.7942837974098550E-05   9.7942837973080552E-05   9.7942837971498579E-05   9.7942837970223218E-05   9.7942837968731681E-05   9.7942837967809432E-05   9.7942837966390374E-05   9.7942837964857908E-05   9.7942837963183439E-05
 9.7942837962312622E-05   9.7942837960996942E-05   9.7942837959441383E-05   9.7942837958212115E-05   9.7942837957263655E-05   9.7942837956223065E-05   9.7942837959925480E-05   9.7942837960578210E-05   9.7942837961114700E-05   9.7942837960673254E-05   9.7942837960527673E-05
 9.7942837960636960E-05   9.7942837960355650E-05   9.7942837960369027E-05   9.7942837960219895E-05   9.7942837959636092E-05   9.7942837959754609E-05   9.7942837959260443E-05   9.7942837958748470E-05   9.7942837958277696E-05   9.7942837957577857E-05   9.7942837957105266E-05
 9.7942837956423317E-05   9.7942837955868205E-05   9.7942837955236522E-05   9.7942837954352938E-05   9.7942837953820595E-05   9.7942837952745744E-05   9.7942837951741068E-05   9.7942837950550099E-05   9.7942837949788487E-05   9.7942837948750865E-05   9.7942837947689214E-05
 9.7942837946534322E-05   9.7942837945524795E-05   9.7942837944004838E-05   9.7942837942422513E-05   9.7942837941825958E-05   9.7942837941208030E-05   9.7942837940109069E-05   9.7942837938792292E-05   9.7942837937282717E-05   9.7942837935590941E-05   9.7942837934662634E-05
 9.7942837933786368E-05   9.7942837933885708E-05   9.7942837936565639E-05   9.7942837936671186E-05   9.7942837936820941E-05   9.7942837936906255E-05   9.7942837937000119E-05   9.7942837937114421E-05   9.7942837937153127E-05   9.7942837936612937E-05   9.7942837936394078E-05
 9.7942837936191454E-05   9.7942837935355046E-05   9.7942837935079442E-05   9.7942837934643484E-05   9.7942837934448002E-05   9.7942837934141376E-05   9.7942837933267753E-05   9.7942837932612502E-05   9.7942837932187495E-05   9.7942837931447649E-05   9.7942837930970776E-05
 9.7942837930055899E-05   9.7942837929293543E-05   9.7942837928380915E-05   9.7942837927578348E-05   9.7942837926880664E-05   9.7942837925992784E-05   9.7942837925485337E-05   9.7942837924792274E-05   9.7942837924186056E-05   9.7942837922871949E-05   9.7942837922047955E-05
 9.7942837921141196E-05   9.7942837920501056E-05   9.7942837919035730E-05   9.7942837918421055E-05   9.7942837917321891E-05   9.7942837916161618E-05   9.7942837915037490E-05   9.7942837914333342E-05   9.7942837913910462E-05   9.7942837914928975E-05   9.7942837915188953E-05
 9.7942837915148729E-05   9.7942837914701957E-05   9.7942837914888887E-05   9.7942837914521356E-05   9.7942837914538107E-05   9.7942837914537117E-05   9.7942837914210190E-05   9.7942837914355364E-05   9.7942837914063145E-05   9.7942837913523673E-05   9.7942837913171361E-05
 9.7942837912812274E-05   9.7942837912624924E-05   9.7942837912127993E-05   9.7942837911781943E-05   9.7942837911666787E-05   9.7942837910801851E-05   9.7942837910055080E-05   9.7942837909613539E-05   9.7942837909502598E-05   9.7942837908905975E-05   9.7942837908521598E-05
 9.7942837907309135E-05   9.7942837906546642E-05   9.7942837905887136E-05   9.7942837905125904E-05   9.7942837904365065E-05   9.7942837903636169E-05   9.7942837902826514E-05   9.7942837902166859E-05   9.7942837901242861E-05   9.7942837900330369E-05   9.7942837899605499E-05
 9.7942837899241559E-05   9.7942837898610838E-05   9.7942837897380811E-05   9.7942837896284818E-05   9.7942837896114937E-05   9.7942837895169729E-05   9.7942837895302165E-05   9.7942837895258078E-05   9.7942837895719840E-05   9.7942837896200087E-05   9.7942837895407292E-05
 9.7942837895318780E-05   9.7942837895586361E-05   9.7942837895497497E-05   9.7942837895680307E-05   9.7942837895534279E-05   9.7942837895254731E-05   9.7942837894512459E-05   9.7942837894452042E-05   9.7942837893728567E-05   9.7942837893405068E-05   9.7942837892961304E-05
 9.7942837892299968E-05   9.7942837891738772E-05   9.7942837891377800E-05   9.7942837891063314E-05   9.7942837890550351E-05   9.7942837889804379E-05   9.7942837889471271E-05   9.7942837889190463E-05   9.7942837888628155E-05   9.7942837887567968E-05   9.7942837886691323E-05
 9.7942837886462610E-05   9.7942837885952574E-05   9.7942837885220426E-05   9.7942837884460143E-05   9.7942837884268144E-05   9.7942837883368528E-05   9.7942837881949673E-05   9.7942837881751020E-05   9.7942837880884607E-05   9.7942837879926863E-05   9.7942837879216846E-05
 9.7942837878999911E-05   9.7942837878259577E-05   9.7942837879075670E-05   9.7942837879202074E-05   9.7942837878657737E-05   9.7942837878939629E-05   9.7942837878818117E-05   9.7942837879218933E-05   9.7942837878978864E-05   9.7942837879017272E-05   9.7942837878663131E-05
 9.7942837878080264E-05   9.7942837877775833E-05   9.7942837877641582E-05   9.7942837877424525E-05   9.7942837877029645E-05   9.7942837876550793E-05   9.7942837876331080E-05   9.7942837875916711E-05   9.7942837875855657E-05   9.7942837875439662E-05   9.7942837875076265E-05
 9.7942837874579239E-05   9.7942837874111271E-05   9.7942837873831777E-05   9.7942837873315968E-05   9.7942837872321253E-05   9.7942837871772958E-05   9.7942837871127180E-05   9.7942837870906938E-05   9.7942837870490225E-05   9.7942837869971014E-05   9.7942837868794004E-05
 9.7942837868294743E-05   9.7942837867777687E-05   9.7942837867218550E-05   9.7942837866844595E-05   9.7942837866345659E-05   9.7942837865899374E-05   9.7942837864827424E-05   9.7942837864836273E-05   9.7942837862208194E-05   9.7942837862813789E-05   9.7942837862823628E-05
 9.7942837862883707E-05   9.7942837862736445E-05   9.7942837862380095E-05   9.7942837862209170E-05   9.7942837862249530E-05   9.7942837862156966E-05   9.7942837862077846E-05   9.7942837862100967E-05   9.7942837861509982E-05   9.7942837861270373E-05   9.7942837861251522E-05
 9.7942837860988440E-05   9.7942837861085002E-05   9.7942837860710654E-05   9.7942837860415087E-05   9.7942837860123775E-05   9.7942837859856614E-05   9.7942837859635139E-05   9.7942837859442259E-05   9.7942837858961930E-05   9.7942837858608968E-05   9.7942837858365104E-05
 9.7942837858024977E-05   9.7942837857235745E-05   9.7942837856490410E-05   9.7942837856201687E-05   9.7942837855670957E-05   9.7942837855347309E-05   9.7942837854351578E-05   9.7942837853909467E-05   9.7942837853192999E-05   9.7942837852800965E-05   9.7942837852504680E-05
 9.7942837852141160E-05   9.7942837851638294E-05   9.7942837850631843E-05   9.7942837850143613E-05   9.7942837848316244E-05   9.7942837848368801E-05   9.7942837848081365E-05   9.7942837848489052E-05   9.7942837848507945E-05   9.7942837848570449E-05   9.7942837848152259E-05
 9.7942837848169511E-05   9.7942837848343173E-05   9.7942837848598774E-05   9.7942837848220279E-05   9.7942837848021165E-05   9.7942837847940433E-05   9.7942837847673854E-05   9.7942837847330054E-05   9.7942837847382814E-05   9.7942837846962740E-05   9.7942837846707600E-05
 9.7942837846447039E-05   9.7942837845982431E-05   9.7942837845888282E-05   9.7942837845610970E-05   9.7942837845210073E-05   9.7942837845103604E-05   9.7942837844698492E-05   9.7942837844243778E-05   9.7942837843935552E-05   9.7942837843397598E-05   9.7942837843113524E-05
 9.7942837842450521E-05   9.7942837842076335E-05   9.7942837841698762E-05   9.7942837841212579E-05   9.7942837840384817E-05   9.7942837840191829E-05   9.7942837839669244E-05   9.7942837838647519E-05   9.7942837838439298E-05   9.7942837838166757E-05   9.7942837837982456E-05
 9.7942837835163164E-05   9.7942837835395455E-05   9.7942837835516682E-05   9.7942837835535371E-05   9.7942837835660420E-05   9.7942837835703625E-05   9.7942837835644171E-05   9.7942837835889769E-05   9.7942837835277886E-05   9.7942837835097258E-05   9.7942837835075168E-05
 9.7942837834285137E-05   9.7942837834125705E-05   9.7942837833811354E-05   9.7942837833417734E-05   9.7942837833459950E-05   9.7942837833128849E-05   9.7942837833319113E-05   9.7942837833053090E-05   9.7942837832843988E-05   9.7942837832453662E-05   9.7942837832294758E-05
 9.7942837832099399E-05   9.7942837831881637E-05   9.7942837831599283E-05   9.7942837831426136E-05   9.7942837831022867E-05   9.7942837830436734E-05   9.7942837830190308E-05   9.7942837829941931E-05   9.7942837829827995E-05   9.7942837829119144E-05   9.7942837828722814E-05
 9.7942837828402893E-05   9.7942837827670636E-05   9.7942837827541196E-05   9.7942837827112977E-05   9.7942837826872446E-05   9.7942837826417082E-05   9.7942837826023245E-05   9.7942837822925300E-05   9.7942837822885727E-05   9.7942837823254193E-05   9.7942837823541777E-05
 9.7942837823491362E-05   9.7942837823522316E-05   9.7942837823428953E-05   9.7942837823056976E-05   9.7942837822976908E-05   9.7942837823146965E-05   9.7942837823058819E-05   9.7942837822901027E-05   9.7942837822616208E-05   9.7942837822436840E-05   9.7942837822348545E-05
 9.7942837821999378E-05   9.7942837821884479E-05   9.7942837821766220E-05   9.7942837821586554E-05   9.7942837821603549E-05   9.7942837821335399E-05   9.7942837821008702E-05   9.7942837820742313E-05   9.7942837820305488E-05   9.7942837820092835E-05   9.7942837819955169E-05
 9.7942837819546980E-05   9.7942837819418123E-05   9.7942837818786887E-05   9.7942837818929500E-05   9.7942837818511770E-05   9.7942837818170843E-05   9.7942837817861778E-05   9.7942837817461355E-05   9.7942837817369252E-05   9.7942837816525173E-05   9.7942837816486386E-05
 9.7942837815911799E-05   9.7942837815890807E-05   9.7942837815794841E-05   9.7942837812015394E-05   9.7942837812336182E-05   9.7942837812354532E-05   9.7942837812204194E-05   9.7942837812212380E-05   9.7942837812250733E-05   9.7942837812407672E-05   9.7942837812507418E-05
 9.7942837812538643E-05   9.7942837812454753E-05   9.7942837812300552E-05   9.7942837812170204E-05   9.7942837812134032E-05   9.7942837811882958E-05   9.7942837811682977E-05   9.7942837811411751E-05   9.7942837811368518E-05   9.7942837811286335E-05   9.7942837811115208E-05
 9.7942837810528112E-05   9.7942837810520563E-05   9.7942837810088265E-05   9.7942837809755144E-05   9.7942837809459617E-05   9.7942837809195235E-05   9.7942837808892919E-05   9.7942837808709919E-05   9.7942837808385146E-05   9.7942837808366593E-05   9.7942837808123623E-05
 9.7942837807907799E-05   9.7942837807788726E-05   9.7942837807241923E-05   9.7942837806886995E-05   9.7942837806423147E-05   9.7942837806047213E-05   9.7942837806123446E-05   9.7942837806016815E-05   9.7942837805556408E-05   9.7942837805259947E-05   9.7942837801352577E-05
 9.7942837802011338E-05   9.7942837801834518E-05   9.7942837801721924E-05   9.7942837801558304E-05   9.7942837801390063E-05   9.7942837801449369E-05   9.7942837801354244E-05   9.7942837801079914E-05   9.7942837801302812E-05   9.7942837801133853E-05   9.7942837801065684E-05
 9.7942837801012802E-05   9.7942837800848409E-05   9.7942837800790865E-05   9.7942837800799200E-05   9.7942837800593012E-05   9.7942837800416667E-05   9.7942837800125829E-05   9.7942837799840711E-05   9.7942837799663607E-05   9.7942837799493021E-05   9.7942837799306254E-05
 9.7942837799313396E-05   9.7942837799134896E-05   9.7942837798862246E-05   9.7942837798731220E-05   9.7942837798598446E-05   9.7942837798404686E-05   9.7942837798233056E-05   9.7942837798077880E-05   9.7942837797908324E-05   9.7942837797434962E-05   9.7942837797459451E-05
 9.7942837797241852E-05   9.7942837796539478E-05   9.7942837796691443E-05   9.7942837796265853E-05   9.7942837795887304E-05   9.7942837795763677E-05   9.7942837792247054E-05   9.7942837792202683E-05   9.7942837792395996E-05   9.7942837792278008E-05   9.7942837792301562E-05
 9.7942837792604095E-05   9.7942837792409806E-05   9.7942837792428238E-05   9.7942837792480239E-05   9.7942837792515448E-05   9.7942837792173383E-05   9.7942837792225682E-05   9.7942837792063323E-05   9.7942837792093355E-05   9.7942837792189686E-05   9.7942837791846726E-05
 9.7942837791634886E-05   9.7942837791693447E-05   9.7942837791475604E-05   9.7942837791342057E-05   9.7942837791127209E-05   9.7942837791019602E-05   9.7942837790754731E-05   9.7942837790587967E-05   9.7942837790258343E-05   9.7942837790146426E-05   9.7942837789970704E-05
 9.7942837789721337E-05   9.7942837789649943E-05   9.7942837789169465E-05   9.7942837789009654E-05   9.7942837788747141E-05   9.7942837788101851E-05   9.7942837787799847E-05   9.7942837787531439E-05   9.7942837787478448E-05   9.7942837787349496E-05   9.7942837787411336E-05
 9.7942837787232240E-05   9.7942837787305247E-05   9.7942837786078811E-05   9.7942837786071872E-05   9.7942837786115159E-05   9.7942837785853866E-05   9.7942837786155776E-05   9.7942837786197884E-05   9.7942837786078540E-05   9.7942837785803749E-05   9.7942837785949872E-05
 9.7942837785870238E-05   9.7942837785769597E-05   9.7942837785807964E-05   9.7942837785755529E-05   9.7942837785769786E-05   9.7942837785535721E-05   9.7942837785513508E-05   9.7942837785159841E-05   9.7942837784949235E-05   9.7942837784873476E-05   9.7942837784588941E-05
 9.7942837784569602E-05   9.7942837784569791E-05   9.7942837784101240E-05   9.7942837784039901E-05   9.7942837784019342E-05   9.7942837783770206E-05   9.7942837783506148E-05   9.7942837783450434E-05   9.7942837783093122E-05   9.7942837782776860E-05   9.7942837782780790E-05
 9.7942837782352788E-05   9.7942837782289877E-05   9.7942837782172485E-05   9.7942837781639518E-05   9.7942837781702510E-05   9.7942837781619230E-05   9.7942837781381085E-05   9.7942837781438046E-05   9.7942837780965063E-05   9.7942837791969634E-05   9.7942837791913621E-05
 9.7942837791974852E-05   9.7942837792070139E-05   9.7942837791977793E-05   9.7942837791910816E-05   9.7942837791865293E-05   9.7942837791711946E-05   9.7942837791606738E-05   9.7942837791639535E-05   9.7942837791493927E-05   9.7942837791320319E-05   9.7942837791341271E-05
 9.7942837790981248E-05   9.7942837790923826E-05   9.7942837790999070E-05   9.7942837790644725E-05   9.7942837790668781E-05   9.7942837790610858E-05   9.7942837790653074E-05   9.7942837790532348E-05   9.7942837790457199E-05   9.7942837790298892E-05   9.7942837790013083E-05
 9.7942837790105375E-05   9.7942837789789913E-05   9.7942837789701293E-05   9.7942837789541306E-05   9.7942837789424645E-05   9.7942837788987346E-05   9.7942837788949711E-05   9.7942837788662560E-05   9.7942837788606127E-05   9.7942837788058930E-05   9.7942837787930737E-05
 9.7942837787842347E-05   9.7942837787801134E-05   9.7942837787473231E-05   9.7942837787513807E-05   9.7942837787409317E-05   9.7942837860939258E-05   9.7942837861161966E-05   9.7942837861028067E-05   9.7942837861337580E-05   9.7942837861330438E-05   9.7942837861318417E-05
 9.7942837861364848E-05   9.7942837860978126E-05   9.7942837861045144E-05   9.7942837860868961E-05   9.7942837860973790E-05   9.7942837860859759E-05   9.7942837860864204E-05   9.7942837860566048E-05   9.7942837860239066E-05   9.7942837860393281E-05   9.7942837860162590E-05
 9.7942837860223901E-05   9.7942837859863146E-05   9.7942837859653502E-05   9.7942837859556886E-05   9.7942837859348869E-05   9.7942837859205456E-05   9.7942837859237697E-05   9.7942837859305921E-05   9.7942837859041037E-05   9.7942837858950045E-05   9.7942837858759686E-05
 9.7942837858470407E-05   9.7942837858453738E-05   9.7942837858225717E-05   9.7942837858225689E-05   9.7942837858083605E-05   9.7942837857895509E-05   9.7942837858090218E-05   9.7942837858129941E-05   9.7942837857526054E-05   9.7942837857668979E-05   9.7942837857111523E-05
 9.7942837856944393E-05   9.7942838250858908E-05   9.7942838250980000E-05   9.7942838250818223E-05   9.7942838250948531E-05   9.7942838250650091E-05   9.7942838250733683E-05   9.7942838250752033E-05   9.7942838250721336E-05   9.7942838250582382E-05   9.7942838250581854E-05
 9.7942838250444391E-05   9.7942838250400684E-05   9.7942838250299379E-05   9.7942838250326375E-05   9.7942838250204294E-05   9.7942838249966108E-05   9.7942838249768309E-05   9.7942838249730538E-05   9.7942838249666638E-05   9.7942838249403678E-05   9.7942838249124456E-05
 9.7942838249068240E-05   9.7942838249168379E-05   9.7942838248872446E-05   9.7942838248781455E-05   9.7942838248759337E-05   9.7942838248595257E-05   9.7942838248595717E-05   9.7942838248564682E-05   9.7942838248260889E-05   9.7942838248093867E-05   9.7942838247843295E-05
 9.7942838247902113E-05   9.7942838247756206E-05   9.7942838247500877E-05   9.7942838247563069E-05   9.7942838247415496E-05   9.7942838247198750E-05   9.7942838246973155E-05   9.7942838247237903E-05   9.7942840068334020E-05   9.7942840068545331E-05   9.7942840068747304E-05
 9.7942840068585867E-05   9.7942840068487719E-05   9.7942840068542417E-05   9.7942840068930291E-05   9.7942840068643763E-05   9.7942840068780915E-05   9.7942840068715930E-05   9.7942840068528865E-05   9.7942840068795660E-05   9.7942840068547377E-05   9.7942840068492842E-05
 9.7942840068378906E-05   9.7942840068186311E-05   9.7942840068217224E-05   9.7942840067970080E-05   9.7942840068040377E-05   9.7942840068106067E-05   9.7942840067830422E-05   9.7942840067811258E-05   9.7942840067567123E-05   9.7942840067505717E-05   9.7942840067408870E-05
 9.7942840067236374E-05   9.7942840067271461E-05   9.7942840067144379E-05   9.7942840066910327E-05   9.7942840066643966E-05   9.7942840066298796E-05   9.7942840066372116E-05   9.7942840066271705E-05   9.7942840066129417E-05   9.7942840066246687E-05   9.7942840066153608E-05
 9.7942840065819633E-05   9.7942840066007214E-05   9.7942840065851211E-05   9.7942840065626293E-05   9.7942847546601103E-05   9.7942847546940228E-05   9.7942847546483305E-05   9.7942847546644851E-05   9.7942847546694724E-05   9.7942847546523298E-05   9.7942847546682866E-05
 9.7942847546811317E-05   9.7942847546751753E-05   9.7942847546710364E-05   9.7942847546473574E-05   9.7942847546585220E-05   9.7942847546515614E-05   9.7942847546367729E-05   9.7942847546280816E-05   9.7942847546420448E-05   9.7942847546063597E-05   9.7942847545816588E-05
 9.7942847546016298E-05   9.7942847545843246E-05   9.7942847545612555E-05   9.7942847545667863E-05   9.7942847545705620E-05   9.7942847545297594E-05   9.7942847545504338E-05   9.7942847545088167E-05   9.7942847545147852E-05   9.7942847545001200E-05   9.7942847544929087E-05
 9.7942847544953875E-05   9.7942847544677159E-05   9.7942847544685359E-05   9.7942847544595831E-05   9.7942847543907186E-05   9.7942847543702231E-05   9.7942847543788425E-05   9.7942847543329388E-05   9.7942847543450710E-05   9.7942847543325823E-05   9.7942847543224925E-05
 9.7942874704533528E-05   9.7942874704592345E-05   9.7942874704798750E-05   9.7942874704726732E-05   9.7942874704699397E-05   9.7942874704723886E-05   9.7942874704609489E-05   9.7942874704711662E-05   9.7942874704748511E-05   9.7942874704587101E-05   9.7942874704465467E-05
 9.7942874704333330E-05   9.7942874704272384E-05   9.7942874704295355E-05   9.7942874704308786E-05   9.7942874704194565E-05   9.7942874704184157E-05   9.7942874704144123E-05   9.7942874704112179E-05   9.7942874703946879E-05   9.7942874703910518E-05   9.7942874703983878E-05
 9.7942874703851619E-05   9.7942874703657831E-05   9.7942874703551267E-05   9.7942874703270418E-05   9.7942874702936823E-05   9.7942874703250835E-05   9.7942874702842294E-05   9.7942874702837144E-05   9.7942874702731299E-05   9.7942874702531670E-05   9.7942874702825611E-05
 9.7942874702538894E-05   9.7942874702324249E-05   9.7942874702370775E-05   9.7942874702036989E-05   9.7942874701821979E-05   9.7942874701638355E-05   9.7942874701705427E-05   9.7942964102483196E-05   9.7942964102809609E-05   9.7942964102656113E-05   9.7942964102797466E-05
 9.7942964102539276E-05   9.7942964102749205E-05   9.7942964102488373E-05   9.7942964102514272E-05   9.7942964102304587E-05   9.7942964102303151E-05   9.7942964102282009E-05   9.7942964102260908E-05   9.7942964102102614E-05   9.7942964102245051E-05   9.7942964101977036E-05
 9.7942964101949999E-05   9.7942964102117075E-05   9.7942964101999818E-05   9.7942964101829680E-05   9.7942964102037060E-05   9.7942964101853641E-05   9.7942964101625430E-05   9.7942964101654351E-05   9.7942964101623586E-05   9.7942964101560066E-05   9.7942964101450805E-05
 9.7942964101228557E-05   9.7942964101110894E-05   9.7942964101073733E-05   9.7942964101016311E-05   9.7942964100923124E-05   9.7942964100660015E-05   9.7942964100680059E-05   9.7942964100630755E-05   9.7942964100593364E-05   9.7942964100367457E-05   9.7942964100215072E-05
 9.7942964100209882E-05   9.7942964099874484E-05   9.7942964099939129E-05   9.7943328816061395E-05   9.7943328816017512E-05   9.7943328816040416E-05   9.7943328816130229E-05   9.7943328816280879E-05   9.7943328816174695E-05   9.7943328816457712E-05   9.7943328816267299E-05
 9.7943328815935601E-05   9.7943328816189142E-05   9.7943328816305029E-05   9.7943328815914174E-05   9.7943328816218212E-05   9.7943328816272381E-05   9.7943328816277260E-05   9.7943328816117923E-05   9.7943328815909702E-05   9.7943328815675758E-05   9.7943328815677249E-05
 9.7943328815821299E-05   9.7943328815614474E-05   9.7943328815441571E-05   9.7943328815140067E-05   9.7943328815275444E-05   9.7943328815390274E-05   9.7943328815227956E-05   9.7943328815244585E-05   9.7943328815028124E-05   9.7943328814862918E-05   9.7943328814732909E-05
 9.7943328814495333E-05   9.7943328814209226E-05   9.7943328814296992E-05   9.7943328813922210E-05   9.7943328813878829E-05   9.7943328813852740E-05   9.7943328813869261E-05   9.7943328813743913E-05   9.7943328813260142E-05   9.7943328813297927E-05   9.7949608304375940E-05
 9.7949608304808658E-05   9.7949608304662345E-05   9.7949608304772067E-05   9.7949608304581789E-05   9.7949608304386728E-05   9.7949608304516358E-05   9.7949608304555362E-05   9.7949608304146428E-05   9.7949608304100119E-05   9.7949608304171608E-05   9.7949608304087650E-05
 9.7949608304086431E-05   9.7949608304122223E-05   9.7949608304065533E-05   9.7949608303944536E-05   9.7949608303712056E-05   9.7949608303701105E-05   9.7949608303873399E-05   9.7949608303752090E-05   9.7949608303545766E-05   9.7949608303520884E-05   9.7949608303614437E-05
 9.7949608303856038E-05   9.7949608303498658E-05   9.7949608303253669E-05   9.7949608303370979E-05   9.7949608303375397E-05   9.7949608303274648E-05   9.7949608303056913E-05   9.7949608303073190E-05   9.7949608302875228E-05   9.7949608302904013E-05   9.7949608302819500E-05
 9.7949608302449150E-05   9.7949608302624560E-05   9.7949608302570404E-05   9.7949608302740814E-05   9.7949608302681643E-05   9.7949608302297158E-05   9.8070908611912205E-05   9.8070908612490112E-05   9.8070908612368112E-05   9.8070908612405531E-05   9.8070908612524996E-05
 9.8070908612126647E-05   9.8070908612320096E-05   9.8070908612517109E-05   9.8070908612760268E-05   9.8070908612369603E-05   9.8070908612606013E-05   9.8070908612477115E-05   9.8070908612564082E-05   9.8070908612432554E-05   9.8070908612586769E-05   9.8070908612428177E-05
 9.8070908612443790E-05   9.8070908612452531E-05   9.8070908612373926E-05   9.8070908612306638E-05   9.8070908612111427E-05   9.8070908612112986E-05   9.8070908611984494E-05   9.8070908611996217E-05   9.8070908612074673E-05   9.8070908611801020E-05   9.8070908611767898E-05
 9.8070908611692410E-05   9.8070908611815860E-05   9.8070908611237072E-05   9.8070908611388807E-05   9.8070908611443667E-05   9.8070908611347065E-05   9.8070908611215971E-05   9.8070908611278028E-05   9.8070908611076353E-05   9.8070908611009417E-05   9.8070908610754630E-05
 9.8070908610467709E-05   9.8070908610370836E-05   9.8021423633642423E-05   9.8021423633615535E-05   9.8021423633373283E-05   9.8021423633478830E-05   9.8021423633407585E-05   9.8021423633630537E-05   9.8021423633715756E-05   9.8021423633673011E-05   9.8021423633831345E-05
 9.8021423633932691E-05   9.8021423633988297E-05   9.8021423633899650E-05   9.8021423633880283E-05   9.8021423633702935E-05   9.8021423633741465E-05   9.8021423633740720E-05   9.8021423633868384E-05   9.8021423633567681E-05   9.8021423633782854E-05   9.8021423633856119E-05
 9.8021423633295289E-05   9.8021423633516290E-05   9.8021423633494944E-05   9.8021423633550144E-05   9.8021423633567708E-05   9.8021423633507670E-05   9.8021423633635647E-05   9.8021423633442889E-05   9.8021423633621268E-05   9.8021423633076673E-05   9.8021423633271504E-05
 9.8021423633007989E-05   9.8021423633008382E-05   9.8021423633076944E-05   9.8021423633105242E-05   9.8021423633035649E-05   9.8021423633168152E-05   9.8021423632646502E-05   9.8021423632490147E-05   9.8021423631927459E-05   9.4093400823855737E-05   9.4093400823435297E-05
 9.4093400822623365E-05   9.4093400822860209E-05   9.4093400822571364E-05   9.4093400822308919E-05   9.4093400822086305E-05   9.4093400822224365E-05   9.4093400822302265E-05   9.4093400822370095E-05   9.4093400822170819E-05   9.4093400822323922E-05   9.4093400822573003E-05
 9.4093400822465410E-05   9.4093400822517967E-05   9.4093400822720509E-05   9.4093400822843661E-05   9.4093400823142616E-05   9.4093400823445176E-05   9.4093400823371505E-05   9.4093400823637934E-05   9.4093400823812653E-05   9.4093400823664429E-05   9.4093400823935913E-05
 9.4093400824302414E-05   9.4093400824570239E-05   9.4093400824358075E-05   9.4093400824379840E-05   9.4093400824743576E-05   9.4093400824843174E-05   9.4093400825231562E-05   9.4093400825620696E-05   9.4093400825468948E-05   9.4093400825858461E-05   9.4093400826117491E-05
 9.4093400826203088E-05   9.4093400826471564E-05   9.4093400827063864E-05   9.4093400827251241E-05   9.4093400827421203E-05
 1.2562344526401113E-02   1.3050383136138188E-02   1.3975424859373687E-02   1.5258194519667130E-02   1.6817030058842140E-02   1.8582585934148133E-02   2.0501524333570907E-02   2.2534695471649935E-02   2.4653853654145026E-02   2.6838638191979861E-02   2.9074258374032515E-02
 3.1349840509961133E-02   3.3657280044590655E-02   3.5990450122219922E-02   3.8344654125444917E-02   4.0716243687255828E-02   4.3102349123916667E-02   4.5500686808003246E-02   4.7909419741841999E-02   5.0327055347993491E-02   5.2752369615022984E-02   5.5184350136610286E-02
 5.7622152858080547E-02   6.0065068883669824E-02   6.2512498750249931E-02   6.4963932300931421E-02   6.7418932800809003E-02   6.9877124296868431E-02   7.2338181481151440E-02   7.4801821501885898E-02   7.7267797302627950E-02   7.9735892169085318E-02   8.2205915237286917E-02
 8.4677697772199745E-02   8.7151090067766807E-02   8.9625958851216755E-02   9.2102185098943218E-02   9.4579662190134722E-02   9.7058294339020815E-02   9.9537995258092288E-02   3.7520827549509091E-02   3.7687033579203340E-02   3.8017265814363876E-02   3.8507304501873410E-02
 3.9151149408414569E-02   3.9941363271676147E-02   4.0869456810679543E-02   4.1926274578121057E-02   4.3102349123916674E-02   4.4388202261411762E-02   4.5774583559001387E-02   4.7252645428589500E-02   4.8814060474416596E-02   5.0451090176526422E-02   5.2156615112562671E-02
 5.3924136525307483E-02   5.5747757802444398E-02   5.7622152858080554E-02   5.9542526819072773E-02   6.1504573000712721E-02   6.3504428979402699E-02   6.5538633644591643E-02   6.7604086414949804E-02   6.9698009297253255E-02   7.1817912111116128E-02   7.3961560962435072E-02
 7.6126949892925580E-02   7.8312275538385434E-02   8.0515914575939596E-02   8.2736403716864554E-02   8.4972421996786701E-02   8.7222775122097557E-02   8.9486381645477217E-02   9.1762260761164782E-02   9.4049521529883398E-02   9.6347353362715688E-02   9.8655017611878212E-02
 1.0097184013377196E-01   1.0329720470564535E-01   1.0563054719161499E-01   6.2512498750249931E-02   6.2612398931840965E-02   6.2811722632005559E-02   6.3109527806821691E-02   6.3504428979402686E-02   6.3994628680851026E-02   6.4577956765447447E-02   6.5251915680690942E-02
 6.6013729632554460E-02   6.6860395601581663E-02   6.7788734314781246E-02   6.8795439529085067E-02   6.9877124296868431E-02   7.1030363225876858E-02   7.2251730083092131E-02   7.3537830400413645E-02   7.4885329003750792E-02   7.6290972598335643E-02   7.7751607700419931E-02
 7.9264194312438446E-02   8.0825815801636058E-02   8.2433685468987730E-02   8.4085150294210695E-02   8.5777692321488810E-02   8.7508928115935691E-02   8.9276606678345471E-02   9.1078606159734357E-02   9.2912929670740663E-02   9.4777700436336820E-02   9.6671156504926539E-02
 9.8591645183554982E-02   1.0053761733798947E-01   1.0250762166785454E-01   1.0450029904263433E-01   1.0651437696386343E-01   1.0854866420182240E-01   1.1060204564111822E-01   1.1267347735824966E-01   1.1476198194524177E-01   1.1686664408632602E-01   8.7508928115935705E-02
 8.7580320278016807E-02   8.7722930297613758E-02   8.7936411684807800E-02   8.8220249942969453E-02   8.8573768690284382E-02   8.8996137556637822E-02   8.9486381645477217E-02   9.0043392317260024E-02   9.0665939028942960E-02   9.1352681952967321E-02   9.2102185098943246E-02
 9.2912929670740663E-02   9.3783327409513478E-02   9.4711733697573089E-02   9.5696460227116031E-02   9.6735787069729282E-02   9.7827974015615812E-02   9.8971271084087847E-02   1.0016392813782815E-01   1.0140420356178535E-01   1.0269037199270437E-01   1.0402073110683274E-01
 1.0539360749115670E-01   1.0680736163766991E-01   1.0826039211087313E-01   1.0975113894625423E-01   1.1127808634228036E-01   1.1283976471085005E-01   1.1443475215160821E-01   1.1606167541441059E-01   1.1771921041189497E-01   1.1940608234089251E-01   1.2112106546757258E-01
 1.2286298262698982E-01   1.2463070448328534E-01   1.2642314859233653E-01   1.2823927830426995E-01   1.3007810153903693E-01   1.3193866946426283E-01   1.1250694423012297E-01   1.1256248264852727E-01   1.1267347735824966E-01   1.1283976471085005E-01   1.1306110073761001E-01
 1.1333716292549413E-01   1.1366755253809242E-01   1.1405179744309162E-01   1.1448935540040393E-01   1.1497961775897501E-01   1.1552191350562023E-01   1.1611551360606386E-01   1.1675963557668378E-01   1.1745344822524369E-01   1.1819607650002600E-01   1.1898660638912263E-01
 1.1982408981502843E-01   1.2070754947392480E-01   1.2163598357394081E-01   1.2260837043203862E-01   1.2362367289479795E-01   1.2468084255409891E-01   1.2577882373436319E-01   1.2691655723348313E-01   1.2809298380473461E-01   1.2930704737175000E-01   1.3055769797296518E-01
 1.3184389443580616E-01   1.3316460678423528E-01   1.3451881838612767E-01   1.3590552784931156E-01   1.3732375067700417E-01   1.3877252069484075E-01   1.4025089126276524E-01   1.4175793628576852E-01   1.4329275103786654E-01   1.4485445281385037E-01   1.4644218142324977E-01
 1.4805509954067778E-01   1.4969239292629402E-01   1.3750568170079375E-01   1.3755112685834311E-01   1.3764197215965776E-01   1.3777812779973461E-01   1.3795945962492026E-01   1.3818578979041224E-01   1.3845689762521765E-01   1.3877252069484075E-01   1.3913235604991386E-01
 1.3953606164715987E-01   1.3998325792751076E-01   1.4047352953492698E-01   1.4100642715848097E-01   1.4158146947958974E-01   1.4219814520590626E-01   1.4285591517329621E-01   1.4355421449752007E-01   1.4429245475768995E-01   1.4507002619424869E-01   1.4588629990509736E-01
 1.4674063002454366E-01   1.4763235587092691E-01   1.4856080405005892E-01   1.4952529050297814E-01   1.5052512248790897E-01   1.5155960048772893E-01   1.5262802003564091E-01   1.5372967345311056E-01   1.5486385149543455E-01   1.5602984490154440E-01   1.5722694584580596E-01
 1.5845444929064001E-01   1.5971165423975797E-01   1.6099786489267490E-01   1.6231239170192768E-01   1.6365455233509393E-01   1.6502367254427469E-01   1.6641908694617935E-01   1.6784013971633843E-01   1.6928618520127389E-01   1.6250480762119010E-01   1.6254326347160622E-01
 1.6262014789072110E-01   1.6273540641175785E-01   1.6288895757539859E-01   1.6308069321657914E-01   1.6331047884321448E-01   1.6357815410378002E-01   1.6388353333999117E-01   1.6422640622019347E-01   1.6460653844850759E-01   1.6502367254427469E-01   1.6547752868592158E-01
 1.6596780561301641E-01   1.6649418158001800E-01   1.6705631535503232E-01   1.6765384725678084E-01   1.6828640022295327E-01   1.6895358090315815E-01   1.6965498076979646E-01   1.7039017724035621E-01   1.7115873480485885E-01   1.7196020615247007E-01   1.7279413329161383E-01
 1.7366004865829102E-01   1.7455747620769499E-01   1.7548593248462968E-01   1.7644492766866382E-01   1.7743396659039104E-01   1.7845254971560368E-01   1.7950017409462310E-01   1.8057633427445580E-01   1.8168052317185793E-01   1.8281223290578780E-01   1.8397095558810364E-01
 1.8515618407171822E-01   1.8636741265575374E-01   1.8760413774754545E-01   1.8886585848162182E-01   1.9015207729604219E-01   1.8750416662037142E-01   1.8753749625074981E-01   1.8760413774754542E-01   1.8770405563013284E-01   1.8783719679552291E-01   1.8800349065908326E-01
 1.8820284934081100E-01   1.8843516789601669E-01   1.8870032458901601E-01   1.8899818120817988E-01   1.8932858342046505E-01   1.8969136116333818E-01   1.9008632907181935E-01   1.9051328693820807E-01   1.9097202020191334E-01   1.9146230046669763E-01   1.9198388604255306E-01
 1.9253652250936704E-01   1.9311994329949456E-01   1.9373387029634234E-01   1.9437801444607875E-01   1.9505207637961713E-01   1.9575574704207283E-01   1.9648870832696722E-01   1.9725063371254350E-01   1.9804118889766339E-01   1.9886003243487615E-01   1.9970681635838072E-01
 2.0058118680474499E-01   2.0148278462439415E-01   2.0241124598203530E-01   2.0336620294434374E-01   2.0434728405339769E-01   2.0535411488450872E-01   2.0638631858725520E-01   2.0744351640868414E-01   2.0852532819779951E-01   2.0963137289060529E-01   2.1076126897511319E-01
 2.1191463493586279E-01   2.1250367643878543E-01   2.1253308565962151E-01   2.1259189189618688E-01   2.1268007076357676E-01   2.1279758574758317E-01   2.1294438828013293E-01   2.1312041783930513E-01   2.1332560207345017E-01   2.1355985694881893E-01   2.1382308692000498E-01
 2.1411518512240091E-01   2.1443603358577590E-01   2.1478550346799480E-01   2.1516345530781944E-01   2.1556973929566275E-01   2.1600419556110481E-01   2.1646665447592617E-01   2.1695693697137231E-01   2.1747485486832727E-01   2.1802021121905191E-01   2.1859280065912512E-01
 2.1919240976822169E-01   2.1981881743836221E-01   2.2047179524828114E-01   2.2115110784257899E-01   2.2185651331434922E-01   2.2258776359000512E-01   2.2334460481507049E-01   2.2412677773974266E-01   2.2493401810308730E-01   2.2576605701477803E-01   2.2662262133335234E-01
 2.2750343404001622E-01   2.2840821460709335E-01   2.2933667936028029E-01   2.3028854183393496E-01   2.3126351311869325E-01   2.3226130220077559E-01   2.3328161629241173E-01   2.3432416115287816E-01   2.3750328945090426E-01   2.3752960341818449E-01   2.3758222260935266E-01
 2.3766112955214197E-01   2.3776629807439070E-01   2.3789769334737151E-01   2.3805527194330314E-01   2.3823898190682399E-01   2.3844876284015401E-01   2.3868454600162115E-01   2.3894625441718059E-01   2.3923380300450856E-01   2.3954709870921001E-01   2.3988604065263991E-01
 2.4025052029079980E-01   2.4064042158373974E-01   2.4105562117486498E-01   2.4149598857952073E-01   2.4196138638220768E-01   2.4245167044176041E-01   2.4296669010380828E-01   2.4350628841982705E-01   2.4407030237208296E-01   2.4465856310376713E-01   2.4527089615362033E-01
 2.4590712169435031E-01   2.4656705477415267E-01   2.4725050556065606E-01   2.4795727958662558E-01   2.4868717799677570E-01   2.4943999779506093E-01   2.5021553209183478E-01   2.5101357035029004E-01   2.5183389863161793E-01   2.5267629983835049E-01   2.5354055395537811E-01
 2.5442643828816219E-01   2.5533372769769375E-01   2.5626219483177776E-01   2.5721161035225454E-01   2.6250297617360457E-01   2.6252678434780707E-01   2.6257439422000006E-01   2.6264579284656359E-01   2.6274096083405041E-01   2.6285987236548680E-01   2.6300249523531138E-01
 2.6316879089284123E-01   2.6335871449412873E-01   2.6357221496204791E-01   2.6380923505442339E-01   2.6406971143999081E-01   2.6435357478195753E-01   2.6466074982890830E-01   2.6499115551278313E-01   2.6534470505363394E-01   2.6572130607085315E-01   2.6612086070054708E-01
 2.6654326571871967E-01   2.6698841266991347E-01   2.6745618800095089E-01   2.6794647319940601E-01   2.6845914493643164E-01   2.6899407521356306E-01   2.6955113151311388E-01   2.7013017695178004E-01   2.7073107043706673E-01   2.7135366682615514E-01   2.7199781708682885E-01
 2.7266336846008488E-01   2.7335016462405870E-01   2.7405804585890198E-01   2.7478684921225760E-01   2.7553640866498930E-01   2.7630655529682968E-01   2.7709711745162563E-01   2.7790792090186994E-01   2.7873878901222199E-01   2.7958954290173299E-01   2.8046000160450690E-01
 2.8750271737846239E-01   2.8752445548161637E-01   2.8756792675818355E-01   2.8763312135426966E-01   2.8772002450298800E-01   2.8782861654116326E-01   2.8795887293153516E-01   2.8811076429040278E-01   2.8828425642063776E-01   2.8847931034997992E-01   2.8869588237451538E-01
 2.8893392410722563E-01   2.8919338253148191E-01   2.8947420005934899E-01   2.8977631459455072E-01   2.9009965959993822E-01   2.9044416416929436E-01   2.9080975310329604E-01   2.9119634698944974E-01   2.9160386228580720E-01   2.9203221140826230E-01   2.9248130282122309E-01
 2.9295104113144915E-01   2.9344132718483951E-01   2.9395205816595332E-01   2.9448312770004331E-01   2.9503442595737878E-01   2.9560583975963672E-01   2.9619725268813690E-01   2.9680854519369892E-01   2.9743959470790032E-01   2.9809027575551678E-01   2.9876046006792806E-01
 2.9945001669727789E-01   3.0015881213117834E-01   3.0088671040775467E-01   3.0163357323083251E-01   3.0239926008507362E-01   3.0318362835087254E-01   3.0398653341883425E-01   3.1250249999000007E-01   3.1252249919005831E-01   3.1256249375124967E-01   3.1262247599940729E-01
 3.1270243443248086E-01   3.1280235373155363E-01   3.1292221477549337E-01   3.1306199465920481E-01   3.1322166671544294E-01   3.1340120054013831E-01   3.1360056202118008E-01   3.1381971337059117E-01   3.1405861316002781E-01   3.1431721635952425E-01   3.1459547437940044E-01
 3.1489333511524181E-01   3.1521074299585666E-01   3.1554763903410843E-01   3.1590396088051825E-01   3.1627964287952520E-01   3.1667461612829029E-01   3.1708880853792365E-01   3.1752214489701341E-01   3.1797454693732957E-01   3.1844593340157445E-01   3.1893622011305017E-01
 3.1944532004710918E-01   3.1997314340425509E-01   3.2051959768475935E-01   3.2108458776465743E-01   3.2166801597299038E-01   3.2226978217015634E-01   3.2288978382723726E-01   3.2352791610616849E-01   3.2418407194061832E-01   3.2485814211744796E-01   3.2555001535862349E-01
 3.2625957840345471E-01   3.2698671609103636E-01   3.2773131144277318E-01   3.3750231480687654E-01   3.3752083269036892E-01   3.3755786540976945E-01   3.3761340687241675E-01   3.3768744794558181E-01   3.3777997646396984E-01   3.3789097723970080E-01   3.3802043207474902E-01
 3.3816831977581818E-01   3.3833461617162380E-01   3.3851929413255016E-01   3.3872232359264426E-01   3.3894367157390626E-01   3.3918330221283005E-01   3.3944117678914565E-01   3.3971725375670869E-01   3.4001148877648241E-01   3.4032383475154954E-01   3.4065424186409304E-01
 3.4100265761427728E-01   3.4136902686096171E-01   3.4175329186417502E-01   3.4215539232927489E-01   3.4257526545271771E-01   3.4301284596936016E-01   3.4346806620121179E-01   3.4394085610755815E-01   3.4443114333637137E-01   3.4493885327692503E-01   3.4546390911352809E-01
 3.4600623188029433E-01   3.4656574051686068E-01   3.4714235192497045E-01   3.4773598102583519E-01   3.4834654081819155E-01   3.4897394243696767E-01   3.4961809521247611E-01   3.5027890673005135E-01   3.5095628289004888E-01   3.5165012796812689E-01   3.6250215516600731E-01
 3.6251939603281924E-01   3.6255387530682942E-01   3.6260558807056464E-01   3.6267452695219726E-01   3.6276068213079549E-01   3.6286404134331085E-01   3.6298458989329013E-01   3.6312231066129774E-01   3.6327718411703208E-01   3.6344918833311490E-01   3.6363829900053157E-01
 3.6384448944569714E-01   3.6406773064911979E-01   3.6430799126563229E-01   3.6456523764615850E-01   3.6483943386097950E-01   3.6513054172446330E-01   3.6543852082121836E-01   3.6576332853362986E-01   3.6610492007073608E-01   3.6646324849839995E-01   3.6683826477072978E-01
 3.6722991776270086E-01   3.6763815430392971E-01   3.6806291921354972E-01   3.6850415533613734E-01   3.6896180357863606E-01   3.6943580294822537E-01   3.6992609059108017E-01   3.7043260183196625E-01   3.7095527021461772E-01   3.7149402754283956E-01   3.7204880392228118E-01
 3.7261952780282470E-01   3.7320612602153252E-01   3.7380852384609964E-01   3.7442664501875400E-01   3.7506041180055250E-01   3.7570974501601639E-01   3.8750201612378743E-01   3.8751814473647556E-01   3.8755039994818741E-01   3.8759877773285095E-01   3.8766327205449841E-01
 3.8774387487102879E-01   3.8784057613921730E-01   3.8795336382096240E-01   3.8808222389076263E-01   3.8822714034441230E-01   3.8838809520890316E-01   3.8856506855351780E-01   3.8875803850209967E-01   3.8896698124648066E-01   3.8919187106104874E-01   3.8943268031843453E-01
 3.8968937950629345E-01   3.8996193724516248E-01   3.9025032030736378E-01   3.9055449363693157E-01   3.9087442037053288E-01   3.9121006185935459E-01   3.9156137769192717E-01   3.9192832571785369E-01   3.9231086207241322E-01   3.9270894120200522E-01   3.9312251589040281E-01
 3.9355153728577918E-01   3.9399595492847389E-01   3.9445571677946312E-01   3.9493076924949772E-01   3.9542105722887344E-01   3.9592652411779639E-01   3.9644711185730691E-01   3.9698276096072488E-01   3.9753341054557917E-01   3.9809899836598434E-01   3.9867946084542655E-01
 3.9927473310992273E-01   3.9988474902151500E-01   4.1250189393504610E-01   4.1251704510238124E-01   4.1254734576773128E-01   4.1259279259337533E-01   4.1265338057502937E-01   4.1272910304459998E-01   4.1281995167385022E-01   4.1292591647897331E-01   4.1304698582606802E-01
 4.1318314643750903E-01   4.1333438339920386E-01   4.1350068016872721E-01   4.1368201858432285E-01   4.1387837887476081E-01   4.1408973967003820E-01   4.1431607801291037E-01   4.1455736937123677E-01   4.1481358765112797E-01   4.1508470521087626E-01   4.1537069287565298E-01
 4.1567151995295520E-01   4.1598715424878213E-01   4.1631756208452225E-01   4.1666270831453112E-01   4.1702255634437813E-01   4.1739706814974159E-01   4.1778620429592939E-01   4.1818992395800264E-01   4.1860818494147967E-01   4.1904094370359568E-01   4.1948815537509521E-01
 4.1994977378253229E-01   4.2042575147105349E-01   4.2091603972763980E-01   4.2142058860478099E-01   4.2193934694455792E-01   4.2247226240310742E-01   4.2301928147544293E-01   4.2358034952060752E-01   4.2415541078713126E-01   4.3750178571064141E-01   4.3751607113339275E-01
 4.3754464057967846E-01   4.3758749125174956E-01   4.3764461895469481E-01   4.3771601809849270E-01   4.3780168170074452E-01   4.3790160139008399E-01   4.3801576741026116E-01   4.3814416862489453E-01   4.3828679252288677E-01   4.3844362522449792E-01   4.3861465148806872E-01
 4.3879985471738708E-01   4.3899921696968891E-01   4.3921271896428499E-01   4.3944034009180361E-01   4.3968205842403896E-01   4.3993785072439495E-01   4.4020769245891195E-01   4.4049155780786536E-01   4.4078941967792284E-01   4.4110124971484721E-01   4.4142701831673148E-01
 4.4176669464775181E-01   4.4212024665242372E-01   4.4248764107034677E-01   4.4286884345142186E-01   4.4326381817152638E-01   4.4367252844862959E-01   4.4409493635933295E-01   4.4453100285581881E-01   4.4498068778318906E-01   4.4544394989717845E-01   4.4592074688222344E-01
 4.4641103536987076E-01   4.4691477095750592E-01   4.4743190822738604E-01   4.4796240076595717E-01   4.4850620118343959E-01   4.6250168918610451E-01   4.6251520245284911E-01   4.6254222780195975E-01   4.6258276286519801E-01   4.6263680409150332E-01   4.6270434674854743E-01
 4.6278538492480509E-01   4.6287991153213814E-01   4.6298791830889069E-01   4.6310939582349225E-01   4.6324433347856508E-01   4.6339271951553146E-01   4.6355454101971649E-01   4.6372978392594111E-01   4.6391843302459973E-01   4.6412047196821649E-01   4.6433588327847336E-01
 4.6456464835370331E-01   4.6480674747684120E-01   4.6506215982382404E-01   4.6533086347243297E-01   4.6561283541156812E-01   4.6590805155094717E-01   4.6621648673121807E-01   4.6653811473447698E-01   4.6687290829518047E-01   4.6722083911144208E-01   4.6758187785670224E-01
 4.6795599419176159E-01   4.6834315677716487E-01   4.6874333328592527E-01   4.6915649041657737E-01   4.6958259390654589E-01   4.7002160854581998E-01   4.7047349819091833E-01   4.7093822577913552E-01   4.7141575334305497E-01   4.7190604202531677E-01   4.7240905209362788E-01
 4.7292474295600145E-01   4.8750160256146857E-01   4.8751442286357027E-01   4.8754006245640985E-01   4.8757851931765822E-01   4.8762979041481874E-01   4.8769387170642203E-01   4.8777075814361814E-01   4.8786044367216336E-01   4.8796292123480045E-01   4.8807818277403059E-01
 4.8820621923527363E-01   4.8834702057041368E-01   4.8850057574172834E-01   4.8866687272619580E-01   4.8884589852017785E-01   4.8903763914447324E-01   4.8924207964973743E-01   4.8945920412226396E-01   4.8968899569012170E-01   4.8993143652964344E-01   4.9018650787225881E-01
 4.9045419001166668E-01   4.9073446231134005E-01   4.9102730321235705E-01   4.9133269024155113E-01   4.9165060001997357E-01   4.9198100827166086E-01   4.9232388983269953E-01   4.9267921866058045E-01   4.9304696784383539E-01   4.9342710961194669E-01   4.9381961534552277E-01
 4.9422445558673039E-01   4.9464160004997559E-01   4.9507101763282413E-01   4.9551267642715258E-01   4.9596654373052224E-01   4.9643258605776480E-01   4.9691076915277260E-01   4.9740105800048318E-01   5.1250152438797691E-01   5.1251371932856604E-01   5.1253810833927282E-01
 5.1257468967946518E-01   5.1262346073897169E-01   5.1268441803901166E-01   5.1275755723343575E-01   5.1284287311027354E-01   5.1294035959358875E-01   5.1305000974563886E-01   5.1317181576933868E-01   5.1330576901102531E-01   5.1345185996352194E-01   5.1361007826949823E-01
 5.1378041272512531E-01   5.1396285128402042E-01   5.1415738106148012E-01   5.1436398833899721E-01   5.1458265856905838E-01   5.1481337638021807E-01   5.1505612558244573E-01   5.1531088917274015E-01   5.1557764934100869E-01   5.1585638747620455E-01   5.1614708417271926E-01
 5.1644971923702321E-01   5.1676427169455130E-01   5.1709071979682641E-01   5.1742904102881593E-01   5.1777921211651601E-01   5.1814120903475736E-01   5.1851500701522624E-01   5.1890058055469557E-01   5.1929790342345894E-01   5.1970694867396194E-01   5.2012768864962389E-01
 5.2056009499384426E-01   5.2100413865918582E-01   5.2145978991672992E-01   5.2192701836559496E-01   5.3750145348640688E-01   5.3751308123616859E-01   5.3753633598111294E-01   5.3757121621232662E-01   5.3761771966705107E-01   5.3767584332941720E-01   5.3774558343142154E-01
 5.3782693545414773E-01   5.3791989412922814E-01   5.3802445344054761E-01   5.3814060662618646E-01   5.3826834618060160E-01   5.3840766385704431E-01   5.3855855067021263E-01   5.3872099689913699E-01   5.3889499209029579E-01   5.3908052506095960E-01   5.3927758390276148E-01
 5.3948615598548955E-01   5.3970622796110101E-01   5.3993778576795304E-01   5.4018081463524781E-01   5.4043529908768906E-01   5.4070122295034617E-01   5.4097856935372224E-01   5.4126732073902262E-01   5.4156745886362112E-01   5.4187896480671760E-01   5.4220181897518560E-01
 5.4253600110960376E-01   5.4288149029046839E-01   5.4323826494458205E-01   5.4360630285161338E-01   5.4398558115082418E-01   5.4437607634796004E-01   5.4477776432229685E-01   5.4519062033384247E-01   5.4561461903068542E-01   5.4604973445648697E-01   5.4649594005811242E-01
 5.6250138888717416E-01   5.6251249986111418E-01   5.6253472115061487E-01   5.6256805143911259E-01   5.6261248875224945E-01   5.6266803045845781E-01   5.6273467326973903E-01   5.6281241324263631E-01   5.6290124577939959E-01   5.6300116562934399E-01   5.6311216689039845E-01
 5.6323424301084535E-01   5.6336738679124831E-01   5.6351159038656873E-01   5.6366684530846767E-01   5.6383314242779303E-01   5.6401047197724974E-01   5.6419882355425022E-01   5.6439818612394566E-01   5.6460854802243299E-01   5.6482989696013786E-01   5.6506222002537032E-01
 5.6530550368805010E-01   5.6555973380360103E-01   5.6582489561700977E-01   5.6610097376704804E-01   5.6638795229065386E-01   5.6668581462747059E-01   5.6699454362453960E-01   5.6731412154114402E-01   5.6764453005380044E-01   5.6798575026139519E-01   5.6833776269046210E-01
 5.6870054730059827E-01   5.6907408349001454E-01   5.6945835010121681E-01   5.6985332542681544E-01   5.7025898721545809E-01   5.7067531267788341E-01   5.7110227849309092E-01   5.8750132978572911E-01   5.8751196796320670E-01   5.8753324374030114E-01   5.8756515596144743E-01
 5.8760770289369080E-01   5.8766088222715662E-01   5.8772469107567704E-01   5.8779912597757411E-01   5.8788418289659750E-01   5.8797985722301749E-01   5.8808614377487256E-01   5.8820303679936914E-01   5.8833052997443547E-01   5.8846861641042514E-01   5.8861728865197294E-01
 5.8877653867999868E-01   5.8894635791385963E-01   5.8912673721364917E-01   5.8931766688264153E-01   5.8951913666987954E-01   5.8973113577290459E-01   5.8995365284062784E-01   5.9018667597633889E-01   5.9043019274085240E-01   5.9068419015578877E-01   5.9094865470698899E-01
 5.9122357234805856E-01   5.9150892850404213E-01   5.9180470807522312E-01   5.9211089544104833E-01   5.9242747446417443E-01   5.9275442849463389E-01   5.9309174037411783E-01   5.9343939244037391E-01   5.9379736653171511E-01   5.9416564399163985E-01   5.9454420567355637E-01
 5.9493303194561320E-01   5.9533210269562997E-01   5.9574139733612608E-01   6.1250127550887601E-01   6.1251147948426243E-01   6.1253188692508087E-01   6.1256249681154984E-01   6.1260330761431581E-01   6.1265431729483477E-01   6.1271552330588142E-01   6.1278692259218459E-01
 6.1286851159118960E-01   6.1296028623394527E-01   6.1306224194611769E-01   6.1317437364912775E-01   6.1329667576141322E-01   6.1342914219981437E-01   6.1357176638108124E-01   6.1372454122350373E-01   6.1388745914866194E-01   6.1406051208329626E-01   6.1424369146129620E-01
 6.1443698822580672E-01   6.1464039283145078E-01   6.1485389524666756E-01   6.1507748495616399E-01   6.1531115096347810E-01   6.1555488179365458E-01   6.1580866549602897E-01   6.1607248964711947E-01   6.1634634135362565E-01   6.1663020725553175E-01   6.1692407352931211E-01
 6.1722792589123843E-01   6.1754174960078612E-01   6.1786552946413842E-01   6.1819924983778496E-01   6.1854289463221557E-01   6.1889644731570415E-01   6.1925989091818312E-01   6.1963320803520539E-01   6.2001638083199062E-01   6.2040939104755666E-01   6.3750122548901822E-01
 6.3751102931635628E-01   6.3753063651874808E-01   6.3756004619172935E-01   6.3759925697886444E-01   6.3764826707205913E-01   6.3770707421197714E-01   6.3777567568856064E-01   6.3785406834165448E-01   6.3794224856173309E-01   6.3804021229073027E-01   6.3814795502297117E-01
 6.3826547180620707E-01   6.3839275724274946E-01   6.3852980549070693E-01   6.3867661026532052E-01   6.3883316484039876E-01   6.3899946204985181E-01   6.3917549428932274E-01   6.3936125351791540E-01   6.3955673126001888E-01   6.3976191860722698E-01   6.3997680622035058E-01
 6.4020138433152429E-01   6.4043564274640430E-01   6.4067957084645688E-01   6.4093315759133573E-01   6.4119639152134977E-01   6.4146926076001498E-01   6.4175175301669418E-01   6.4204385558932042E-01   6.4234555536720273E-01   6.4265683883391456E-01   6.4297769207026156E-01
 6.4330810075732769E-01   6.4364805017959936E-01   6.4399752522816434E-01   6.4435651040398445E-01   6.4472498982124160E-01   6.4510294721075334E-01   6.6250117924423357E-01   6.6251061312253723E-01   6.6252948047615223E-01   6.6255778049918035E-01   6.6259551198298960E-01
 6.6264267331647164E-01   6.6269926248638611E-01   6.6276527707779032E-01   6.6284071427455338E-01   6.6292557085995718E-01   6.6301984321738072E-01   6.6312352733106983E-01   6.6323661878699081E-01   6.6335911277376758E-01   6.6349100408370276E-01   6.6363228711388067E-01
 6.6378295586735281E-01   6.6394300395440575E-01   6.6411242459390873E-01   6.6429121061474250E-01   6.6447935445730755E-01   6.6467684817511141E-01   6.6488368343643400E-01   6.6509985152606976E-01   6.6532534334714777E-01   6.6556014942302555E-01   6.6580425989925907E-01
 6.6605766454564586E-01   6.6632035275834112E-01   6.6659231356204529E-01   6.6687353561226292E-01   6.6716400719763058E-01   6.6746371624231393E-01   6.6777265030847144E-01   6.6809079659878579E-01   6.6841814195905858E-01   6.6875467288087054E-01   6.6910037550430357E-01
 6.6945523562072473E-01   6.6981923867562965E-01   6.8750113636269727E-01   6.8751022719665777E-01   6.8752840850396868E-01   6.8755567956348085E-01   6.8759203929364976E-01   6.8763748625274934E-01   6.8769201863915796E-01   6.8775563429171560E-01   6.8782833069015126E-01
 6.8791010495558214E-01   6.8800095385108295E-01   6.8810087378232565E-01   6.8820986079828872E-01   6.8832791059203757E-01   6.8845501850157209E-01   6.8859117951074567E-01   6.8873638825025063E-01   6.8889063899867298E-01   6.8905392568361445E-01   6.8922624188288129E-01
 6.8940758082574050E-01   6.8959793539424119E-01   6.8979729812460122E-01   6.9000566120865992E-01   6.9022301649539330E-01   6.9044935549249375E-01   6.9068466936801198E-01   6.9092894895206114E-01   6.9118218473858251E-01   6.9144436688717048E-01   6.9171548522495863E-01
 6.9199552924856389E-01   6.9228448812608823E-01   6.9258235069917862E-01   6.9288910548514182E-01   6.9320474067911564E-01   6.9352924415629369E-01   6.9386260347420370E-01   6.9420480587503863E-01   6.9455583828803857E-01   7.1250109649038440E-01   7.1250986835271279E-01
 7.1252741175340051E-01   7.1255372604456990E-01   7.1258881025455345E-01   7.1263266308807371E-01   7.1268528292648226E-01   7.1274666782805796E-01   7.1281681552836562E-01   7.1289572344067265E-01   7.1298338865642585E-01   7.1307980794578674E-01   7.1318497775822509E-01
 7.1329889422317205E-01   7.1342155315073008E-01   7.1355295003244157E-01   7.1369308004211451E-01   7.1384193803670581E-01   7.1399951855726063E-01   7.1416581582990935E-01   7.1434082376691876E-01   7.1452453596780008E-01   7.1471694572047195E-01   7.1491804600247710E-01
 7.1512782948225417E-01   7.1534628852046200E-01   7.1557341517135753E-01   7.1580920118422620E-01   7.1605363800486344E-01   7.1630671677710800E-01   7.1656842834442547E-01   7.1683876325154183E-01   7.1711771174612615E-01   7.1740526378052183E-01   7.1770140901352564E-01
 7.1800613681221415E-01   7.1831943625381600E-01   7.1864129612763006E-01   7.1897170493698848E-01   7.1931065090126389E-01   7.3750105932127319E-01   7.3750953383668205E-01   7.3752648257537168E-01   7.3755190495313616E-01   7.3758580009379249E-01   7.3762816682933141E-01
 7.3767900370011885E-01   7.3773830895514703E-01   7.3780608055233599E-01   7.3788231615888455E-01   7.3796701315167201E-01   7.3806016861770829E-01   7.3816177935463445E-01   7.3827184187127171E-01   7.3839035238822026E-01   7.3851730683850603E-01   7.3865270086827683E-01
 7.3879652983754607E-01   7.3894878882098458E-01   7.3910947260876048E-01   7.3927857570742583E-01   7.3945609234085019E-01   7.3964201645120187E-01   7.3983634169997359E-01   7.4003906146905518E-01   7.4025016886185180E-01   7.4046965670444598E-01   7.4069751754680535E-01
 7.4093374366403375E-01   7.4117832705766573E-01   7.4143125945700461E-01   7.4169253232050281E-01   7.4196213683718393E-01   7.4224006392810682E-01   7.4252630424786981E-01   7.4282084818615590E-01   7.4312368586931743E-01   7.4343480716199994E-01   7.4375420166880402E-01
 7.4408185873598609E-01   7.6250102458947566E-01   7.6250922125571707E-01   7.6252561432387311E-01   7.6255020326533263E-01   7.6258298728728546E-01   7.6262396533285004E-01   7.6267313608124421E-01   7.6273049794799741E-01   7.6279604908520604E-01   7.6286978738183109E-01
 7.6295171046403720E-01   7.6304181569557517E-01   7.6314010017820455E-01   7.6324656075215958E-01   7.6336119399665592E-01   7.6348399623043839E-01   7.6361496351237124E-01   7.6375409164206787E-01   7.6390137616056175E-01   7.6405681235101885E-01   7.6422039523948859E-01
 7.6439211959569553E-01   7.6457197993387127E-01   7.6475997051362465E-01   7.6495608534085147E-01   7.6516031816868302E-01   7.6537266249847213E-01   7.6559311158081889E-01   7.6582165841663175E-01   7.6605829575822759E-01   7.6630301611046803E-01   7.6655581173193132E-01
 7.6681667463612191E-01   7.6708559659271414E-01   7.6736256912883116E-01   7.6764758353035945E-01   7.6794063084329645E-01   7.6824170187513263E-01   7.6855078719626602E-01   7.6886787714145022E-01   7.8750099206286728E-01   7.8750892852081378E-01   7.8752480119676238E-01
 7.8754860961086093E-01   7.8758035304342133E-01   7.8762003053502905E-01   7.8766764088668784E-01   7.8772318266000030E-01   7.8778665417738591E-01   7.8785805352233351E-01   7.8793737853969092E-01   7.8802462683598928E-01   7.8811979577980418E-01   7.8822288250215122E-01
 7.8833388389691850E-01   7.8845279662133239E-01   7.8857961709646041E-01   7.8871434150774777E-01   7.8885696580558895E-01   7.8900748570593426E-01   7.8916589669093040E-01   7.8933219400959453E-01   7.8950637267852386E-01   7.8968842748263712E-01   7.8987835297595044E-01
 7.9007614348238631E-01   7.9028179309661450E-01   7.9049529568492705E-01   7.9071664488614390E-01   7.9094583411255170E-01   7.9118285655087361E-01   7.9142770516327021E-01   7.9168037268837232E-01   7.9194085164234340E-01   7.9220913431997253E-01   7.9248521279579731E-01
 7.9276907892525683E-01   7.9306072434587260E-01   7.9336014047845904E-01   7.9366731852836181E-01   8.1250096153789264E-01   8.1250865380006876E-01   8.1252403810595042E-01   8.1254711401862723E-01   8.1257788088281113E-01   8.1261633782492948E-01   8.1266248375324923E-01
 8.1271631735803118E-01   8.1277783711171647E-01   8.1284704126914309E-01   8.1292392786779255E-01   8.1300849472806869E-01   8.1310073945360550E-01   8.1320065943160669E-01   8.1330825183321487E-01   8.1342351361391074E-01   8.1354644151394329E-01   8.1367703205878927E-01
 8.1381528155964233E-01   8.1396118611393253E-01   8.1411474160587460E-01   8.1427594370704581E-01   8.1444478787699293E-01   8.1462126936386825E-01   8.1480538320509388E-01   8.1499712422805515E-01   8.1519648705082137E-01   8.1540346608289571E-01   8.1561805552599187E-01
 8.1584024937483934E-01   8.1607004141801454E-01   8.1630742523880062E-01   8.1655239421607229E-01   8.1680494152520899E-01   8.1706506013903202E-01   8.1733274282876989E-01   8.1760798216504704E-01   8.1789077051890002E-01   8.1818110006281619E-01   8.1847896277179899E-01
 8.3750093283530147E-01   8.3750839548030798E-01   8.3752332057083634E-01   8.3754570770794357E-01   8.3757555629328151E-01   8.3761286552917746E-01   8.3765763441874030E-01   8.3770986176599360E-01   8.3776954617603527E-01   8.3783668605522399E-01   8.3791127961139178E-01
 8.3799332485408262E-01   8.3808281959481790E-01   8.3817976144738782E-01   8.3828414782816929E-01   8.3839597595646886E-01   8.3851524285489287E-01   8.3864194534974223E-01   8.3877608007143356E-01   8.3891764345494602E-01   8.3906663174029272E-01   8.3922304097301803E-01
 8.3938686700472032E-01   8.3955810549359833E-01   8.3973675190502406E-01   8.3992280151213894E-01   8.4011624939647489E-01   8.4031709044859970E-01   8.4052531936878616E-01   8.4074093066770572E-01   8.4096391866714471E-01   8.4119427750074482E-01   8.4143200111476624E-01
 8.4167708326887458E-01   8.4192951753694922E-01   8.4218929730791525E-01   8.4245641578659725E-01   8.4273086599459501E-01   8.4301264077118088E-01   8.4330173277421883E-01   8.6250090579662586E-01   8.6250815213538712E-01   8.6252264463027295E-01   8.6254438291603297E-01
 8.6257336644484917E-01   8.6260959448640495E-01   8.6265306612797710E-01   8.6270378027455064E-01   8.6276173564895664E-01   8.6282693079203321E-01   8.6289936406280898E-01   8.6297903363870909E-01   8.6306593751578453E-01   8.6316007350896395E-01   8.6326143925232757E-01
 8.6337003219940411E-01   8.6348584962348984E-01   8.6360888861799012E-01   8.6373914609678315E-01   8.6387661879460542E-01   8.6402130326746007E-01   8.6417319589304553E-01   8.6433229287120827E-01   8.6449859022441444E-01   8.6467208379824545E-01   8.6485276926191323E-01
 8.6504064210879716E-01   8.6523569765700270E-01   8.6543793104993960E-01   8.6564733725692256E-01   8.6586391107379002E-01   8.6608764712354613E-01   8.6631853985702056E-01   8.6655658355354970E-01   8.6680177232167688E-01   8.6705410009987272E-01   8.6731356065727472E-01
 8.6758014759444568E-01   8.6785385434415174E-01   8.6813467417215862E-01   8.8750088028125373E-01   8.8750792249985022E-01   8.8752200676940973E-01   8.8754313275468488E-01   8.8757129995285455E-01   8.8760650769358385E-01   8.8764875513910357E-01   8.8769804128430985E-01
 8.8775436495688387E-01   8.8781772481743126E-01   8.8788811935964107E-01   8.8796554691046437E-01   8.8805000563031367E-01   8.8814149351328031E-01   8.8824000838737283E-01   8.8834554791477405E-01   8.8845810959211813E-01   8.8857769075078641E-01   8.8870428855722317E-01
 8.8883790001327023E-01   8.8897852195652072E-01   8.8912615106069182E-01   8.8928078383601661E-01   8.8944241662965462E-01   8.8961104562612092E-01   8.8978666684773389E-01   8.8996927615508181E-01   8.9015886924750698E-01   8.9035544166360892E-01   8.9055898878176520E-01
 8.9076950582066972E-01   8.9098698783988994E-01   8.9121142974044054E-01   8.9144282626537541E-01   8.9168117200039620E-01   8.9192646137447906E-01   8.9217868866051719E-01   8.9243784797598102E-01   8.9270393328359443E-01   8.9297693839202819E-01   9.1250085616398202E-01
 9.1250770544691850E-01   9.1252140385856162E-01   9.1254195109046921E-01   9.1256934668002088E-01   9.1260359001047120E-01   9.1264468031101798E-01   9.1269261665688972E-01   9.1274739796944926E-01   9.1280902301631539E-01   9.1287749041150101E-01   9.1295279861556933E-01
 9.1303494593580603E-01   9.1312393052641005E-01   9.1321975038870040E-01   9.1332240337133974E-01   9.1343188717057622E-01   9.1354819933050069E-01   9.1367133724332195E-01   9.1380129814965805E-01   9.1393807913884417E-01   9.1408167714925792E-01   9.1423208896866015E-01
 9.1438931123455303E-01   9.1455334043455339E-01   9.1472417290678409E-01   9.1490180484027916E-01   9.1508623227540709E-01   9.1527745110430869E-01   9.1547545707135169E-01   9.1568024577359985E-01   9.1589181266129915E-01   9.1611015303837795E-01   9.1633526206296367E-01
 9.1656713474791374E-01   9.1680576596136232E-01   9.1705115042728136E-01   9.1730328272605688E-01   9.1756215729507951E-01   9.1782776842934977E-01   9.3750083333296297E-01   9.3750749997000027E-01   9.3752083310185697E-01   9.3754083244411279E-01   9.3756749757017499E-01
 9.3760082791132382E-01   9.3764082275677396E-01   9.3768748125374912E-01   9.3774080240757363E-01   9.3780078508177844E-01   9.3786742799822198E-01   9.3794072973722598E-01   9.3802068873772715E-01   9.3810730329744263E-01   9.3820057157305126E-01   9.3830049158038920E-01
 9.3840706119466089E-01   9.3852027815066419E-01   9.3864014004303054E-01   9.3876664432648005E-01   9.3889978831609078E-01   9.3903956918758225E-01   9.3918598397761455E-01   9.3933902958410065E-01   9.3949870276653391E-01   9.3966500014632881E-01   9.3983791820717688E-01
 9.4001745329541619E-01   9.4020360162041494E-01   9.4039635925496867E-01   9.4059572213571119E-01   9.4080168606354020E-01   9.4101424670405498E-01   9.4123339958800867E-01   9.4145914011177356E-01   9.4169146353781930E-01   9.4193036499520488E-01   9.4217583948008343E-01
 9.4242788185621928E-01   9.4268648685551870E-01   9.6250081168796953E-01   9.6250730516708294E-01   9.6252029199388833E-01   9.6253977190555617E-01   9.6256574450787524E-01   9.6259820927529260E-01   9.6263716555096712E-01   9.6268261254683529E-01   9.6273454934369118E-01
 9.6279297489127957E-01   9.6285788800840189E-01   9.6292928738303529E-01   9.6300717157246551E-01   9.6309153900343247E-01   9.6318238797228850E-01   9.6327971664517054E-01   9.6338352305818475E-01   9.6349380511760430E-01   9.6361056060007977E-01   9.6373378715286306E-01
 9.6386348229404362E-01   9.6399964341279720E-01   9.6414226776964829E-01   9.6429135249674414E-01   9.6444689459814226E-01   9.6460889095010949E-01   9.6477733830143431E-01   9.6495223327375124E-01   9.6513357236187780E-01   9.6532135193416302E-01   9.6551556823284845E-01
 9.6571621737444180E-01   9.6592329535010180E-01   9.6613679802603525E-01   9.6635672114390558E-01   9.6658306032125352E-01   9.6681581105192937E-01   9.6705496870653640E-01   9.6730052853288573E-01   9.6755248565646301E-01   9.8750079113892364E-01   9.8750712022749487E-01
 9.8751977828294657E-01   9.8753876506190885E-01   9.8756408019935604E-01   9.8759572320864164E-01   9.8763369348154584E-01   9.8767799028833281E-01   9.8772861277782176E-01   9.8778555997746798E-01   9.8784883079345698E-01   9.8791842401080876E-01   9.8799433829349448E-01
 9.8807657218456502E-01   9.8816512410629032E-01   9.8825999236031004E-01   9.8836117512779709E-01   9.8846867046963105E-01   9.8858247632658347E-01   9.8870259051951515E-01   9.8882901074958363E-01   9.8896173459846259E-01   9.8910075952857301E-01   9.8924608288332383E-01
 9.8939770188736542E-01   9.8955561364685318E-01   9.8971981514972207E-01   9.8989030326597305E-01   9.9006707474796884E-01   9.9025012623074182E-01   9.9043945423231206E-01   9.9063505515401584E-01   9.9083692528084566E-01   9.9104506078179921E-01   9.9125945771024049E-01
 9.9148011200427011E-01   9.9170701948710638E-01   9.9194017586747640E-01   9.9217957674001744E-01   9.9242521758568791E-01
 1.2562344526401113E-02   1.3050383136138188E-02   1.3975424859373687E-02   1.5258194519667130E-02   1.6817030058842140E-02   1.8582585934148133E-02   2.0501524333570907E-02   2.2534695471649935E-02   2.4653853654145026E-02   2.6838638191979861E-02   2.9074258374032515E-02
 3.1349840509961133E-02   3.3657280044590655E-02   3.5990450122219922E-02   3.8344654125444917E-02   4.0716243687255828E-02   4.3102349123916667E-02   4.5500686808003246E-02   4.7909419741841999E-02   5.0327055347993491E-02   5.2752369615022984E-02   5.5184350136610286E-02
 5.7622152858080547E-02   6.0065068883669824E-02   6.2512498750249931E-02   6.4963932300931421E-02   6.7418932800809003E-02   6.9877124296868431E-02   7.2338181481151440E-02   7.4801821501885898E-02   7.7267797302627950E-02   7.9735892169085318E-02   8.2205915237286917E-02
 8.4677697772199745E-02   8.7151090067766807E-02   8.9625958851216755E-02   9.2102185098943218E-02   9.4579662190134722E-02   9.7058294339020815E-02   9.9537995258092288E-02   1.2562344526401113E-02   1.3050383136138188E-02   1.3975424859373687E-02   1.5258194519667130E-02
 1.6817030058842140E-02   1.8582585934148133E-02   2.0501524333570907E-02   2.2534695471649935E-02   2.4653853654145026E-02   2.6838638191979861E-02   2.9074258374032515E-02   3.1349840509961133E-02   3.3657280044590655E-02   3.5990450122219922E-02   3.8344654125444917E-02
 4.0716243687255828E-02   4.3102349123916667E-02   4.5500686808003246E-02   4.7909419741841999E-02   5.0327055347993491E-02   5.2752369615022984E-02   5.5184350136610286E-02   5.7622152858080547E-02   6.0065068883669824E-02   6.2512498750249931E-02   6.4963932300931421E-02
 6.7418932800809003E-02   6.9877124296868431E-02   7.2338181481151440E-02   7.4801821501885898E-02   7.7267797302627950E-02   7.9735892169085318E-02   8.2205915237286917E-02   8.4677697772199745E-02   8.7151090067766807E-02   8.9625958851216755E-02   9.2102185098943218E-02
 9.4579662190134722E-02   9.7058294339020815E-02   9.9537995258092288E-02   1.2562344526401113E-02   1.3050383136138188E-02   1.3975424859373687E-02   1.5258194519667130E-02   1.6817030058842140E-02   1.8582585934148133E-02   2.0501524333570907E-02   2.2534695471649935E-02
 2.4653853654145026E-02   2.6838638191979861E-02   2.9074258374032515E-02   3.1349840509961133E-02   3.3657280044590655E-02   3.5990450122219922E-02   3.8344654125444917E-02   4.0716243687255828E-02   4.3102349123916667E-02   4.5500686808003246E-02   4.7909419741841999E-02
 5.0327055347993491E-02   5.2752369615022984E-02   5.5184350136610286E-02   5.7622152858080547E-02   6.0065068883669824E-02   6.2512498750249931E-02   6.4963932300931421E-02   6.7418932800809003E-02   6.9877124296868431E-02   7.2338181481151440E-02   7.4801821501885898E-02
 7.7267797302627950E-02   7.9735892169085318E-02   8.2205915237286917E-02   8.4677697772199745E-02   8.7151090067766807E-02   8.9625958851216755E-02   9.2102185098943218E-02   9.4579662190134722E-02   9.7058294339020815E-02   9.9537995258092288E-02   1.2562344526401113E-02
 1.3050383136138188E-02   1.3975424859373687E-02   1.5258194519667130E-02   1.6817030058842140E-02   1.8582585934148133E-02   2.0501524333570907E-02   2.2534695471649935E-02   2.4653853654145026E-02   2.6838638191979861E-02   2.9074258374032515E-02   3.1349840509961133E-02
 3.3657280044590655E-02   3.5990450122219922E-02   3.8344654125444917E-02   4.0716243687255828E-02   4.3102349123916667E-02   4.5500686808003246E-02   4.7909419741841999E-02   5.0327055347993491E-02   5.2752369615022984E-02   5.5184350136610286E-02   5.7622152858080547E-02
 6.0065068883669824E-02   6.2512498750249931E-02   6.4963932300931421E-02   6.7418932800809003E-02   6.9877124296868431E-02   7.2338181481151440E-02   7.4801821501885898E-02   7.7267797302627950E-02   7.9735892169085318E-02   8.2205915237286917E-02   8.4677697772199745E-02
 8.7151090067766807E-02   8.9625958851216755E-02   9.2102185098943218E-02   9.4579662190134722E-02   9.7058294339020815E-02   9.9537995258092288E-02   1.2562344526401113E-02   1.3050383136138188E-02   1.3975424859373687E-02   1.5258194519667130E-02   1.6817030058842140E-02
 1.8582585934148133E-02   2.0501524333570907E-02   2.2534695471649935E-02   2.4653853654145026E-02   2.6838638191979861E-02   2.9074258374032515E-02   3.1349840509961133E-02   3.3657280044590655E-02   3.5990450122219922E-02   3.8344654125444917E-02   4.0716243687255828E-02
 4.3102349123916667E-02   4.5500686808003246E-02   4.7909419741841999E-02   5.0327055347993491E-02   5.2752369615022984E-02   5.5184350136610286E-02   5.7622152858080547E-02   6.0065068883669824E-02   6.2512498750249931E-02   6.4963932300931421E-02   6.7418932800809003E-02
 6.9877124296868431E-02   7.2338181481151440E-02   7.4801821501885898E-02   7.7267797302627950E-02   7.9735892169085318E-02   8.2205915237286917E-02   8.4677697772199745E-02   8.7151090067766807E-02   8.9625958851216755E-02   9.2102185098943218E-02   9.4579662190134722E-02
 9.7058294339020815E-02   9.9537995258092288E-02   1.2562344526401113E-02   1.3050383136138188E-02   1.3975424859373687E-02   1.5258194519667130E-02   1.6817030058842140E-02   1.8582585934148133E-02   2.0501524333570907E-02   2.2534695471649935E-02   2.4653853654145026E-02
 2.6838638191979861E-02   2.9074258374032515E-02   3.1349840509961133E-02   3.3657280044590655E-02   3.5990450122219922E-02   3.8344654125444917E-02   4.0716243687255828E-02   4.3102349123916667E-02   4.5500686808003246E-02   4.7909419741841999E-02   5.0327055347993491E-02
 5.2752369615022984E-02   5.5184350136610286E-02   5.7622152858080547E-02   6.0065068883669824E-02   6.2512498750249931E-02   6.4963932300931421E-02   6.7418932800809003E-02   6.9877124296868431E-02   7.2338181481151440E-02   7.4801821501885898E-02   7.7267797302627950E-02
 7.9735892169085318E-02   8.2205915237286917E-02   8.4677697772199745E-02   8.7151090067766807E-02   8.9625958851216755E-02   9.2102185098943218E-02   9.4579662190134722E-02   9.7058294339020815E-02   9.9537995258092288E-02   1.2562344526401113E-02   1.3050383136138188E-02
 1.3975424859373687E-02   1.5258194519667130E-02   1.6817030058842140E-02   1.8582585934148133E-02   2.0501524333570907E-02   2.2534695471649935E-02   2.4653853654145026E-02   2.6838638191979861E-02   2.9074258374032515E-02   3.1349840509961133E-02   3.3657280044590655E-02
 3.5990450122219922E-02   3.8344654125444917E-02   4.0716243687255828E-02   4.3102349123916667E-02   4.5500686808003246E-02   4.7909419741841999E-02   5.0327055347993491E-02   5.2752369615022984E-02   5.5184350136610286E-02   5.7622152858080547E-02   6.0065068883669824E-02
 6.2512498750249931E-02   6.4963932300931421E-02   6.7418932800809003E-02   6.9877124296868431E-02   7.2338181481151440E-02   7.4801821501885898E-02   7.7267797302627950E-02   7.9735892169085318E-02   8.2205915237286917E-02   8.4677697772199745E-02   8.7151090067766807E-02
 8.9625958851216755E-02   9.2102185098943218E-02   9.4579662190134722E-02   9.7058294339020815E-02   9.9537995258092288E-02   1.2562344526401113E-02   1.3050383136138188E-02   1.3975424859373687E-02   1.5258194519667130E-02   1.6817030058842140E-02   1.8582585934148133E-02
 2.0501524333570907E-02   2.2534695471649935E-02   2.4653853654145026E-02   2.6838638191979861E-02   2.9074258374032515E-02   3.1349840509961133E-02   3.3657280044590655E-02   3.5990450122219922E-02   3.8344654125444917E-02   4.0716243687255828E-02   4.3102349123916667E-02
 4.5500686808003246E-02   4.7909419741841999E-02   5.0327055347993491E-02   5.2752369615022984E-02   5.5184350136610286E-02   5.7622152858080547E-02   6.0065068883669824E-02   6.2512498750249931E-02   6.4963932300931421E-02   6.7418932800809003E-02   6.9877124296868431E-02
 7.2338181481151440E-02   7.4801821501885898E-02   7.7267797302627950E-02   7.9735892169085318E-02   8.2205915237286917E-02   8.4677697772199745E-02   8.7151090067766807E-02   8.9625958851216755E-02   9.2102185098943218E-02   9.4579662190134722E-02   9.7058294339020815E-02
 9.9537995258092288E-02   1.2562344526401113E-02   1.3050383136138188E-02   1.3975424859373687E-02   1.5258194519667130E-02   1.6817030058842140E-02   1.8582585934148133E-02   2.0501524333570907E-02   2.2534695471649935E-02   2.4653853654145026E-02   2.6838638191979861E-02
 2.9074258374032515E-02   3.1349840509961133E-02   3.3657280044590655E-02   3.5990450122219922E-02   3.8344654125444917E-02   4.0716243687255828E-02   4.3102349123916667E-02   4.5500686808003246E-02   4.7909419741841999E-02   5.0327055347993491E-02   5.2752369615022984E-02
 5.5184350136610286E-02   5.7622152858080547E-02   6.0065068883669824E-02   6.2512498750249931E-02   6.4963932300931421E-02   6.7418932800809003E-02   6.9877124296868431E-02   7.2338181481151440E-02   7.4801821501885898E-02   7.7267797302627950E-02   7.9735892169085318E-02
 8.2205915237286917E-02   8.4677697772199745E-02   8.7151090067766807E-02   8.9625958851216755E-02   9.2102185098943218E-02   9.4579662190134722E-02   9.7058294339020815E-02   9.9537995258092288E-02   1.2562344526401113E-02   1.3050383136138188E-02   1.3975424859373687E-02
 1.5258194519667130E-02   1.6817030058842140E-02   1.8582585934148133E-02   2.0501524333570907E-02   2.2534695471649935E-02   2.4653853654145026E-02   2.6838638191979861E-02   2.9074258374032515E-02   3.1349840509961133E-02   3.3657280044590655E-02   3.5990450122219922E-02
 3.8344654125444917E-02   4.0716243687255828E-02   4.3102349123916667E-02   4.5500686808003246E-02   4.7909419741841999E-02   5.0327055347993491E-02   5.2752369615022984E-02   5.5184350136610286E-02   5.7622152858080547E-02   6.0065068883669824E-02   6.2512498750249931E-02
 6.4963932300931421E-02   6.7418932800809003E-02   6.9877124296868431E-02   7.2338181481151440E-02   7.4801821501885898E-02   7.7267797302627950E-02   7.9735892169085318E-02   8.2205915237286917E-02   8.4677697772199745E-02   8.7151090067766807E-02   8.9625958851216755E-02
 9.2102185098943218E-02   9.4579662190134722E-02   9.7058294339020815E-02   9.9537995258092288E-02   1.2562344526401113E-02   1.3050383136138188E-02   1.3975424859373687E-02   1.5258194519667130E-02   1.6817030058842140E-02   1.8582585934148133E-02   2.0501524333570907E-02
 2.2534695471649935E-02   2.4653853654145026E-02   2.6838638191979861E-02   2.9074258374032515E-02   3.1349840509961133E-02   3.3657280044590655E-02   3.5990450122219922E-02   3.8344654125444917E-02   4.0716243687255828E-02   4.3102349123916667E-02   4.5500686808003246E-02
 4.7909419741841999E-02   5.0327055347993491E-02   5.2752369615022984E-02   5.5184350136610286E-02   5.7622152858080547E-02   6.0065068883669824E-02   6.2512498750249931E-02   6.4963932300931421E-02   6.7418932800809003E-02   6.9877124296868431E-02   7.2338181481151440E-02
 7.4801821501885898E-02   7.7267797302627950E-02   7.9735892169085318E-02   8.2205915237286917E-02   8.4677697772199745E-02   8.7151090067766807E-02   8.9625958851216755E-02   9.2102185098943218E-02   9.4579662190134722E-02   9.7058294339020815E-02   9.9537995258092288E-02
 1.2562344526401113E-02   1.3050383136138188E-02   1.3975424859373687E-02   1.5258194519667130E-02   1.6817030058842140E-02   1.8582585934148133E-02   2.0501524333570907E-02   2.2534695471649935E-02   2.4653853654145026E-02   2.6838638191979861E-02   2.9074258374032515E-02
 3.1349840509961133E-02   3.3657280044590655E-02   3.5990450122219922E-02   3.8344654125444917E-02   4.0716243687255828E-02   4.3102349123916667E-02   4.5500686808003246E-02   4.7909419741841999E-02   5.0327055347993491E-02   5.2752369615022984E-02   5.5184350136610286E-02
 5.7622152858080547E-02   6.0065068883669824E-02   6.2512498750249931E-02   6.4963932300931421E-02   6.7418932800809003E-02   6.9877124296868431E-02   7.2338181481151440E-02   7.4801821501885898E-02   7.7267797302627950E-02   7.9735892169085318E-02   8.2205915237286917E-02
 8.4677697772199745E-02   8.7151090067766807E-02   8.9625958851216755E-02   9.2102185098943218E-02   9.4579662190134722E-02   9.7058294339020815E-02   9.9537995258092288E-02   1.2562344526401113E-02   1.3050383136138188E-02   1.3975424859373687E-02   1.5258194519667130E-02
 1.6817030058842140E-02   1.8582585934148133E-02   2.0501524333570907E-02   2.2534695471649935E-02   2.4653853654145026E-02   2.6838638191979861E-02   2.9074258374032515E-02   3.1349840509961133E-02   3.3657280044590655E-02   3.5990450122219922E-02   3.8344654125444917E-02
 4.0716243687255828E-02   4.3102349123916667E-02   4.5500686808003246E-02   4.7909419741841999E-02   5.0327055347993491E-02   5.2752369615022984E-02   5.5184350136610286E-02   5.7622152858080547E-02   6.0065068883669824E-02   6.2512498750249931E-02   6.4963932300931421E-02
 6.7418932800809003E-02   6.9877124296868431E-02   7.2338181481151440E-02   7.4801821501885898E-02   7.7267797302627950E-02   7.9735892169085318E-02   8.2205915237286917E-02   8.4677697772199745E-02   8.7151090067766807E-02   8.9625958851216755E-02   9.2102185098943218E-02
 9.4579662190134722E-02   9.7058294339020815E-02   9.9537995258092288E-02   1.2562344526401113E-02   1.3050383136138188E-02   1.3975424859373687E-02   1.5258194519667130E-02   1.6817030058842140E-02   1.8582585934148133E-02   2.0501524333570907E-02   2.2534695471649935E-02
 2.4653853654145026E-02   2.6838638191979861E-02   2.9074258374032515E-02   3.1349840509961133E-02   3.3657280044590655E-02   3.5990450122219922E-02   3.8344654125444917E-02   4.0716243687255828E-02   4.3102349123916667E-02   4.5500686808003246E-02   4.7909419741841999E-02
 5.0327055347993491E-02   5.2752369615022984E-02   5.5184350136610286E-02   5.7622152858080547E-02   6.0065068883669824E-02   6.2512498750249931E-02   6.4963932300931421E-02   6.7418932800809003E-02   6.9877124296868431E-02   7.2338181481151440E-02   7.4801821501885898E-02
 7.7267797302627950E-02   7.9735892169085318E-02   8.2205915237286917E-02   8.4677697772199745E-02   8.7151090067766807E-02   8.9625958851216755E-02   9.2102185098943218E-02   9.4579662190134722E-02   9.7058294339020815E-02   9.9537995258092288E-02   1.2562344526401113E-02
 1.3050383136138188E-02   1.3975424859373687E-02   1.5258194519667130E-02   1.6817030058842140E-02   1.8582585934148133E-02   2.0501524333570907E-02   2.2534695471649935E-02   2.4653853654145026E-02   2.6838638191979861E-02   2.9074258374032515E-02   3.1349840509961133E-02
 3.3657280044590655E-02   3.5990450122219922E-02   3.8344654125444917E-02   4.0716243687255828E-02   4.3102349123916667E-02   4.5500686808003246E-02   4.7909419741841999E-02   5.0327055347993491E-02   5.2752369615022984E-02   5.5184350136610286E-02   5.7622152858080547E-02
 6.0065068883669824E-02   6.2512498750249931E-02   6.4963932300931421E-02   6.7418932800809003E-02   6.9877124296868431E-02   7.2338181481151440E-02   7.4801821501885898E-02   7.7267797302627950E-02   7.9735892169085318E-02   8.2205915237286917E-02   8.4677697772199745E-02
 8.7151090067766807E-02   8.9625958851216755E-02   9.2102185098943218E-02   9.4579662190134722E-02   9.7058294339020815E-02   9.9537995258092288E-02   1.2562344526401113E-02   1.3050383136138188E-02   1.3975424859373687E-02   1.5258194519667130E-02   1.6817030058842140E-02
 1.8582585934148133E-02   2.0501524333570907E-02   2.2534695471649935E-02   2.4653853654145026E-02   2.6838638191979861E-02   2.9074258374032515E-02   3.1349840509961133E-02   3.3657280044590655E-02   3.5990450122219922E-02   3.8344654125444917E-02   4.0716243687255828E-02
 4.3102349123916667E-02   4.5500686808003246E-02   4.7909419741841999E-02   5.0327055347993491E-02   5.2752369615022984E-02   5.5184350136610286E-02   5.7622152858080547E-02   6.0065068883669824E-02   6.2512498750249931E-02   6.4963932300931421E-02   6.7418932800809003E-02
 6.9877124296868431E-02   7.2338181481151440E-02   7.4801821501885898E-02   7.7267797302627950E-02   7.9735892169085318E-02   8.2205915237286917E-02   8.4677697772199745E-02   8.7151090067766807E-02   8.9625958851216755E-02   9.2102185098943218E-02   9.4579662190134722E-02
 9.7058294339020815E-02   9.9537995258092288E-02   1.2562344526401113E-02   1.3050383136138188E-02   1.3975424859373687E-02   1.5258194519667130E-02   1.6817030058842140E-02   1.8582585934148133E-02   2.0501524333570907E-02   2.2534695471649935E-02   2.4653853654145026E-02
 2.6838638191979861E-02   2.9074258374032515E-02   3.1349840509961133E-02   3.3657280044590655E-02   3.5990450122219922E-02   3.8344654125444917E-02   4.0716243687255828E-02   4.3102349123916667E-02   4.5500686808003246E-02   4.7909419741841999E-02   5.0327055347993491E-02
 5.2752369615022984E-02   5.5184350136610286E-02   5.7622152858080547E-02   6.0065068883669824E-02   6.2512498750249931E-02   6.4963932300931421E-02   6.7418932800809003E-02   6.9877124296868431E-02   7.2338181481151440E-02   7.4801821501885898E-02   7.7267797302627950E-02
 7.9735892169085318E-02   8.2205915237286917E-02   8.4677697772199745E-02   8.7151090067766807E-02   8.9625958851216755E-02   9.2102185098943218E-02   9.4579662190134722E-02   9.7058294339020815E-02   9.9537995258092288E-02   1.2562344526401113E-02   1.3050383136138188E-02
 1.3975424859373687E-02   1.5258194519667130E-02   1.6817030058842140E-02   1.8582585934148133E-02   2.0501524333570907E-02   2.2534695471649935E-02   2.4653853654145026E-02   2.6838638191979861E-02   2.9074258374032515E-02   3.1349840509961133E-02   3.3657280044590655E-02
 3.5990450122219922E-02   3.8344654125444917E-02   4.0716243687255828E-02   4.3102349123916667E-02   4.5500686808003246E-02   4.7909419741841999E-02   5.0327055347993491E-02   5.2752369615022984E-02   5.5184350136610286E-02   5.7622152858080547E-02   6.0065068883669824E-02
 6.2512498750249931E-02   6.4963932300931421E-02   6.7418932800809003E-02   6.9877124296868431E-02   7.2338181481151440E-02   7.4801821501885898E-02   7.7267797302627950E-02   7.9735892169085318E-02   8.2205915237286917E-02   8.4677697772199745E-02   8.7151090067766807E-02
 8.9625958851216755E-02   9.2102185098943218E-02   9.4579662190134722E-02   9.7058294339020815E-02   9.9537995258092288E-02   1.2562344526401113E-02   1.3050383136138188E-02   1.3975424859373687E-02   1.5258194519667130E-02   1.6817030058842140E-02   1.8582585934148133E-02
 2.0501524333570907E-02   2.2534695471649935E-02   2.4653853654145026E-02   2.6838638191979861E-02   2.9074258374032515E-02   3.1349840509961133E-02   3.3657280044590655E-02   3.5990450122219922E-02   3.8344654125444917E-02   4.0716243687255828E-02   4.3102349123916667E-02
 4.5500686808003246E-02   4.7909419741841999E-02   5.0327055347993491E-02   5.2752369615022984E-02   5.5184350136610286E-02   5.7622152858080547E-02   6.0065068883669824E-02   6.2512498750249931E-02   6.4963932300931421E-02   6.7418932800809003E-02   6.9877124296868431E-02
 7.2338181481151440E-02   7.4801821501885898E-02   7.7267797302627950E-02   7.9735892169085318E-02   8.2205915237286917E-02   8.4677697772199745E-02   8.7151090067766807E-02   8.9625958851216755E-02   9.2102185098943218E-02   9.4579662190134722E-02   9.7058294339020815E-02
 9.9537995258092288E-02   1.2562344526401113E-02   1.3050383136138188E-02   1.3975424859373687E-02   1.5258194519667130E-02   1.6817030058842140E-02   1.8582585934148133E-02   2.0501524333570907E-02   2.2534695471649935E-02   2.4653853654145026E-02   2.6838638191979861E-02
 2.9074258374032515E-02   3.1349840509961133E-02   3.3657280044590655E-02   3.5990450122219922E-02   3.8344654125444917E-02   4.0716243687255828E-02   4.3102349123916667E-02   4.5500686808003246E-02   4.7909419741841999E-02   5.0327055347993491E-02   5.2752369615022984E-02
 5.5184350136610286E-02   5.7622152858080547E-02   6.0065068883669824E-02   6.2512498750249931E-02   6.4963932300931421E-02   6.7418932800809003E-02   6.9877124296868431E-02   7.2338181481151440E-02   7.4801821501885898E-02   7.7267797302627950E-02   7.9735892169085318E-02
 8.2205915237286917E-02   8.4677697772199745E-02   8.7151090067766807E-02   8.9625958851216755E-02   9.2102185098943218E-02   9.4579662190134722E-02   9.7058294339020815E-02   9.9537995258092288E-02   1.2562344526401113E-02   1.3050383136138188E-02   1.3975424859373687E-02
 1.5258194519667130E-02   1.6817030058842140E-02   1.8582585934148133E-02   2.0501524333570907E-02   2.2534695471649935E-02   2.4653853654145026E-02   2.6838638191979861E-02   2.9074258374032515E-02   3.1349840509961133E-02   3.3657280044590655E-02   3.5990450122219922E-02
 3.8344654125444917E-02   4.0716243687255828E-02   4.3102349123916667E-02   4.5500686808003246E-02   4.7909419741841999E-02   5.0327055347993491E-02   5.2752369615022984E-02   5.5184350136610286E-02   5.7622152858080547E-02   6.0065068883669824E-02   6.2512498750249931E-02
 6.4963932300931421E-02   6.7418932800809003E-02   6.9877124296868431E-02   7.2338181481151440E-02   7.4801821501885898E-02   7.7267797302627950E-02   7.9735892169085318E-02   8.2205915237286917E-02   8.4677697772199745E-02   8.7151090067766807E-02   8.9625958851216755E-02
 9.2102185098943218E-02   9.4579662190134722E-02   9.7058294339020815E-02   9.9537995258092288E-02   1.2562344526401113E-02   1.3050383136138188E-02   1.3975424859373687E-02   1.5258194519667130E-02   1.6817030058842140E-02   1.8582585934148133E-02   2.0501524333570907E-02
 2.2534695471649935E-02   2.4653853654145026E-02   2.6838638191979861E-02   2.9074258374032515E-02   3.1349840509961133E-02   3.3657280044590655E-02   3.5990450122219922E-02   3.8344654125444917E-02   4.0716243687255828E-02   4.3102349123916667E-02   4.5500686808003246E-02
 4.7909419741841999E-02   5.0327055347993491E-02   5.2752369615022984E-02   5.5184350136610286E-02   5.7622152858080547E-02   6.0065068883669824E-02   6.2512498750249931E-02   6.4963932300931421E-02   6.7418932800809003E-02   6.9877124296868431E-02   7.2338181481151440E-02
 7.4801821501885898E-02   7.7267797302627950E-02   7.9735892169085318E-02   8.2205915237286917E-02   8.4677697772199745E-02   8.7151090067766807E-02   8.9625958851216755E-02   9.2102185098943218E-02   9.4579662190134722E-02   9.7058294339020815E-02   9.9537995258092288E-02
 1.2562344526401113E-02   1.3050383136138188E-02   1.3975424859373687E-02   1.5258194519667130E-02   1.6817030058842140E-02   1.8582585934148133E-02   2.0501524333570907E-02   2.2534695471649935E-02   2.4653853654145026E-02   2.6838638191979861E-02   2.9074258374032515E-02
 3.1349840509961133E-02   3.3657280044590655E-02   3.5990450122219922E-02   3.8344654125444917E-02   4.0716243687255828E-02   4.3102349123916667E-02   4.5500686808003246E-02   4.7909419741841999E-02   5.0327055347993491E-02   5.2752369615022984E-02   5.5184350136610286E-02
 5.7622152858080547E-02   6.0065068883669824E-02   6.2512498750249931E-02   6.4963932300931421E-02   6.7418932800809003E-02   6.9877124296868431E-02   7.2338181481151440E-02   7.4801821501885898E-02   7.7267797302627950E-02   7.9735892169085318E-02   8.2205915237286917E-02
 8.4677697772199745E-02   8.7151090067766807E-02   8.9625958851216755E-02   9.2102185098943218E-02   9.4579662190134722E-02   9.7058294339020815E-02   9.9537995258092288E-02   1.2562344526401113E-02   1.3050383136138188E-02   1.3975424859373687E-02   1.5258194519667130E-02
 1.6817030058842140E-02   1.8582585934148133E-02   2.0501524333570907E-02   2.2534695471649935E-02   2.4653853654145026E-02   2.6838638191979861E-02   2.9074258374032515E-02   3.1349840509961133E-02   3.3657280044590655E-02   3.5990450122219922E-02   3.8344654125444917E-02
 4.0716243687255828E-02   4.3102349123916667E-02   4.5500686808003246E-02   4.7909419741841999E-02   5.0327055347993491E-02   5.2752369615022984E-02   5.5184350136610286E-02   5.7622152858080547E-02   6.0065068883669824E-02   6.2512498750249931E-02   6.4963932300931421E-02
 6.7418932800809003E-02   6.9877124296868431E-02   7.2338181481151440E-02   7.4801821501885898E-02   7.7267797302627950E-02   7.9735892169085318E-02   8.2205915237286917E-02   8.4677697772199745E-02   8.7151090067766807E-02   8.9625958851216755E-02   9.2102185098943218E-02
 9.4579662190134722E-02   9.7058294339020815E-02   9.9537995258092288E-02   1.2562344526401113E-02   1.3050383136138188E-02   1.3975424859373687E-02   1.5258194519667130E-02   1.6817030058842140E-02   1.8582585934148133E-02   2.0501524333570907E-02   2.2534695471649935E-02
 2.4653853654145026E-02   2.6838638191979861E-02   2.9074258374032515E-02   3.1349840509961133E-02   3.3657280044590655E-02   3.5990450122219922E-02   3.8344654125444917E-02   4.0716243687255828E-02   4.3102349123916667E-02   4.5500686808003246E-02   4.7909419741841999E-02
 5.0327055347993491E-02   5.2752369615022984E-02   5.5184350136610286E-02   5.7622152858080547E-02   6.0065068883669824E-02   6.2512498750249931E-02   6.4963932300931421E-02   6.7418932800809003E-02   6.9877124296868431E-02   7.2338181481151440E-02   7.4801821501885898E-02
 7.7267797302627950E-02   7.9735892169085318E-02   8.2205915237286917E-02   8.4677697772199745E-02   8.7151090067766807E-02   8.9625958851216755E-02   9.2102185098943218E-02   9.4579662190134722E-02   9.7058294339020815E-02   9.9537995258092288E-02   1.2562344526401113E-02
 1.3050383136138188E-02   1.3975424859373687E-02   1.5258194519667130E-02   1.6817030058842140E-02   1.8582585934148133E-02   2.0501524333570907E-02   2.2534695471649935E-02   2.4653853654145026E-02   2.6838638191979861E-02   2.9074258374032515E-02   3.1349840509961133E-02
 3.3657280044590655E-02   3.5990450122219922E-02   3.8344654125444917E-02   4.0716243687255828E-02   4.3102349123916667E-02   4.5500686808003246E-02   4.7909419741841999E-02   5.0327055347993491E-02   5.2752369615022984E-02   5.5184350136610286E-02   5.7622152858080547E-02
 6.0065068883669824E-02   6.2512498750249931E-02   6.4963932300931421E-02   6.7418932800809003E-02   6.9877124296868431E-02   7.2338181481151440E-02   7.4801821501885898E-02   7.7267797302627950E-02   7.9735892169085318E-02   8.2205915237286917E-02   8.4677697772199745E-02
 8.7151090067766807E-02   8.9625958851216755E-02   9.2102185098943218E-02   9.4579662190134722E-02   9.7058294339020815E-02   9.9537995258092288E-02   1.2562344526401113E-02   1.3050383136138188E-02   1.3975424859373687E-02   1.5258194519667130E-02   1.6817030058842140E-02
 1.8582585934148133E-02   2.0501524333570907E-02   2.2534695471649935E-02   2.4653853654145026E-02   2.6838638191979861E-02   2.9074258374032515E-02   3.1349840509961133E-02   3.3657280044590655E-02   3.5990450122219922E-02   3.8344654125444917E-02   4.0716243687255828E-02
 4.3102349123916667E-02   4.5500686808003246E-02   4.7909419741841999E-02   5.0327055347993491E-02   5.2752369615022984E-02   5.5184350136610286E-02   5.7622152858080547E-02   6.0065068883669824E-02   6.2512498750249931E-02   6.4963932300931421E-02   6.7418932800809003E-02
 6.9877124296868431E-02   7.2338181481151440E-02   7.4801821501885898E-02   7.7267797302627950E-02   7.9735892169085318E-02   8.2205915237286917E-02   8.4677697772199745E-02   8.7151090067766807E-02   8.9625958851216755E-02   9.2102185098943218E-02   9.4579662190134722E-02
 9.7058294339020815E-02   9.9537995258092288E-02   1.2562344526401113E-02   1.3050383136138188E-02   1.3975424859373687E-02   1.5258194519667130E-02   1.6817030058842140E-02   1.8582585934148133E-02   2.0501524333570907E-02   2.2534695471649935E-02   2.4653853654145026E-02
 2.6838638191979861E-02   2.9074258374032515E-02   3.1349840509961133E-02   3.3657280044590655E-02   3.5990450122219922E-02   3.8344654125444917E-02   4.0716243687255828E-02   4.3102349123916667E-02   4.5500686808003246E-02   4.7909419741841999E-02   5.0327055347993491E-02
 5.2752369615022984E-02   5.5184350136610286E-02   5.7622152858080547E-02   6.0065068883669824E-02   6.2512498750249931E-02   6.4963932300931421E-02   6.7418932800809003E-02   6.9877124296868431E-02   7.2338181481151440E-02   7.4801821501885898E-02   7.7267797302627950E-02
 7.9735892169085318E-02   8.2205915237286917E-02   8.4677697772199745E-02   8.7151090067766807E-02   8.9625958851216755E-02   9.2102185098943218E-02   9.4579662190134722E-02   9.7058294339020815E-02   9.9537995258092288E-02   1.2562344526401113E-02   1.3050383136138188E-02
 1.3975424859373687E-02   1.5258194519667130E-02   1.6817030058842140E-02   1.8582585934148133E-02   2.0501524333570907E-02   2.2534695471649935E-02   2.4653853654145026E-02   2.6838638191979861E-02   2.9074258374032515E-02   3.1349840509961133E-02   3.3657280044590655E-02
 3.5990450122219922E-02   3.8344654125444917E-02   4.0716243687255828E-02   4.3102349123916667E-02   4.5500686808003246E-02   4.7909419741841999E-02   5.0327055347993491E-02   5.2752369615022984E-02   5.5184350136610286E-02   5.7622152858080547E-02   6.0065068883669824E-02
 6.2512498750249931E-02   6.4963932300931421E-02   6.7418932800809003E-02   6.9877124296868431E-02   7.2338181481151440E-02   7.4801821501885898E-02   7.7267797302627950E-02   7.9735892169085318E-02   8.2205915237286917E-02   8.4677697772199745E-02   8.7151090067766807E-02
 8.9625958851216755E-02   9.2102185098943218E-02   9.4579662190134722E-02   9.7058294339020815E-02   9.9537995258092288E-02   1.2562344526401113E-02   1.3050383136138188E-02   1.3975424859373687E-02   1.5258194519667130E-02   1.6817030058842140E-02   1.8582585934148133E-02
 2.0501524333570907E-02   2.2534695471649935E-02   2.4653853654145026E-02   2.6838638191979861E-02   2.9074258374032515E-02   3.1349840509961133E-02   3.3657280044590655E-02   3.5990450122219922E-02   3.8344654125444917E-02   4.0716243687255828E-02   4.3102349123916667E-02
 4.5500686808003246E-02   4.7909419741841999E-02   5.0327055347993491E-02   5.2752369615022984E-02   5.5184350136610286E-02   5.7622152858080547E-02   6.0065068883669824E-02   6.2512498750249931E-02   6.4963932300931421E-02   6.7418932800809003E-02   6.9877124296868431E-02
 7.2338181481151440E-02   7.4801821501885898E-02   7.7267797302627950E-02   7.9735892169085318E-02   8.2205915237286917E-02   8.4677697772199745E-02   8.7151090067766807E-02   8.9625958851216755E-02   9.2102185098943218E-02   9.4579662190134722E-02   9.7058294339020815E-02
 9.9537995258092288E-02   1.2562344526401113E-02   1.3050383136138188E-02   1.3975424859373687E-02   1.5258194519667130E-02   1.6817030058842140E-02   1.8582585934148133E-02   2.0501524333570907E-02   2.2534695471649935E-02   2.4653853654145026E-02   2.6838638191979861E-02
 2.9074258374032515E-02   3.1349840509961133E-02   3.3657280044590655E-02   3.5990450122219922E-02   3.8344654125444917E-02   4.0716243687255828E-02   4.3102349123916667E-02   4.5500686808003246E-02   4.7909419741841999E-02   5.0327055347993491E-02   5.2752369615022984E-02
 5.5184350136610286E-02   5.7622152858080547E-02   6.0065068883669824E-02   6.2512498750249931E-02   6.4963932300931421E-02   6.7418932800809003E-02   6.9877124296868431E-02   7.2338181481151440E-02   7.4801821501885898E-02   7.7267797302627950E-02   7.9735892169085318E-02
 8.2205915237286917E-02   8.4677697772199745E-02   8.7151090067766807E-02   8.9625958851216755E-02   9.2102185098943218E-02   9.4579662190134722E-02   9.7058294339020815E-02   9.9537995258092288E-02   1.2562344526401113E-02   1.3050383136138188E-02   1.3975424859373687E-02
 1.5258194519667130E-02   1.6817030058842140E-02   1.8582585934148133E-02   2.0501524333570907E-02   2.2534695471649935E-02   2.4653853654145026E-02   2.6838638191979861E-02   2.9074258374032515E-02   3.1349840509961133E-02   3.3657280044590655E-02   3.5990450122219922E-02
 3.8344654125444917E-02   4.0716243687255828E-02   4.3102349123916667E-02   4.5500686808003246E-02   4.7909419741841999E-02   5.0327055347993491E-02   5.2752369615022984E-02   5.5184350136610286E-02   5.7622152858080547E-02   6.0065068883669824E-02   6.2512498750249931E-02
 6.4963932300931421E-02   6.7418932800809003E-02   6.9877124296868431E-02   7.2338181481151440E-02   7.4801821501885898E-02   7.7267797302627950E-02   7.9735892169085318E-02   8.2205915237286917E-02   8.4677697772199745E-02   8.7151090067766807E-02   8.9625958851216755E-02
 9.2102185098943218E-02   9.4579662190134722E-02   9.7058294339020815E-02   9.9537995258092288E-02   1.2562344526401113E-02   1.3050383136138188E-02   1.3975424859373687E-02   1.5258194519667130E-02   1.6817030058842140E-02   1.8582585934148133E-02   2.0501524333570907E-02
 2.2534695471649935E-02   2.4653853654145026E-02   2.6838638191979861E-02   2.9074258374032515E-02   3.1349840509961133E-02   3.3657280044590655E-02   3.5990450122219922E-02   3.8344654125444917E-02   4.0716243687255828E-02   4.3102349123916667E-02   4.5500686808003246E-02
 4.7909419741841999E-02   5.0327055347993491E-02   5.2752369615022984E-02   5.5184350136610286E-02   5.7622152858080547E-02   6.0065068883669824E-02   6.2512498750249931E-02   6.4963932300931421E-02   6.7418932800809003E-02   6.9877124296868431E-02   7.2338181481151440E-02
 7.4801821501885898E-02   7.7267797302627950E-02   7.9735892169085318E-02   8.2205915237286917E-02   8.4677697772199745E-02   8.7151090067766807E-02   8.9625958851216755E-02   9.2102185098943218E-02   9.4579662190134722E-02   9.7058294339020815E-02   9.9537995258092288E-02
 1.2562344526401113E-02   1.3050383136138188E-02   1.3975424859373687E-02   1.5258194519667130E-02   1.6817030058842140E-02   1.8582585934148133E-02   2.0501524333570907E-02   2.2534695471649935E-02   2.4653853654145026E-02   2.6838638191979861E-02   2.9074258374032515E-02
 3.1349840509961133E-02   3.3657280044590655E-02   3.5990450122219922E-02   3.8344654125444917E-02   4.0716243687255828E-02   4.3102349123916667E-02   4.5500686808003246E-02   4.7909419741841999E-02   5.0327055347993491E-02   5.2752369615022984E-02   5.5184350136610286E-02
 5.7622152858080547E-02   6.0065068883669824E-02   6.2512498750249931E-02   6.4963932300931421E-02   6.7418932800809003E-02   6.9877124296868431E-02   7.2338181481151440E-02   7.4801821501885898E-02   7.7267797302627950E-02   7.9735892169085318E-02   8.2205915237286917E-02
 8.4677697772199745E-02   8.7151090067766807E-02   8.9625958851216755E-02   9.2102185098943218E-02   9.4579662190134722E-02   9.7058294339020815E-02   9.9537995258092288E-02   1.2562344526401113E-02   1.3050383136138188E-02   1.3975424859373687E-02   1.5258194519667130E-02
 1.6817030058842140E-02   1.8582585934148133E-02   2.0501524333570907E-02   2.2534695471649935E-02   2.4653853654145026E-02   2.6838638191979861E-02   2.9074258374032515E-02   3.1349840509961133E-02   3.3657280044590655E-02   3.5990450122219922E-02   3.8344654125444917E-02
 4.0716243687255828E-02   4.3102349123916667E-02   4.5500686808003246E-02   4.7909419741841999E-02   5.0327055347993491E-02   5.2752369615022984E-02   5.5184350136610286E-02   5.7622152858080547E-02   6.0065068883669824E-02   6.2512498750249931E-02   6.4963932300931421E-02
 6.7418932800809003E-02   6.9877124296868431E-02   7.2338181481151440E-02   7.4801821501885898E-02   7.7267797302627950E-02   7.9735892169085318E-02   8.2205915237286917E-02   8.4677697772199745E-02   8.7151090067766807E-02   8.9625958851216755E-02   9.2102185098943218E-02
 9.4579662190134722E-02   9.7058294339020815E-02   9.9537995258092288E-02   1.2562344526401113E-02   1.3050383136138188E-02   1.3975424859373687E-02   1.5258194519667130E-02   1.6817030058842140E-02   1.8582585934148133E-02   2.0501524333570907E-02   2.2534695471649935E-02
 2.4653853654145026E-02   2.6838638191979861E-02   2.9074258374032515E-02   3.1349840509961133E-02   3.3657280044590655E-02   3.5990450122219922E-02   3.8344654125444917E-02   4.0716243687255828E-02   4.3102349123916667E-02   4.5500686808003246E-02   4.7909419741841999E-02
 5.0327055347993491E-02   5.2752369615022984E-02   5.5184350136610286E-02   5.7622152858080547E-02   6.0065068883669824E-02   6.2512498750249931E-02   6.4963932300931421E-02   6.7418932800809003E-02   6.9877124296868431E-02   7.2338181481151440E-02   7.4801821501885898E-02
 7.7267797302627950E-02   7.9735892169085318E-02   8.2205915237286917E-02   8.4677697772199745E-02   8.7151090067766807E-02   8.9625958851216755E-02   9.2102185098943218E-02   9.4579662190134722E-02   9.7058294339020815E-02   9.9537995258092288E-02   1.2562344526401113E-02
 1.3050383136138188E-02   1.3975424859373687E-02   1.5258194519667130E-02   1.6817030058842140E-02   1.8582585934148133E-02   2.0501524333570907E-02   2.2534695471649935E-02   2.4653853654145026E-02   2.6838638191979861E-02   2.9074258374032515E-02   3.1349840509961133E-02
 3.3657280044590655E-02   3.5990450122219922E-02   3.8344654125444917E-02   4.0716243687255828E-02   4.3102349123916667E-02   4.5500686808003246E-02   4.7909419741841999E-02   5.0327055347993491E-02   5.2752369615022984E-02   5.5184350136610286E-02   5.7622152858080547E-02
 6.0065068883669824E-02   6.2512498750249931E-02   6.4963932300931421E-02   6.7418932800809003E-02   6.9877124296868431E-02   7.2338181481151440E-02   7.4801821501885898E-02   7.7267797302627950E-02   7.9735892169085318E-02   8.2205915237286917E-02   8.4677697772199745E-02
 8.7151090067766807E-02   8.9625958851216755E-02   9.2102185098943218E-02   9.4579662190134722E-02   9.7058294339020815E-02   9.9537995258092288E-02   1.2562344526401113E-02   1.3050383136138188E-02   1.3975424859373687E-02   1.5258194519667130E-02   1.6817030058842140E-02
 1.8582585934148133E-02   2.0501524333570907E-02   2.2534695471649935E-02   2.4653853654145026E-02   2.6838638191979861E-02   2.9074258374032515E-02   3.1349840509961133E-02   3.3657280044590655E-02   3.5990450122219922E-02   3.8344654125444917E-02   4.0716243687255828E-02
 4.3102349123916667E-02   4.5500686808003246E-02   4.7909419741841999E-02   5.0327055347993491E-02   5.2752369615022984E-02   5.5184350136610286E-02   5.7622152858080547E-02   6.0065068883669824E-02   6.2512498750249931E-02   6.4963932300931421E-02   6.7418932800809003E-02
 6.9877124296868431E-02   7.2338181481151440E-02   7.4801821501885898E-02   7.7267797302627950E-02   7.9735892169085318E-02   8.2205915237286917E-02   8.4677697772199745E-02   8.7151090067766807E-02   8.9625958851216755E-02   9.2102185098943218E-02   9.4579662190134722E-02
 9.7058294339020815E-02   9.9537995258092288E-02   1.2562344526401113E-02   1.3050383136138188E-02   1.3975424859373687E-02   1.5258194519667130E-02   1.6817030058842140E-02   1.8582585934148133E-02   2.0501524333570907E-02   2.2534695471649935E-02   2.4653853654145026E-02
 2.6838638191979861E-02   2.9074258374032515E-02   3.1349840509961133E-02   3.3657280044590655E-02   3.5990450122219922E-02   3.8344654125444917E-02   4.0716243687255828E-02   4.3102349123916667E-02   4.5500686808003246E-02   4.7909419741841999E-02   5.0327055347993491E-02
 5.2752369615022984E-02   5.5184350136610286E-02   5.7622152858080547E-02   6.0065068883669824E-02   6.2512498750249931E-02   6.4963932300931421E-02   6.7418932800809003E-02   6.9877124296868431E-02   7.2338181481151440E-02   7.4801821501885898E-02   7.7267797302627950E-02
 7.9735892169085318E-02   8.2205915237286917E-02   8.4677697772199745E-02   8.7151090067766807E-02   8.9625958851216755E-02   9.2102185098943218E-02   9.4579662190134722E-02   9.7058294339020815E-02   9.9537995258092288E-02   1.2562344526401113E-02   1.3050383136138188E-02
 1.3975424859373687E-02   1.5258194519667130E-02   1.6817030058842140E-02   1.8582585934148133E-02   2.0501524333570907E-02   2.2534695471649935E-02   2.4653853654145026E-02   2.6838638191979861E-02   2.9074258374032515E-02   3.1349840509961133E-02   3.3657280044590655E-02
 3.5990450122219922E-02   3.8344654125444917E-02   4.0716243687255828E-02   4.3102349123916667E-02   4.5500686808003246E-02   4.7909419741841999E-02   5.0327055347993491E-02   5.2752369615022984E-02   5.5184350136610286E-02   5.7622152858080547E-02   6.0065068883669824E-02
 6.2512498750249931E-02   6.4963932300931421E-02   6.7418932800809003E-02   6.9877124296868431E-02   7.2338181481151440E-02   7.4801821501885898E-02   7.7267797302627950E-02   7.9735892169085318E-02   8.2205915237286917E-02   8.4677697772199745E-02   8.7151090067766807E-02
 8.9625958851216755E-02   9.2102185098943218E-02   9.4579662190134722E-02   9.7058294339020815E-02   9.9537995258092288E-02
 1.0000082191834547E+00   1.0000082191826758E+00   1.0000082191820834E+00   1.0000082191817166E+00   1.0000082191815214E+00   1.0000082191814250E+00   1.0000082191813771E+00   1.0000082191813506E+00   1.0000082191813362E+00   1.0000082191813289E+00   1.0000082191813251E+00
 1.0000082191813271E+00   1.0000082191813333E+00   1.0000082191813442E+00   1.0000082191813557E+00   1.0000082191813702E+00   1.0000082191813844E+00   1.0000082191813977E+00   1.0000082191814093E+00   1.0000082191814195E+00   1.0000082191814277E+00   1.0000082191814332E+00
 1.0000082191814366E+00   1.0000082191814348E+00   1.0000082191814279E+00   1.0000082191814148E+00   1.0000082191813939E+00   1.0000082191813655E+00   1.0000082191813251E+00   1.0000082191812740E+00   1.0000082191812121E+00   1.0000082191811412E+00   1.0000082191810675E+00
 1.0000082191810020E+00   1.0000082191809578E+00   1.0000082191809581E+00   1.0000082191810296E+00   1.0000082191812085E+00   1.0000082191815292E+00   1.0000082191824555E+00   1.0000082191834547E+00   1.0000082191826758E+00   1.0000082191820834E+00   1.0000082191817166E+00
 1.0000082191815214E+00   1.0000082191814250E+00   1.0000082191813771E+00   1.0000082191813506E+00   1.0000082191813362E+00   1.0000082191813289E+00   1.0000082191813251E+00   1.0000082191813271E+00   1.0000082191813333E+00   1.0000082191813442E+00   1.0000082191813557E+00
 1.0000082191813702E+00   1.0000082191813844E+00   1.0000082191813977E+00   1.0000082191814093E+00   1.0000082191814195E+00   1.0000082191814277E+00   1.0000082191814332E+00   1.0000082191814366E+00   1.0000082191814348E+00   1.0000082191814279E+00   1.0000082191814148E+00
 1.0000082191813939E+00   1.0000082191813655E+00   1.0000082191813251E+00   1.0000082191812740E+00   1.0000082191812121E+00   1.0000082191811412E+00   1.0000082191810675E+00   1.0000082191810020E+00   1.0000082191809578E+00   1.0000082191809581E+00   1.0000082191810296E+00
 1.0000082191812085E+00   1.0000082191815292E+00   1.0000082191824555E+00   1.0000082191834547E+00   1.0000082191826758E+00   1.0000082191820834E+00   1.0000082191817166E+00   1.0000082191815214E+00   1.0000082191814250E+00   1.0000082191813771E+00   1.0000082191813506E+00
 1.0000082191813362E+00   1.0000082191813289E+00   1.0000082191813251E+00   1.0000082191813271E+00   1.0000082191813333E+00   1.0000082191813442E+00   1.0000082191813557E+00   1.0000082191813702E+00   1.0000082191813844E+00   1.0000082191813977E+00   1.0000082191814093E+00
 1.0000082191814195E+00   1.0000082191814277E+00   1.0000082191814332E+00   1.0000082191814366E+00   1.0000082191814348E+00   1.0000082191814279E+00   1.0000082191814148E+00   1.0000082191813939E+00   1.0000082191813655E+00   1.0000082191813251E+00   1.0000082191812740E+00
 1.0000082191812121E+00   1.0000082191811412E+00   1.0000082191810675E+00   1.0000082191810020E+00   1.0000082191809578E+00   1.0000082191809581E+00   1.0000082191810296E+00   1.0000082191812085E+00   1.0000082191815292E+00   1.0000082191824555E+00   1.0000082191834547E+00
 1.0000082191826758E+00   1.0000082191820834E+00   1.0000082191817166E+00   1.0000082191815214E+00   1.0000082191814250E+00   1.0000082191813771E+00   1.0000082191813506E+00   1.0000082191813362E+00   1.0000082191813289E+00   1.0000082191813251E+00   1.0000082191813271E+00
 1.0000082191813333E+00   1.0000082191813442E+00   1.0000082191813557E+00   1.0000082191813702E+00   1.0000082191813844E+00   1.0000082191813977E+00   1.0000082191814093E+00   1.0000082191814195E+00   1.0000082191814277E+00   1.0000082191814332E+00   1.0000082191814366E+00
 1.0000082191814348E+00   1.0000082191814279E+00   1.0000082191814148E+00   1.0000082191813939E+00   1.0000082191813655E+00   1.0000082191813251E+00   1.0000082191812740E+00   1.0000082191812121E+00   1.0000082191811412E+00   1.0000082191810675E+00   1.0000082191810020E+00
 1.0000082191809578E+00   1.0000082191809581E+00   1.0000082191810296E+00   1.0000082191812085E+00   1.0000082191815292E+00   1.0000082191824555E+00   1.0000082191834547E+00   1.0000082191826758E+00   1.0000082191820834E+00   1.0000082191817166E+00   1.0000082191815214E+00
 1.0000082191814250E+00   1.0000082191813771E+00   1.0000082191813506E+00   1.0000082191813362E+00   1.0000082191813289E+00   1.0000082191813251E+00   1.0000082191813271E+00   1.0000082191813333E+00   1.0000082191813442E+00   1.0000082191813557E+00   1.0000082191813702E+00
 1.0000082191813844E+00   1.0000082191813977E+00   1.0000082191814093E+00   1.0000082191814195E+00   1.0000082191814277E+00   1.0000082191814332E+00   1.0000082191814366E+00   1.0000082191814348E+00   1.0000082191814279E+00   1.0000082191814148E+00   1.0000082191813939E+00
 1.0000082191813655E+00   1.0000082191813251E+00   1.0000082191812740E+00   1.0000082191812121E+00   1.0000082191811412E+00   1.0000082191810675E+00   1.0000082191810020E+00   1.0000082191809578E+00   1.0000082191809581E+00   1.0000082191810296E+00   1.0000082191812085E+00
 1.0000082191815292E+00   1.0000082191824555E+00   1.0000082191834547E+00   1.0000082191826758E+00   1.0000082191820834E+00   1.0000082191817166E+00   1.0000082191815214E+00   1.0000082191814250E+00   1.0000082191813771E+00   1.0000082191813506E+00   1.0000082191813362E+00
 1.0000082191813289E+00   1.0000082191813251E+00   1.0000082191813271E+00   1.0000082191813333E+00   1.0000082191813442E+00   1.0000082191813557E+00   1.0000082191813702E+00   1.0000082191813844E+00   1.0000082191813977E+00   1.0000082191814093E+00   1.0000082191814195E+00
 1.0000082191814277E+00   1.0000082191814332E+00   1.0000082191814366E+00   1.0000082191814348E+00   1.0000082191814279E+00   1.0000082191814148E+00   1.0000082191813939E+00   1.0000082191813655E+00   1.0000082191813251E+00   1.0000082191812740E+00   1.0000082191812121E+00
 1.0000082191811412E+00   1.0000082191810675E+00   1.0000082191810020E+00   1.0000082191809578E+00   1.0000082191809581E+00   1.0000082191810296E+00   1.0000082191812085E+00   1.0000082191815292E+00   1.0000082191824555E+00   1.0000082191834547E+00   1.0000082191826758E+00
 1.0000082191820834E+00   1.0000082191817166E+00   1.0000082191815214E+00   1.0000082191814250E+00   1.0000082191813771E+00   1.0000082191813506E+00   1.0000082191813362E+00   1.0000082191813289E+00   1.0000082191813251E+00   1.0000082191813271E+00   1.0000082191813333E+00
 1.0000082191813442E+00   1.0000082191813557E+00   1.0000082191813702E+00   1.0000082191813844E+00   1.0000082191813977E+00   1.0000082191814093E+00   1.0000082191814195E+00   1.0000082191814277E+00   1.0000082191814332E+00   1.0000082191814366E+00   1.0000082191814348E+00
 1.0000082191814279E+00   1.0000082191814148E+00   1.0000082191813939E+00   1.0000082191813655E+00   1.0000082191813251E+00   1.0000082191812740E+00   1.0000082191812121E+00   1.0000082191811412E+00   1.0000082191810675E+00   1.0000082191810020E+00   1.0000082191809578E+00
 1.0000082191809581E+00   1.0000082191810296E+00   1.0000082191812085E+00   1.0000082191815292E+00   1.0000082191824555E+00   1.0000082191834547E+00   1.0000082191826758E+00   1.0000082191820834E+00   1.0000082191817166E+00   1.0000082191815214E+00   1.0000082191814250E+00
 1.0000082191813771E+00   1.0000082191813506E+00   1.0000082191813362E+00   1.0000082191813289E+00   1.0000082191813251E+00   1.0000082191813271E+00   1.0000082191813333E+00   1.0000082191813442E+00   1.0000082191813557E+00   1.0000082191813702E+00   1.0000082191813844E+00
 1.0000082191813977E+00   1.0000082191814093E+00   1.0000082191814195E+00   1.0000082191814277E+00   1.0000082191814332E+00   1.0000082191814366E+00   1.0000082191814348E+00   1.0000082191814279E+00   1.0000082191814148E+00   1.0000082191813939E+00   1.0000082191813655E+00
 1.0000082191813251E+00   1.0000082191812740E+00   1.0000082191812121E+00   1.0000082191811412E+00   1.0000082191810675E+00   1.0000082191810020E+00   1.0000082191809578E+00   1.0000082191809581E+00   1.0000082191810296E+00   1.0000082191812085E+00   1.0000082191815292E+00
 1.0000082191824555E+00   1.0000082191834547E+00   1.0000082191826758E+00   1.0000082191820834E+00   1.0000082191817166E+00   1.0000082191815214E+00   1.0000082191814250E+00   1.0000082191813771E+00   1.0000082191813506E+00   1.0000082191813362E+00   1.0000082191813289E+00
 1.0000082191813251E+00   1.0000082191813271E+00   1.0000082191813333E+00   1.0000082191813442E+00   1.0000082191813557E+00   1.0000082191813702E+00   1.0000082191813844E+00   1.0000082191813977E+00   1.0000082191814093E+00   1.0000082191814195E+00   1.0000082191814277E+00
 1.0000082191814332E+00   1.0000082191814366E+00   1.0000082191814348E+00   1.0000082191814279E+00   1.0000082191814148E+00   1.0000082191813939E+00   1.0000082191813655E+00   1.0000082191813251E+00   1.0000082191812740E+00   1.0000082191812121E+00   1.0000082191811412E+00
 1.0000082191810675E+00   1.0000082191810020E+00   1.0000082191809578E+00   1.0000082191809581E+00   1.0000082191810296E+00   1.0000082191812085E+00   1.0000082191815292E+00   1.0000082191824555E+00   1.0000082191834547E+00   1.0000082191826758E+00   1.0000082191820834E+00
 1.0000082191817166E+00   1.0000082191815214E+00   1.0000082191814250E+00   1.0000082191813771E+00   1.0000082191813506E+00   1.0000082191813362E+00   1.0000082191813289E+00   1.0000082191813251E+00   1.0000082191813271E+00   1.0000082191813333E+00   1.0000082191813442E+00
 1.0000082191813557E+00   1.0000082191813702E+00   1.0000082191813844E+00   1.0000082191813977E+00   1.0000082191814093E+00   1.0000082191814195E+00   1.0000082191814277E+00   1.0000082191814332E+00   1.0000082191814366E+00   1.0000082191814348E+00   1.0000082191814279E+00
 1.0000082191814148E+00   1.0000082191813939E+00   1.0000082191813655E+00   1.0000082191813251E+00   1.0000082191812740E+00   1.0000082191812121E+00   1.0000082191811412E+00   1.0000082191810675E+00   1.0000082191810020E+00   1.0000082191809578E+00   1.0000082191809581E+00
 1.0000082191810296E+00   1.0000082191812085E+00   1.0000082191815292E+00   1.0000082191824555E+00   1.0000082191834547E+00   1.0000082191826758E+00   1.0000082191820834E+00   1.0000082191817166E+00   1.0000082191815214E+00   1.0000082191814250E+00   1.0000082191813771E+00
 1.0000082191813506E+00   1.0000082191813362E+00   1.0000082191813289E+00   1.0000082191813251E+00   1.0000082191813271E+00   1.0000082191813333E+00   1.0000082191813442E+00   1.0000082191813557E+00   1.0000082191813702E+00   1.0000082191813844E+00   1.0000082191813977E+00
 1.0000082191814093E+00   1.0000082191814195E+00   1.0000082191814277E+00   1.0000082191814332E+00   1.0000082191814366E+00   1.0000082191814348E+00   1.0000082191814279E+00   1.0000082191814148E+00   1.0000082191813939E+00   1.0000082191813655E+00   1.0000082191813251E+00
 1.0000082191812740E+00   1.0000082191812121E+00   1.0000082191811412E+00   1.0000082191810675E+00   1.0000082191810020E+00   1.0000082191809578E+00   1.0000082191809581E+00   1.0000082191810296E+00   1.0000082191812085E+00   1.0000082191815292E+00   1.0000082191824555E+00
 1.0000082191834547E+00   1.0000082191826758E+00   1.0000082191820834E+00   1.0000082191817166E+00   1.0000082191815214E+00   1.0000082191814250E+00   1.0000082191813771E+00   1.0000082191813506E+00   1.0000082191813362E+00   1.0000082191813289E+00   1.0000082191813251E+00
 1.0000082191813271E+00   1.0000082191813333E+00   1.0000082191813442E+00   1.0000082191813557E+00   1.0000082191813702E+00   1.0000082191813844E+00   1.0000082191813977E+00   1.0000082191814093E+00   1.0000082191814195E+00   1.0000082191814277E+00   1.0000082191814332E+00
 1.0000082191814366E+00   1.0000082191814348E+00   1.0000082191814279E+00   1.0000082191814148E+00   1.0000082191813939E+00   1.0000082191813655E+00   1.0000082191813251E+00   1.0000082191812740E+00   1.0000082191812121E+00   1.0000082191811412E+00   1.0000082191810675E+00
 1.0000082191810020E+00   1.0000082191809578E+00   1.0000082191809581E+00   1.0000082191810296E+00   1.0000082191812085E+00   1.0000082191815292E+00   1.0000082191824555E+00   1.0000082191834547E+00   1.0000082191826758E+00   1.0000082191820834E+00   1.0000082191817166E+00
 1.0000082191815214E+00   1.0000082191814250E+00   1.0000082191813771E+00   1.0000082191813506E+00   1.0000082191813362E+00   1.0000082191813289E+00   1.0000082191813251E+00   1.0000082191813271E+00   1.0000082191813333E+00   1.0000082191813442E+00   1.0000082191813557E+00
 1.0000082191813702E+00   1.0000082191813844E+00   1.0000082191813977E+00   1.0000082191814093E+00   1.0000082191814195E+00   1.0000082191814277E+00   1.0000082191814332E+00   1.0000082191814366E+00   1.0000082191814348E+00   1.0000082191814279E+00   1.0000082191814148E+00
 1.0000082191813939E+00   1.0000082191813655E+00   1.0000082191813251E+00   1.0000082191812740E+00   1.0000082191812121E+00   1.0000082191811412E+00   1.0000082191810675E+00   1.0000082191810020E+00   1.0000082191809578E+00   1.0000082191809581E+00   1.0000082191810296E+00
 1.0000082191812085E+00   1.0000082191815292E+00   1.0000082191824555E+00   1.0000082191834547E+00   1.0000082191826758E+00   1.0000082191820834E+00   1.0000082191817166E+00   1.0000082191815214E+00   1.0000082191814250E+00   1.0000082191813771E+00   1.0000082191813506E+00
 1.0000082191813362E+00   1.0000082191813289E+00   1.0000082191813251E+00   1.0000082191813271E+00   1.0000082191813333E+00   1.0000082191813442E+00   1.0000082191813557E+00   1.0000082191813702E+00   1.0000082191813844E+00   1.0000082191813977E+00   1.0000082191814093E+00
 1.0000082191814195E+00   1.0000082191814277E+00   1.0000082191814332E+00   1.0000082191814366E+00   1.0000082191814348E+00   1.0000082191814279E+00   1.0000082191814148E+00   1.0000082191813939E+00   1.0000082191813655E+00   1.0000082191813251E+00   1.0000082191812740E+00
 1.0000082191812121E+00   1.0000082191811412E+00   1.0000082191810675E+00   1.0000082191810020E+00   1.0000082191809578E+00   1.0000082191809581E+00   1.0000082191810296E+00   1.0000082191812085E+00   1.0000082191815292E+00   1.0000082191824555E+00   1.0000082191834547E+00
 1.0000082191826758E+00   1.0000082191820834E+00   1.0000082191817166E+00   1.0000082191815214E+00   1.0000082191814250E+00   1.0000082191813771E+00   1.0000082191813506E+00   1.0000082191813362E+00   1.0000082191813289E+00   1.0000082191813251E+00   1.0000082191813271E+00
 1.0000082191813333E+00   1.0000082191813442E+00   1.0000082191813557E+00   1.0000082191813702E+00   1.0000082191813844E+00   1.0000082191813977E+00   1.0000082191814093E+00   1.0000082191814195E+00   1.0000082191814277E+00   1.0000082191814332E+00   1.0000082191814366E+00
 1.0000082191814348E+00   1.0000082191814279E+00   1.0000082191814148E+00   1.0000082191813939E+00   1.0000082191813655E+00   1.0000082191813251E+00   1.0000082191812740E+00   1.0000082191812121E+00   1.0000082191811412E+00   1.0000082191810675E+00   1.0000082191810020E+00
 1.0000082191809578E+00   1.0000082191809581E+00   1.0000082191810296E+00   1.0000082191812085E+00   1.0000082191815292E+00   1.0000082191824555E+00   1.0000082191834547E+00   1.0000082191826758E+00   1.0000082191820834E+00   1.0000082191817166E+00   1.0000082191815214E+00
 1.0000082191814250E+00   1.0000082191813771E+00   1.0000082191813506E+00   1.0000082191813362E+00   1.0000082191813289E+00   1.0000082191813251E+00   1.0000082191813271E+00   1.0000082191813333E+00   1.0000082191813442E+00   1.0000082191813557E+00   1.0000082191813702E+00
 1.0000082191813844E+00   1.0000082191813977E+00   1.0000082191814093E+00   1.0000082191814195E+00   1.0000082191814277E+00   1.0000082191814332E+00   1.0000082191814366E+00   1.0000082191814348E+00   1.0000082191814279E+00   1.0000082191814148E+00   1.0000082191813939E+00
 1.0000082191813655E+00   1.0000082191813251E+00   1.0000082191812740E+00   1.0000082191812121E+00   1.0000082191811412E+00   1.0000082191810675E+00   1.0000082191810020E+00   1.0000082191809578E+00   1.0000082191809581E+00   1.0000082191810296E+00   1.0000082191812085E+00
 1.0000082191815292E+00   1.0000082191824555E+00   1.0000082191834547E+00   1.0000082191826758E+00   1.0000082191820834E+00   1.0000082191817166E+00   1.0000082191815214E+00   1.0000082191814250E+00   1.0000082191813771E+00   1.0000082191813506E+00   1.0000082191813362E+00
 1.0000082191813289E+00   1.0000082191813251E+00   1.0000082191813271E+00   1.0000082191813333E+00   1.0000082191813442E+00   1.0000082191813557E+00   1.0000082191813702E+00   1.0000082191813844E+00   1.0000082191813977E+00   1.0000082191814093E+00   1.0000082191814195E+00
 1.0000082191814277E+00   1.0000082191814332E+00   1.0000082191814366E+00   1.0000082191814348E+00   1.0000082191814279E+00   1.0000082191814148E+00   1.0000082191813939E+00   1.0000082191813655E+00   1.0000082191813251E+00   1.0000082191812740E+00   1.0000082191812121E+00
 1.0000082191811412E+00   1.0000082191810675E+00   1.0000082191810020E+00   1.0000082191809578E+00   1.0000082191809581E+00   1.0000082191810296E+00   1.0000082191812085E+00   1.0000082191815292E+00   1.0000082191824555E+00   1.0000082191834547E+00   1.0000082191826758E+00
 1.0000082191820834E+00   1.0000082191817166E+00   1.0000082191815214E+00   1.0000082191814250E+00   1.0000082191813771E+00   1.0000082191813506E+00   1.0000082191813362E+00   1.0000082191813289E+00   1.0000082191813251E+00   1.0000082191813271E+00   1.0000082191813333E+00
 1.0000082191813442E+00   1.0000082191813557E+00   1.0000082191813702E+00   1.0000082191813844E+00   1.0000082191813977E+00   1.0000082191814093E+00   1.0000082191814195E+00   1.0000082191814277E+00   1.0000082191814332E+00   1.0000082191814366E+00   1.0000082191814348E+00
 1.0000082191814279E+00   1.0000082191814148E+00   1.0000082191813939E+00   1.0000082191813655E+00   1.0000082191813251E+00   1.0000082191812740E+00   1.0000082191812121E+00   1.0000082191811412E+00   1.0000082191810675E+00   1.0000082191810020E+00   1.0000082191809578E+00
 1.0000082191809581E+00   1.0000082191810296E+00   1.0000082191812085E+00   1.0000082191815292E+00   1.0000082191824555E+00   1.0000082191834547E+00   1.0000082191826758E+00   1.0000082191820834E+00   1.0000082191817166E+00   1.0000082191815214E+00   1.0000082191814250E+00
 1.0000082191813771E+00   1.0000082191813506E+00   1.0000082191813362E+00   1.0000082191813289E+00   1.0000082191813251E+00   1.0000082191813271E+00   1.0000082191813333E+00   1.0000082191813442E+00   1.0000082191813557E+00   1.0000082191813702E+00   1.0000082191813844E+00
 1.0000082191813977E+00   1.0000082191814093E+00   1.0000082191814195E+00   1.0000082191814277E+00   1.0000082191814332E+00   1.0000082191814366E+00   1.0000082191814348E+00   1.0000082191814279E+00   1.0000082191814148E+00   1.0000082191813939E+00   1.0000082191813655E+00
 1.0000082191813251E+00   1.0000082191812740E+00   1.0000082191812121E+00   1.0000082191811412E+00   1.0000082191810675E+00   1.0000082191810020E+00   1.0000082191809578E+00   1.0000082191809581E+00   1.0000082191810296E+00   1.0000082191812085E+00   1.0000082191815292E+00
 1.0000082191824555E+00   1.0000082191834547E+00   1.0000082191826758E+00   1.0000082191820834E+00   1.0000082191817166E+00   1.0000082191815214E+00   1.0000082191814250E+00   1.0000082191813771E+00   1.0000082191813506E+00   1.0000082191813362E+00   1.0000082191813289E+00
 1.0000082191813251E+00   1.0000082191813271E+00   1.0000082191813333E+00   1.0000082191813442E+00   1.0000082191813557E+00   1.0000082191813702E+00   1.0000082191813844E+00   1.0000082191813977E+00   1.0000082191814093E+00   1.0000082191814195E+00   1.0000082191814277E+00
 1.0000082191814332E+00   1.0000082191814366E+00   1.0000082191814348E+00   1.0000082191814279E+00   1.0000082191814148E+00   1.0000082191813939E+00   1.0000082191813655E+00   1.0000082191813251E+00   1.0000082191812740E+00   1.0000082191812121E+00   1.0000082191811412E+00
 1.0000082191810675E+00   1.0000082191810020E+00   1.0000082191809578E+00   1.0000082191809581E+00   1.0000082191810296E+00   1.0000082191812085E+00   1.0000082191815292E+00   1.0000082191824555E+00   1.0000082191834547E+00   1.0000082191826758E+00   1.0000082191820834E+00
 1.0000082191817166E+00   1.0000082191815214E+00   1.0000082191814250E+00   1.0000082191813771E+00   1.0000082191813506E+00   1.0000082191813362E+00   1.0000082191813289E+00   1.0000082191813251E+00   1.0000082191813271E+00   1.0000082191813333E+00   1.0000082191813442E+00
 1.0000082191813557E+00   1.0000082191813702E+00   1.0000082191813844E+00   1.0000082191813977E+00   1.0000082191814093E+00   1.0000082191814195E+00   1.0000082191814277E+00   1.0000082191814332E+00   1.0000082191814366E+00   1.0000082191814348E+00   1.0000082191814279E+00
 1.0000082191814148E+00   1.0000082191813939E+00   1.0000082191813655E+00   1.0000082191813251E+00   1.0000082191812740E+00   1.0000082191812121E+00   1.0000082191811412E+00   1.0000082191810675E+00   1.0000082191810020E+00   1.0000082191809578E+00   1.0000082191809581E+00
 1.0000082191810296E+00   1.0000082191812085E+00   1.0000082191815292E+00   1.0000082191824555E+00   1.0000082191834547E+00   1.0000082191826758E+00   1.0000082191820834E+00   1.0000082191817166E+00   1.0000082191815214E+00   1.0000082191814250E+00   1.0000082191813771E+00
 1.0000082191813506E+00   1.0000082191813362E+00   1.0000082191813289E+00   1.0000082191813251E+00   1.0000082191813271E+00   1.0000082191813333E+00   1.0000082191813442E+00   1.0000082191813557E+00   1.0000082191813702E+00   1.0000082191813844E+00   1.0000082191813977E+00
 1.0000082191814093E+00   1.0000082191814195E+00   1.0000082191814277E+00   1.0000082191814332E+00   1.0000082191814366E+00   1.0000082191814348E+00   1.0000082191814279E+00   1.0000082191814148E+00   1.0000082191813939E+00   1.0000082191813655E+00   1.0000082191813251E+00
 1.0000082191812740E+00   1.0000082191812121E+00   1.0000082191811412E+00   1.0000082191810675E+00   1.0000082191810020E+00   1.0000082191809578E+00   1.0000082191809581E+00   1.0000082191810296E+00   1.0000082191812085E+00   1.0000082191815292E+00   1.0000082191824555E+00
 1.0000082191834547E+00   1.0000082191826758E+00   1.0000082191820834E+00   1.0000082191817166E+00   1.0000082191815214E+00   1.0000082191814250E+00   1.0000082191813771E+00   1.0000082191813506E+00   1.0000082191813362E+00   1.0000082191813289E+00   1.0000082191813251E+00
 1.0000082191813271E+00   1.0000082191813333E+00   1.0000082191813442E+00   1.0000082191813557E+00   1.0000082191813702E+00   1.0000082191813844E+00   1.0000082191813977E+00   1.0000082191814093E+00   1.0000082191814195E+00   1.0000082191814277E+00   1.0000082191814332E+00
 1.0000082191814366E+00   1.0000082191814348E+00   1.0000082191814279E+00   1.0000082191814148E+00   1.0000082191813939E+00   1.0000082191813655E+00   1.0000082191813251E+00   1.0000082191812740E+00   1.0000082191812121E+00   1.0000082191811412E+00   1.0000082191810675E+00
 1.0000082191810020E+00   1.0000082191809578E+00   1.0000082191809581E+00   1.0000082191810296E+00   1.0000082191812085E+00   1.0000082191815292E+00   1.0000082191824555E+00   1.0000082191834547E+00   1.0000082191826758E+00   1.0000082191820834E+00   1.0000082191817166E+00
 1.0000082191815214E+00   1.0000082191814250E+00   1.0000082191813771E+00   1.0000082191813506E+00   1.0000082191813362E+00   1.0000082191813289E+00   1.0000082191813251E+00   1.0000082191813271E+00   1.0000082191813333E+00   1.0000082191813442E+00   1.0000082191813557E+00
 1.0000082191813702E+00   1.0000082191813844E+00   1.0000082191813977E+00   1.0000082191814093E+00   1.0000082191814195E+00   1.0000082191814277E+00   1.0000082191814332E+00   1.0000082191814366E+00   1.0000082191814348E+00   1.0000082191814279E+00   1.0000082191814148E+00
 1.0000082191813939E+00   1.0000082191813655E+00   1.0000082191813251E+00   1.0000082191812740E+00   1.0000082191812121E+00   1.0000082191811412E+00   1.0000082191810675E+00   1.0000082191810020E+00   1.0000082191809578E+00   1.0000082191809581E+00   1.0000082191810296E+00
 1.0000082191812085E+00   1.0000082191815292E+00   1.0000082191824555E+00   1.0000082191834547E+00   1.0000082191826758E+00   1.0000082191820834E+00   1.0000082191817166E+00   1.0000082191815214E+00   1.0000082191814250E+00   1.0000082191813771E+00   1.0000082191813506E+00
 1.0000082191813362E+00   1.0000082191813289E+00   1.0000082191813251E+00   1.0000082191813271E+00   1.0000082191813333E+00   1.0000082191813442E+00   1.0000082191813557E+00   1.0000082191813702E+00   1.0000082191813844E+00   1.0000082191813977E+00   1.0000082191814093E+00
 1.0000082191814195E+00   1.0000082191814277E+00   1.0000082191814332E+00   1.0000082191814366E+00   1.0000082191814348E+00   1.0000082191814279E+00   1.0000082191814148E+00   1.0000082191813939E+00   1.0000082191813655E+00   1.0000082191813251E+00   1.0000082191812740E+00
 1.0000082191812121E+00   1.0000082191811412E+00   1.0000082191810675E+00   1.0000082191810020E+00   1.0000082191809578E+00   1.0000082191809581E+00   1.0000082191810296E+00   1.0000082191812085E+00   1.0000082191815292E+00   1.0000082191824555E+00   1.0000082191834547E+00
 1.0000082191826758E+00   1.0000082191820834E+00   1.0000082191817166E+00   1.0000082191815214E+00   1.0000082191814250E+00   1.0000082191813771E+00   1.0000082191813506E+00   1.0000082191813362E+00   1.0000082191813289E+00   1.0000082191813251E+00   1.0000082191813271E+00
 1.0000082191813333E+00   1.0000082191813442E+00   1.0000082191813557E+00   1.0000082191813702E+00   1.0000082191813844E+00   1.0000082191813977E+00   1.0000082191814093E+00   1.0000082191814195E+00   1.0000082191814277E+00   1.0000082191814332E+00   1.0000082191814366E+00
 1.0000082191814348E+00   1.0000082191814279E+00   1.0000082191814148E+00   1.0000082191813939E+00   1.0000082191813655E+00   1.0000082191813251E+00   1.0000082191812740E+00   1.0000082191812121E+00   1.0000082191811412E+00   1.0000082191810675E+00   1.0000082191810020E+00
 1.0000082191809578E+00   1.0000082191809581E+00   1.0000082191810296E+00   1.0000082191812085E+00   1.0000082191815292E+00   1.0000082191824555E+00   1.0000082191834547E+00   1.0000082191826758E+00   1.0000082191820834E+00   1.0000082191817166E+00   1.0000082191815214E+00
 1.0000082191814250E+00   1.0000082191813771E+00   1.0000082191813506E+00   1.0000082191813362E+00   1.0000082191813289E+00   1.0000082191813251E+00   1.0000082191813271E+00   1.0000082191813333E+00   1.0000082191813442E+00   1.0000082191813557E+00   1.0000082191813702E+00
 1.0000082191813844E+00   1.0000082191813977E+00   1.0000082191814093E+00   1.0000082191814195E+00   1.0000082191814277E+00   1.0000082191814332E+00   1.0000082191814366E+00   1.0000082191814348E+00   1.0000082191814279E+00   1.0000082191814148E+00   1.0000082191813939E+00
 1.0000082191813655E+00   1.0000082191813251E+00   1.0000082191812740E+00   1.0000082191812121E+00   1.0000082191811412E+00   1.0000082191810675E+00   1.0000082191810020E+00   1.0000082191809578E+00   1.0000082191809581E+00   1.0000082191810296E+00   1.0000082191812085E+00
 1.0000082191815292E+00   1.0000082191824555E+00   1.0000082191834547E+00   1.0000082191826758E+00   1.0000082191820834E+00   1.0000082191817166E+00   1.0000082191815214E+00   1.0000082191814250E+00   1.0000082191813771E+00   1.0000082191813506E+00   1.0000082191813362E+00
 1.0000082191813289E+00   1.0000082191813251E+00   1.0000082191813271E+00   1.0000082191813333E+00   1.0000082191813442E+00   1.0000082191813557E+00   1.0000082191813702E+00   1.0000082191813844E+00   1.0000082191813977E+00   1.0000082191814093E+00   1.0000082191814195E+00
 1.0000082191814277E+00   1.0000082191814332E+00   1.0000082191814366E+00   1.0000082191814348E+00   1.0000082191814279E+00   1.0000082191814148E+00   1.0000082191813939E+00   1.0000082191813655E+00   1.0000082191813251E+00   1.0000082191812740E+00   1.0000082191812121E+00
 1.0000082191811412E+00   1.0000082191810675E+00   1.0000082191810020E+00   1.0000082191809578E+00   1.0000082191809581E+00   1.0000082191810296E+00   1.0000082191812085E+00   1.0000082191815292E+00   1.0000082191824555E+00   1.0000082191834547E+00   1.0000082191826758E+00
 1.0000082191820834E+00   1.0000082191817166E+00   1.0000082191815214E+00   1.0000082191814250E+00   1.0000082191813771E+00   1.0000082191813506E+00   1.0000082191813362E+00   1.0000082191813289E+00   1.0000082191813251E+00   1.0000082191813271E+00   1.0000082191813333E+00
 1.0000082191813442E+00   1.0000082191813557E+00   1.0000082191813702E+00   1.0000082191813844E+00   1.0000082191813977E+00   1.0000082191814093E+00   1.0000082191814195E+00   1.0000082191814277E+00   1.0000082191814332E+00   1.0000082191814366E+00   1.0000082191814348E+00
 1.0000082191814279E+00   1.0000082191814148E+00   1.0000082191813939E+00   1.0000082191813655E+00   1.0000082191813251E+00   1.0000082191812740E+00   1.0000082191812121E+00   1.0000082191811412E+00   1.0000082191810675E+00   1.0000082191810020E+00   1.0000082191809578E+00
 1.0000082191809581E+00   1.0000082191810296E+00   1.0000082191812085E+00   1.0000082191815292E+00   1.0000082191824555E+00   1.0000082191834547E+00   1.0000082191826758E+00   1.0000082191820834E+00   1.0000082191817166E+00   1.0000082191815214E+00   1.0000082191814250E+00
 1.0000082191813771E+00   1.0000082191813506E+00   1.0000082191813362E+00   1.0000082191813289E+00   1.0000082191813251E+00   1.0000082191813271E+00   1.0000082191813333E+00   1.0000082191813442E+00   1.0000082191813557E+00   1.0000082191813702E+00   1.0000082191813844E+00
 1.0000082191813977E+00   1.0000082191814093E+00   1.0000082191814195E+00   1.0000082191814277E+00   1.0000082191814332E+00   1.0000082191814366E+00   1.0000082191814348E+00   1.0000082191814279E+00   1.0000082191814148E+00   1.0000082191813939E+00   1.0000082191813655E+00
 1.0000082191813251E+00   1.0000082191812740E+00   1.0000082191812121E+00   1.0000082191811412E+00   1.0000082191810675E+00   1.0000082191810020E+00   1.0000082191809578E+00   1.0000082191809581E+00   1.0000082191810296E+00   1.0000082191812085E+00   1.0000082191815292E+00
 1.0000082191824555E+00   1.0000082191834547E+00   1.0000082191826758E+00   1.0000082191820834E+00   1.0000082191817166E+00   1.0000082191815214E+00   1.0000082191814250E+00   1.0000082191813771E+00   1.0000082191813506E+00   1.0000082191813362E+00   1.0000082191813289E+00
 1.0000082191813251E+00   1.0000082191813271E+00   1.0000082191813333E+00   1.0000082191813442E+00   1.0000082191813557E+00   1.0000082191813702E+00   1.0000082191813844E+00   1.0000082191813977E+00   1.0000082191814093E+00   1.0000082191814195E+00   1.0000082191814277E+00
 1.0000082191814332E+00   1.0000082191814366E+00   1.0000082191814348E+00   1.0000082191814279E+00   1.0000082191814148E+00   1.0000082191813939E+00   1.0000082191813655E+00   1.0000082191813251E+00   1.0000082191812740E+00   1.0000082191812121E+00   1.0000082191811412E+00
 1.0000082191810675E+00   1.0000082191810020E+00   1.0000082191809578E+00   1.0000082191809581E+00   1.0000082191810296E+00   1.0000082191812085E+00   1.0000082191815292E+00   1.0000082191824555E+00   1.0000082191834547E+00   1.0000082191826758E+00   1.0000082191820834E+00
 1.0000082191817166E+00   1.0000082191815214E+00   1.0000082191814250E+00   1.0000082191813771E+00   1.0000082191813506E+00   1.0000082191813362E+00   1.0000082191813289E+00   1.0000082191813251E+00   1.0000082191813271E+00   1.0000082191813333E+00   1.0000082191813442E+00
 1.0000082191813557E+00   1.0000082191813702E+00   1.0000082191813844E+00   1.0000082191813977E+00   1.0000082191814093E+00   1.0000082191814195E+00   1.0000082191814277E+00   1.0000082191814332E+00   1.0000082191814366E+00   1.0000082191814348E+00   1.0000082191814279E+00
 1.0000082191814148E+00   1.0000082191813939E+00   1.0000082191813655E+00   1.0000082191813251E+00   1.0000082191812740E+00   1.0000082191812121E+00   1.0000082191811412E+00   1.0000082191810675E+00   1.0000082191810020E+00   1.0000082191809578E+00   1.0000082191809581E+00
 1.0000082191810296E+00   1.0000082191812085E+00   1.0000082191815292E+00   1.0000082191824555E+00   1.0000082191834547E+00   1.0000082191826758E+00   1.0000082191820834E+00   1.0000082191817166E+00   1.0000082191815214E+00   1.0000082191814250E+00   1.0000082191813771E+00
 1.0000082191813506E+00   1.0000082191813362E+00   1.0000082191813289E+00   1.0000082191813251E+00   1.0000082191813271E+00   1.0000082191813333E+00   1.0000082191813442E+00   1.0000082191813557E+00   1.0000082191813702E+00   1.0000082191813844E+00   1.0000082191813977E+00
 1.0000082191814093E+00   1.0000082191814195E+00   1.0000082191814277E+00   1.0000082191814332E+00   1.0000082191814366E+00   1.0000082191814348E+00   1.0000082191814279E+00   1.0000082191814148E+00   1.0000082191813939E+00   1.0000082191813655E+00   1.0000082191813251E+00
 1.0000082191812740E+00   1.0000082191812121E+00   1.0000082191811412E+00   1.0000082191810675E+00   1.0000082191810020E+00   1.0000082191809578E+00   1.0000082191809581E+00   1.0000082191810296E+00   1.0000082191812085E+00   1.0000082191815292E+00   1.0000082191824555E+00
 1.0000082191834547E+00   1.0000082191826758E+00   1.0000082191820834E+00   1.0000082191817166E+00   1.0000082191815214E+00   1.0000082191814250E+00   1.0000082191813771E+00   1.0000082191813506E+00   1.0000082191813362E+00   1.0000082191813289E+00   1.0000082191813251E+00
 1.0000082191813271E+00   1.0000082191813333E+00   1.0000082191813442E+00   1.0000082191813557E+00   1.0000082191813702E+00   1.0000082191813844E+00   1.0000082191813977E+00   1.0000082191814093E+00   1.0000082191814195E+00   1.0000082191814277E+00   1.0000082191814332E+00
 1.0000082191814366E+00   1.0000082191814348E+00   1.0000082191814279E+00   1.0000082191814148E+00   1.0000082191813939E+00   1.0000082191813655E+00   1.0000082191813251E+00   1.0000082191812740E+00   1.0000082191812121E+00   1.0000082191811412E+00   1.0000082191810675E+00
 1.0000082191810020E+00   1.0000082191809578E+00   1.0000082191809581E+00   1.0000082191810296E+00   1.0000082191812085E+00   1.0000082191815292E+00   1.0000082191824555E+00   1.0000082191834547E+00   1.0000082191826758E+00   1.0000082191820834E+00   1.0000082191817166E+00
 1.0000082191815214E+00   1.0000082191814250E+00   1.0000082191813771E+00   1.0000082191813506E+00   1.0000082191813362E+00   1.0000082191813289E+00   1.0000082191813251E+00   1.0000082191813271E+00   1.0000082191813333E+00   1.0000082191813442E+00   1.0000082191813557E+00
 1.0000082191813702E+00   1.0000082191813844E+00   1.0000082191813977E+00   1.0000082191814093E+00   1.0000082191814195E+00   1.0000082191814277E+00   1.0000082191814332E+00   1.0000082191814366E+00   1.0000082191814348E+00   1.0000082191814279E+00   1.0000082191814148E+00
 1.0000082191813939E+00   1.0000082191813655E+00   1.0000082191813251E+00   1.0000082191812740E+00   1.0000082191812121E+00   1.0000082191811412E+00   1.0000082191810675E+00   1.0000082191810020E+00   1.0000082191809578E+00   1.0000082191809581E+00   1.0000082191810296E+00
 1.0000082191812085E+00   1.0000082191815292E+00   1.0000082191824555E+00   1.0000082191834547E+00   1.0000082191826758E+00   1.0000082191820834E+00   1.0000082191817166E+00   1.0000082191815214E+00   1.0000082191814250E+00   1.0000082191813771E+00   1.0000082191813506E+00
 1.0000082191813362E+00   1.0000082191813289E+00   1.0000082191813251E+00   1.0000082191813271E+00   1.0000082191813333E+00   1.0000082191813442E+00   1.0000082191813557E+00   1.0000082191813702E+00   1.0000082191813844E+00   1.0000082191813977E+00   1.0000082191814093E+00
 1.0000082191814195E+00   1.0000082191814277E+00   1.0000082191814332E+00   1.0000082191814366E+00   1.0000082191814348E+00   1.0000082191814279E+00   1.0000082191814148E+00   1.0000082191813939E+00   1.0000082191813655E+00   1.0000082191813251E+00   1.0000082191812740E+00
 1.0000082191812121E+00   1.0000082191811412E+00   1.0000082191810675E+00   1.0000082191810020E+00   1.0000082191809578E+00   1.0000082191809581E+00   1.0000082191810296E+00   1.0000082191812085E+00   1.0000082191815292E+00   1.0000082191824555E+00   1.0000082191834547E+00
 1.0000082191826758E+00   1.0000082191820834E+00   1.0000082191817166E+00   1.0000082191815214E+00   1.0000082191814250E+00   1.0000082191813771E+00   1.0000082191813506E+00   1.0000082191813362E+00   1.0000082191813289E+00   1.0000082191813251E+00   1.0000082191813271E+00
 1.0000082191813333E+00   1.0000082191813442E+00   1.0000082191813557E+00   1.0000082191813702E+00   1.0000082191813844E+00   1.0000082191813977E+00   1.0000082191814093E+00   1.0000082191814195E+00   1.0000082191814277E+00   1.0000082191814332E+00   1.0000082191814366E+00
 1.0000082191814348E+00   1.0000082191814279E+00   1.0000082191814148E+00   1.0000082191813939E+00   1.0000082191813655E+00   1.0000082191813251E+00   1.0000082191812740E+00   1.0000082191812121E+00   1.0000082191811412E+00   1.0000082191810675E+00   1.0000082191810020E+00
 1.0000082191809578E+00   1.0000082191809581E+00   1.0000082191810296E+00   1.0000082191812085E+00   1.0000082191815292E+00   1.0000082191824555E+00   1.0000082191834547E+00   1.0000082191826758E+00   1.0000082191820834E+00   1.0000082191817166E+00   1.0000082191815214E+00
 1.0000082191814250E+00   1.0000082191813771E+00   1.0000082191813506E+00   1.0000082191813362E+00   1.0000082191813289E+00   1.0000082191813251E+00   1.0000082191813271E+00   1.0000082191813333E+00   1.0000082191813442E+00   1.0000082191813557E+00   1.0000082191813702E+00
 1.0000082191813844E+00   1.0000082191813977E+00   1.0000082191814093E+00   1.0000082191814195E+00   1.0000082191814277E+00   1.0000082191814332E+00   1.0000082191814366E+00   1.0000082191814348E+00   1.0000082191814279E+00   1.0000082191814148E+00   1.0000082191813939E+00
 1.0000082191813655E+00   1.0000082191813251E+00   1.0000082191812740E+00   1.0000082191812121E+00   1.0000082191811412E+00   1.0000082191810675E+00   1.0000082191810020E+00   1.0000082191809578E+00   1.0000082191809581E+00   1.0000082191810296E+00   1.0000082191812085E+00
 1.0000082191815292E+00   1.0000082191824555E+00   1.0000082191834547E+00   1.0000082191826758E+00   1.0000082191820834E+00   1.0000082191817166E+00   1.0000082191815214E+00   1.0000082191814250E+00   1.0000082191813771E+00   1.0000082191813506E+00   1.0000082191813362E+00
 1.0000082191813289E+00   1.0000082191813251E+00   1.0000082191813271E+00   1.0000082191813333E+00   1.0000082191813442E+00   1.0000082191813557E+00   1.0000082191813702E+00   1.0000082191813844E+00   1.0000082191813977E+00   1.0000082191814093E+00   1.0000082191814195E+00
 1.0000082191814277E+00   1.0000082191814332E+00   1.0000082191814366E+00   1.0000082191814348E+00   1.0000082191814279E+00   1.0000082191814148E+00   1.0000082191813939E+00   1.0000082191813655E+00   1.0000082191813251E+00   1.0000082191812740E+00   1.0000082191812121E+00
 1.0000082191811412E+00   1.0000082191810675E+00   1.0000082191810020E+00   1.0000082191809578E+00   1.0000082191809581E+00   1.0000082191810296E+00   1.0000082191812085E+00   1.0000082191815292E+00   1.0000082191824555E+00   1.0000082191834547E+00   1.0000082191826758E+00
 1.0000082191820834E+00   1.0000082191817166E+00   1.0000082191815214E+00   1.0000082191814250E+00   1.0000082191813771E+00   1.0000082191813506E+00   1.0000082191813362E+00   1.0000082191813289E+00   1.0000082191813251E+00   1.0000082191813271E+00   1.0000082191813333E+00
 1.0000082191813442E+00   1.0000082191813557E+00   1.0000082191813702E+00   1.0000082191813844E+00   1.0000082191813977E+00   1.0000082191814093E+00   1.0000082191814195E+00   1.0000082191814277E+00   1.0000082191814332E+00   1.0000082191814366E+00   1.0000082191814348E+00
 1.0000082191814279E+00   1.0000082191814148E+00   1.0000082191813939E+00   1.0000082191813655E+00   1.0000082191813251E+00   1.0000082191812740E+00   1.0000082191812121E+00   1.0000082191811412E+00   1.0000082191810675E+00   1.0000082191810020E+00   1.0000082191809578E+00
 1.0000082191809581E+00   1.0000082191810296E+00   1.0000082191812085E+00   1.0000082191815292E+00   1.0000082191824555E+00
 1.0000000000000000E+00   1.0000000000000000E+00   1.0000000000000000E+00   1.0000000000000000E+00   1.0000000000000000E+00   1.0000000000000000E+00   1.0000000000000000E+00   1.0000000000000000E+00   1.0000000000000000E+00   1.0000000000000000E+00   1.0000000000000000E+00
 1.0000000000000000E+00   1.0000000000000000E+00   1.0000000000000000E+00   1.0000000000000000E+00   1.0000000000000000E+00   1.0000000000000000E+00   1.0000000000000000E+00   1.0000000000000000E+00   1.0000000000000000E+00   1.0000000000000000E+00   1.0000000000000000E+00
 1.0000000000000000E+00   1.0000000000000000E+00   1.0000000000000000E+00   1.0000000000000000E+00   1.0000000000000000E+00   1.0000000000000000E+00   1.0000000000000000E+00   1.0000000000000000E+00   1.0000000000000000E+00   1.0000000000000000E+00   1.0000000000000000E+00
 1.0000000000000000E+00   1.0000000000000000E+00   1.0000000000000000E+00   1.0000000000000000E+00   1.0000000000000000E+00   1.0000000000000000E+00   1.0000000000000000E+00   1.0000000000000000E+00   1.0000000000000000E+00   1.0000000000000000E+00   1.0000000000000000E+00
 1.0000000000000000E+00   1.0000000000000000E+00   1.0000000000000000E+00   1.0000000000000000E+00   1.0000000000000000E+00   1.0000000000000000E+00   1.0000000000000000E+00   1.0000000000000000E+00   1.0000000000000000E+00   1.0000000000000000E+00   1.0000000000000000E+00
 1.0000000000000000E+00   1.0000000000000000E+00   1.0000000000000000E+00   1.0000000000000000E+00   1.0000000000000000E+00   1.0000000000000000E+00   1.0000000000000000E+00   1.0000000000000000E+00   1.0000000000000000E+00   1.0000000000000000E+00   1.0000000000000000E+00
 1.0000000000000000E+00   1.0000000000000000E+00   1.0000000000000000E+00   1.0000000000000000E+00   1.0000000000000000E+00   1.0000000000000000E+00   1.0000000000000000E+00   1.0000000000000000E+00   1.0000000000000000E+00   1.0000000000000000E+00   1.0000000000000000E+00
 1.0000000000000000E+00   1.0000000000000000E+00   1.0000000000000000E+00   1.0000000000000000E+00   1.0000000000000000E+00   1.0000000000000000E+00   1.0000000000000000E+00   1.0000000000000000E+00   1.0000000000000000E+00   1.0000000000000000E+00   1.0000000000000000E+00
 1.0000000000000000E+00   1.0000000000000000E+00   1.0000000000000000E+00   1.0000000000000000E+00   1.0000000000000000E+00   1.0000000000000000E+00   1.0000000000000000E+00   1.0000000000000000E+00   1.0000000000000000E+00   1.0000000000000000E+00   1.0000000000000000E+00
 1.0000000000000000E+00   1.0000000000000000E+00   1.0000000000000000E+00   1.0000000000000000E+00   1.0000000000000000E+00   1.0000000000000000E+00   1.0000000000000000E+00   1.0000000000000000E+00   1.0000000000000000E+00   1.0000000000000000E+00   1.0000000000000000E+00
 1.0000000000000000E+00   1.0000000000000000E+00   1.0000000000000000E+00   1.0000000000000000E+00   1.0000000000000000E+00   1.0000000000000000E+00   1.0000000000000000E+00   1.0000000000000000E+00   1.0000000000000000E+00   1.0000000000000000E+00   1.0000000000000000E+00
 1.0000000000000000E+00   1.0000000000000000E+00   1.0000000000000000E+00   1.0000000000000000E+00   1.0000000000000000E+00   1.0000000000000000E+00   1.0000000000000000E+00   1.0000000000000000E+00   1.0000000000000000E+00   1.0000000000000000E+00   1.0000000000000000E+00
 1.0000000000000000E+00   1.0000000000000000E+00   1.0000000000000000E+00   1.0000000000000000E+00   1.0000000000000000E+00   1.0000000000000000E+00   1.0000000000000000E+00   1.0000000000000000E+00   1.0000000000000000E+00   1.0000000000000000E+00   1.0000000000000000E+00
 1.0000000000000000E+00   1.0000000000000000E+00   1.0000000000000000E+00   1.0000000000000000E+00   1.0000000000000000E+00   1.0000000000000000E+00   1.0000000000000000E+00   1.0000000000000000E+00   1.0000000000000000E+00   1.0000000000000000E+00   1.0000000000000000E+00
 1.0000000000000000E+00   1.0000000000000000E+00   1.0000000000000000E+00   1.0000000000000000E+00   1.0000000000000000E+00   1.0000000000000000E+00   1.0000000000000000E+00   1.0000000000000000E+00   1.0000000000000000E+00   1.0000000000000000E+00   1.0000000000000000E+00
 1.0000000000000000E+00   1.0000000000000000E+00   1.0000000000000000E+00   1.0000000000000000E+00   1.0000000000000000E+00   1.0000000000000000E+00   1.0000000000000000E+00   1.0000000000000000E+00   1.0000000000000000E+00   1.0000000000000000E+00   1.0000000000000000E+00
 1.0000000000000000E+00   1.0000000000000000E+00   1.0000000000000000E+00   1.0000000000000000E+00   1.0000000000000000E+00   1.0000000000000000E+00   1.0000000000000000E+00   1.0000000000000000E+00   1.0000000000000000E+00   1.0000000000000000E+00   1.0000000000000000E+00
 1.0000000000000000E+00   1.0000000000000000E+00   1.0000000000000000E+00   1.0000000000000000E+00   1.0000000000000000E+00   1.0000000000000000E+00   1.0000000000000000E+00   1.0000000000000000E+00   1.0000000000000000E+00   1.0000000000000000E+00   1.0000000000000000E+00
 1.0000000000000000E+00   1.0000000000000000E+00   1.0000000000000000E+00   1.0000000000000000E+00   1.0000000000000000E+00   1.0000000000000000E+00   1.0000000000000000E+00   1.0000000000000000E+00   1.0000000000000000E+00   1.0000000000000000E+00   1.0000000000000000E+00
 1.0000000000000000E+00   1.0000000000000000E+00   1.0000000000000000E+00   1.0000000000000000E+00   1.0000000000000000E+00   1.0000000000000000E+00   1.0000000000000000E+00   1.0000000000000000E+00   1.0000000000000000E+00   1.0000000000000000E+00   1.0000000000000000E+00
 1.0000000000000000E+00   1.0000000000000000E+00   1.0000000000000000E+00   1.0000000000000000E+00   1.0000000000000000E+00   1.0000000000000000E+00   1.0000000000000000E+00   1.0000000000000000E+00   1.0000000000000000E+00   1.0000000000000000E+00   1.0000000000000000E+00
 1.0000000000000000E+00   1.0000000000000000E+00   1.0000000000000000E+00   1.0000000000000000E+00   1.0000000000000000E+00   1.0000000000000000E+00   1.0000000000000000E+00   1.0000000000000000E+00   1.0000000000000000E+00   1.0000000000000000E+00   1.0000000000000000E+00
 1.0000000000000000E+00   1.0000000000000000E+00   1.0000000000000000E+00   1.0000000000000000E+00   1.0000000000000000E+00   1.0000000000000000E+00   1.0000000000000000E+00   1.0000000000000000E+00   1.0000000000000000E+00   1.0000000000000000E+00   1.0000000000000000E+00
 1.0000000000000000E+00   1.0000000000000000E+00   1.0000000000000000E+00   1.0000000000000000E+00   1.0000000000000000E+00   1.0000000000000000E+00   1.0000000000000000E+00   1.0000000000000000E+00   1.0000000000000000E+00   1.0000000000000000E+00   1.0000000000000000E+00
 1.0000000000000000E+00   1.0000000000000000E+00   1.0000000000000000E+00   1.0000000000000000E+00   1.0000000000000000E+00   1.0000000000000000E+00   1.0000000000000000E+00   1.0000000000000000E+00   1.0000000000000000E+00   1.0000000000000000E+00   1.0000000000000000E+00
 1.0000000000000000E+00   1.0000000000000000E+00   1.0000000000000000E+00   1.0000000000000000E+00   1.0000000000000000E+00   1.0000000000000000E+00   1.0000000000000000E+00   1.0000000000000000E+00   1.0000000000000000E+00   1.0000000000000000E+00   1.0000000000000000E+00
 1.0000000000000000E+00   1.0000000000000000E+00   1.0000000000000000E+00   1.0000000000000000E+00   1.0000000000000000E+00   1.0000000000000000E+00   1.0000000000000000E+00   1.0000000000000000E+00   1.0000000000000000E+00   1.0000000000000000E+00   1.0000000000000000E+00
 1.0000000000000000E+00   1.0000000000000000E+00   1.0000000000000000E+00   1.0000000000000000E+00   1.0000000000000000E+00   1.0000000000000000E+00   1.0000000000000000E+00   1.0000000000000000E+00   1.0000000000000000E+00   1.0000000000000000E+00   1.0000000000000000E+00
 1.0000000000000000E+00   1.0000000000000000E+00   1.0000000000000000E+00   1.0000000000000000E+00   1.0000000000000000E+00   1.0000000000000000E+00   1.0000000000000000E+00   1.0000000000000000E+00   1.0000000000000000E+00   1.0000000000000000E+00   1.0000000000000000E+00
 1.0000000000000000E+00   1.0000000000000000E+00   1.0000000000000000E+00   1.0000000000000000E+00   1.0000000000000000E+00   1.0000000000000000E+00   1.0000000000000000E+00   1.0000000000000000E+00   1.0000000000000000E+00   1.0000000000000000E+00   1.0000000000000000E+00
 1.0000000000000000E+00   1.0000000000000000E+00   1.0000000000000000E+00   1.0000000000000000E+00   1.0000000000000000E+00   1.0000000000000000E+00   1.0000000000000000E+00   1.0000000000000000E+00   1.0000000000000000E+00   1.0000000000000000E+00   1.0000000000000000E+00
 1.0000000000000000E+00   1.0000000000000000E+00   1.0000000000000000E+00   1.0000000000000000E+00   1.0000000000000000E+00   1.0000000000000000E+00   1.0000000000000000E+00   1.0000000000000000E+00   1.0000000000000000E+00   1.0000000000000000E+00   1.0000000000000000E+00
 1.0000000000000000E+00   1.0000000000000000E+00   1.0000000000000000E+00   1.0000000000000000E+00   1.0000000000000000E+00   1.0000000000000000E+00   1.0000000000000000E+00   1.0000000000000000E+00   1.0000000000000000E+00   1.0000000000000000E+00   1.0000000000000000E+00
 1.0000000000000000E+00   1.0000000000000000E+00   1.0000000000000000E+00   1.0000000000000000E+00   1.0000000000000000E+00   1.0000000000000000E+00   1.0000000000000000E+00   1.0000000000000000E+00   1.0000000000000000E+00   1.0000000000000000E+00   1.0000000000000000E+00
 1.0000000000000000E+00   1.0000000000000000E+00   1.0000000000000000E+00   1.0000000000000000E+00   1.0000000000000000E+00   1.0000000000000000E+00   1.0000000000000000E+00   1.0000000000000000E+00   1.0000000000000000E+00   1.0000000000000000E+00   1.0000000000000000E+00
 1.0000000000000000E+00   1.0000000000000000E+00   1.0000000000000000E+00   1.0000000000000000E+00   1.0000000000000000E+00   1.0000000000000000E+00   1.0000000000000000E+00   1.0000000000000000E+00   1.0000000000000000E+00   1.0000000000000000E+00   1.0000000000000000E+00
 1.0000000000000000E+00   1.0000000000000000E+00   1.0000000000000000E+00   1.0000000000000000E+00   1.0000000000000000E+00   1.0000000000000000E+00   1.0000000000000000E+00   1.0000000000000000E+00   1.0000000000000000E+00   1.0000000000000000E+00   1.0000000000000000E+00
 1.0000000000000000E+00   1.0000000000000000E+00   1.0000000000000000E+00   1.0000000000000000E+00   1.0000000000000000E+00   1.0000000000000000E+00   1.0000000000000000E+00   1.0000000000000000E+00   1.0000000000000000E+00   1.0000000000000000E+00   1.0000000000000000E+00
 1.0000000000000000E+00   1.0000000000000000E+00   1.0000000000000000E+00   1.0000000000000000E+00   1.0000000000000000E+00   1.0000000000000000E+00   1.0000000000000000E+00   1.0000000000000000E+00   1.0000000000000000E+00   1.0000000000000000E+00   1.0000000000000000E+00
 1.0000000000000000E+00   1.0000000000000000E+00   1.0000000000000000E+00   1.0000000000000000E+00   1.0000000000000000E+00   1.0000000000000000E+00   1.0000000000000000E+00   1.0000000000000000E+00   1.0000000000000000E+00   1.0000000000000000E+00   1.0000000000000000E+00
 1.0000000000000000E+00   1.0000000000000000E+00   1.0000000000000000E+00   1.0000000000000000E+00   1.0000000000000000E+00   1.0000000000000000E+00   1.0000000000000000E+00   1.0000000000000000E+00   1.0000000000000000E+00   1.0000000000000000E+00   1.0000000000000000E+00
 1.0000000000000000E+00   1.0000000000000000E+00   1.0000000000000000E+00   1.0000000000000000E+00   1.0000000000000000E+00   1.0000000000000000E+00   1.0000000000000000E+00   1.0000000000000000E+00   1.0000000000000000E+00   1.0000000000000000E+00   1.0000000000000000E+00
 1.0000000000000000E+00   1.0000000000000000E+00   1.0000000000000000E+00   1.0000000000000000E+00   1.0000000000000000E+00   1.0000000000000000E+00   1.0000000000000000E+00   1.0000000000000000E+00   1.0000000000000000E+00   1.0000000000000000E+00   1.0000000000000000E+00
 1.0000000000000000E+00   1.0000000000000000E+00   1.0000000000000000E+00   1.0000000000000000E+00   1.0000000000000000E+00   1.0000000000000000E+00   1.0000000000000000E+00   1.0000000000000000E+00   1.0000000000000000E+00   1.0000000000000000E+00   1.0000000000000000E+00
 1.0000000000000000E+00   1.0000000000000000E+00   1.0000000000000000E+00   1.0000000000000000E+00   1.0000000000000000E+00   1.0000000000000000E+00   1.0000000000000000E+00   1.0000000000000000E+00   1.0000000000000000E+00   1.0000000000000000E+00   1.0000000000000000E+00
 1.0000000000000000E+00   1.0000000000000000E+00   1.0000000000000000E+00   1.0000000000000000E+00   1.0000000000000000E+00   1.0000000000000000E+00   1.0000000000000000E+00   1.0000000000000000E+00   1.0000000000000000E+00   1.0000000000000000E+00   1.0000000000000000E+00
 1.0000000000000000E+00   1.0000000000000000E+00   1.0000000000000000E+00   1.0000000000000000E+00   1.0000000000000000E+00   1.0000000000000000E+00   1.0000000000000000E+00   1.0000000000000000E+00   1.0000000000000000E+00   1.0000000000000000E+00   1.0000000000000000E+00
 1.0000000000000000E+00   1.0000000000000000E+00   1.0000000000000000E+00   1.0000000000000000E+00   1.0000000000000000E+00   1.0000000000000000E+00   1.0000000000000000E+00   1.0000000000000000E+00   1.0000000000000000E+00   1.0000000000000000E+00   1.0000000000000000E+00
 1.0000000000000000E+00   1.0000000000000000E+00   1.0000000000000000E+00   1.0000000000000000E+00   1.0000000000000000E+00   1.0000000000000000E+00   1.0000000000000000E+00   1.0000000000000000E+00   1.0000000000000000E+00   1.0000000000000000E+00   1.0000000000000000E+00
 1.0000000000000000E+00   1.0000000000000000E+00   1.0000000000000000E+00   1.0000000000000000E+00   1.0000000000000000E+00   1.0000000000000000E+00   1.0000000000000000E+00   1.0000000000000000E+00   1.0000000000000000E+00   1.0000000000000000E+00   1.0000000000000000E+00
 1.0000000000000000E+00   1.0000000000000000E+00   1.0000000000000000E+00   1.0000000000000000E+00   1.0000000000000000E+00   1.0000000000000000E+00   1.0000000000000000E+00   1.0000000000000000E+00   1.0000000000000000E+00   1.0000000000000000E+00   1.0000000000000000E+00
 1.0000000000000000E+00   1.0000000000000000E+00   1.0000000000000000E+00   1.0000000000000000E+00   1.0000000000000000E+00   1.0000000000000000E+00   1.0000000000000000E+00   1.0000000000000000E+00   1.0000000000000000E+00   1.0000000000000000E+00   1.0000000000000000E+00
 1.0000000000000000E+00   1.0000000000000000E+00   1.0000000000000000E+00   1.0000000000000000E+00   1.0000000000000000E+00   1.0000000000000000E+00   1.0000000000000000E+00   1.0000000000000000E+00   1.0000000000000000E+00   1.0000000000000000E+00   1.0000000000000000E+00
 1.0000000000000000E+00   1.0000000000000000E+00   1.0000000000000000E+00   1.0000000000000000E+00   1.0000000000000000E+00   1.0000000000000000E+00   1.0000000000000000E+00   1.0000000000000000E+00   1.0000000000000000E+00   1.0000000000000000E+00   1.0000000000000000E+00
 1.0000000000000000E+00   1.0000000000000000E+00   1.0000000000000000E+00   1.0000000000000000E+00   1.0000000000000000E+00   1.0000000000000000E+00   1.0000000000000000E+00   1.0000000000000000E+00   1.0000000000000000E+00   1.0000000000000000E+00   1.0000000000000000E+00
 1.0000000000000000E+00   1.0000000000000000E+00   1.0000000000000000E+00   1.0000000000000000E+00   1.0000000000000000E+00   1.0000000000000000E+00   1.0000000000000000E+00   1.0000000000000000E+00   1.0000000000000000E+00   1.0000000000000000E+00   1.0000000000000000E+00
 1.0000000000000000E+00   1.0000000000000000E+00   1.0000000000000000E+00   1.0000000000000000E+00   1.0000000000000000E+00   1.0000000000000000E+00   1.0000000000000000E+00   1.0000000000000000E+00   1.0000000000000000E+00   1.0000000000000000E+00   1.0000000000000000E+00
 1.0000000000000000E+00   1.0000000000000000E+00   1.0000000000000000E+00   1.0000000000000000E+00   1.0000000000000000E+00   1.0000000000000000E+00   1.0000000000000000E+00   1.0000000000000000E+00   1.0000000000000000E+00   1.0000000000000000E+00   1.0000000000000000E+00
 1.0000000000000000E+00   1.0000000000000000E+00   1.0000000000000000E+00   1.0000000000000000E+00   1.0000000000000000E+00   1.0000000000000000E+00   1.0000000000000000E+00   1.0000000000000000E+00   1.0000000000000000E+00   1.0000000000000000E+00   1.0000000000000000E+00
 1.0000000000000000E+00   1.0000000000000000E+00   1.0000000000000000E+00   1.0000000000000000E+00   1.0000000000000000E+00   1.0000000000000000E+00   1.0000000000000000E+00   1.0000000000000000E+00   1.0000000000000000E+00   1.0000000000000000E+00   1.0000000000000000E+00
 1.0000000000000000E+00   1.0000000000000000E+00   1.0000000000000000E+00   1.0000000000000000E+00   1.0000000000000000E+00   1.0000000000000000E+00   1.0000000000000000E+00   1.0000000000000000E+00   1.0000000000000000E+00   1.0000000000000000E+00   1.0000000000000000E+00
 1.0000000000000000E+00   1.0000000000000000E+00   1.0000000000000000E+00   1.0000000000000000E+00   1.0000000000000000E+00   1.0000000000000000E+00   1.0000000000000000E+00   1.0000000000000000E+00   1.0000000000000000E+00   1.0000000000000000E+00   1.0000000000000000E+00
 1.0000000000000000E+00   1.0000000000000000E+00   1.0000000000000000E+00   1.0000000000000000E+00   1.0000000000000000E+00   1.0000000000000000E+00   1.0000000000000000E+00   1.0000000000000000E+00   1.0000000000000000E+00   1.0000000000000000E+00   1.0000000000000000E+00
 1.0000000000000000E+00   1.0000000000000000E+00   1.0000000000000000E+00   1.0000000000000000E+00   1.0000000000000000E+00   1.0000000000000000E+00   1.0000000000000000E+00   1.0000000000000000E+00   1.0000000000000000E+00   1.0000000000000000E+00   1.0000000000000000E+00
 1.0000000000000000E+00   1.0000000000000000E+00   1.0000000000000000E+00   1.0000000000000000E+00   1.0000000000000000E+00   1.0000000000000000E+00   1.0000000000000000E+00   1.0000000000000000E+00   1.0000000000000000E+00   1.0000000000000000E+00   1.0000000000000000E+00
 1.0000000000000000E+00   1.0000000000000000E+00   1.0000000000000000E+00   1.0000000000000000E+00   1.0000000000000000E+00   1.0000000000000000E+00   1.0000000000000000E+00   1.0000000000000000E+00   1.0000000000000000E+00   1.0000000000000000E+00   1.0000000000000000E+00
 1.0000000000000000E+00   1.0000000000000000E+00   1.0000000000000000E+00   1.0000000000000000E+00   1.0000000000000000E+00   1.0000000000000000E+00   1.0000000000000000E+00   1.0000000000000000E+00   1.0000000000000000E+00   1.0000000000000000E+00   1.0000000000000000E+00
 1.0000000000000000E+00   1.0000000000000000E+00   1.0000000000000000E+00   1.0000000000000000E+00   1.0000000000000000E+00   1.0000000000000000E+00   1.0000000000000000E+00   1.0000000000000000E+00   1.0000000000000000E+00   1.0000000000000000E+00   1.0000000000000000E+00
 1.0000000000000000E+00   1.0000000000000000E+00   1.0000000000000000E+00   1.0000000000000000E+00   1.0000000000000000E+00   1.0000000000000000E+00   1.0000000000000000E+00   1.0000000000000000E+00   1.0000000000000000E+00   1.0000000000000000E+00   1.0000000000000000E+00
 1.0000000000000000E+00   1.0000000000000000E+00   1.0000000000000000E+00   1.0000000000000000E+00   1.0000000000000000E+00   1.0000000000000000E+00   1.0000000000000000E+00   1.0000000000000000E+00   1.0000000000000000E+00   1.0000000000000000E+00   1.0000000000000000E+00
 1.0000000000000000E+00   1.0000000000000000E+00   1.0000000000000000E+00   1.0000000000000000E+00   1.0000000000000000E+00   1.0000000000000000E+00   1.0000000000000000E+00   1.0000000000000000E+00   1.0000000000000000E+00   1.0000000000000000E+00   1.0000000000000000E+00
 1.0000000000000000E+00   1.0000000000000000E+00   1.0000000000000000E+00   1.0000000000000000E+00   1.0000000000000000E+00   1.0000000000000000E+00   1.0000000000000000E+00   1.0000000000000000E+00   1.0000000000000000E+00   1.0000000000000000E+00   1.0000000000000000E+00
 1.0000000000000000E+00   1.0000000000000000E+00   1.0000000000000000E+00   1.0000000000000000E+00   1.0000000000000000E+00   1.0000000000000000E+00   1.0000000000000000E+00   1.0000000000000000E+00   1.0000000000000000E+00   1.0000000000000000E+00   1.0000000000000000E+00
 1.0000000000000000E+00   1.0000000000000000E+00   1.0000000000000000E+00   1.0000000000000000E+00   1.0000000000000000E+00   1.0000000000000000E+00   1.0000000000000000E+00   1.0000000000000000E+00   1.0000000000000000E+00   1.0000000000000000E+00   1.0000000000000000E+00
 1.0000000000000000E+00   1.0000000000000000E+00   1.0000000000000000E+00   1.0000000000000000E+00   1.0000000000000000E+00   1.0000000000000000E+00   1.0000000000000000E+00   1.0000000000000000E+00   1.0000000000000000E+00   1.0000000000000000E+00   1.0000000000000000E+00
 1.0000000000000000E+00   1.0000000000000000E+00   1.0000000000000000E+00   1.0000000000000000E+00   1.0000000000000000E+00   1.0000000000000000E+00   1.0000000000000000E+00   1.0000000000000000E+00   1.0000000000000000E+00   1.0000000000000000E+00   1.0000000000000000E+00
 1.0000000000000000E+00   1.0000000000000000E+00   1.0000000000000000E+00   1.0000000000000000E+00   1.0000000000000000E+00   1.0000000000000000E+00   1.0000000000000000E+00   1.0000000000000000E+00   1.0000000000000000E+00   1.0000000000000000E+00   1.0000000000000000E+00
 1.0000000000000000E+00   1.0000000000000000E+00   1.0000000000000000E+00   1.0000000000000000E+00   1.0000000000000000E+00   1.0000000000000000E+00   1.0000000000000000E+00   1.0000000000000000E+00   1.0000000000000000E+00   1.0000000000000000E+00   1.0000000000000000E+00
 1.0000000000000000E+00   1.0000000000000000E+00   1.0000000000000000E+00   1.0000000000000000E+00   1.0000000000000000E+00   1.0000000000000000E+00   1.0000000000000000E+00   1.0000000000000000E+00   1.0000000000000000E+00   1.0000000000000000E+00   1.0000000000000000E+00
 1.0000000000000000E+00   1.0000000000000000E+00   1.0000000000000000E+00   1.0000000000000000E+00   1.0000000000000000E+00   1.0000000000000000E+00   1.0000000000000000E+00   1.0000000000000000E+00   1.0000000000000000E+00   1.0000000000000000E+00   1.0000000000000000E+00
 1.0000000000000000E+00   1.0000000000000000E+00   1.0000000000000000E+00   1.0000000000000000E+00   1.0000000000000000E+00   1.0000000000000000E+00   1.0000000000000000E+00   1.0000000000000000E+00   1.0000000000000000E+00   1.0000000000000000E+00   1.0000000000000000E+00
 1.0000000000000000E+00   1.0000000000000000E+00   1.0000000000000000E+00   1.0000000000000000E+00   1.0000000000000000E+00   1.0000000000000000E+00   1.0000000000000000E+00   1.0000000000000000E+00   1.0000000000000000E+00   1.0000000000000000E+00   1.0000000000000000E+00
 1.0000000000000000E+00   1.0000000000000000E+00   1.0000000000000000E+00   1.0000000000000000E+00   1.0000000000000000E+00   1.0000000000000000E+00   1.0000000000000000E+00   1.0000000000000000E+00   1.0000000000000000E+00   1.0000000000000000E+00   1.0000000000000000E+00
 1.0000000000000000E+00   1.0000000000000000E+00   1.0000000000000000E+00   1.0000000000000000E+00   1.0000000000000000E+00   1.0000000000000000E+00   1.0000000000000000E+00   1.0000000000000000E+00   1.0000000000000000E+00   1.0000000000000000E+00   1.0000000000000000E+00
 1.0000000000000000E+00   1.0000000000000000E+00   1.0000000000000000E+00   1.0000000000000000E+00   1.0000000000000000E+00   1.0000000000000000E+00   1.0000000000000000E+00   1.0000000000000000E+00   1.0000000000000000E+00   1.0000000000000000E+00   1.0000000000000000E+00
 1.0000000000000000E+00   1.0000000000000000E+00   1.0000000000000000E+00   1.0000000000000000E+00   1.0000000000000000E+00   1.0000000000000000E+00   1.0000000000000000E+00   1.0000000000000000E+00   1.0000000000000000E+00   1.0000000000000000E+00   1.0000000000000000E+00
 1.0000000000000000E+00   1.0000000000000000E+00   1.0000000000000000E+00   1.0000000000000000E+00   1.0000000000000000E+00   1.0000000000000000E+00   1.0000000000000000E+00   1.0000000000000000E+00   1.0000000000000000E+00   1.0000000000000000E+00   1.0000000000000000E+00
 1.0000000000000000E+00   1.0000000000000000E+00   1.0000000000000000E+00   1.0000000000000000E+00   1.0000000000000000E+00   1.0000000000000000E+00   1.0000000000000000E+00   1.0000000000000000E+00   1.0000000000000000E+00   1.0000000000000000E+00   1.0000000000000000E+00
 1.0000000000000000E+00   1.0000000000000000E+00   1.0000000000000000E+00   1.0000000000000000E+00   1.0000000000000000E+00   1.0000000000000000E+00   1.0000000000000000E+00   1.0000000000000000E+00   1.0000000000000000E+00   1.0000000000000000E+00   1.0000000000000000E+00
 1.0000000000000000E+00   1.0000000000000000E+00   1.0000000000000000E+00   1.0000000000000000E+00   1.0000000000000000E+00   1.0000000000000000E+00   1.0000000000000000E+00   1.0000000000000000E+00   1.0000000000000000E+00   1.0000000000000000E+00   1.0000000000000000E+00
 1.0000000000000000E+00   1.0000000000000000E+00   1.0000000000000000E+00   1.0000000000000000E+00   1.0000000000000000E+00   1.0000000000000000E+00   1.0000000000000000E+00   1.0000000000000000E+00   1.0000000000000000E+00   1.0000000000000000E+00   1.0000000000000000E+00
 1.0000000000000000E+00   1.0000000000000000E+00   1.0000000000000000E+00   1.0000000000000000E+00   1.0000000000000000E+00   1.0000000000000000E+00   1.0000000000000000E+00   1.0000000000000000E+00   1.0000000000000000E+00   1.0000000000000000E+00   1.0000000000000000E+00
 1.0000000000000000E+00   1.0000000000000000E+00   1.0000000000000000E+00   1.0000000000000000E+00   1.0000000000000000E+00   1.0000000000000000E+00   1.0000000000000000E+00   1.0000000000000000E+00   1.0000000000000000E+00   1.0000000000000000E+00   1.0000000000000000E+00
 1.0000000000000000E+00   1.0000000000000000E+00   1.0000000000000000E+00   1.0000000000000000E+00   1.0000000000000000E+00   1.0000000000000000E+00   1.0000000000000000E+00   1.0000000000000000E+00   1.0000000000000000E+00   1.0000000000000000E+00   1.0000000000000000E+00
 1.0000000000000000E+00   1.0000000000000000E+00   1.0000000000000000E+00   1.0000000000000000E+00   1.0000000000000000E+00   1.0000000000000000E+00   1.0000000000000000E+00   1.0000000000000000E+00   1.0000000000000000E+00   1.0000000000000000E+00   1.0000000000000000E+00
 1.0000000000000000E+00   1.0000000000000000E+00   1.0000000000000000E+00   1.0000000000000000E+00   1.0000000000000000E+00   1.0000000000000000E+00   1.0000000000000000E+00   1.0000000000000000E+00   1.0000000000000000E+00   1.0000000000000000E+00   1.0000000000000000E+00
 1.0000000000000000E+00   1.0000000000000000E+00   1.0000000000000000E+00   1.0000000000000000E+00   1.0000000000000000E+00   1.0000000000000000E+00   1.0000000000000000E+00   1.0000000000000000E+00   1.0000000000000000E+00   1.0000000000000000E+00   1.0000000000000000E+00
 1.0000000000000000E+00   1.0000000000000000E+00   1.0000000000000000E+00   1.0000000000000000E+00   1.0000000000000000E+00   1.0000000000000000E+00   1.0000000000000000E+00   1.0000000000000000E+00   1.0000000000000000E+00   1.0000000000000000E+00   1.0000000000000000E+00
 1.0000000000000000E+00   1.0000000000000000E+00   1.0000000000000000E+00   1.0000000000000000E+00   1.0000000000000000E+00   1.0000000000000000E+00   1.0000000000000000E+00   1.0000000000000000E+00   1.0000000000000000E+00   1.0000000000000000E+00   1.0000000000000000E+00
 1.0000000000000000E+00   1.0000000000000000E+00   1.0000000000000000E+00   1.0000000000000000E+00   1.0000000000000000E+00   1.0000000000000000E+00   1.0000000000000000E+00   1.0000000000000000E+00   1.0000000000000000E+00   1.0000000000000000E+00   1.0000000000000000E+00
 1.0000000000000000E+00   1.0000000000000000E+00   1.0000000000000000E+00   1.0000000000000000E+00   1.0000000000000000E+00   1.0000000000000000E+00   1.0000000000000000E+00   1.0000000000000000E+00   1.0000000000000000E+00   1.0000000000000000E+00   1.0000000000000000E+00
 1.0000000000000000E+00   1.0000000000000000E+00   1.0000000000000000E+00   1.0000000000000000E+00   1.0000000000000000E+00   1.0000000000000000E+00   1.0000000000000000E+00   1.0000000000000000E+00   1.0000000000000000E+00   1.0000000000000000E+00   1.0000000000000000E+00
 1.0000000000000000E+00   1.0000000000000000E+00   1.0000000000000000E+00   1.0000000000000000E+00   1.0000000000000000E+00   1.0000000000000000E+00   1.0000000000000000E+00   1.0000000000000000E+00   1.0000000000000000E+00   1.0000000000000000E+00   1.0000000000000000E+00
 1.0000000000000000E+00   1.0000000000000000E+00   1.0000000000000000E+00   1.0000000000000000E+00   1.0000000000000000E+00   1.0000000000000000E+00   1.0000000000000000E+00   1.0000000000000000E+00   1.0000000000000000E+00   1.0000000000000000E+00   1.0000000000000000E+00
 1.0000000000000000E+00   1.0000000000000000E+00   1.0000000000000000E+00   1.0000000000000000E+00   1.0000000000000000E+00   1.0000000000000000E+00   1.0000000000000000E+00   1.0000000000000000E+00   1.0000000000000000E+00   1.0000000000000000E+00   1.0000000000000000E+00
 1.0000000000000000E+00   1.0000000000000000E+00   1.0000000000000000E+00   1.0000000000000000E+00   1.0000000000000000E+00   1.0000000000000000E+00   1.0000000000000000E+00   1.0000000000000000E+00   1.0000000000000000E+00   1.0000000000000000E+00   1.0000000000000000E+00
 1.0000000000000000E+00   1.0000000000000000E+00   1.0000000000000000E+00   1.0000000000000000E+00   1.0000000000000000E+00   1.0000000000000000E+00   1.0000000000000000E+00   1.0000000000000000E+00   1.0000000000000000E+00   1.0000000000000000E+00   1.0000000000000000E+00
 1.0000000000000000E+00   1.0000000000000000E+00   1.0000000000000000E+00   1.0000000000000000E+00   1.0000000000000000E+00   1.0000000000000000E+00   1.0000000000000000E+00   1.0000000000000000E+00   1.0000000000000000E+00   1.0000000000000000E+00   1.0000000000000000E+00
 1.0000000000000000E+00   1.0000000000000000E+00   1.0000000000000000E+00   1.0000000000000000E+00   1.0000000000000000E+00   1.0000000000000000E+00   1.0000000000000000E+00   1.0000000000000000E+00   1.0000000000000000E+00   1.0000000000000000E+00   1.0000000000000000E+00
 1.0000000000000000E+00   1.0000000000000000E+00   1.0000000000000000E+00   1.0000000000000000E+00   1.0000000000000000E+00   1.0000000000000000E+00   1.0000000000000000E+00   1.0000000000000000E+00   1.0000000000000000E+00   1.0000000000000000E+00   1.0000000000000000E+00
 1.0000000000000000E+00   1.0000000000000000E+00   1.0000000000000000E+00   1.0000000000000000E+00   1.0000000000000000E+00   1.0000000000000000E+00   1.0000000000000000E+00   1.0000000000000000E+00   1.0000000000000000E+00   1.0000000000000000E+00   1.0000000000000000E+00
 1.0000000000000000E+00   1.0000000000000000E+00   1.0000000000000000E+00   1.0000000000000000E+00   1.0000000000000000E+00   1.0000000000000000E+00   1.0000000000000000E+00   1.0000000000000000E+00   1.0000000000000000E+00   1.0000000000000000E+00   1.0000000000000000E+00
 1.0000000000000000E+00   1.0000000000000000E+00   1.0000000000000000E+00   1.0000000000000000E+00   1.0000000000000000E+00   1.0000000000000000E+00   1.0000000000000000E+00   1.0000000000000000E+00   1.0000000000000000E+00   1.0000000000000000E+00   1.0000000000000000E+00
 1.0000000000000000E+00   1.0000000000000000E+00   1.0000000000000000E+00   1.0000000000000000E+00   1.0000000000000000E+00   1.0000000000000000E+00   1.0000000000000000E+00   1.0000000000000000E+00   1.0000000000000000E+00   1.0000000000000000E+00   1.0000000000000000E+00
 1.0000000000000000E+00   1.0000000000000000E+00   1.0000000000000000E+00   1.0000000000000000E+00   1.0000000000000000E+00   1.0000000000000000E+00   1.0000000000000000E+00   1.0000000000000000E+00   1.0000000000000000E+00   1.0000000000000000E+00   1.0000000000000000E+00
 1.0000000000000000E+00   1.0000000000000000E+00   1.0000000000000000E+00   1.0000000000000000E+00   1.0000000000000000E+00   1.0000000000000000E+00   1.0000000000000000E+00   1.0000000000000000E+00   1.0000000000000000E+00   1.0000000000000000E+00   1.0000000000000000E+00
 1.0000000000000000E+00   1.0000000000000000E+00   1.0000000000000000E+00   1.0000000000000000E+00   1.0000000000000000E+00   1.0000000000000000E+00   1.0000000000000000E+00   1.0000000000000000E+00   1.0000000000000000E+00   1.0000000000000000E+00   1.0000000000000000E+00
 1.0000000000000000E+00   1.0000000000000000E+00   1.0000000000000000E+00   1.0000000000000000E+00   1.0000000000000000E+00   1.0000000000000000E+00   1.0000000000000000E+00   1.0000000000000000E+00   1.0000000000000000E+00   1.0000000000000000E+00   1.0000000000000000E+00
 1.0000000000000000E+00   1.0000000000000000E+00   1.0000000000000000E+00   1.0000000000000000E+00   1.0000000000000000E+00   1.0000000000000000E+00   1.0000000000000000E+00   1.0000000000000000E+00   1.0000000000000000E+00   1.0000000000000000E+00   1.0000000000000000E+00
 1.0000000000000000E+00   1.0000000000000000E+00   1.0000000000000000E+00   1.0000000000000000E+00   1.0000000000000000E+00   1.0000000000000000E+00   1.0000000000000000E+00   1.0000000000000000E+00   1.0000000000000000E+00   1.0000000000000000E+00   1.0000000000000000E+00
 1.0000000000000000E+00   1.0000000000000000E+00   1.0000000000000000E+00   1.0000000000000000E+00   1.0000000000000000E+00   1.0000000000000000E+00   1.0000000000000000E+00   1.0000000000000000E+00   1.0000000000000000E+00   1.0000000000000000E+00   1.0000000000000000E+00
 1.0000000000000000E+00   1.0000000000000000E+00   1.0000000000000000E+00   1.0000000000000000E+00   1.0000000000000000E+00   1.0000000000000000E+00   1.0000000000000000E+00   1.0000000000000000E+00   1.0000000000000000E+00   1.0000000000000000E+00   1.0000000000000000E+00
 1.0000000000000000E+00   1.0000000000000000E+00   1.0000000000000000E+00   1.0000000000000000E+00   1.0000000000000000E+00   1.0000000000000000E+00   1.0000000000000000E+00   1.0000000000000000E+00   1.0000000000000000E+00   1.0000000000000000E+00   1.0000000000000000E+00
 1.0000000000000000E+00   1.0000000000000000E+00   1.0000000000000000E+00   1.0000000000000000E+00   1.0000000000000000E+00   1.0000000000000000E+00   1.0000000000000000E+00   1.0000000000000000E+00   1.0000000000000000E+00   1.0000000000000000E+00   1.0000000000000000E+00
 1.0000000000000000E+00   1.0000000000000000E+00   1.0000000000000000E+00   1.0000000000000000E+00   1.0000000000000000E+00   1.0000000000000000E+00   1.0000000000000000E+00   1.0000000000000000E+00   1.0000000000000000E+00   1.0000000000000000E+00   1.0000000000000000E+00
 1.0000000000000000E+00   1.0000000000000000E+00   1.0000000000000000E+00   1.0000000000000000E+00   1.0000000000000000E+00   1.0000000000000000E+00   1.0000000000000000E+00   1.0000000000000000E+00   1.0000000000000000E+00   1.0000000000000000E+00   1.0000000000000000E+00
 1.0000000000000000E+00   1.0000000000000000E+00   1.0000000000000000E+00   1.0000000000000000E+00   1.0000000000000000E+00   1.0000000000000000E+00   1.0000000000000000E+00   1.0000000000000000E+00   1.0000000000000000E+00   1.0000000000000000E+00   1.0000000000000000E+00
 1.0000000000000000E+00   1.0000000000000000E+00   1.0000000000000000E+00   1.0000000000000000E+00   1.0000000000000000E+00   1.0000000000000000E+00   1.0000000000000000E+00   1.0000000000000000E+00   1.0000000000000000E+00   1.0000000000000000E+00   1.0000000000000000E+00
 1.0000000000000000E+00   1.0000000000000000E+00   1.0000000000000000E+00   1.0000000000000000E+00   1.0000000000000000E+00   1.0000000000000000E+00   1.0000000000000000E+00   1.0000000000000000E+00   1.0000000000000000E+00   1.0000000000000000E+00   1.0000000000000000E+00
 1.0000000000000000E+00   1.0000000000000000E+00   1.0000000000000000E+00   1.0000000000000000E+00   1.0000000000000000E+00   1.0000000000000000E+00   1.0000000000000000E+00   1.0000000000000000E+00   1.0000000000000000E+00   1.0000000000000000E+00   1.0000000000000000E+00
 1.0000000000000000E+00   1.0000000000000000E+00   1.0000000000000000E+00   1.0000000000000000E+00   1.0000000000000000E+00   1.0000000000000000E+00   1.0000000000000000E+00   1.0000000000000000E+00   1.0000000000000000E+00   1.0000000000000000E+00   1.0000000000000000E+00
 1.0000000000000000E+00   1.0000000000000000E+00   1.0000000000000000E+00   1.0000000000000000E+00   1.0000000000000000E+00   1.0000000000000000E+00   1.0000000000000000E+00   1.0000000000000000E+00   1.0000000000000000E+00   1.0000000000000000E+00   1.0000000000000000E+00
 1.0000000000000000E+00   1.0000000000000000E+00   1.0000000000000000E+00   1.0000000000000000E+00   1.0000000000000000E+00   1.0000000000000000E+00   1.0000000000000000E+00   1.0000000000000000E+00   1.0000000000000000E+00   1.0000000000000000E+00   1.0000000000000000E+00
 1.0000000000000000E+00   1.0000000000000000E+00   1.0000000000000000E+00   1.0000000000000000E+00   1.0000000000000000E+00   1.0000000000000000E+00   1.0000000000000000E+00   1.0000000000000000E+00   1.0000000000000000E+00   1.0000000000000000E+00   1.0000000000000000E+00
 1.0000000000000000E+00   1.0000000000000000E+00   1.0000000000000000E+00   1.0000000000000000E+00   1.0000000000000000E+00   1.0000000000000000E+00   1.0000000000000000E+00   1.0000000000000000E+00   1.0000000000000000E+00   1.0000000000000000E+00   1.0000000000000000E+00
 1.0000000000000000E+00   1.0000000000000000E+00   1.0000000000000000E+00   1.0000000000000000E+00   1.0000000000000000E+00   1.0000000000000000E+00   1.0000000000000000E+00   1.0000000000000000E+00   1.0000000000000000E+00   1.0000000000000000E+00   1.0000000000000000E+00
 1.0000000000000000E+00   1.0000000000000000E+00   1.0000000000000000E+00   1.0000000000000000E+00   1.0000000000000000E+00   1.0000000000000000E+00   1.0000000000000000E+00   1.0000000000000000E+00   1.0000000000000000E+00   1.0000000000000000E+00   1.0000000000000000E+00
 1.0000000000000000E+00   1.0000000000000000E+00   1.0000000000000000E+00   1.0000000000000000E+00   1.0000000000000000E+00   1.0000000000000000E+00   1.0000000000000000E+00   1.0000000000000000E+00   1.0000000000000000E+00   1.0000000000000000E+00   1.0000000000000000E+00
 1.0000000000000000E+00   1.0000000000000000E+00   1.0000000000000000E+00   1.0000000000000000E+00   1.0000000000000000E+00   1.0000000000000000E+00   1.0000000000000000E+00   1.0000000000000000E+00   1.0000000000000000E+00   1.0000000000000000E+00   1.0000000000000000E+00
 1.0000000000000000E+00   1.0000000000000000E+00   1.0000000000000000E+00   1.0000000000000000E+00   1.0000000000000000E+00   1.0000000000000000E+00   1.0000000000000000E+00   1.0000000000000000E+00   1.0000000000000000E+00   1.0000000000000000E+00   1.0000000000000000E+00
 1.0000000000000000E+00   1.0000000000000000E+00   1.0000000000000000E+00   1.0000000000000000E+00   1.0000000000000000E+00   1.0000000000000000E+00   1.0000000000000000E+00   1.0000000000000000E+00   1.0000000000000000E+00   1.0000000000000000E+00   1.0000000000000000E+00
 1.0000000000000000E+00   1.0000000000000000E+00   1.0000000000000000E+00   1.0000000000000000E+00   1.0000000000000000E+00   1.0000000000000000E+00   1.0000000000000000E+00   1.0000000000000000E+00   1.0000000000000000E+00   1.0000000000000000E+00   1.0000000000000000E+00
 1.0000000000000000E+00   1.0000000000000000E+00   1.0000000000000000E+00   1.0000000000000000E+00   1.0000000000000000E+00   1.0000000000000000E+00   1.0000000000000000E+00   1.0000000000000000E+00   1.0000000000000000E+00   1.0000000000000000E+00   1.0000000000000000E+00
 1.0000000000000000E+00   1.0000000000000000E+00   1.0000000000000000E+00   1.0000000000000000E+00   1.0000000000000000E+00   1.0000000000000000E+00   1.0000000000000000E+00   1.0000000000000000E+00   1.0000000000000000E+00   1.0000000000000000E+00   1.0000000000000000E+00
 1.0000000000000000E+00   1.0000000000000000E+00   1.0000000000000000E+00   1.0000000000000000E+00   1.0000000000000000E+00   1.0000000000000000E+00   1.0000000000000000E+00   1.0000000000000000E+00   1.0000000000000000E+00   1.0000000000000000E+00   1.0000000000000000E+00
 1.0000000000000000E+00   1.0000000000000000E+00   1.0000000000000000E+00   1.0000000000000000E+00   1.0000000000000000E+00
