 VARIABLES = X, Y, RHO, U, V, T, P, QX, QY, radius, radius-0, RHO-0,error
ZONE I =   41, J =   41, DATAPACKING=BLOCK,VARLOCATION=([3-13]=CELLCENTERED)
 0.0000000000000000E+00   2.5000000000000001E-03   5.0000000000000001E-03   7.4999999999999997E-03   1.0000000000000000E-02   1.2500000000000001E-02   1.4999999999999999E-02   1.7500000000000002E-02   2.0000000000000000E-02   2.2499999999999999E-02   2.5000000000000001E-02
 2.7500000000000000E-02   2.9999999999999999E-02   3.2500000000000001E-02   3.5000000000000003E-02   3.7499999999999999E-02   4.0000000000000001E-02   4.2500000000000003E-02   4.4999999999999998E-02   4.7500000000000001E-02   5.0000000000000003E-02   5.2499999999999998E-02
 5.5000000000000000E-02   5.7500000000000002E-02   5.9999999999999998E-02   6.2500000000000000E-02   6.5000000000000002E-02   6.7500000000000004E-02   7.0000000000000007E-02   7.2499999999999995E-02   7.4999999999999997E-02   7.7499999999999999E-02   8.0000000000000002E-02
 8.2500000000000004E-02   8.5000000000000006E-02   8.7500000000000008E-02   8.9999999999999997E-02   9.2499999999999999E-02   9.5000000000000001E-02   9.7500000000000003E-02   1.0000000000000001E-01   0.0000000000000000E+00   2.5000000000000001E-03   5.0000000000000001E-03
 7.4999999999999997E-03   1.0000000000000000E-02   1.2500000000000001E-02   1.4999999999999999E-02   1.7500000000000002E-02   2.0000000000000000E-02   2.2499999999999999E-02   2.5000000000000001E-02   2.7500000000000000E-02   2.9999999999999999E-02   3.2500000000000001E-02
 3.5000000000000003E-02   3.7499999999999999E-02   4.0000000000000001E-02   4.2500000000000003E-02   4.4999999999999998E-02   4.7500000000000001E-02   5.0000000000000003E-02   5.2499999999999998E-02   5.5000000000000000E-02   5.7500000000000002E-02   5.9999999999999998E-02
 6.2500000000000000E-02   6.5000000000000002E-02   6.7500000000000004E-02   7.0000000000000007E-02   7.2499999999999995E-02   7.4999999999999997E-02   7.7499999999999999E-02   8.0000000000000002E-02   8.2500000000000004E-02   8.5000000000000006E-02   8.7500000000000008E-02
 8.9999999999999997E-02   9.2499999999999999E-02   9.5000000000000001E-02   9.7500000000000003E-02   1.0000000000000001E-01   0.0000000000000000E+00   2.5000000000000001E-03   5.0000000000000001E-03   7.4999999999999997E-03   1.0000000000000000E-02   1.2500000000000001E-02
 1.4999999999999999E-02   1.7500000000000002E-02   2.0000000000000000E-02   2.2499999999999999E-02   2.5000000000000001E-02   2.7500000000000000E-02   2.9999999999999999E-02   3.2500000000000001E-02   3.5000000000000003E-02   3.7499999999999999E-02   4.0000000000000001E-02
 4.2500000000000003E-02   4.4999999999999998E-02   4.7500000000000001E-02   5.0000000000000003E-02   5.2499999999999998E-02   5.5000000000000000E-02   5.7500000000000002E-02   5.9999999999999998E-02   6.2500000000000000E-02   6.5000000000000002E-02   6.7500000000000004E-02
 7.0000000000000007E-02   7.2499999999999995E-02   7.4999999999999997E-02   7.7499999999999999E-02   8.0000000000000002E-02   8.2500000000000004E-02   8.5000000000000006E-02   8.7500000000000008E-02   8.9999999999999997E-02   9.2499999999999999E-02   9.5000000000000001E-02
 9.7500000000000003E-02   1.0000000000000001E-01   0.0000000000000000E+00   2.5000000000000001E-03   5.0000000000000001E-03   7.4999999999999997E-03   1.0000000000000000E-02   1.2500000000000001E-02   1.4999999999999999E-02   1.7500000000000002E-02   2.0000000000000000E-02
 2.2499999999999999E-02   2.5000000000000001E-02   2.7500000000000000E-02   2.9999999999999999E-02   3.2500000000000001E-02   3.5000000000000003E-02   3.7499999999999999E-02   4.0000000000000001E-02   4.2500000000000003E-02   4.4999999999999998E-02   4.7500000000000001E-02
 5.0000000000000003E-02   5.2499999999999998E-02   5.5000000000000000E-02   5.7500000000000002E-02   5.9999999999999998E-02   6.2500000000000000E-02   6.5000000000000002E-02   6.7500000000000004E-02   7.0000000000000007E-02   7.2499999999999995E-02   7.4999999999999997E-02
 7.7499999999999999E-02   8.0000000000000002E-02   8.2500000000000004E-02   8.5000000000000006E-02   8.7500000000000008E-02   8.9999999999999997E-02   9.2499999999999999E-02   9.5000000000000001E-02   9.7500000000000003E-02   1.0000000000000001E-01   0.0000000000000000E+00
 2.5000000000000001E-03   5.0000000000000001E-03   7.4999999999999997E-03   1.0000000000000000E-02   1.2500000000000001E-02   1.4999999999999999E-02   1.7500000000000002E-02   2.0000000000000000E-02   2.2499999999999999E-02   2.5000000000000001E-02   2.7500000000000000E-02
 2.9999999999999999E-02   3.2500000000000001E-02   3.5000000000000003E-02   3.7499999999999999E-02   4.0000000000000001E-02   4.2500000000000003E-02   4.4999999999999998E-02   4.7500000000000001E-02   5.0000000000000003E-02   5.2499999999999998E-02   5.5000000000000000E-02
 5.7500000000000002E-02   5.9999999999999998E-02   6.2500000000000000E-02   6.5000000000000002E-02   6.7500000000000004E-02   7.0000000000000007E-02   7.2499999999999995E-02   7.4999999999999997E-02   7.7499999999999999E-02   8.0000000000000002E-02   8.2500000000000004E-02
 8.5000000000000006E-02   8.7500000000000008E-02   8.9999999999999997E-02   9.2499999999999999E-02   9.5000000000000001E-02   9.7500000000000003E-02   1.0000000000000001E-01   0.0000000000000000E+00   2.5000000000000001E-03   5.0000000000000001E-03   7.4999999999999997E-03
 1.0000000000000000E-02   1.2500000000000001E-02   1.4999999999999999E-02   1.7500000000000002E-02   2.0000000000000000E-02   2.2499999999999999E-02   2.5000000000000001E-02   2.7500000000000000E-02   2.9999999999999999E-02   3.2500000000000001E-02   3.5000000000000003E-02
 3.7499999999999999E-02   4.0000000000000001E-02   4.2500000000000003E-02   4.4999999999999998E-02   4.7500000000000001E-02   5.0000000000000003E-02   5.2499999999999998E-02   5.5000000000000000E-02   5.7500000000000002E-02   5.9999999999999998E-02   6.2500000000000000E-02
 6.5000000000000002E-02   6.7500000000000004E-02   7.0000000000000007E-02   7.2499999999999995E-02   7.4999999999999997E-02   7.7499999999999999E-02   8.0000000000000002E-02   8.2500000000000004E-02   8.5000000000000006E-02   8.7500000000000008E-02   8.9999999999999997E-02
 9.2499999999999999E-02   9.5000000000000001E-02   9.7500000000000003E-02   1.0000000000000001E-01   0.0000000000000000E+00   2.5000000000000001E-03   5.0000000000000001E-03   7.4999999999999997E-03   1.0000000000000000E-02   1.2500000000000001E-02   1.4999999999999999E-02
 1.7500000000000002E-02   2.0000000000000000E-02   2.2499999999999999E-02   2.5000000000000001E-02   2.7500000000000000E-02   2.9999999999999999E-02   3.2500000000000001E-02   3.5000000000000003E-02   3.7499999999999999E-02   4.0000000000000001E-02   4.2500000000000003E-02
 4.4999999999999998E-02   4.7500000000000001E-02   5.0000000000000003E-02   5.2499999999999998E-02   5.5000000000000000E-02   5.7500000000000002E-02   5.9999999999999998E-02   6.2500000000000000E-02   6.5000000000000002E-02   6.7500000000000004E-02   7.0000000000000007E-02
 7.2499999999999995E-02   7.4999999999999997E-02   7.7499999999999999E-02   8.0000000000000002E-02   8.2500000000000004E-02   8.5000000000000006E-02   8.7500000000000008E-02   8.9999999999999997E-02   9.2499999999999999E-02   9.5000000000000001E-02   9.7500000000000003E-02
 1.0000000000000001E-01   0.0000000000000000E+00   2.5000000000000001E-03   5.0000000000000001E-03   7.4999999999999997E-03   1.0000000000000000E-02   1.2500000000000001E-02   1.4999999999999999E-02   1.7500000000000002E-02   2.0000000000000000E-02   2.2499999999999999E-02
 2.5000000000000001E-02   2.7500000000000000E-02   2.9999999999999999E-02   3.2500000000000001E-02   3.5000000000000003E-02   3.7499999999999999E-02   4.0000000000000001E-02   4.2500000000000003E-02   4.4999999999999998E-02   4.7500000000000001E-02   5.0000000000000003E-02
 5.2499999999999998E-02   5.5000000000000000E-02   5.7500000000000002E-02   5.9999999999999998E-02   6.2500000000000000E-02   6.5000000000000002E-02   6.7500000000000004E-02   7.0000000000000007E-02   7.2499999999999995E-02   7.4999999999999997E-02   7.7499999999999999E-02
 8.0000000000000002E-02   8.2500000000000004E-02   8.5000000000000006E-02   8.7500000000000008E-02   8.9999999999999997E-02   9.2499999999999999E-02   9.5000000000000001E-02   9.7500000000000003E-02   1.0000000000000001E-01   0.0000000000000000E+00   2.5000000000000001E-03
 5.0000000000000001E-03   7.4999999999999997E-03   1.0000000000000000E-02   1.2500000000000001E-02   1.4999999999999999E-02   1.7500000000000002E-02   2.0000000000000000E-02   2.2499999999999999E-02   2.5000000000000001E-02   2.7500000000000000E-02   2.9999999999999999E-02
 3.2500000000000001E-02   3.5000000000000003E-02   3.7499999999999999E-02   4.0000000000000001E-02   4.2500000000000003E-02   4.4999999999999998E-02   4.7500000000000001E-02   5.0000000000000003E-02   5.2499999999999998E-02   5.5000000000000000E-02   5.7500000000000002E-02
 5.9999999999999998E-02   6.2500000000000000E-02   6.5000000000000002E-02   6.7500000000000004E-02   7.0000000000000007E-02   7.2499999999999995E-02   7.4999999999999997E-02   7.7499999999999999E-02   8.0000000000000002E-02   8.2500000000000004E-02   8.5000000000000006E-02
 8.7500000000000008E-02   8.9999999999999997E-02   9.2499999999999999E-02   9.5000000000000001E-02   9.7500000000000003E-02   1.0000000000000001E-01   0.0000000000000000E+00   2.5000000000000001E-03   5.0000000000000001E-03   7.4999999999999997E-03   1.0000000000000000E-02
 1.2500000000000001E-02   1.4999999999999999E-02   1.7500000000000002E-02   2.0000000000000000E-02   2.2499999999999999E-02   2.5000000000000001E-02   2.7500000000000000E-02   2.9999999999999999E-02   3.2500000000000001E-02   3.5000000000000003E-02   3.7499999999999999E-02
 4.0000000000000001E-02   4.2500000000000003E-02   4.4999999999999998E-02   4.7500000000000001E-02   5.0000000000000003E-02   5.2499999999999998E-02   5.5000000000000000E-02   5.7500000000000002E-02   5.9999999999999998E-02   6.2500000000000000E-02   6.5000000000000002E-02
 6.7500000000000004E-02   7.0000000000000007E-02   7.2499999999999995E-02   7.4999999999999997E-02   7.7499999999999999E-02   8.0000000000000002E-02   8.2500000000000004E-02   8.5000000000000006E-02   8.7500000000000008E-02   8.9999999999999997E-02   9.2499999999999999E-02
 9.5000000000000001E-02   9.7500000000000003E-02   1.0000000000000001E-01   0.0000000000000000E+00   2.5000000000000001E-03   5.0000000000000001E-03   7.4999999999999997E-03   1.0000000000000000E-02   1.2500000000000001E-02   1.4999999999999999E-02   1.7500000000000002E-02
 2.0000000000000000E-02   2.2499999999999999E-02   2.5000000000000001E-02   2.7500000000000000E-02   2.9999999999999999E-02   3.2500000000000001E-02   3.5000000000000003E-02   3.7499999999999999E-02   4.0000000000000001E-02   4.2500000000000003E-02   4.4999999999999998E-02
 4.7500000000000001E-02   5.0000000000000003E-02   5.2499999999999998E-02   5.5000000000000000E-02   5.7500000000000002E-02   5.9999999999999998E-02   6.2500000000000000E-02   6.5000000000000002E-02   6.7500000000000004E-02   7.0000000000000007E-02   7.2499999999999995E-02
 7.4999999999999997E-02   7.7499999999999999E-02   8.0000000000000002E-02   8.2500000000000004E-02   8.5000000000000006E-02   8.7500000000000008E-02   8.9999999999999997E-02   9.2499999999999999E-02   9.5000000000000001E-02   9.7500000000000003E-02   1.0000000000000001E-01
 0.0000000000000000E+00   2.5000000000000001E-03   5.0000000000000001E-03   7.4999999999999997E-03   1.0000000000000000E-02   1.2500000000000001E-02   1.4999999999999999E-02   1.7500000000000002E-02   2.0000000000000000E-02   2.2499999999999999E-02   2.5000000000000001E-02
 2.7500000000000000E-02   2.9999999999999999E-02   3.2500000000000001E-02   3.5000000000000003E-02   3.7499999999999999E-02   4.0000000000000001E-02   4.2500000000000003E-02   4.4999999999999998E-02   4.7500000000000001E-02   5.0000000000000003E-02   5.2499999999999998E-02
 5.5000000000000000E-02   5.7500000000000002E-02   5.9999999999999998E-02   6.2500000000000000E-02   6.5000000000000002E-02   6.7500000000000004E-02   7.0000000000000007E-02   7.2499999999999995E-02   7.4999999999999997E-02   7.7499999999999999E-02   8.0000000000000002E-02
 8.2500000000000004E-02   8.5000000000000006E-02   8.7500000000000008E-02   8.9999999999999997E-02   9.2499999999999999E-02   9.5000000000000001E-02   9.7500000000000003E-02   1.0000000000000001E-01   0.0000000000000000E+00   2.5000000000000001E-03   5.0000000000000001E-03
 7.4999999999999997E-03   1.0000000000000000E-02   1.2500000000000001E-02   1.4999999999999999E-02   1.7500000000000002E-02   2.0000000000000000E-02   2.2499999999999999E-02   2.5000000000000001E-02   2.7500000000000000E-02   2.9999999999999999E-02   3.2500000000000001E-02
 3.5000000000000003E-02   3.7499999999999999E-02   4.0000000000000001E-02   4.2500000000000003E-02   4.4999999999999998E-02   4.7500000000000001E-02   5.0000000000000003E-02   5.2499999999999998E-02   5.5000000000000000E-02   5.7500000000000002E-02   5.9999999999999998E-02
 6.2500000000000000E-02   6.5000000000000002E-02   6.7500000000000004E-02   7.0000000000000007E-02   7.2499999999999995E-02   7.4999999999999997E-02   7.7499999999999999E-02   8.0000000000000002E-02   8.2500000000000004E-02   8.5000000000000006E-02   8.7500000000000008E-02
 8.9999999999999997E-02   9.2499999999999999E-02   9.5000000000000001E-02   9.7500000000000003E-02   1.0000000000000001E-01   0.0000000000000000E+00   2.5000000000000001E-03   5.0000000000000001E-03   7.4999999999999997E-03   1.0000000000000000E-02   1.2500000000000001E-02
 1.4999999999999999E-02   1.7500000000000002E-02   2.0000000000000000E-02   2.2499999999999999E-02   2.5000000000000001E-02   2.7500000000000000E-02   2.9999999999999999E-02   3.2500000000000001E-02   3.5000000000000003E-02   3.7499999999999999E-02   4.0000000000000001E-02
 4.2500000000000003E-02   4.4999999999999998E-02   4.7500000000000001E-02   5.0000000000000003E-02   5.2499999999999998E-02   5.5000000000000000E-02   5.7500000000000002E-02   5.9999999999999998E-02   6.2500000000000000E-02   6.5000000000000002E-02   6.7500000000000004E-02
 7.0000000000000007E-02   7.2499999999999995E-02   7.4999999999999997E-02   7.7499999999999999E-02   8.0000000000000002E-02   8.2500000000000004E-02   8.5000000000000006E-02   8.7500000000000008E-02   8.9999999999999997E-02   9.2499999999999999E-02   9.5000000000000001E-02
 9.7500000000000003E-02   1.0000000000000001E-01   0.0000000000000000E+00   2.5000000000000001E-03   5.0000000000000001E-03   7.4999999999999997E-03   1.0000000000000000E-02   1.2500000000000001E-02   1.4999999999999999E-02   1.7500000000000002E-02   2.0000000000000000E-02
 2.2499999999999999E-02   2.5000000000000001E-02   2.7500000000000000E-02   2.9999999999999999E-02   3.2500000000000001E-02   3.5000000000000003E-02   3.7499999999999999E-02   4.0000000000000001E-02   4.2500000000000003E-02   4.4999999999999998E-02   4.7500000000000001E-02
 5.0000000000000003E-02   5.2499999999999998E-02   5.5000000000000000E-02   5.7500000000000002E-02   5.9999999999999998E-02   6.2500000000000000E-02   6.5000000000000002E-02   6.7500000000000004E-02   7.0000000000000007E-02   7.2499999999999995E-02   7.4999999999999997E-02
 7.7499999999999999E-02   8.0000000000000002E-02   8.2500000000000004E-02   8.5000000000000006E-02   8.7500000000000008E-02   8.9999999999999997E-02   9.2499999999999999E-02   9.5000000000000001E-02   9.7500000000000003E-02   1.0000000000000001E-01   0.0000000000000000E+00
 2.5000000000000001E-03   5.0000000000000001E-03   7.4999999999999997E-03   1.0000000000000000E-02   1.2500000000000001E-02   1.4999999999999999E-02   1.7500000000000002E-02   2.0000000000000000E-02   2.2499999999999999E-02   2.5000000000000001E-02   2.7500000000000000E-02
 2.9999999999999999E-02   3.2500000000000001E-02   3.5000000000000003E-02   3.7499999999999999E-02   4.0000000000000001E-02   4.2500000000000003E-02   4.4999999999999998E-02   4.7500000000000001E-02   5.0000000000000003E-02   5.2499999999999998E-02   5.5000000000000000E-02
 5.7500000000000002E-02   5.9999999999999998E-02   6.2500000000000000E-02   6.5000000000000002E-02   6.7500000000000004E-02   7.0000000000000007E-02   7.2499999999999995E-02   7.4999999999999997E-02   7.7499999999999999E-02   8.0000000000000002E-02   8.2500000000000004E-02
 8.5000000000000006E-02   8.7500000000000008E-02   8.9999999999999997E-02   9.2499999999999999E-02   9.5000000000000001E-02   9.7500000000000003E-02   1.0000000000000001E-01   0.0000000000000000E+00   2.5000000000000001E-03   5.0000000000000001E-03   7.4999999999999997E-03
 1.0000000000000000E-02   1.2500000000000001E-02   1.4999999999999999E-02   1.7500000000000002E-02   2.0000000000000000E-02   2.2499999999999999E-02   2.5000000000000001E-02   2.7500000000000000E-02   2.9999999999999999E-02   3.2500000000000001E-02   3.5000000000000003E-02
 3.7499999999999999E-02   4.0000000000000001E-02   4.2500000000000003E-02   4.4999999999999998E-02   4.7500000000000001E-02   5.0000000000000003E-02   5.2499999999999998E-02   5.5000000000000000E-02   5.7500000000000002E-02   5.9999999999999998E-02   6.2500000000000000E-02
 6.5000000000000002E-02   6.7500000000000004E-02   7.0000000000000007E-02   7.2499999999999995E-02   7.4999999999999997E-02   7.7499999999999999E-02   8.0000000000000002E-02   8.2500000000000004E-02   8.5000000000000006E-02   8.7500000000000008E-02   8.9999999999999997E-02
 9.2499999999999999E-02   9.5000000000000001E-02   9.7500000000000003E-02   1.0000000000000001E-01   0.0000000000000000E+00   2.5000000000000001E-03   5.0000000000000001E-03   7.4999999999999997E-03   1.0000000000000000E-02   1.2500000000000001E-02   1.4999999999999999E-02
 1.7500000000000002E-02   2.0000000000000000E-02   2.2499999999999999E-02   2.5000000000000001E-02   2.7500000000000000E-02   2.9999999999999999E-02   3.2500000000000001E-02   3.5000000000000003E-02   3.7499999999999999E-02   4.0000000000000001E-02   4.2500000000000003E-02
 4.4999999999999998E-02   4.7500000000000001E-02   5.0000000000000003E-02   5.2499999999999998E-02   5.5000000000000000E-02   5.7500000000000002E-02   5.9999999999999998E-02   6.2500000000000000E-02   6.5000000000000002E-02   6.7500000000000004E-02   7.0000000000000007E-02
 7.2499999999999995E-02   7.4999999999999997E-02   7.7499999999999999E-02   8.0000000000000002E-02   8.2500000000000004E-02   8.5000000000000006E-02   8.7500000000000008E-02   8.9999999999999997E-02   9.2499999999999999E-02   9.5000000000000001E-02   9.7500000000000003E-02
 1.0000000000000001E-01   0.0000000000000000E+00   2.5000000000000001E-03   5.0000000000000001E-03   7.4999999999999997E-03   1.0000000000000000E-02   1.2500000000000001E-02   1.4999999999999999E-02   1.7500000000000002E-02   2.0000000000000000E-02   2.2499999999999999E-02
 2.5000000000000001E-02   2.7500000000000000E-02   2.9999999999999999E-02   3.2500000000000001E-02   3.5000000000000003E-02   3.7499999999999999E-02   4.0000000000000001E-02   4.2500000000000003E-02   4.4999999999999998E-02   4.7500000000000001E-02   5.0000000000000003E-02
 5.2499999999999998E-02   5.5000000000000000E-02   5.7500000000000002E-02   5.9999999999999998E-02   6.2500000000000000E-02   6.5000000000000002E-02   6.7500000000000004E-02   7.0000000000000007E-02   7.2499999999999995E-02   7.4999999999999997E-02   7.7499999999999999E-02
 8.0000000000000002E-02   8.2500000000000004E-02   8.5000000000000006E-02   8.7500000000000008E-02   8.9999999999999997E-02   9.2499999999999999E-02   9.5000000000000001E-02   9.7500000000000003E-02   1.0000000000000001E-01   0.0000000000000000E+00   2.5000000000000001E-03
 5.0000000000000001E-03   7.4999999999999997E-03   1.0000000000000000E-02   1.2500000000000001E-02   1.4999999999999999E-02   1.7500000000000002E-02   2.0000000000000000E-02   2.2499999999999999E-02   2.5000000000000001E-02   2.7500000000000000E-02   2.9999999999999999E-02
 3.2500000000000001E-02   3.5000000000000003E-02   3.7499999999999999E-02   4.0000000000000001E-02   4.2500000000000003E-02   4.4999999999999998E-02   4.7500000000000001E-02   5.0000000000000003E-02   5.2499999999999998E-02   5.5000000000000000E-02   5.7500000000000002E-02
 5.9999999999999998E-02   6.2500000000000000E-02   6.5000000000000002E-02   6.7500000000000004E-02   7.0000000000000007E-02   7.2499999999999995E-02   7.4999999999999997E-02   7.7499999999999999E-02   8.0000000000000002E-02   8.2500000000000004E-02   8.5000000000000006E-02
 8.7500000000000008E-02   8.9999999999999997E-02   9.2499999999999999E-02   9.5000000000000001E-02   9.7500000000000003E-02   1.0000000000000001E-01   0.0000000000000000E+00   2.5000000000000001E-03   5.0000000000000001E-03   7.4999999999999997E-03   1.0000000000000000E-02
 1.2500000000000001E-02   1.4999999999999999E-02   1.7500000000000002E-02   2.0000000000000000E-02   2.2499999999999999E-02   2.5000000000000001E-02   2.7500000000000000E-02   2.9999999999999999E-02   3.2500000000000001E-02   3.5000000000000003E-02   3.7499999999999999E-02
 4.0000000000000001E-02   4.2500000000000003E-02   4.4999999999999998E-02   4.7500000000000001E-02   5.0000000000000003E-02   5.2499999999999998E-02   5.5000000000000000E-02   5.7500000000000002E-02   5.9999999999999998E-02   6.2500000000000000E-02   6.5000000000000002E-02
 6.7500000000000004E-02   7.0000000000000007E-02   7.2499999999999995E-02   7.4999999999999997E-02   7.7499999999999999E-02   8.0000000000000002E-02   8.2500000000000004E-02   8.5000000000000006E-02   8.7500000000000008E-02   8.9999999999999997E-02   9.2499999999999999E-02
 9.5000000000000001E-02   9.7500000000000003E-02   1.0000000000000001E-01   0.0000000000000000E+00   2.5000000000000001E-03   5.0000000000000001E-03   7.4999999999999997E-03   1.0000000000000000E-02   1.2500000000000001E-02   1.4999999999999999E-02   1.7500000000000002E-02
 2.0000000000000000E-02   2.2499999999999999E-02   2.5000000000000001E-02   2.7500000000000000E-02   2.9999999999999999E-02   3.2500000000000001E-02   3.5000000000000003E-02   3.7499999999999999E-02   4.0000000000000001E-02   4.2500000000000003E-02   4.4999999999999998E-02
 4.7500000000000001E-02   5.0000000000000003E-02   5.2499999999999998E-02   5.5000000000000000E-02   5.7500000000000002E-02   5.9999999999999998E-02   6.2500000000000000E-02   6.5000000000000002E-02   6.7500000000000004E-02   7.0000000000000007E-02   7.2499999999999995E-02
 7.4999999999999997E-02   7.7499999999999999E-02   8.0000000000000002E-02   8.2500000000000004E-02   8.5000000000000006E-02   8.7500000000000008E-02   8.9999999999999997E-02   9.2499999999999999E-02   9.5000000000000001E-02   9.7500000000000003E-02   1.0000000000000001E-01
 0.0000000000000000E+00   2.5000000000000001E-03   5.0000000000000001E-03   7.4999999999999997E-03   1.0000000000000000E-02   1.2500000000000001E-02   1.4999999999999999E-02   1.7500000000000002E-02   2.0000000000000000E-02   2.2499999999999999E-02   2.5000000000000001E-02
 2.7500000000000000E-02   2.9999999999999999E-02   3.2500000000000001E-02   3.5000000000000003E-02   3.7499999999999999E-02   4.0000000000000001E-02   4.2500000000000003E-02   4.4999999999999998E-02   4.7500000000000001E-02   5.0000000000000003E-02   5.2499999999999998E-02
 5.5000000000000000E-02   5.7500000000000002E-02   5.9999999999999998E-02   6.2500000000000000E-02   6.5000000000000002E-02   6.7500000000000004E-02   7.0000000000000007E-02   7.2499999999999995E-02   7.4999999999999997E-02   7.7499999999999999E-02   8.0000000000000002E-02
 8.2500000000000004E-02   8.5000000000000006E-02   8.7500000000000008E-02   8.9999999999999997E-02   9.2499999999999999E-02   9.5000000000000001E-02   9.7500000000000003E-02   1.0000000000000001E-01   0.0000000000000000E+00   2.5000000000000001E-03   5.0000000000000001E-03
 7.4999999999999997E-03   1.0000000000000000E-02   1.2500000000000001E-02   1.4999999999999999E-02   1.7500000000000002E-02   2.0000000000000000E-02   2.2499999999999999E-02   2.5000000000000001E-02   2.7500000000000000E-02   2.9999999999999999E-02   3.2500000000000001E-02
 3.5000000000000003E-02   3.7499999999999999E-02   4.0000000000000001E-02   4.2500000000000003E-02   4.4999999999999998E-02   4.7500000000000001E-02   5.0000000000000003E-02   5.2499999999999998E-02   5.5000000000000000E-02   5.7500000000000002E-02   5.9999999999999998E-02
 6.2500000000000000E-02   6.5000000000000002E-02   6.7500000000000004E-02   7.0000000000000007E-02   7.2499999999999995E-02   7.4999999999999997E-02   7.7499999999999999E-02   8.0000000000000002E-02   8.2500000000000004E-02   8.5000000000000006E-02   8.7500000000000008E-02
 8.9999999999999997E-02   9.2499999999999999E-02   9.5000000000000001E-02   9.7500000000000003E-02   1.0000000000000001E-01   0.0000000000000000E+00   2.5000000000000001E-03   5.0000000000000001E-03   7.4999999999999997E-03   1.0000000000000000E-02   1.2500000000000001E-02
 1.4999999999999999E-02   1.7500000000000002E-02   2.0000000000000000E-02   2.2499999999999999E-02   2.5000000000000001E-02   2.7500000000000000E-02   2.9999999999999999E-02   3.2500000000000001E-02   3.5000000000000003E-02   3.7499999999999999E-02   4.0000000000000001E-02
 4.2500000000000003E-02   4.4999999999999998E-02   4.7500000000000001E-02   5.0000000000000003E-02   5.2499999999999998E-02   5.5000000000000000E-02   5.7500000000000002E-02   5.9999999999999998E-02   6.2500000000000000E-02   6.5000000000000002E-02   6.7500000000000004E-02
 7.0000000000000007E-02   7.2499999999999995E-02   7.4999999999999997E-02   7.7499999999999999E-02   8.0000000000000002E-02   8.2500000000000004E-02   8.5000000000000006E-02   8.7500000000000008E-02   8.9999999999999997E-02   9.2499999999999999E-02   9.5000000000000001E-02
 9.7500000000000003E-02   1.0000000000000001E-01   0.0000000000000000E+00   2.5000000000000001E-03   5.0000000000000001E-03   7.4999999999999997E-03   1.0000000000000000E-02   1.2500000000000001E-02   1.4999999999999999E-02   1.7500000000000002E-02   2.0000000000000000E-02
 2.2499999999999999E-02   2.5000000000000001E-02   2.7500000000000000E-02   2.9999999999999999E-02   3.2500000000000001E-02   3.5000000000000003E-02   3.7499999999999999E-02   4.0000000000000001E-02   4.2500000000000003E-02   4.4999999999999998E-02   4.7500000000000001E-02
 5.0000000000000003E-02   5.2499999999999998E-02   5.5000000000000000E-02   5.7500000000000002E-02   5.9999999999999998E-02   6.2500000000000000E-02   6.5000000000000002E-02   6.7500000000000004E-02   7.0000000000000007E-02   7.2499999999999995E-02   7.4999999999999997E-02
 7.7499999999999999E-02   8.0000000000000002E-02   8.2500000000000004E-02   8.5000000000000006E-02   8.7500000000000008E-02   8.9999999999999997E-02   9.2499999999999999E-02   9.5000000000000001E-02   9.7500000000000003E-02   1.0000000000000001E-01   0.0000000000000000E+00
 2.5000000000000001E-03   5.0000000000000001E-03   7.4999999999999997E-03   1.0000000000000000E-02   1.2500000000000001E-02   1.4999999999999999E-02   1.7500000000000002E-02   2.0000000000000000E-02   2.2499999999999999E-02   2.5000000000000001E-02   2.7500000000000000E-02
 2.9999999999999999E-02   3.2500000000000001E-02   3.5000000000000003E-02   3.7499999999999999E-02   4.0000000000000001E-02   4.2500000000000003E-02   4.4999999999999998E-02   4.7500000000000001E-02   5.0000000000000003E-02   5.2499999999999998E-02   5.5000000000000000E-02
 5.7500000000000002E-02   5.9999999999999998E-02   6.2500000000000000E-02   6.5000000000000002E-02   6.7500000000000004E-02   7.0000000000000007E-02   7.2499999999999995E-02   7.4999999999999997E-02   7.7499999999999999E-02   8.0000000000000002E-02   8.2500000000000004E-02
 8.5000000000000006E-02   8.7500000000000008E-02   8.9999999999999997E-02   9.2499999999999999E-02   9.5000000000000001E-02   9.7500000000000003E-02   1.0000000000000001E-01   0.0000000000000000E+00   2.5000000000000001E-03   5.0000000000000001E-03   7.4999999999999997E-03
 1.0000000000000000E-02   1.2500000000000001E-02   1.4999999999999999E-02   1.7500000000000002E-02   2.0000000000000000E-02   2.2499999999999999E-02   2.5000000000000001E-02   2.7500000000000000E-02   2.9999999999999999E-02   3.2500000000000001E-02   3.5000000000000003E-02
 3.7499999999999999E-02   4.0000000000000001E-02   4.2500000000000003E-02   4.4999999999999998E-02   4.7500000000000001E-02   5.0000000000000003E-02   5.2499999999999998E-02   5.5000000000000000E-02   5.7500000000000002E-02   5.9999999999999998E-02   6.2500000000000000E-02
 6.5000000000000002E-02   6.7500000000000004E-02   7.0000000000000007E-02   7.2499999999999995E-02   7.4999999999999997E-02   7.7499999999999999E-02   8.0000000000000002E-02   8.2500000000000004E-02   8.5000000000000006E-02   8.7500000000000008E-02   8.9999999999999997E-02
 9.2499999999999999E-02   9.5000000000000001E-02   9.7500000000000003E-02   1.0000000000000001E-01   0.0000000000000000E+00   2.5000000000000001E-03   5.0000000000000001E-03   7.4999999999999997E-03   1.0000000000000000E-02   1.2500000000000001E-02   1.4999999999999999E-02
 1.7500000000000002E-02   2.0000000000000000E-02   2.2499999999999999E-02   2.5000000000000001E-02   2.7500000000000000E-02   2.9999999999999999E-02   3.2500000000000001E-02   3.5000000000000003E-02   3.7499999999999999E-02   4.0000000000000001E-02   4.2500000000000003E-02
 4.4999999999999998E-02   4.7500000000000001E-02   5.0000000000000003E-02   5.2499999999999998E-02   5.5000000000000000E-02   5.7500000000000002E-02   5.9999999999999998E-02   6.2500000000000000E-02   6.5000000000000002E-02   6.7500000000000004E-02   7.0000000000000007E-02
 7.2499999999999995E-02   7.4999999999999997E-02   7.7499999999999999E-02   8.0000000000000002E-02   8.2500000000000004E-02   8.5000000000000006E-02   8.7500000000000008E-02   8.9999999999999997E-02   9.2499999999999999E-02   9.5000000000000001E-02   9.7500000000000003E-02
 1.0000000000000001E-01   0.0000000000000000E+00   2.5000000000000001E-03   5.0000000000000001E-03   7.4999999999999997E-03   1.0000000000000000E-02   1.2500000000000001E-02   1.4999999999999999E-02   1.7500000000000002E-02   2.0000000000000000E-02   2.2499999999999999E-02
 2.5000000000000001E-02   2.7500000000000000E-02   2.9999999999999999E-02   3.2500000000000001E-02   3.5000000000000003E-02   3.7499999999999999E-02   4.0000000000000001E-02   4.2500000000000003E-02   4.4999999999999998E-02   4.7500000000000001E-02   5.0000000000000003E-02
 5.2499999999999998E-02   5.5000000000000000E-02   5.7500000000000002E-02   5.9999999999999998E-02   6.2500000000000000E-02   6.5000000000000002E-02   6.7500000000000004E-02   7.0000000000000007E-02   7.2499999999999995E-02   7.4999999999999997E-02   7.7499999999999999E-02
 8.0000000000000002E-02   8.2500000000000004E-02   8.5000000000000006E-02   8.7500000000000008E-02   8.9999999999999997E-02   9.2499999999999999E-02   9.5000000000000001E-02   9.7500000000000003E-02   1.0000000000000001E-01   0.0000000000000000E+00   2.5000000000000001E-03
 5.0000000000000001E-03   7.4999999999999997E-03   1.0000000000000000E-02   1.2500000000000001E-02   1.4999999999999999E-02   1.7500000000000002E-02   2.0000000000000000E-02   2.2499999999999999E-02   2.5000000000000001E-02   2.7500000000000000E-02   2.9999999999999999E-02
 3.2500000000000001E-02   3.5000000000000003E-02   3.7499999999999999E-02   4.0000000000000001E-02   4.2500000000000003E-02   4.4999999999999998E-02   4.7500000000000001E-02   5.0000000000000003E-02   5.2499999999999998E-02   5.5000000000000000E-02   5.7500000000000002E-02
 5.9999999999999998E-02   6.2500000000000000E-02   6.5000000000000002E-02   6.7500000000000004E-02   7.0000000000000007E-02   7.2499999999999995E-02   7.4999999999999997E-02   7.7499999999999999E-02   8.0000000000000002E-02   8.2500000000000004E-02   8.5000000000000006E-02
 8.7500000000000008E-02   8.9999999999999997E-02   9.2499999999999999E-02   9.5000000000000001E-02   9.7500000000000003E-02   1.0000000000000001E-01   0.0000000000000000E+00   2.5000000000000001E-03   5.0000000000000001E-03   7.4999999999999997E-03   1.0000000000000000E-02
 1.2500000000000001E-02   1.4999999999999999E-02   1.7500000000000002E-02   2.0000000000000000E-02   2.2499999999999999E-02   2.5000000000000001E-02   2.7500000000000000E-02   2.9999999999999999E-02   3.2500000000000001E-02   3.5000000000000003E-02   3.7499999999999999E-02
 4.0000000000000001E-02   4.2500000000000003E-02   4.4999999999999998E-02   4.7500000000000001E-02   5.0000000000000003E-02   5.2499999999999998E-02   5.5000000000000000E-02   5.7500000000000002E-02   5.9999999999999998E-02   6.2500000000000000E-02   6.5000000000000002E-02
 6.7500000000000004E-02   7.0000000000000007E-02   7.2499999999999995E-02   7.4999999999999997E-02   7.7499999999999999E-02   8.0000000000000002E-02   8.2500000000000004E-02   8.5000000000000006E-02   8.7500000000000008E-02   8.9999999999999997E-02   9.2499999999999999E-02
 9.5000000000000001E-02   9.7500000000000003E-02   1.0000000000000001E-01   0.0000000000000000E+00   2.5000000000000001E-03   5.0000000000000001E-03   7.4999999999999997E-03   1.0000000000000000E-02   1.2500000000000001E-02   1.4999999999999999E-02   1.7500000000000002E-02
 2.0000000000000000E-02   2.2499999999999999E-02   2.5000000000000001E-02   2.7500000000000000E-02   2.9999999999999999E-02   3.2500000000000001E-02   3.5000000000000003E-02   3.7499999999999999E-02   4.0000000000000001E-02   4.2500000000000003E-02   4.4999999999999998E-02
 4.7500000000000001E-02   5.0000000000000003E-02   5.2499999999999998E-02   5.5000000000000000E-02   5.7500000000000002E-02   5.9999999999999998E-02   6.2500000000000000E-02   6.5000000000000002E-02   6.7500000000000004E-02   7.0000000000000007E-02   7.2499999999999995E-02
 7.4999999999999997E-02   7.7499999999999999E-02   8.0000000000000002E-02   8.2500000000000004E-02   8.5000000000000006E-02   8.7500000000000008E-02   8.9999999999999997E-02   9.2499999999999999E-02   9.5000000000000001E-02   9.7500000000000003E-02   1.0000000000000001E-01
 0.0000000000000000E+00   2.5000000000000001E-03   5.0000000000000001E-03   7.4999999999999997E-03   1.0000000000000000E-02   1.2500000000000001E-02   1.4999999999999999E-02   1.7500000000000002E-02   2.0000000000000000E-02   2.2499999999999999E-02   2.5000000000000001E-02
 2.7500000000000000E-02   2.9999999999999999E-02   3.2500000000000001E-02   3.5000000000000003E-02   3.7499999999999999E-02   4.0000000000000001E-02   4.2500000000000003E-02   4.4999999999999998E-02   4.7500000000000001E-02   5.0000000000000003E-02   5.2499999999999998E-02
 5.5000000000000000E-02   5.7500000000000002E-02   5.9999999999999998E-02   6.2500000000000000E-02   6.5000000000000002E-02   6.7500000000000004E-02   7.0000000000000007E-02   7.2499999999999995E-02   7.4999999999999997E-02   7.7499999999999999E-02   8.0000000000000002E-02
 8.2500000000000004E-02   8.5000000000000006E-02   8.7500000000000008E-02   8.9999999999999997E-02   9.2499999999999999E-02   9.5000000000000001E-02   9.7500000000000003E-02   1.0000000000000001E-01   0.0000000000000000E+00   2.5000000000000001E-03   5.0000000000000001E-03
 7.4999999999999997E-03   1.0000000000000000E-02   1.2500000000000001E-02   1.4999999999999999E-02   1.7500000000000002E-02   2.0000000000000000E-02   2.2499999999999999E-02   2.5000000000000001E-02   2.7500000000000000E-02   2.9999999999999999E-02   3.2500000000000001E-02
 3.5000000000000003E-02   3.7499999999999999E-02   4.0000000000000001E-02   4.2500000000000003E-02   4.4999999999999998E-02   4.7500000000000001E-02   5.0000000000000003E-02   5.2499999999999998E-02   5.5000000000000000E-02   5.7500000000000002E-02   5.9999999999999998E-02
 6.2500000000000000E-02   6.5000000000000002E-02   6.7500000000000004E-02   7.0000000000000007E-02   7.2499999999999995E-02   7.4999999999999997E-02   7.7499999999999999E-02   8.0000000000000002E-02   8.2500000000000004E-02   8.5000000000000006E-02   8.7500000000000008E-02
 8.9999999999999997E-02   9.2499999999999999E-02   9.5000000000000001E-02   9.7500000000000003E-02   1.0000000000000001E-01   0.0000000000000000E+00   2.5000000000000001E-03   5.0000000000000001E-03   7.4999999999999997E-03   1.0000000000000000E-02   1.2500000000000001E-02
 1.4999999999999999E-02   1.7500000000000002E-02   2.0000000000000000E-02   2.2499999999999999E-02   2.5000000000000001E-02   2.7500000000000000E-02   2.9999999999999999E-02   3.2500000000000001E-02   3.5000000000000003E-02   3.7499999999999999E-02   4.0000000000000001E-02
 4.2500000000000003E-02   4.4999999999999998E-02   4.7500000000000001E-02   5.0000000000000003E-02   5.2499999999999998E-02   5.5000000000000000E-02   5.7500000000000002E-02   5.9999999999999998E-02   6.2500000000000000E-02   6.5000000000000002E-02   6.7500000000000004E-02
 7.0000000000000007E-02   7.2499999999999995E-02   7.4999999999999997E-02   7.7499999999999999E-02   8.0000000000000002E-02   8.2500000000000004E-02   8.5000000000000006E-02   8.7500000000000008E-02   8.9999999999999997E-02   9.2499999999999999E-02   9.5000000000000001E-02
 9.7500000000000003E-02   1.0000000000000001E-01   0.0000000000000000E+00   2.5000000000000001E-03   5.0000000000000001E-03   7.4999999999999997E-03   1.0000000000000000E-02   1.2500000000000001E-02   1.4999999999999999E-02   1.7500000000000002E-02   2.0000000000000000E-02
 2.2499999999999999E-02   2.5000000000000001E-02   2.7500000000000000E-02   2.9999999999999999E-02   3.2500000000000001E-02   3.5000000000000003E-02   3.7499999999999999E-02   4.0000000000000001E-02   4.2500000000000003E-02   4.4999999999999998E-02   4.7500000000000001E-02
 5.0000000000000003E-02   5.2499999999999998E-02   5.5000000000000000E-02   5.7500000000000002E-02   5.9999999999999998E-02   6.2500000000000000E-02   6.5000000000000002E-02   6.7500000000000004E-02   7.0000000000000007E-02   7.2499999999999995E-02   7.4999999999999997E-02
 7.7499999999999999E-02   8.0000000000000002E-02   8.2500000000000004E-02   8.5000000000000006E-02   8.7500000000000008E-02   8.9999999999999997E-02   9.2499999999999999E-02   9.5000000000000001E-02   9.7500000000000003E-02   1.0000000000000001E-01   0.0000000000000000E+00
 2.5000000000000001E-03   5.0000000000000001E-03   7.4999999999999997E-03   1.0000000000000000E-02   1.2500000000000001E-02   1.4999999999999999E-02   1.7500000000000002E-02   2.0000000000000000E-02   2.2499999999999999E-02   2.5000000000000001E-02   2.7500000000000000E-02
 2.9999999999999999E-02   3.2500000000000001E-02   3.5000000000000003E-02   3.7499999999999999E-02   4.0000000000000001E-02   4.2500000000000003E-02   4.4999999999999998E-02   4.7500000000000001E-02   5.0000000000000003E-02   5.2499999999999998E-02   5.5000000000000000E-02
 5.7500000000000002E-02   5.9999999999999998E-02   6.2500000000000000E-02   6.5000000000000002E-02   6.7500000000000004E-02   7.0000000000000007E-02   7.2499999999999995E-02   7.4999999999999997E-02   7.7499999999999999E-02   8.0000000000000002E-02   8.2500000000000004E-02
 8.5000000000000006E-02   8.7500000000000008E-02   8.9999999999999997E-02   9.2499999999999999E-02   9.5000000000000001E-02   9.7500000000000003E-02   1.0000000000000001E-01   0.0000000000000000E+00   2.5000000000000001E-03   5.0000000000000001E-03   7.4999999999999997E-03
 1.0000000000000000E-02   1.2500000000000001E-02   1.4999999999999999E-02   1.7500000000000002E-02   2.0000000000000000E-02   2.2499999999999999E-02   2.5000000000000001E-02   2.7500000000000000E-02   2.9999999999999999E-02   3.2500000000000001E-02   3.5000000000000003E-02
 3.7499999999999999E-02   4.0000000000000001E-02   4.2500000000000003E-02   4.4999999999999998E-02   4.7500000000000001E-02   5.0000000000000003E-02   5.2499999999999998E-02   5.5000000000000000E-02   5.7500000000000002E-02   5.9999999999999998E-02   6.2500000000000000E-02
 6.5000000000000002E-02   6.7500000000000004E-02   7.0000000000000007E-02   7.2499999999999995E-02   7.4999999999999997E-02   7.7499999999999999E-02   8.0000000000000002E-02   8.2500000000000004E-02   8.5000000000000006E-02   8.7500000000000008E-02   8.9999999999999997E-02
 9.2499999999999999E-02   9.5000000000000001E-02   9.7500000000000003E-02   1.0000000000000001E-01   0.0000000000000000E+00   2.5000000000000001E-03   5.0000000000000001E-03   7.4999999999999997E-03   1.0000000000000000E-02   1.2500000000000001E-02   1.4999999999999999E-02
 1.7500000000000002E-02   2.0000000000000000E-02   2.2499999999999999E-02   2.5000000000000001E-02   2.7500000000000000E-02   2.9999999999999999E-02   3.2500000000000001E-02   3.5000000000000003E-02   3.7499999999999999E-02   4.0000000000000001E-02   4.2500000000000003E-02
 4.4999999999999998E-02   4.7500000000000001E-02   5.0000000000000003E-02   5.2499999999999998E-02   5.5000000000000000E-02   5.7500000000000002E-02   5.9999999999999998E-02   6.2500000000000000E-02   6.5000000000000002E-02   6.7500000000000004E-02   7.0000000000000007E-02
 7.2499999999999995E-02   7.4999999999999997E-02   7.7499999999999999E-02   8.0000000000000002E-02   8.2500000000000004E-02   8.5000000000000006E-02   8.7500000000000008E-02   8.9999999999999997E-02   9.2499999999999999E-02   9.5000000000000001E-02   9.7500000000000003E-02
 1.0000000000000001E-01   0.0000000000000000E+00   2.5000000000000001E-03   5.0000000000000001E-03   7.4999999999999997E-03   1.0000000000000000E-02   1.2500000000000001E-02   1.4999999999999999E-02   1.7500000000000002E-02   2.0000000000000000E-02   2.2499999999999999E-02
 2.5000000000000001E-02   2.7500000000000000E-02   2.9999999999999999E-02   3.2500000000000001E-02   3.5000000000000003E-02   3.7499999999999999E-02   4.0000000000000001E-02   4.2500000000000003E-02   4.4999999999999998E-02   4.7500000000000001E-02   5.0000000000000003E-02
 5.2499999999999998E-02   5.5000000000000000E-02   5.7500000000000002E-02   5.9999999999999998E-02   6.2500000000000000E-02   6.5000000000000002E-02   6.7500000000000004E-02   7.0000000000000007E-02   7.2499999999999995E-02   7.4999999999999997E-02   7.7499999999999999E-02
 8.0000000000000002E-02   8.2500000000000004E-02   8.5000000000000006E-02   8.7500000000000008E-02   8.9999999999999997E-02   9.2499999999999999E-02   9.5000000000000001E-02   9.7500000000000003E-02   1.0000000000000001E-01
 0.0000000000000000E+00   0.0000000000000000E+00   0.0000000000000000E+00   0.0000000000000000E+00   0.0000000000000000E+00   0.0000000000000000E+00   0.0000000000000000E+00   0.0000000000000000E+00   0.0000000000000000E+00   0.0000000000000000E+00   0.0000000000000000E+00
 0.0000000000000000E+00   0.0000000000000000E+00   0.0000000000000000E+00   0.0000000000000000E+00   0.0000000000000000E+00   0.0000000000000000E+00   0.0000000000000000E+00   0.0000000000000000E+00   0.0000000000000000E+00   0.0000000000000000E+00   0.0000000000000000E+00
 0.0000000000000000E+00   0.0000000000000000E+00   0.0000000000000000E+00   0.0000000000000000E+00   0.0000000000000000E+00   0.0000000000000000E+00   0.0000000000000000E+00   0.0000000000000000E+00   0.0000000000000000E+00   0.0000000000000000E+00   0.0000000000000000E+00
 0.0000000000000000E+00   0.0000000000000000E+00   0.0000000000000000E+00   0.0000000000000000E+00   0.0000000000000000E+00   0.0000000000000000E+00   0.0000000000000000E+00   0.0000000000000000E+00   2.5000000000000001E-02   2.5000000000000001E-02   2.5000000000000001E-02
 2.5000000000000001E-02   2.5000000000000001E-02   2.5000000000000001E-02   2.5000000000000001E-02   2.5000000000000001E-02   2.5000000000000001E-02   2.5000000000000001E-02   2.5000000000000001E-02   2.5000000000000001E-02   2.5000000000000001E-02   2.5000000000000001E-02
 2.5000000000000001E-02   2.5000000000000001E-02   2.5000000000000001E-02   2.5000000000000001E-02   2.5000000000000001E-02   2.5000000000000001E-02   2.5000000000000001E-02   2.5000000000000001E-02   2.5000000000000001E-02   2.5000000000000001E-02   2.5000000000000001E-02
 2.5000000000000001E-02   2.5000000000000001E-02   2.5000000000000001E-02   2.5000000000000001E-02   2.5000000000000001E-02   2.5000000000000001E-02   2.5000000000000001E-02   2.5000000000000001E-02   2.5000000000000001E-02   2.5000000000000001E-02   2.5000000000000001E-02
 2.5000000000000001E-02   2.5000000000000001E-02   2.5000000000000001E-02   2.5000000000000001E-02   2.5000000000000001E-02   5.0000000000000003E-02   5.0000000000000003E-02   5.0000000000000003E-02   5.0000000000000003E-02   5.0000000000000003E-02   5.0000000000000003E-02
 5.0000000000000003E-02   5.0000000000000003E-02   5.0000000000000003E-02   5.0000000000000003E-02   5.0000000000000003E-02   5.0000000000000003E-02   5.0000000000000003E-02   5.0000000000000003E-02   5.0000000000000003E-02   5.0000000000000003E-02   5.0000000000000003E-02
 5.0000000000000003E-02   5.0000000000000003E-02   5.0000000000000003E-02   5.0000000000000003E-02   5.0000000000000003E-02   5.0000000000000003E-02   5.0000000000000003E-02   5.0000000000000003E-02   5.0000000000000003E-02   5.0000000000000003E-02   5.0000000000000003E-02
 5.0000000000000003E-02   5.0000000000000003E-02   5.0000000000000003E-02   5.0000000000000003E-02   5.0000000000000003E-02   5.0000000000000003E-02   5.0000000000000003E-02   5.0000000000000003E-02   5.0000000000000003E-02   5.0000000000000003E-02   5.0000000000000003E-02
 5.0000000000000003E-02   5.0000000000000003E-02   7.5000000000000011E-02   7.5000000000000011E-02   7.5000000000000011E-02   7.5000000000000011E-02   7.5000000000000011E-02   7.5000000000000011E-02   7.5000000000000011E-02   7.5000000000000011E-02   7.5000000000000011E-02
 7.5000000000000011E-02   7.5000000000000011E-02   7.5000000000000011E-02   7.5000000000000011E-02   7.5000000000000011E-02   7.5000000000000011E-02   7.5000000000000011E-02   7.5000000000000011E-02   7.5000000000000011E-02   7.5000000000000011E-02   7.5000000000000011E-02
 7.5000000000000011E-02   7.5000000000000011E-02   7.5000000000000011E-02   7.5000000000000011E-02   7.5000000000000011E-02   7.5000000000000011E-02   7.5000000000000011E-02   7.5000000000000011E-02   7.5000000000000011E-02   7.5000000000000011E-02   7.5000000000000011E-02
 7.5000000000000011E-02   7.5000000000000011E-02   7.5000000000000011E-02   7.5000000000000011E-02   7.5000000000000011E-02   7.5000000000000011E-02   7.5000000000000011E-02   7.5000000000000011E-02   7.5000000000000011E-02   7.5000000000000011E-02   1.0000000000000001E-01
 1.0000000000000001E-01   1.0000000000000001E-01   1.0000000000000001E-01   1.0000000000000001E-01   1.0000000000000001E-01   1.0000000000000001E-01   1.0000000000000001E-01   1.0000000000000001E-01   1.0000000000000001E-01   1.0000000000000001E-01   1.0000000000000001E-01
 1.0000000000000001E-01   1.0000000000000001E-01   1.0000000000000001E-01   1.0000000000000001E-01   1.0000000000000001E-01   1.0000000000000001E-01   1.0000000000000001E-01   1.0000000000000001E-01   1.0000000000000001E-01   1.0000000000000001E-01   1.0000000000000001E-01
 1.0000000000000001E-01   1.0000000000000001E-01   1.0000000000000001E-01   1.0000000000000001E-01   1.0000000000000001E-01   1.0000000000000001E-01   1.0000000000000001E-01   1.0000000000000001E-01   1.0000000000000001E-01   1.0000000000000001E-01   1.0000000000000001E-01
 1.0000000000000001E-01   1.0000000000000001E-01   1.0000000000000001E-01   1.0000000000000001E-01   1.0000000000000001E-01   1.0000000000000001E-01   1.0000000000000001E-01   1.2500000000000000E-01   1.2500000000000000E-01   1.2500000000000000E-01   1.2500000000000000E-01
 1.2500000000000000E-01   1.2500000000000000E-01   1.2500000000000000E-01   1.2500000000000000E-01   1.2500000000000000E-01   1.2500000000000000E-01   1.2500000000000000E-01   1.2500000000000000E-01   1.2500000000000000E-01   1.2500000000000000E-01   1.2500000000000000E-01
 1.2500000000000000E-01   1.2500000000000000E-01   1.2500000000000000E-01   1.2500000000000000E-01   1.2500000000000000E-01   1.2500000000000000E-01   1.2500000000000000E-01   1.2500000000000000E-01   1.2500000000000000E-01   1.2500000000000000E-01   1.2500000000000000E-01
 1.2500000000000000E-01   1.2500000000000000E-01   1.2500000000000000E-01   1.2500000000000000E-01   1.2500000000000000E-01   1.2500000000000000E-01   1.2500000000000000E-01   1.2500000000000000E-01   1.2500000000000000E-01   1.2500000000000000E-01   1.2500000000000000E-01
 1.2500000000000000E-01   1.2500000000000000E-01   1.2500000000000000E-01   1.2500000000000000E-01   1.5000000000000002E-01   1.5000000000000002E-01   1.5000000000000002E-01   1.5000000000000002E-01   1.5000000000000002E-01   1.5000000000000002E-01   1.5000000000000002E-01
 1.5000000000000002E-01   1.5000000000000002E-01   1.5000000000000002E-01   1.5000000000000002E-01   1.5000000000000002E-01   1.5000000000000002E-01   1.5000000000000002E-01   1.5000000000000002E-01   1.5000000000000002E-01   1.5000000000000002E-01   1.5000000000000002E-01
 1.5000000000000002E-01   1.5000000000000002E-01   1.5000000000000002E-01   1.5000000000000002E-01   1.5000000000000002E-01   1.5000000000000002E-01   1.5000000000000002E-01   1.5000000000000002E-01   1.5000000000000002E-01   1.5000000000000002E-01   1.5000000000000002E-01
 1.5000000000000002E-01   1.5000000000000002E-01   1.5000000000000002E-01   1.5000000000000002E-01   1.5000000000000002E-01   1.5000000000000002E-01   1.5000000000000002E-01   1.5000000000000002E-01   1.5000000000000002E-01   1.5000000000000002E-01   1.5000000000000002E-01
 1.5000000000000002E-01   1.7500000000000002E-01   1.7500000000000002E-01   1.7500000000000002E-01   1.7500000000000002E-01   1.7500000000000002E-01   1.7500000000000002E-01   1.7500000000000002E-01   1.7500000000000002E-01   1.7500000000000002E-01   1.7500000000000002E-01
 1.7500000000000002E-01   1.7500000000000002E-01   1.7500000000000002E-01   1.7500000000000002E-01   1.7500000000000002E-01   1.7500000000000002E-01   1.7500000000000002E-01   1.7500000000000002E-01   1.7500000000000002E-01   1.7500000000000002E-01   1.7500000000000002E-01
 1.7500000000000002E-01   1.7500000000000002E-01   1.7500000000000002E-01   1.7500000000000002E-01   1.7500000000000002E-01   1.7500000000000002E-01   1.7500000000000002E-01   1.7500000000000002E-01   1.7500000000000002E-01   1.7500000000000002E-01   1.7500000000000002E-01
 1.7500000000000002E-01   1.7500000000000002E-01   1.7500000000000002E-01   1.7500000000000002E-01   1.7500000000000002E-01   1.7500000000000002E-01   1.7500000000000002E-01   1.7500000000000002E-01   1.7500000000000002E-01   2.0000000000000001E-01   2.0000000000000001E-01
 2.0000000000000001E-01   2.0000000000000001E-01   2.0000000000000001E-01   2.0000000000000001E-01   2.0000000000000001E-01   2.0000000000000001E-01   2.0000000000000001E-01   2.0000000000000001E-01   2.0000000000000001E-01   2.0000000000000001E-01   2.0000000000000001E-01
 2.0000000000000001E-01   2.0000000000000001E-01   2.0000000000000001E-01   2.0000000000000001E-01   2.0000000000000001E-01   2.0000000000000001E-01   2.0000000000000001E-01   2.0000000000000001E-01   2.0000000000000001E-01   2.0000000000000001E-01   2.0000000000000001E-01
 2.0000000000000001E-01   2.0000000000000001E-01   2.0000000000000001E-01   2.0000000000000001E-01   2.0000000000000001E-01   2.0000000000000001E-01   2.0000000000000001E-01   2.0000000000000001E-01   2.0000000000000001E-01   2.0000000000000001E-01   2.0000000000000001E-01
 2.0000000000000001E-01   2.0000000000000001E-01   2.0000000000000001E-01   2.0000000000000001E-01   2.0000000000000001E-01   2.0000000000000001E-01   2.2500000000000001E-01   2.2500000000000001E-01   2.2500000000000001E-01   2.2500000000000001E-01   2.2500000000000001E-01
 2.2500000000000001E-01   2.2500000000000001E-01   2.2500000000000001E-01   2.2500000000000001E-01   2.2500000000000001E-01   2.2500000000000001E-01   2.2500000000000001E-01   2.2500000000000001E-01   2.2500000000000001E-01   2.2500000000000001E-01   2.2500000000000001E-01
 2.2500000000000001E-01   2.2500000000000001E-01   2.2500000000000001E-01   2.2500000000000001E-01   2.2500000000000001E-01   2.2500000000000001E-01   2.2500000000000001E-01   2.2500000000000001E-01   2.2500000000000001E-01   2.2500000000000001E-01   2.2500000000000001E-01
 2.2500000000000001E-01   2.2500000000000001E-01   2.2500000000000001E-01   2.2500000000000001E-01   2.2500000000000001E-01   2.2500000000000001E-01   2.2500000000000001E-01   2.2500000000000001E-01   2.2500000000000001E-01   2.2500000000000001E-01   2.2500000000000001E-01
 2.2500000000000001E-01   2.2500000000000001E-01   2.2500000000000001E-01   2.5000000000000000E-01   2.5000000000000000E-01   2.5000000000000000E-01   2.5000000000000000E-01   2.5000000000000000E-01   2.5000000000000000E-01   2.5000000000000000E-01   2.5000000000000000E-01
 2.5000000000000000E-01   2.5000000000000000E-01   2.5000000000000000E-01   2.5000000000000000E-01   2.5000000000000000E-01   2.5000000000000000E-01   2.5000000000000000E-01   2.5000000000000000E-01   2.5000000000000000E-01   2.5000000000000000E-01   2.5000000000000000E-01
 2.5000000000000000E-01   2.5000000000000000E-01   2.5000000000000000E-01   2.5000000000000000E-01   2.5000000000000000E-01   2.5000000000000000E-01   2.5000000000000000E-01   2.5000000000000000E-01   2.5000000000000000E-01   2.5000000000000000E-01   2.5000000000000000E-01
 2.5000000000000000E-01   2.5000000000000000E-01   2.5000000000000000E-01   2.5000000000000000E-01   2.5000000000000000E-01   2.5000000000000000E-01   2.5000000000000000E-01   2.5000000000000000E-01   2.5000000000000000E-01   2.5000000000000000E-01   2.5000000000000000E-01
 2.7500000000000002E-01   2.7500000000000002E-01   2.7500000000000002E-01   2.7500000000000002E-01   2.7500000000000002E-01   2.7500000000000002E-01   2.7500000000000002E-01   2.7500000000000002E-01   2.7500000000000002E-01   2.7500000000000002E-01   2.7500000000000002E-01
 2.7500000000000002E-01   2.7500000000000002E-01   2.7500000000000002E-01   2.7500000000000002E-01   2.7500000000000002E-01   2.7500000000000002E-01   2.7500000000000002E-01   2.7500000000000002E-01   2.7500000000000002E-01   2.7500000000000002E-01   2.7500000000000002E-01
 2.7500000000000002E-01   2.7500000000000002E-01   2.7500000000000002E-01   2.7500000000000002E-01   2.7500000000000002E-01   2.7500000000000002E-01   2.7500000000000002E-01   2.7500000000000002E-01   2.7500000000000002E-01   2.7500000000000002E-01   2.7500000000000002E-01
 2.7500000000000002E-01   2.7500000000000002E-01   2.7500000000000002E-01   2.7500000000000002E-01   2.7500000000000002E-01   2.7500000000000002E-01   2.7500000000000002E-01   2.7500000000000002E-01   3.0000000000000004E-01   3.0000000000000004E-01   3.0000000000000004E-01
 3.0000000000000004E-01   3.0000000000000004E-01   3.0000000000000004E-01   3.0000000000000004E-01   3.0000000000000004E-01   3.0000000000000004E-01   3.0000000000000004E-01   3.0000000000000004E-01   3.0000000000000004E-01   3.0000000000000004E-01   3.0000000000000004E-01
 3.0000000000000004E-01   3.0000000000000004E-01   3.0000000000000004E-01   3.0000000000000004E-01   3.0000000000000004E-01   3.0000000000000004E-01   3.0000000000000004E-01   3.0000000000000004E-01   3.0000000000000004E-01   3.0000000000000004E-01   3.0000000000000004E-01
 3.0000000000000004E-01   3.0000000000000004E-01   3.0000000000000004E-01   3.0000000000000004E-01   3.0000000000000004E-01   3.0000000000000004E-01   3.0000000000000004E-01   3.0000000000000004E-01   3.0000000000000004E-01   3.0000000000000004E-01   3.0000000000000004E-01
 3.0000000000000004E-01   3.0000000000000004E-01   3.0000000000000004E-01   3.0000000000000004E-01   3.0000000000000004E-01   3.2500000000000001E-01   3.2500000000000001E-01   3.2500000000000001E-01   3.2500000000000001E-01   3.2500000000000001E-01   3.2500000000000001E-01
 3.2500000000000001E-01   3.2500000000000001E-01   3.2500000000000001E-01   3.2500000000000001E-01   3.2500000000000001E-01   3.2500000000000001E-01   3.2500000000000001E-01   3.2500000000000001E-01   3.2500000000000001E-01   3.2500000000000001E-01   3.2500000000000001E-01
 3.2500000000000001E-01   3.2500000000000001E-01   3.2500000000000001E-01   3.2500000000000001E-01   3.2500000000000001E-01   3.2500000000000001E-01   3.2500000000000001E-01   3.2500000000000001E-01   3.2500000000000001E-01   3.2500000000000001E-01   3.2500000000000001E-01
 3.2500000000000001E-01   3.2500000000000001E-01   3.2500000000000001E-01   3.2500000000000001E-01   3.2500000000000001E-01   3.2500000000000001E-01   3.2500000000000001E-01   3.2500000000000001E-01   3.2500000000000001E-01   3.2500000000000001E-01   3.2500000000000001E-01
 3.2500000000000001E-01   3.2500000000000001E-01   3.5000000000000003E-01   3.5000000000000003E-01   3.5000000000000003E-01   3.5000000000000003E-01   3.5000000000000003E-01   3.5000000000000003E-01   3.5000000000000003E-01   3.5000000000000003E-01   3.5000000000000003E-01
 3.5000000000000003E-01   3.5000000000000003E-01   3.5000000000000003E-01   3.5000000000000003E-01   3.5000000000000003E-01   3.5000000000000003E-01   3.5000000000000003E-01   3.5000000000000003E-01   3.5000000000000003E-01   3.5000000000000003E-01   3.5000000000000003E-01
 3.5000000000000003E-01   3.5000000000000003E-01   3.5000000000000003E-01   3.5000000000000003E-01   3.5000000000000003E-01   3.5000000000000003E-01   3.5000000000000003E-01   3.5000000000000003E-01   3.5000000000000003E-01   3.5000000000000003E-01   3.5000000000000003E-01
 3.5000000000000003E-01   3.5000000000000003E-01   3.5000000000000003E-01   3.5000000000000003E-01   3.5000000000000003E-01   3.5000000000000003E-01   3.5000000000000003E-01   3.5000000000000003E-01   3.5000000000000003E-01   3.5000000000000003E-01   3.7500000000000000E-01
 3.7500000000000000E-01   3.7500000000000000E-01   3.7500000000000000E-01   3.7500000000000000E-01   3.7500000000000000E-01   3.7500000000000000E-01   3.7500000000000000E-01   3.7500000000000000E-01   3.7500000000000000E-01   3.7500000000000000E-01   3.7500000000000000E-01
 3.7500000000000000E-01   3.7500000000000000E-01   3.7500000000000000E-01   3.7500000000000000E-01   3.7500000000000000E-01   3.7500000000000000E-01   3.7500000000000000E-01   3.7500000000000000E-01   3.7500000000000000E-01   3.7500000000000000E-01   3.7500000000000000E-01
 3.7500000000000000E-01   3.7500000000000000E-01   3.7500000000000000E-01   3.7500000000000000E-01   3.7500000000000000E-01   3.7500000000000000E-01   3.7500000000000000E-01   3.7500000000000000E-01   3.7500000000000000E-01   3.7500000000000000E-01   3.7500000000000000E-01
 3.7500000000000000E-01   3.7500000000000000E-01   3.7500000000000000E-01   3.7500000000000000E-01   3.7500000000000000E-01   3.7500000000000000E-01   3.7500000000000000E-01   4.0000000000000002E-01   4.0000000000000002E-01   4.0000000000000002E-01   4.0000000000000002E-01
 4.0000000000000002E-01   4.0000000000000002E-01   4.0000000000000002E-01   4.0000000000000002E-01   4.0000000000000002E-01   4.0000000000000002E-01   4.0000000000000002E-01   4.0000000000000002E-01   4.0000000000000002E-01   4.0000000000000002E-01   4.0000000000000002E-01
 4.0000000000000002E-01   4.0000000000000002E-01   4.0000000000000002E-01   4.0000000000000002E-01   4.0000000000000002E-01   4.0000000000000002E-01   4.0000000000000002E-01   4.0000000000000002E-01   4.0000000000000002E-01   4.0000000000000002E-01   4.0000000000000002E-01
 4.0000000000000002E-01   4.0000000000000002E-01   4.0000000000000002E-01   4.0000000000000002E-01   4.0000000000000002E-01   4.0000000000000002E-01   4.0000000000000002E-01   4.0000000000000002E-01   4.0000000000000002E-01   4.0000000000000002E-01   4.0000000000000002E-01
 4.0000000000000002E-01   4.0000000000000002E-01   4.0000000000000002E-01   4.0000000000000002E-01   4.2500000000000004E-01   4.2500000000000004E-01   4.2500000000000004E-01   4.2500000000000004E-01   4.2500000000000004E-01   4.2500000000000004E-01   4.2500000000000004E-01
 4.2500000000000004E-01   4.2500000000000004E-01   4.2500000000000004E-01   4.2500000000000004E-01   4.2500000000000004E-01   4.2500000000000004E-01   4.2500000000000004E-01   4.2500000000000004E-01   4.2500000000000004E-01   4.2500000000000004E-01   4.2500000000000004E-01
 4.2500000000000004E-01   4.2500000000000004E-01   4.2500000000000004E-01   4.2500000000000004E-01   4.2500000000000004E-01   4.2500000000000004E-01   4.2500000000000004E-01   4.2500000000000004E-01   4.2500000000000004E-01   4.2500000000000004E-01   4.2500000000000004E-01
 4.2500000000000004E-01   4.2500000000000004E-01   4.2500000000000004E-01   4.2500000000000004E-01   4.2500000000000004E-01   4.2500000000000004E-01   4.2500000000000004E-01   4.2500000000000004E-01   4.2500000000000004E-01   4.2500000000000004E-01   4.2500000000000004E-01
 4.2500000000000004E-01   4.5000000000000001E-01   4.5000000000000001E-01   4.5000000000000001E-01   4.5000000000000001E-01   4.5000000000000001E-01   4.5000000000000001E-01   4.5000000000000001E-01   4.5000000000000001E-01   4.5000000000000001E-01   4.5000000000000001E-01
 4.5000000000000001E-01   4.5000000000000001E-01   4.5000000000000001E-01   4.5000000000000001E-01   4.5000000000000001E-01   4.5000000000000001E-01   4.5000000000000001E-01   4.5000000000000001E-01   4.5000000000000001E-01   4.5000000000000001E-01   4.5000000000000001E-01
 4.5000000000000001E-01   4.5000000000000001E-01   4.5000000000000001E-01   4.5000000000000001E-01   4.5000000000000001E-01   4.5000000000000001E-01   4.5000000000000001E-01   4.5000000000000001E-01   4.5000000000000001E-01   4.5000000000000001E-01   4.5000000000000001E-01
 4.5000000000000001E-01   4.5000000000000001E-01   4.5000000000000001E-01   4.5000000000000001E-01   4.5000000000000001E-01   4.5000000000000001E-01   4.5000000000000001E-01   4.5000000000000001E-01   4.5000000000000001E-01   4.7500000000000003E-01   4.7500000000000003E-01
 4.7500000000000003E-01   4.7500000000000003E-01   4.7500000000000003E-01   4.7500000000000003E-01   4.7500000000000003E-01   4.7500000000000003E-01   4.7500000000000003E-01   4.7500000000000003E-01   4.7500000000000003E-01   4.7500000000000003E-01   4.7500000000000003E-01
 4.7500000000000003E-01   4.7500000000000003E-01   4.7500000000000003E-01   4.7500000000000003E-01   4.7500000000000003E-01   4.7500000000000003E-01   4.7500000000000003E-01   4.7500000000000003E-01   4.7500000000000003E-01   4.7500000000000003E-01   4.7500000000000003E-01
 4.7500000000000003E-01   4.7500000000000003E-01   4.7500000000000003E-01   4.7500000000000003E-01   4.7500000000000003E-01   4.7500000000000003E-01   4.7500000000000003E-01   4.7500000000000003E-01   4.7500000000000003E-01   4.7500000000000003E-01   4.7500000000000003E-01
 4.7500000000000003E-01   4.7500000000000003E-01   4.7500000000000003E-01   4.7500000000000003E-01   4.7500000000000003E-01   4.7500000000000003E-01   5.0000000000000000E-01   5.0000000000000000E-01   5.0000000000000000E-01   5.0000000000000000E-01   5.0000000000000000E-01
 5.0000000000000000E-01   5.0000000000000000E-01   5.0000000000000000E-01   5.0000000000000000E-01   5.0000000000000000E-01   5.0000000000000000E-01   5.0000000000000000E-01   5.0000000000000000E-01   5.0000000000000000E-01   5.0000000000000000E-01   5.0000000000000000E-01
 5.0000000000000000E-01   5.0000000000000000E-01   5.0000000000000000E-01   5.0000000000000000E-01   5.0000000000000000E-01   5.0000000000000000E-01   5.0000000000000000E-01   5.0000000000000000E-01   5.0000000000000000E-01   5.0000000000000000E-01   5.0000000000000000E-01
 5.0000000000000000E-01   5.0000000000000000E-01   5.0000000000000000E-01   5.0000000000000000E-01   5.0000000000000000E-01   5.0000000000000000E-01   5.0000000000000000E-01   5.0000000000000000E-01   5.0000000000000000E-01   5.0000000000000000E-01   5.0000000000000000E-01
 5.0000000000000000E-01   5.0000000000000000E-01   5.0000000000000000E-01   5.2500000000000002E-01   5.2500000000000002E-01   5.2500000000000002E-01   5.2500000000000002E-01   5.2500000000000002E-01   5.2500000000000002E-01   5.2500000000000002E-01   5.2500000000000002E-01
 5.2500000000000002E-01   5.2500000000000002E-01   5.2500000000000002E-01   5.2500000000000002E-01   5.2500000000000002E-01   5.2500000000000002E-01   5.2500000000000002E-01   5.2500000000000002E-01   5.2500000000000002E-01   5.2500000000000002E-01   5.2500000000000002E-01
 5.2500000000000002E-01   5.2500000000000002E-01   5.2500000000000002E-01   5.2500000000000002E-01   5.2500000000000002E-01   5.2500000000000002E-01   5.2500000000000002E-01   5.2500000000000002E-01   5.2500000000000002E-01   5.2500000000000002E-01   5.2500000000000002E-01
 5.2500000000000002E-01   5.2500000000000002E-01   5.2500000000000002E-01   5.2500000000000002E-01   5.2500000000000002E-01   5.2500000000000002E-01   5.2500000000000002E-01   5.2500000000000002E-01   5.2500000000000002E-01   5.2500000000000002E-01   5.2500000000000002E-01
 5.5000000000000004E-01   5.5000000000000004E-01   5.5000000000000004E-01   5.5000000000000004E-01   5.5000000000000004E-01   5.5000000000000004E-01   5.5000000000000004E-01   5.5000000000000004E-01   5.5000000000000004E-01   5.5000000000000004E-01   5.5000000000000004E-01
 5.5000000000000004E-01   5.5000000000000004E-01   5.5000000000000004E-01   5.5000000000000004E-01   5.5000000000000004E-01   5.5000000000000004E-01   5.5000000000000004E-01   5.5000000000000004E-01   5.5000000000000004E-01   5.5000000000000004E-01   5.5000000000000004E-01
 5.5000000000000004E-01   5.5000000000000004E-01   5.5000000000000004E-01   5.5000000000000004E-01   5.5000000000000004E-01   5.5000000000000004E-01   5.5000000000000004E-01   5.5000000000000004E-01   5.5000000000000004E-01   5.5000000000000004E-01   5.5000000000000004E-01
 5.5000000000000004E-01   5.5000000000000004E-01   5.5000000000000004E-01   5.5000000000000004E-01   5.5000000000000004E-01   5.5000000000000004E-01   5.5000000000000004E-01   5.5000000000000004E-01   5.7500000000000007E-01   5.7500000000000007E-01   5.7500000000000007E-01
 5.7500000000000007E-01   5.7500000000000007E-01   5.7500000000000007E-01   5.7500000000000007E-01   5.7500000000000007E-01   5.7500000000000007E-01   5.7500000000000007E-01   5.7500000000000007E-01   5.7500000000000007E-01   5.7500000000000007E-01   5.7500000000000007E-01
 5.7500000000000007E-01   5.7500000000000007E-01   5.7500000000000007E-01   5.7500000000000007E-01   5.7500000000000007E-01   5.7500000000000007E-01   5.7500000000000007E-01   5.7500000000000007E-01   5.7500000000000007E-01   5.7500000000000007E-01   5.7500000000000007E-01
 5.7500000000000007E-01   5.7500000000000007E-01   5.7500000000000007E-01   5.7500000000000007E-01   5.7500000000000007E-01   5.7500000000000007E-01   5.7500000000000007E-01   5.7500000000000007E-01   5.7500000000000007E-01   5.7500000000000007E-01   5.7500000000000007E-01
 5.7500000000000007E-01   5.7500000000000007E-01   5.7500000000000007E-01   5.7500000000000007E-01   5.7500000000000007E-01   6.0000000000000009E-01   6.0000000000000009E-01   6.0000000000000009E-01   6.0000000000000009E-01   6.0000000000000009E-01   6.0000000000000009E-01
 6.0000000000000009E-01   6.0000000000000009E-01   6.0000000000000009E-01   6.0000000000000009E-01   6.0000000000000009E-01   6.0000000000000009E-01   6.0000000000000009E-01   6.0000000000000009E-01   6.0000000000000009E-01   6.0000000000000009E-01   6.0000000000000009E-01
 6.0000000000000009E-01   6.0000000000000009E-01   6.0000000000000009E-01   6.0000000000000009E-01   6.0000000000000009E-01   6.0000000000000009E-01   6.0000000000000009E-01   6.0000000000000009E-01   6.0000000000000009E-01   6.0000000000000009E-01   6.0000000000000009E-01
 6.0000000000000009E-01   6.0000000000000009E-01   6.0000000000000009E-01   6.0000000000000009E-01   6.0000000000000009E-01   6.0000000000000009E-01   6.0000000000000009E-01   6.0000000000000009E-01   6.0000000000000009E-01   6.0000000000000009E-01   6.0000000000000009E-01
 6.0000000000000009E-01   6.0000000000000009E-01   6.2500000000000000E-01   6.2500000000000000E-01   6.2500000000000000E-01   6.2500000000000000E-01   6.2500000000000000E-01   6.2500000000000000E-01   6.2500000000000000E-01   6.2500000000000000E-01   6.2500000000000000E-01
 6.2500000000000000E-01   6.2500000000000000E-01   6.2500000000000000E-01   6.2500000000000000E-01   6.2500000000000000E-01   6.2500000000000000E-01   6.2500000000000000E-01   6.2500000000000000E-01   6.2500000000000000E-01   6.2500000000000000E-01   6.2500000000000000E-01
 6.2500000000000000E-01   6.2500000000000000E-01   6.2500000000000000E-01   6.2500000000000000E-01   6.2500000000000000E-01   6.2500000000000000E-01   6.2500000000000000E-01   6.2500000000000000E-01   6.2500000000000000E-01   6.2500000000000000E-01   6.2500000000000000E-01
 6.2500000000000000E-01   6.2500000000000000E-01   6.2500000000000000E-01   6.2500000000000000E-01   6.2500000000000000E-01   6.2500000000000000E-01   6.2500000000000000E-01   6.2500000000000000E-01   6.2500000000000000E-01   6.2500000000000000E-01   6.5000000000000002E-01
 6.5000000000000002E-01   6.5000000000000002E-01   6.5000000000000002E-01   6.5000000000000002E-01   6.5000000000000002E-01   6.5000000000000002E-01   6.5000000000000002E-01   6.5000000000000002E-01   6.5000000000000002E-01   6.5000000000000002E-01   6.5000000000000002E-01
 6.5000000000000002E-01   6.5000000000000002E-01   6.5000000000000002E-01   6.5000000000000002E-01   6.5000000000000002E-01   6.5000000000000002E-01   6.5000000000000002E-01   6.5000000000000002E-01   6.5000000000000002E-01   6.5000000000000002E-01   6.5000000000000002E-01
 6.5000000000000002E-01   6.5000000000000002E-01   6.5000000000000002E-01   6.5000000000000002E-01   6.5000000000000002E-01   6.5000000000000002E-01   6.5000000000000002E-01   6.5000000000000002E-01   6.5000000000000002E-01   6.5000000000000002E-01   6.5000000000000002E-01
 6.5000000000000002E-01   6.5000000000000002E-01   6.5000000000000002E-01   6.5000000000000002E-01   6.5000000000000002E-01   6.5000000000000002E-01   6.5000000000000002E-01   6.7500000000000004E-01   6.7500000000000004E-01   6.7500000000000004E-01   6.7500000000000004E-01
 6.7500000000000004E-01   6.7500000000000004E-01   6.7500000000000004E-01   6.7500000000000004E-01   6.7500000000000004E-01   6.7500000000000004E-01   6.7500000000000004E-01   6.7500000000000004E-01   6.7500000000000004E-01   6.7500000000000004E-01   6.7500000000000004E-01
 6.7500000000000004E-01   6.7500000000000004E-01   6.7500000000000004E-01   6.7500000000000004E-01   6.7500000000000004E-01   6.7500000000000004E-01   6.7500000000000004E-01   6.7500000000000004E-01   6.7500000000000004E-01   6.7500000000000004E-01   6.7500000000000004E-01
 6.7500000000000004E-01   6.7500000000000004E-01   6.7500000000000004E-01   6.7500000000000004E-01   6.7500000000000004E-01   6.7500000000000004E-01   6.7500000000000004E-01   6.7500000000000004E-01   6.7500000000000004E-01   6.7500000000000004E-01   6.7500000000000004E-01
 6.7500000000000004E-01   6.7500000000000004E-01   6.7500000000000004E-01   6.7500000000000004E-01   7.0000000000000007E-01   7.0000000000000007E-01   7.0000000000000007E-01   7.0000000000000007E-01   7.0000000000000007E-01   7.0000000000000007E-01   7.0000000000000007E-01
 7.0000000000000007E-01   7.0000000000000007E-01   7.0000000000000007E-01   7.0000000000000007E-01   7.0000000000000007E-01   7.0000000000000007E-01   7.0000000000000007E-01   7.0000000000000007E-01   7.0000000000000007E-01   7.0000000000000007E-01   7.0000000000000007E-01
 7.0000000000000007E-01   7.0000000000000007E-01   7.0000000000000007E-01   7.0000000000000007E-01   7.0000000000000007E-01   7.0000000000000007E-01   7.0000000000000007E-01   7.0000000000000007E-01   7.0000000000000007E-01   7.0000000000000007E-01   7.0000000000000007E-01
 7.0000000000000007E-01   7.0000000000000007E-01   7.0000000000000007E-01   7.0000000000000007E-01   7.0000000000000007E-01   7.0000000000000007E-01   7.0000000000000007E-01   7.0000000000000007E-01   7.0000000000000007E-01   7.0000000000000007E-01   7.0000000000000007E-01
 7.0000000000000007E-01   7.2500000000000009E-01   7.2500000000000009E-01   7.2500000000000009E-01   7.2500000000000009E-01   7.2500000000000009E-01   7.2500000000000009E-01   7.2500000000000009E-01   7.2500000000000009E-01   7.2500000000000009E-01   7.2500000000000009E-01
 7.2500000000000009E-01   7.2500000000000009E-01   7.2500000000000009E-01   7.2500000000000009E-01   7.2500000000000009E-01   7.2500000000000009E-01   7.2500000000000009E-01   7.2500000000000009E-01   7.2500000000000009E-01   7.2500000000000009E-01   7.2500000000000009E-01
 7.2500000000000009E-01   7.2500000000000009E-01   7.2500000000000009E-01   7.2500000000000009E-01   7.2500000000000009E-01   7.2500000000000009E-01   7.2500000000000009E-01   7.2500000000000009E-01   7.2500000000000009E-01   7.2500000000000009E-01   7.2500000000000009E-01
 7.2500000000000009E-01   7.2500000000000009E-01   7.2500000000000009E-01   7.2500000000000009E-01   7.2500000000000009E-01   7.2500000000000009E-01   7.2500000000000009E-01   7.2500000000000009E-01   7.2500000000000009E-01   7.5000000000000000E-01   7.5000000000000000E-01
 7.5000000000000000E-01   7.5000000000000000E-01   7.5000000000000000E-01   7.5000000000000000E-01   7.5000000000000000E-01   7.5000000000000000E-01   7.5000000000000000E-01   7.5000000000000000E-01   7.5000000000000000E-01   7.5000000000000000E-01   7.5000000000000000E-01
 7.5000000000000000E-01   7.5000000000000000E-01   7.5000000000000000E-01   7.5000000000000000E-01   7.5000000000000000E-01   7.5000000000000000E-01   7.5000000000000000E-01   7.5000000000000000E-01   7.5000000000000000E-01   7.5000000000000000E-01   7.5000000000000000E-01
 7.5000000000000000E-01   7.5000000000000000E-01   7.5000000000000000E-01   7.5000000000000000E-01   7.5000000000000000E-01   7.5000000000000000E-01   7.5000000000000000E-01   7.5000000000000000E-01   7.5000000000000000E-01   7.5000000000000000E-01   7.5000000000000000E-01
 7.5000000000000000E-01   7.5000000000000000E-01   7.5000000000000000E-01   7.5000000000000000E-01   7.5000000000000000E-01   7.5000000000000000E-01   7.7500000000000002E-01   7.7500000000000002E-01   7.7500000000000002E-01   7.7500000000000002E-01   7.7500000000000002E-01
 7.7500000000000002E-01   7.7500000000000002E-01   7.7500000000000002E-01   7.7500000000000002E-01   7.7500000000000002E-01   7.7500000000000002E-01   7.7500000000000002E-01   7.7500000000000002E-01   7.7500000000000002E-01   7.7500000000000002E-01   7.7500000000000002E-01
 7.7500000000000002E-01   7.7500000000000002E-01   7.7500000000000002E-01   7.7500000000000002E-01   7.7500000000000002E-01   7.7500000000000002E-01   7.7500000000000002E-01   7.7500000000000002E-01   7.7500000000000002E-01   7.7500000000000002E-01   7.7500000000000002E-01
 7.7500000000000002E-01   7.7500000000000002E-01   7.7500000000000002E-01   7.7500000000000002E-01   7.7500000000000002E-01   7.7500000000000002E-01   7.7500000000000002E-01   7.7500000000000002E-01   7.7500000000000002E-01   7.7500000000000002E-01   7.7500000000000002E-01
 7.7500000000000002E-01   7.7500000000000002E-01   7.7500000000000002E-01   8.0000000000000004E-01   8.0000000000000004E-01   8.0000000000000004E-01   8.0000000000000004E-01   8.0000000000000004E-01   8.0000000000000004E-01   8.0000000000000004E-01   8.0000000000000004E-01
 8.0000000000000004E-01   8.0000000000000004E-01   8.0000000000000004E-01   8.0000000000000004E-01   8.0000000000000004E-01   8.0000000000000004E-01   8.0000000000000004E-01   8.0000000000000004E-01   8.0000000000000004E-01   8.0000000000000004E-01   8.0000000000000004E-01
 8.0000000000000004E-01   8.0000000000000004E-01   8.0000000000000004E-01   8.0000000000000004E-01   8.0000000000000004E-01   8.0000000000000004E-01   8.0000000000000004E-01   8.0000000000000004E-01   8.0000000000000004E-01   8.0000000000000004E-01   8.0000000000000004E-01
 8.0000000000000004E-01   8.0000000000000004E-01   8.0000000000000004E-01   8.0000000000000004E-01   8.0000000000000004E-01   8.0000000000000004E-01   8.0000000000000004E-01   8.0000000000000004E-01   8.0000000000000004E-01   8.0000000000000004E-01   8.0000000000000004E-01
 8.2500000000000007E-01   8.2500000000000007E-01   8.2500000000000007E-01   8.2500000000000007E-01   8.2500000000000007E-01   8.2500000000000007E-01   8.2500000000000007E-01   8.2500000000000007E-01   8.2500000000000007E-01   8.2500000000000007E-01   8.2500000000000007E-01
 8.2500000000000007E-01   8.2500000000000007E-01   8.2500000000000007E-01   8.2500000000000007E-01   8.2500000000000007E-01   8.2500000000000007E-01   8.2500000000000007E-01   8.2500000000000007E-01   8.2500000000000007E-01   8.2500000000000007E-01   8.2500000000000007E-01
 8.2500000000000007E-01   8.2500000000000007E-01   8.2500000000000007E-01   8.2500000000000007E-01   8.2500000000000007E-01   8.2500000000000007E-01   8.2500000000000007E-01   8.2500000000000007E-01   8.2500000000000007E-01   8.2500000000000007E-01   8.2500000000000007E-01
 8.2500000000000007E-01   8.2500000000000007E-01   8.2500000000000007E-01   8.2500000000000007E-01   8.2500000000000007E-01   8.2500000000000007E-01   8.2500000000000007E-01   8.2500000000000007E-01   8.5000000000000009E-01   8.5000000000000009E-01   8.5000000000000009E-01
 8.5000000000000009E-01   8.5000000000000009E-01   8.5000000000000009E-01   8.5000000000000009E-01   8.5000000000000009E-01   8.5000000000000009E-01   8.5000000000000009E-01   8.5000000000000009E-01   8.5000000000000009E-01   8.5000000000000009E-01   8.5000000000000009E-01
 8.5000000000000009E-01   8.5000000000000009E-01   8.5000000000000009E-01   8.5000000000000009E-01   8.5000000000000009E-01   8.5000000000000009E-01   8.5000000000000009E-01   8.5000000000000009E-01   8.5000000000000009E-01   8.5000000000000009E-01   8.5000000000000009E-01
 8.5000000000000009E-01   8.5000000000000009E-01   8.5000000000000009E-01   8.5000000000000009E-01   8.5000000000000009E-01   8.5000000000000009E-01   8.5000000000000009E-01   8.5000000000000009E-01   8.5000000000000009E-01   8.5000000000000009E-01   8.5000000000000009E-01
 8.5000000000000009E-01   8.5000000000000009E-01   8.5000000000000009E-01   8.5000000000000009E-01   8.5000000000000009E-01   8.7500000000000000E-01   8.7500000000000000E-01   8.7500000000000000E-01   8.7500000000000000E-01   8.7500000000000000E-01   8.7500000000000000E-01
 8.7500000000000000E-01   8.7500000000000000E-01   8.7500000000000000E-01   8.7500000000000000E-01   8.7500000000000000E-01   8.7500000000000000E-01   8.7500000000000000E-01   8.7500000000000000E-01   8.7500000000000000E-01   8.7500000000000000E-01   8.7500000000000000E-01
 8.7500000000000000E-01   8.7500000000000000E-01   8.7500000000000000E-01   8.7500000000000000E-01   8.7500000000000000E-01   8.7500000000000000E-01   8.7500000000000000E-01   8.7500000000000000E-01   8.7500000000000000E-01   8.7500000000000000E-01   8.7500000000000000E-01
 8.7500000000000000E-01   8.7500000000000000E-01   8.7500000000000000E-01   8.7500000000000000E-01   8.7500000000000000E-01   8.7500000000000000E-01   8.7500000000000000E-01   8.7500000000000000E-01   8.7500000000000000E-01   8.7500000000000000E-01   8.7500000000000000E-01
 8.7500000000000000E-01   8.7500000000000000E-01   9.0000000000000002E-01   9.0000000000000002E-01   9.0000000000000002E-01   9.0000000000000002E-01   9.0000000000000002E-01   9.0000000000000002E-01   9.0000000000000002E-01   9.0000000000000002E-01   9.0000000000000002E-01
 9.0000000000000002E-01   9.0000000000000002E-01   9.0000000000000002E-01   9.0000000000000002E-01   9.0000000000000002E-01   9.0000000000000002E-01   9.0000000000000002E-01   9.0000000000000002E-01   9.0000000000000002E-01   9.0000000000000002E-01   9.0000000000000002E-01
 9.0000000000000002E-01   9.0000000000000002E-01   9.0000000000000002E-01   9.0000000000000002E-01   9.0000000000000002E-01   9.0000000000000002E-01   9.0000000000000002E-01   9.0000000000000002E-01   9.0000000000000002E-01   9.0000000000000002E-01   9.0000000000000002E-01
 9.0000000000000002E-01   9.0000000000000002E-01   9.0000000000000002E-01   9.0000000000000002E-01   9.0000000000000002E-01   9.0000000000000002E-01   9.0000000000000002E-01   9.0000000000000002E-01   9.0000000000000002E-01   9.0000000000000002E-01   9.2500000000000004E-01
 9.2500000000000004E-01   9.2500000000000004E-01   9.2500000000000004E-01   9.2500000000000004E-01   9.2500000000000004E-01   9.2500000000000004E-01   9.2500000000000004E-01   9.2500000000000004E-01   9.2500000000000004E-01   9.2500000000000004E-01   9.2500000000000004E-01
 9.2500000000000004E-01   9.2500000000000004E-01   9.2500000000000004E-01   9.2500000000000004E-01   9.2500000000000004E-01   9.2500000000000004E-01   9.2500000000000004E-01   9.2500000000000004E-01   9.2500000000000004E-01   9.2500000000000004E-01   9.2500000000000004E-01
 9.2500000000000004E-01   9.2500000000000004E-01   9.2500000000000004E-01   9.2500000000000004E-01   9.2500000000000004E-01   9.2500000000000004E-01   9.2500000000000004E-01   9.2500000000000004E-01   9.2500000000000004E-01   9.2500000000000004E-01   9.2500000000000004E-01
 9.2500000000000004E-01   9.2500000000000004E-01   9.2500000000000004E-01   9.2500000000000004E-01   9.2500000000000004E-01   9.2500000000000004E-01   9.2500000000000004E-01   9.5000000000000007E-01   9.5000000000000007E-01   9.5000000000000007E-01   9.5000000000000007E-01
 9.5000000000000007E-01   9.5000000000000007E-01   9.5000000000000007E-01   9.5000000000000007E-01   9.5000000000000007E-01   9.5000000000000007E-01   9.5000000000000007E-01   9.5000000000000007E-01   9.5000000000000007E-01   9.5000000000000007E-01   9.5000000000000007E-01
 9.5000000000000007E-01   9.5000000000000007E-01   9.5000000000000007E-01   9.5000000000000007E-01   9.5000000000000007E-01   9.5000000000000007E-01   9.5000000000000007E-01   9.5000000000000007E-01   9.5000000000000007E-01   9.5000000000000007E-01   9.5000000000000007E-01
 9.5000000000000007E-01   9.5000000000000007E-01   9.5000000000000007E-01   9.5000000000000007E-01   9.5000000000000007E-01   9.5000000000000007E-01   9.5000000000000007E-01   9.5000000000000007E-01   9.5000000000000007E-01   9.5000000000000007E-01   9.5000000000000007E-01
 9.5000000000000007E-01   9.5000000000000007E-01   9.5000000000000007E-01   9.5000000000000007E-01   9.7500000000000009E-01   9.7500000000000009E-01   9.7500000000000009E-01   9.7500000000000009E-01   9.7500000000000009E-01   9.7500000000000009E-01   9.7500000000000009E-01
 9.7500000000000009E-01   9.7500000000000009E-01   9.7500000000000009E-01   9.7500000000000009E-01   9.7500000000000009E-01   9.7500000000000009E-01   9.7500000000000009E-01   9.7500000000000009E-01   9.7500000000000009E-01   9.7500000000000009E-01   9.7500000000000009E-01
 9.7500000000000009E-01   9.7500000000000009E-01   9.7500000000000009E-01   9.7500000000000009E-01   9.7500000000000009E-01   9.7500000000000009E-01   9.7500000000000009E-01   9.7500000000000009E-01   9.7500000000000009E-01   9.7500000000000009E-01   9.7500000000000009E-01
 9.7500000000000009E-01   9.7500000000000009E-01   9.7500000000000009E-01   9.7500000000000009E-01   9.7500000000000009E-01   9.7500000000000009E-01   9.7500000000000009E-01   9.7500000000000009E-01   9.7500000000000009E-01   9.7500000000000009E-01   9.7500000000000009E-01
 9.7500000000000009E-01   1.0000000000000000E+00   1.0000000000000000E+00   1.0000000000000000E+00   1.0000000000000000E+00   1.0000000000000000E+00   1.0000000000000000E+00   1.0000000000000000E+00   1.0000000000000000E+00   1.0000000000000000E+00   1.0000000000000000E+00
 1.0000000000000000E+00   1.0000000000000000E+00   1.0000000000000000E+00   1.0000000000000000E+00   1.0000000000000000E+00   1.0000000000000000E+00   1.0000000000000000E+00   1.0000000000000000E+00   1.0000000000000000E+00   1.0000000000000000E+00   1.0000000000000000E+00
 1.0000000000000000E+00   1.0000000000000000E+00   1.0000000000000000E+00   1.0000000000000000E+00   1.0000000000000000E+00   1.0000000000000000E+00   1.0000000000000000E+00   1.0000000000000000E+00   1.0000000000000000E+00   1.0000000000000000E+00   1.0000000000000000E+00
 1.0000000000000000E+00   1.0000000000000000E+00   1.0000000000000000E+00   1.0000000000000000E+00   1.0000000000000000E+00   1.0000000000000000E+00   1.0000000000000000E+00   1.0000000000000000E+00   1.0000000000000000E+00
 1.0000044711847806E+00   1.0000044711848426E+00   1.0000044711847824E+00   1.0000044711846792E+00   1.0000044711845746E+00   1.0000044711844860E+00   1.0000044711844203E+00   1.0000044711843763E+00   1.0000044711843494E+00   1.0000044711843352E+00   1.0000044711843270E+00
 1.0000044711843252E+00   1.0000044711843241E+00   1.0000044711843263E+00   1.0000044711843283E+00   1.0000044711843299E+00   1.0000044711843319E+00   1.0000044711843339E+00   1.0000044711843352E+00   1.0000044711843370E+00   1.0000044711843372E+00   1.0000044711843390E+00
 1.0000044711843408E+00   1.0000044711843414E+00   1.0000044711843423E+00   1.0000044711843428E+00   1.0000044711843428E+00   1.0000044711843423E+00   1.0000044711843417E+00   1.0000044711843388E+00   1.0000044711843314E+00   1.0000044711843179E+00   1.0000044711842939E+00
 1.0000044711842520E+00   1.0000044711841856E+00   1.0000044711840885E+00   1.0000044711839609E+00   1.0000044711838183E+00   1.0000044711836973E+00   1.0000044711836686E+00   1.0000003725041819E+00   1.0000003725042648E+00   1.0000003725042907E+00   1.0000003725042965E+00
 1.0000003725042910E+00   1.0000003725042799E+00   1.0000003725042663E+00   1.0000003725042530E+00   1.0000003725042412E+00   1.0000003725042295E+00   1.0000003725042192E+00   1.0000003725042101E+00   1.0000003725042024E+00   1.0000003725041939E+00   1.0000003725041882E+00
 1.0000003725041817E+00   1.0000003725041771E+00   1.0000003725041731E+00   1.0000003725041691E+00   1.0000003725041653E+00   1.0000003725041633E+00   1.0000003725041611E+00   1.0000003725041584E+00   1.0000003725041575E+00   1.0000003725041562E+00   1.0000003725041551E+00
 1.0000003725041535E+00   1.0000003725041529E+00   1.0000003725041506E+00   1.0000003725041493E+00   1.0000003725041460E+00   1.0000003725041400E+00   1.0000003725041293E+00   1.0000003725041129E+00   1.0000003725040836E+00   1.0000003725040438E+00   1.0000003725039905E+00
 1.0000003725039279E+00   1.0000003725038695E+00   1.0000003725038207E+00   1.0000000054174492E+00   1.0000000054174836E+00   1.0000000054174940E+00   1.0000000054174978E+00   1.0000000054174973E+00   1.0000000054174949E+00   1.0000000054174931E+00   1.0000000054174911E+00
 1.0000000054174889E+00   1.0000000054174871E+00   1.0000000054174853E+00   1.0000000054174829E+00   1.0000000054174816E+00   1.0000000054174798E+00   1.0000000054174776E+00   1.0000000054174762E+00   1.0000000054174747E+00   1.0000000054174714E+00   1.0000000054174700E+00
 1.0000000054174691E+00   1.0000000054174674E+00   1.0000000054174654E+00   1.0000000054174638E+00   1.0000000054174627E+00   1.0000000054174614E+00   1.0000000054174596E+00   1.0000000054174585E+00   1.0000000054174578E+00   1.0000000054174569E+00   1.0000000054174549E+00
 1.0000000054174518E+00   1.0000000054174487E+00   1.0000000054174425E+00   1.0000000054174329E+00   1.0000000054174185E+00   1.0000000054173961E+00   1.0000000054173670E+00   1.0000000054173326E+00   1.0000000054172984E+00   1.0000000054172680E+00   1.0000000000567977E+00
 1.0000000000568174E+00   1.0000000000568232E+00   1.0000000000568250E+00   1.0000000000568241E+00   1.0000000000568230E+00   1.0000000000568223E+00   1.0000000000568208E+00   1.0000000000568208E+00   1.0000000000568201E+00   1.0000000000568197E+00   1.0000000000568188E+00
 1.0000000000568185E+00   1.0000000000568185E+00   1.0000000000568183E+00   1.0000000000568177E+00   1.0000000000568170E+00   1.0000000000568168E+00   1.0000000000568161E+00   1.0000000000568152E+00   1.0000000000568146E+00   1.0000000000568134E+00   1.0000000000568130E+00
 1.0000000000568123E+00   1.0000000000568114E+00   1.0000000000568112E+00   1.0000000000568103E+00   1.0000000000568094E+00   1.0000000000568088E+00   1.0000000000568077E+00   1.0000000000568070E+00   1.0000000000568041E+00   1.0000000000568006E+00   1.0000000000567950E+00
 1.0000000000567852E+00   1.0000000000567717E+00   1.0000000000567530E+00   1.0000000000567324E+00   1.0000000000567117E+00   1.0000000000566911E+00   1.0000000000056559E+00   1.0000000000056692E+00   1.0000000000056735E+00   1.0000000000056739E+00   1.0000000000056737E+00
 1.0000000000056730E+00   1.0000000000056719E+00   1.0000000000056710E+00   1.0000000000056710E+00   1.0000000000056710E+00   1.0000000000056710E+00   1.0000000000056708E+00   1.0000000000056706E+00   1.0000000000056706E+00   1.0000000000056708E+00   1.0000000000056704E+00
 1.0000000000056704E+00   1.0000000000056701E+00   1.0000000000056701E+00   1.0000000000056701E+00   1.0000000000056697E+00   1.0000000000056697E+00   1.0000000000056695E+00   1.0000000000056692E+00   1.0000000000056688E+00   1.0000000000056684E+00   1.0000000000056679E+00
 1.0000000000056672E+00   1.0000000000056668E+00   1.0000000000056655E+00   1.0000000000056655E+00   1.0000000000056646E+00   1.0000000000056615E+00   1.0000000000056584E+00   1.0000000000056515E+00   1.0000000000056435E+00   1.0000000000056306E+00   1.0000000000056168E+00
 1.0000000000056026E+00   1.0000000000055898E+00   1.0000000000007987E+00   1.0000000000008074E+00   1.0000000000008091E+00   1.0000000000008102E+00   1.0000000000008091E+00   1.0000000000008089E+00   1.0000000000008085E+00   1.0000000000008082E+00   1.0000000000008076E+00
 1.0000000000008082E+00   1.0000000000008080E+00   1.0000000000008082E+00   1.0000000000008082E+00   1.0000000000008082E+00   1.0000000000008082E+00   1.0000000000008082E+00   1.0000000000008082E+00   1.0000000000008082E+00   1.0000000000008082E+00   1.0000000000008082E+00
 1.0000000000008082E+00   1.0000000000008078E+00   1.0000000000008078E+00   1.0000000000008078E+00   1.0000000000008076E+00   1.0000000000008076E+00   1.0000000000008074E+00   1.0000000000008074E+00   1.0000000000008069E+00   1.0000000000008069E+00   1.0000000000008062E+00
 1.0000000000008056E+00   1.0000000000008031E+00   1.0000000000008009E+00   1.0000000000007965E+00   1.0000000000007914E+00   1.0000000000007825E+00   1.0000000000007734E+00   1.0000000000007645E+00   1.0000000000007547E+00   1.0000000000000953E+00   1.0000000000001008E+00
 1.0000000000001024E+00   1.0000000000001030E+00   1.0000000000001024E+00   1.0000000000001021E+00   1.0000000000001017E+00   1.0000000000001017E+00   1.0000000000001017E+00   1.0000000000001019E+00   1.0000000000001019E+00   1.0000000000001015E+00   1.0000000000001017E+00
 1.0000000000001017E+00   1.0000000000001017E+00   1.0000000000001017E+00   1.0000000000001019E+00   1.0000000000001017E+00   1.0000000000001019E+00   1.0000000000001019E+00   1.0000000000001019E+00   1.0000000000001017E+00   1.0000000000001019E+00   1.0000000000001019E+00
 1.0000000000001017E+00   1.0000000000001017E+00   1.0000000000001017E+00   1.0000000000001017E+00   1.0000000000001017E+00   1.0000000000001015E+00   1.0000000000001013E+00   1.0000000000001004E+00   1.0000000000000995E+00   1.0000000000000973E+00   1.0000000000000948E+00
 1.0000000000000906E+00   1.0000000000000853E+00   1.0000000000000786E+00   1.0000000000000722E+00   1.0000000000000657E+00   1.0000000000000089E+00   1.0000000000000129E+00   1.0000000000000140E+00   1.0000000000000142E+00   1.0000000000000142E+00   1.0000000000000138E+00
 1.0000000000000138E+00   1.0000000000000133E+00   1.0000000000000133E+00   1.0000000000000133E+00   1.0000000000000133E+00   1.0000000000000135E+00   1.0000000000000138E+00   1.0000000000000135E+00   1.0000000000000138E+00   1.0000000000000138E+00   1.0000000000000138E+00
 1.0000000000000138E+00   1.0000000000000140E+00   1.0000000000000140E+00   1.0000000000000142E+00   1.0000000000000140E+00   1.0000000000000140E+00   1.0000000000000140E+00   1.0000000000000140E+00   1.0000000000000140E+00   1.0000000000000140E+00   1.0000000000000140E+00
 1.0000000000000140E+00   1.0000000000000135E+00   1.0000000000000133E+00   1.0000000000000127E+00   1.0000000000000122E+00   1.0000000000000104E+00   1.0000000000000082E+00   1.0000000000000058E+00   1.0000000000000024E+00   9.9999999999999800E-01   9.9999999999999345E-01
 9.9999999999998845E-01   1.0000000000000004E+00   1.0000000000000024E+00   1.0000000000000036E+00   1.0000000000000040E+00   1.0000000000000038E+00   1.0000000000000033E+00   1.0000000000000033E+00   1.0000000000000031E+00   1.0000000000000029E+00   1.0000000000000029E+00
 1.0000000000000029E+00   1.0000000000000029E+00   1.0000000000000031E+00   1.0000000000000031E+00   1.0000000000000031E+00   1.0000000000000031E+00   1.0000000000000031E+00   1.0000000000000033E+00   1.0000000000000033E+00   1.0000000000000033E+00   1.0000000000000033E+00
 1.0000000000000036E+00   1.0000000000000036E+00   1.0000000000000038E+00   1.0000000000000033E+00   1.0000000000000036E+00   1.0000000000000036E+00   1.0000000000000036E+00   1.0000000000000036E+00   1.0000000000000036E+00   1.0000000000000033E+00   1.0000000000000029E+00
 1.0000000000000013E+00   1.0000000000000000E+00   1.0000000000000000E+00   9.9999999999999833E-01   9.9999999999999567E-01   9.9999999999999245E-01   9.9999999999998868E-01   9.9999999999998535E-01   9.9999999999999967E-01   1.0000000000000009E+00   1.0000000000000016E+00
 1.0000000000000020E+00   1.0000000000000022E+00   1.0000000000000018E+00   1.0000000000000018E+00   1.0000000000000011E+00   1.0000000000000009E+00   1.0000000000000009E+00   1.0000000000000009E+00   1.0000000000000007E+00   1.0000000000000007E+00   1.0000000000000007E+00
 1.0000000000000007E+00   1.0000000000000009E+00   1.0000000000000007E+00   1.0000000000000009E+00   1.0000000000000009E+00   1.0000000000000009E+00   1.0000000000000009E+00   1.0000000000000009E+00   1.0000000000000009E+00   1.0000000000000013E+00   1.0000000000000009E+00
 1.0000000000000009E+00   1.0000000000000011E+00   1.0000000000000007E+00   1.0000000000000000E+00   1.0000000000000000E+00   1.0000000000000000E+00   1.0000000000000000E+00   1.0000000000000000E+00   1.0000000000000000E+00   9.9999999999999922E-01   9.9999999999999811E-01
 9.9999999999999623E-01   9.9999999999999367E-01   9.9999999999999101E-01   9.9999999999998868E-01   1.0000000000000004E+00   1.0000000000000000E+00   1.0000000000000000E+00   1.0000000000000004E+00   1.0000000000000004E+00   1.0000000000000002E+00   1.0000000000000000E+00
 1.0000000000000000E+00   1.0000000000000000E+00   1.0000000000000000E+00   1.0000000000000000E+00   1.0000000000000000E+00   1.0000000000000000E+00   1.0000000000000000E+00   1.0000000000000000E+00   1.0000000000000000E+00   1.0000000000000000E+00   1.0000000000000000E+00
 1.0000000000000000E+00   1.0000000000000000E+00   1.0000000000000000E+00   1.0000000000000000E+00   1.0000000000000000E+00   1.0000000000000000E+00   1.0000000000000000E+00   1.0000000000000000E+00   1.0000000000000000E+00   1.0000000000000000E+00   1.0000000000000000E+00
 1.0000000000000000E+00   1.0000000000000000E+00   1.0000000000000000E+00   1.0000000000000000E+00   1.0000000000000000E+00   9.9999999999999944E-01   9.9999999999999867E-01   9.9999999999999689E-01   9.9999999999999523E-01   9.9999999999999345E-01   9.9999999999999145E-01
 1.0000000000000000E+00   1.0000000000000000E+00   1.0000000000000000E+00   1.0000000000000000E+00   1.0000000000000000E+00   1.0000000000000000E+00   1.0000000000000000E+00   1.0000000000000000E+00   1.0000000000000000E+00   1.0000000000000000E+00   1.0000000000000000E+00
 1.0000000000000000E+00   1.0000000000000000E+00   1.0000000000000000E+00   1.0000000000000000E+00   1.0000000000000000E+00   1.0000000000000000E+00   1.0000000000000000E+00   1.0000000000000000E+00   1.0000000000000000E+00   1.0000000000000000E+00   1.0000000000000000E+00
 1.0000000000000000E+00   1.0000000000000000E+00   1.0000000000000000E+00   1.0000000000000000E+00   1.0000000000000000E+00   1.0000000000000000E+00   1.0000000000000000E+00   1.0000000000000000E+00   1.0000000000000000E+00   1.0000000000000000E+00   1.0000000000000000E+00
 1.0000000000000000E+00   9.9999999999999989E-01   9.9999999999999889E-01   9.9999999999999800E-01   9.9999999999999711E-01   9.9999999999999478E-01   9.9999999999999378E-01   1.0000000000000000E+00   1.0000000000000000E+00   1.0000000000000000E+00   1.0000000000000000E+00
 1.0000000000000000E+00   1.0000000000000000E+00   1.0000000000000000E+00   1.0000000000000000E+00   1.0000000000000000E+00   1.0000000000000000E+00   1.0000000000000000E+00   1.0000000000000000E+00   1.0000000000000000E+00   1.0000000000000000E+00   1.0000000000000000E+00
 1.0000000000000000E+00   1.0000000000000000E+00   1.0000000000000000E+00   1.0000000000000000E+00   1.0000000000000000E+00   1.0000000000000000E+00   1.0000000000000000E+00   1.0000000000000000E+00   1.0000000000000000E+00   1.0000000000000000E+00   1.0000000000000000E+00
 1.0000000000000000E+00   1.0000000000000000E+00   1.0000000000000000E+00   1.0000000000000000E+00   1.0000000000000000E+00   1.0000000000000000E+00   1.0000000000000000E+00   1.0000000000000000E+00   1.0000000000000000E+00   9.9999999999999922E-01   9.9999999999999833E-01
 9.9999999999999745E-01   9.9999999999999667E-01   9.9999999999999467E-01   1.0000000000000000E+00   1.0000000000000000E+00   1.0000000000000000E+00   1.0000000000000000E+00   1.0000000000000000E+00   1.0000000000000000E+00   1.0000000000000000E+00   1.0000000000000000E+00
 1.0000000000000000E+00   1.0000000000000000E+00   1.0000000000000000E+00   1.0000000000000000E+00   1.0000000000000000E+00   1.0000000000000000E+00   1.0000000000000000E+00   1.0000000000000000E+00   1.0000000000000000E+00   1.0000000000000000E+00   1.0000000000000000E+00
 1.0000000000000000E+00   1.0000000000000000E+00   1.0000000000000000E+00   1.0000000000000000E+00   1.0000000000000000E+00   1.0000000000000000E+00   1.0000000000000000E+00   1.0000000000000000E+00   1.0000000000000000E+00   1.0000000000000000E+00   1.0000000000000000E+00
 1.0000000000000000E+00   1.0000000000000000E+00   1.0000000000000000E+00   1.0000000000000000E+00   1.0000000000000000E+00   9.9999999999999967E-01   9.9999999999999867E-01   9.9999999999999767E-01   9.9999999999999678E-01   9.9999999999999600E-01   1.0000000000000000E+00
 1.0000000000000000E+00   1.0000000000000000E+00   1.0000000000000000E+00   1.0000000000000000E+00   1.0000000000000000E+00   1.0000000000000000E+00   1.0000000000000000E+00   1.0000000000000000E+00   1.0000000000000000E+00   1.0000000000000000E+00   1.0000000000000000E+00
 1.0000000000000000E+00   1.0000000000000000E+00   1.0000000000000000E+00   1.0000000000000000E+00   1.0000000000000000E+00   1.0000000000000000E+00   1.0000000000000000E+00   1.0000000000000000E+00   1.0000000000000000E+00   1.0000000000000000E+00   1.0000000000000000E+00
 1.0000000000000000E+00   1.0000000000000000E+00   1.0000000000000000E+00   1.0000000000000000E+00   1.0000000000000000E+00   1.0000000000000000E+00   1.0000000000000000E+00   1.0000000000000000E+00   1.0000000000000000E+00   1.0000000000000000E+00   1.0000000000000000E+00
 1.0000000000000000E+00   1.0000000000000000E+00   9.9999999999999900E-01   9.9999999999999789E-01   9.9999999999999689E-01   9.9999999999999700E-01   1.0000000000000000E+00   1.0000000000000000E+00   1.0000000000000000E+00   1.0000000000000000E+00   1.0000000000000000E+00
 1.0000000000000000E+00   1.0000000000000000E+00   1.0000000000000000E+00   1.0000000000000000E+00   1.0000000000000000E+00   1.0000000000000000E+00   1.0000000000000000E+00   1.0000000000000000E+00   1.0000000000000000E+00   1.0000000000000000E+00   1.0000000000000000E+00
 1.0000000000000000E+00   1.0000000000000000E+00   1.0000000000000000E+00   1.0000000000000000E+00   1.0000000000000000E+00   1.0000000000000000E+00   1.0000000000000000E+00   1.0000000000000000E+00   1.0000000000000000E+00   1.0000000000000000E+00   1.0000000000000000E+00
 1.0000000000000000E+00   1.0000000000000000E+00   1.0000000000000000E+00   1.0000000000000000E+00   1.0000000000000000E+00   1.0000000000000000E+00   1.0000000000000000E+00   1.0000000000000000E+00   1.0000000000000000E+00   9.9999999999999989E-01   9.9999999999999845E-01
 9.9999999999999734E-01   9.9999999999999734E-01   1.0000000000000000E+00   1.0000000000000000E+00   1.0000000000000000E+00   1.0000000000000000E+00   1.0000000000000000E+00   1.0000000000000000E+00   1.0000000000000000E+00   1.0000000000000000E+00   1.0000000000000000E+00
 1.0000000000000000E+00   1.0000000000000000E+00   1.0000000000000000E+00   1.0000000000000000E+00   1.0000000000000000E+00   1.0000000000000000E+00   1.0000000000000000E+00   1.0000000000000000E+00   1.0000000000000000E+00   1.0000000000000000E+00   1.0000000000000000E+00
 1.0000000000000000E+00   1.0000000000000000E+00   1.0000000000000000E+00   1.0000000000000000E+00   1.0000000000000000E+00   1.0000000000000000E+00   1.0000000000000000E+00   1.0000000000000000E+00   1.0000000000000000E+00   1.0000000000000000E+00   1.0000000000000000E+00
 1.0000000000000000E+00   1.0000000000000000E+00   1.0000000000000000E+00   1.0000000000000000E+00   1.0000000000000000E+00   1.0000000000000000E+00   9.9999999999999889E-01   9.9999999999999833E-01   9.9999999999999778E-01   1.0000000000000000E+00   1.0000000000000000E+00
 1.0000000000000000E+00   1.0000000000000000E+00   1.0000000000000000E+00   1.0000000000000000E+00   1.0000000000000000E+00   1.0000000000000000E+00   1.0000000000000000E+00   1.0000000000000000E+00   1.0000000000000000E+00   1.0000000000000000E+00   1.0000000000000000E+00
 1.0000000000000000E+00   1.0000000000000000E+00   1.0000000000000000E+00   1.0000000000000000E+00   1.0000000000000000E+00   1.0000000000000000E+00   1.0000000000000000E+00   1.0000000000000000E+00   1.0000000000000000E+00   1.0000000000000000E+00   1.0000000000000000E+00
 1.0000000000000000E+00   1.0000000000000000E+00   1.0000000000000000E+00   1.0000000000000000E+00   1.0000000000000000E+00   1.0000000000000000E+00   1.0000000000000000E+00   1.0000000000000000E+00   1.0000000000000000E+00   1.0000000000000000E+00   1.0000000000000000E+00
 1.0000000000000000E+00   1.0000000000000000E+00   1.0000000000000000E+00   9.9999999999999978E-01   9.9999999999999811E-01   1.0000000000000000E+00   1.0000000000000000E+00   1.0000000000000000E+00   1.0000000000000000E+00   1.0000000000000000E+00   1.0000000000000000E+00
 1.0000000000000000E+00   1.0000000000000000E+00   1.0000000000000000E+00   1.0000000000000000E+00   1.0000000000000000E+00   1.0000000000000000E+00   1.0000000000000000E+00   1.0000000000000000E+00   1.0000000000000000E+00   1.0000000000000000E+00   1.0000000000000000E+00
 1.0000000000000000E+00   1.0000000000000000E+00   1.0000000000000000E+00   1.0000000000000000E+00   1.0000000000000000E+00   1.0000000000000000E+00   1.0000000000000000E+00   1.0000000000000000E+00   1.0000000000000000E+00   1.0000000000000000E+00   1.0000000000000000E+00
 1.0000000000000000E+00   1.0000000000000000E+00   1.0000000000000000E+00   1.0000000000000000E+00   1.0000000000000000E+00   1.0000000000000000E+00   1.0000000000000000E+00   1.0000000000000000E+00   1.0000000000000000E+00   1.0000000000000000E+00   1.0000000000000000E+00
 9.9999999999999856E-01   1.0000000000000000E+00   1.0000000000000000E+00   1.0000000000000000E+00   1.0000000000000000E+00   1.0000000000000000E+00   1.0000000000000000E+00   1.0000000000000000E+00   1.0000000000000000E+00   1.0000000000000000E+00   1.0000000000000000E+00
 1.0000000000000000E+00   1.0000000000000000E+00   1.0000000000000000E+00   1.0000000000000000E+00   1.0000000000000000E+00   1.0000000000000000E+00   1.0000000000000000E+00   1.0000000000000000E+00   1.0000000000000000E+00   1.0000000000000000E+00   1.0000000000000000E+00
 1.0000000000000000E+00   1.0000000000000000E+00   1.0000000000000000E+00   1.0000000000000000E+00   1.0000000000000000E+00   1.0000000000000000E+00   1.0000000000000000E+00   1.0000000000000000E+00   1.0000000000000000E+00   1.0000000000000000E+00   1.0000000000000000E+00
 1.0000000000000000E+00   1.0000000000000000E+00   1.0000000000000000E+00   1.0000000000000000E+00   1.0000000000000000E+00   1.0000000000000000E+00   1.0000000000000000E+00   9.9999999999999911E-01   1.0000000000000000E+00   1.0000000000000000E+00   1.0000000000000000E+00
 1.0000000000000000E+00   1.0000000000000000E+00   1.0000000000000000E+00   1.0000000000000000E+00   1.0000000000000000E+00   1.0000000000000000E+00   1.0000000000000000E+00   1.0000000000000000E+00   1.0000000000000000E+00   1.0000000000000000E+00   1.0000000000000000E+00
 1.0000000000000000E+00   1.0000000000000000E+00   1.0000000000000000E+00   1.0000000000000000E+00   1.0000000000000000E+00   1.0000000000000000E+00   1.0000000000000000E+00   1.0000000000000000E+00   1.0000000000000000E+00   1.0000000000000000E+00   1.0000000000000000E+00
 1.0000000000000000E+00   1.0000000000000000E+00   1.0000000000000000E+00   1.0000000000000000E+00   1.0000000000000000E+00   1.0000000000000000E+00   1.0000000000000000E+00   1.0000000000000000E+00   1.0000000000000000E+00   1.0000000000000000E+00   1.0000000000000000E+00
 1.0000000000000000E+00   1.0000000000000000E+00   1.0000000000000000E+00   1.0000000000000000E+00   1.0000000000000000E+00   1.0000000000000000E+00   1.0000000000000000E+00   1.0000000000000000E+00   1.0000000000000000E+00   1.0000000000000000E+00   1.0000000000000000E+00
 1.0000000000000000E+00   1.0000000000000000E+00   1.0000000000000000E+00   1.0000000000000000E+00   1.0000000000000000E+00   1.0000000000000000E+00   1.0000000000000000E+00   1.0000000000000000E+00   1.0000000000000000E+00   1.0000000000000000E+00   1.0000000000000000E+00
 1.0000000000000000E+00   1.0000000000000000E+00   1.0000000000000000E+00   1.0000000000000000E+00   1.0000000000000000E+00   1.0000000000000000E+00   1.0000000000000000E+00   1.0000000000000000E+00   1.0000000000000000E+00   1.0000000000000000E+00   1.0000000000000000E+00
 1.0000000000000000E+00   1.0000000000000000E+00   1.0000000000000000E+00   1.0000000000000000E+00   1.0000000000000000E+00   1.0000000000000000E+00   1.0000000000000000E+00   1.0000000000000000E+00   1.0000000000000000E+00   1.0000000000000000E+00   1.0000000000000000E+00
 1.0000000000000000E+00   1.0000000000000000E+00   1.0000000000000000E+00   1.0000000000000000E+00   1.0000000000000000E+00   1.0000000000000000E+00   1.0000000000000000E+00   1.0000000000000000E+00   1.0000000000000000E+00   1.0000000000000000E+00   1.0000000000000000E+00
 1.0000000000000000E+00   1.0000000000000000E+00   1.0000000000000000E+00   1.0000000000000000E+00   1.0000000000000000E+00   1.0000000000000000E+00   1.0000000000000000E+00   1.0000000000000000E+00   1.0000000000000000E+00   1.0000000000000000E+00   1.0000000000000000E+00
 1.0000000000000000E+00   1.0000000000000000E+00   1.0000000000000000E+00   1.0000000000000000E+00   1.0000000000000000E+00   1.0000000000000000E+00   1.0000000000000000E+00   1.0000000000000000E+00   1.0000000000000000E+00   1.0000000000000000E+00   1.0000000000000000E+00
 1.0000000000000000E+00   1.0000000000000000E+00   1.0000000000000000E+00   1.0000000000000000E+00   1.0000000000000000E+00   1.0000000000000000E+00   1.0000000000000000E+00   1.0000000000000000E+00   1.0000000000000000E+00   1.0000000000000000E+00   1.0000000000000000E+00
 1.0000000000000000E+00   1.0000000000000000E+00   1.0000000000000000E+00   1.0000000000000000E+00   1.0000000000000000E+00   1.0000000000000000E+00   1.0000000000000000E+00   1.0000000000000000E+00   1.0000000000000000E+00   1.0000000000000000E+00   1.0000000000000000E+00
 1.0000000000000000E+00   1.0000000000000000E+00   1.0000000000000000E+00   1.0000000000000000E+00   1.0000000000000000E+00   1.0000000000000000E+00   1.0000000000000000E+00   1.0000000000000000E+00   1.0000000000000000E+00   1.0000000000000000E+00   1.0000000000000000E+00
 1.0000000000000000E+00   1.0000000000000000E+00   1.0000000000000000E+00   1.0000000000000000E+00   1.0000000000000000E+00   1.0000000000000000E+00   1.0000000000000000E+00   1.0000000000000000E+00   1.0000000000000000E+00   1.0000000000000000E+00   1.0000000000000000E+00
 1.0000000000000000E+00   1.0000000000000000E+00   1.0000000000000000E+00   1.0000000000000000E+00   1.0000000000000000E+00   1.0000000000000000E+00   1.0000000000000000E+00   1.0000000000000000E+00   1.0000000000000000E+00   1.0000000000000000E+00   1.0000000000000000E+00
 1.0000000000000000E+00   1.0000000000000000E+00   1.0000000000000000E+00   1.0000000000000000E+00   1.0000000000000000E+00   1.0000000000000000E+00   1.0000000000000000E+00   1.0000000000000000E+00   1.0000000000000000E+00   1.0000000000000000E+00   1.0000000000000000E+00
 1.0000000000000000E+00   1.0000000000000000E+00   1.0000000000000000E+00   1.0000000000000000E+00   1.0000000000000000E+00   1.0000000000000000E+00   1.0000000000000000E+00   1.0000000000000000E+00   1.0000000000000000E+00   1.0000000000000000E+00   1.0000000000000000E+00
 1.0000000000000000E+00   1.0000000000000000E+00   1.0000000000000000E+00   1.0000000000000000E+00   1.0000000000000000E+00   1.0000000000000000E+00   1.0000000000000000E+00   1.0000000000000000E+00   1.0000000000000000E+00   1.0000000000000000E+00   1.0000000000000000E+00
 1.0000000000000000E+00   1.0000000000000000E+00   1.0000000000000000E+00   1.0000000000000000E+00   1.0000000000000000E+00   1.0000000000000000E+00   1.0000000000000000E+00   1.0000000000000000E+00   1.0000000000000000E+00   1.0000000000000000E+00   1.0000000000000000E+00
 1.0000000000000000E+00   1.0000000000000000E+00   1.0000000000000000E+00   1.0000000000000000E+00   1.0000000000000000E+00   1.0000000000000000E+00   1.0000000000000000E+00   1.0000000000000000E+00   1.0000000000000000E+00   1.0000000000000000E+00   1.0000000000000000E+00
 1.0000000000000000E+00   1.0000000000000000E+00   1.0000000000000000E+00   1.0000000000000000E+00   1.0000000000000000E+00   1.0000000000000000E+00   1.0000000000000000E+00   1.0000000000000000E+00   1.0000000000000000E+00   1.0000000000000000E+00   1.0000000000000000E+00
 1.0000000000000000E+00   1.0000000000000000E+00   1.0000000000000000E+00   1.0000000000000000E+00   1.0000000000000000E+00   1.0000000000000000E+00   1.0000000000000000E+00   1.0000000000000000E+00   1.0000000000000000E+00   1.0000000000000000E+00   1.0000000000000000E+00
 1.0000000000000000E+00   1.0000000000000000E+00   1.0000000000000000E+00   1.0000000000000000E+00   1.0000000000000000E+00   1.0000000000000000E+00   1.0000000000000000E+00   1.0000000000000000E+00   1.0000000000000000E+00   1.0000000000000000E+00   1.0000000000000000E+00
 1.0000000000000000E+00   1.0000000000000000E+00   1.0000000000000000E+00   1.0000000000000000E+00   1.0000000000000000E+00   1.0000000000000000E+00   1.0000000000000000E+00   1.0000000000000000E+00   1.0000000000000000E+00   1.0000000000000000E+00   1.0000000000000000E+00
 1.0000000000000000E+00   1.0000000000000000E+00   1.0000000000000000E+00   1.0000000000000000E+00   1.0000000000000000E+00   1.0000000000000000E+00   1.0000000000000000E+00   1.0000000000000000E+00   1.0000000000000000E+00   1.0000000000000000E+00   1.0000000000000000E+00
 1.0000000000000000E+00   1.0000000000000000E+00   1.0000000000000000E+00   1.0000000000000000E+00   1.0000000000000000E+00   1.0000000000000000E+00   1.0000000000000000E+00   1.0000000000000000E+00   1.0000000000000000E+00   1.0000000000000000E+00   1.0000000000000000E+00
 1.0000000000000000E+00   1.0000000000000000E+00   1.0000000000000000E+00   1.0000000000000000E+00   1.0000000000000000E+00   1.0000000000000000E+00   1.0000000000000000E+00   1.0000000000000000E+00   1.0000000000000000E+00   1.0000000000000000E+00   1.0000000000000000E+00
 1.0000000000000000E+00   1.0000000000000000E+00   1.0000000000000000E+00   1.0000000000000000E+00   1.0000000000000000E+00   1.0000000000000000E+00   1.0000000000000000E+00   1.0000000000000000E+00   1.0000000000000000E+00   1.0000000000000000E+00   1.0000000000000000E+00
 1.0000000000000000E+00   1.0000000000000000E+00   1.0000000000000000E+00   1.0000000000000000E+00   1.0000000000000000E+00   1.0000000000000000E+00   1.0000000000000000E+00   1.0000000000000000E+00   1.0000000000000000E+00   1.0000000000000000E+00   1.0000000000000000E+00
 1.0000000000000000E+00   1.0000000000000000E+00   1.0000000000000000E+00   1.0000000000000000E+00   1.0000000000000000E+00   1.0000000000000000E+00   1.0000000000000000E+00   1.0000000000000000E+00   1.0000000000000000E+00   1.0000000000000000E+00   1.0000000000000000E+00
 1.0000000000000000E+00   1.0000000000000000E+00   1.0000000000000000E+00   1.0000000000000000E+00   1.0000000000000000E+00   1.0000000000000000E+00   1.0000000000000000E+00   1.0000000000000000E+00   1.0000000000000000E+00   1.0000000000000000E+00   1.0000000000000000E+00
 1.0000000000000000E+00   1.0000000000000000E+00   1.0000000000000000E+00   1.0000000000000000E+00   1.0000000000000000E+00   1.0000000000000000E+00   1.0000000000000000E+00   1.0000000000000000E+00   1.0000000000000000E+00   1.0000000000000000E+00   1.0000000000000000E+00
 1.0000000000000000E+00   1.0000000000000000E+00   1.0000000000000000E+00   1.0000000000000000E+00   1.0000000000000000E+00   1.0000000000000000E+00   1.0000000000000000E+00   1.0000000000000000E+00   1.0000000000000000E+00   1.0000000000000000E+00   1.0000000000000000E+00
 1.0000000000000000E+00   1.0000000000000000E+00   1.0000000000000000E+00   1.0000000000000000E+00   1.0000000000000000E+00   1.0000000000000000E+00   1.0000000000000000E+00   1.0000000000000000E+00   1.0000000000000000E+00   1.0000000000000000E+00   1.0000000000000000E+00
 1.0000000000000000E+00   1.0000000000000000E+00   1.0000000000000000E+00   1.0000000000000000E+00   1.0000000000000000E+00   1.0000000000000000E+00   1.0000000000000000E+00   1.0000000000000000E+00   1.0000000000000000E+00   1.0000000000000000E+00   1.0000000000000000E+00
 1.0000000000000000E+00   1.0000000000000000E+00   1.0000000000000000E+00   1.0000000000000000E+00   1.0000000000000000E+00   1.0000000000000000E+00   1.0000000000000000E+00   1.0000000000000000E+00   1.0000000000000000E+00   1.0000000000000000E+00   1.0000000000000000E+00
 1.0000000000000000E+00   1.0000000000000000E+00   1.0000000000000000E+00   1.0000000000000000E+00   1.0000000000000000E+00   1.0000000000000000E+00   1.0000000000000000E+00   1.0000000000000000E+00   1.0000000000000000E+00   1.0000000000000000E+00   1.0000000000000000E+00
 1.0000000000000000E+00   1.0000000000000000E+00   1.0000000000000000E+00   1.0000000000000000E+00   1.0000000000000000E+00   1.0000000000000000E+00   1.0000000000000000E+00   1.0000000000000000E+00   1.0000000000000000E+00   1.0000000000000000E+00   1.0000000000000000E+00
 1.0000000000000000E+00   1.0000000000000000E+00   1.0000000000000000E+00   1.0000000000000000E+00   1.0000000000000000E+00   1.0000000000000000E+00   1.0000000000000000E+00   1.0000000000000000E+00   1.0000000000000000E+00   1.0000000000000000E+00   1.0000000000000000E+00
 1.0000000000000000E+00   1.0000000000000000E+00   1.0000000000000000E+00   1.0000000000000000E+00   1.0000000000000000E+00   1.0000000000000000E+00   1.0000000000000000E+00   1.0000000000000000E+00   9.9999999999999922E-01   9.9999999999999922E-01   9.9999999999999922E-01
 9.9999999999999922E-01   9.9999999999999922E-01   9.9999999999999922E-01   9.9999999999999922E-01   9.9999999999999922E-01   9.9999999999999922E-01   9.9999999999999922E-01   9.9999999999999922E-01   9.9999999999999922E-01   9.9999999999999922E-01   9.9999999999999922E-01
 9.9999999999999922E-01   9.9999999999999922E-01   9.9999999999999922E-01   9.9999999999999922E-01   9.9999999999999922E-01   9.9999999999999922E-01   9.9999999999999922E-01   9.9999999999999922E-01   9.9999999999999922E-01   9.9999999999999922E-01   9.9999999999999922E-01
 9.9999999999999922E-01   9.9999999999999922E-01   9.9999999999999922E-01   9.9999999999999922E-01   9.9999999999999922E-01   9.9999999999999922E-01   9.9999999999999922E-01   9.9999999999999922E-01   9.9999999999999922E-01   9.9999999999999922E-01   9.9999999999999911E-01
 9.9999999999999911E-01   9.9999999999999911E-01   9.9999999999999911E-01   9.9999999999999911E-01   9.9999999999998990E-01   9.9999999999998990E-01   9.9999999999998990E-01   9.9999999999998990E-01   9.9999999999998990E-01   9.9999999999998990E-01   9.9999999999998990E-01
 9.9999999999998990E-01   9.9999999999998990E-01   9.9999999999998990E-01   9.9999999999998990E-01   9.9999999999998990E-01   9.9999999999998990E-01   9.9999999999998990E-01   9.9999999999998990E-01   9.9999999999998990E-01   9.9999999999998990E-01   9.9999999999998990E-01
 9.9999999999998990E-01   9.9999999999998990E-01   9.9999999999998990E-01   9.9999999999998990E-01   9.9999999999998990E-01   9.9999999999998990E-01   9.9999999999998990E-01   9.9999999999998990E-01   9.9999999999998990E-01   9.9999999999998990E-01   9.9999999999998990E-01
 9.9999999999998990E-01   9.9999999999998990E-01   9.9999999999998990E-01   9.9999999999998990E-01   9.9999999999998990E-01   9.9999999999998990E-01   9.9999999999998990E-01   9.9999999999998979E-01   9.9999999999998967E-01   9.9999999999998979E-01   9.9999999999998967E-01
 9.9999999999990408E-01   9.9999999999990419E-01   9.9999999999990408E-01   9.9999999999990408E-01   9.9999999999990419E-01   9.9999999999990408E-01   9.9999999999990419E-01   9.9999999999990408E-01   9.9999999999990408E-01   9.9999999999990408E-01   9.9999999999990419E-01
 9.9999999999990408E-01   9.9999999999990408E-01   9.9999999999990408E-01   9.9999999999990419E-01   9.9999999999990408E-01   9.9999999999990408E-01   9.9999999999990408E-01   9.9999999999990408E-01   9.9999999999990419E-01   9.9999999999990419E-01   9.9999999999990408E-01
 9.9999999999990419E-01   9.9999999999990419E-01   9.9999999999990419E-01   9.9999999999990408E-01   9.9999999999990408E-01   9.9999999999990408E-01   9.9999999999990408E-01   9.9999999999990408E-01   9.9999999999990419E-01   9.9999999999990408E-01   9.9999999999990408E-01
 9.9999999999990419E-01   9.9999999999990408E-01   9.9999999999990408E-01   9.9999999999990408E-01   9.9999999999990408E-01   9.9999999999990408E-01   9.9999999999990408E-01   9.9999999999922362E-01   9.9999999999922384E-01   9.9999999999922384E-01   9.9999999999922384E-01
 9.9999999999922395E-01   9.9999999999922384E-01   9.9999999999922384E-01   9.9999999999922373E-01   9.9999999999922384E-01   9.9999999999922384E-01   9.9999999999922384E-01   9.9999999999922384E-01   9.9999999999922384E-01   9.9999999999922384E-01   9.9999999999922384E-01
 9.9999999999922384E-01   9.9999999999922384E-01   9.9999999999922384E-01   9.9999999999922384E-01   9.9999999999922384E-01   9.9999999999922384E-01   9.9999999999922395E-01   9.9999999999922384E-01   9.9999999999922384E-01   9.9999999999922384E-01   9.9999999999922373E-01
 9.9999999999922384E-01   9.9999999999922384E-01   9.9999999999922384E-01   9.9999999999922384E-01   9.9999999999922384E-01   9.9999999999922384E-01   9.9999999999922384E-01   9.9999999999922395E-01   9.9999999999922384E-01   9.9999999999922384E-01   9.9999999999922362E-01
 9.9999999999922351E-01   9.9999999999922340E-01   9.9999999999922340E-01   9.9999999999448452E-01   9.9999999999448430E-01   9.9999999999448430E-01   9.9999999999448441E-01   9.9999999999448430E-01   9.9999999999448441E-01   9.9999999999448430E-01   9.9999999999448441E-01
 9.9999999999448441E-01   9.9999999999448441E-01   9.9999999999448430E-01   9.9999999999448452E-01   9.9999999999448430E-01   9.9999999999448441E-01   9.9999999999448430E-01   9.9999999999448441E-01   9.9999999999448430E-01   9.9999999999448430E-01   9.9999999999448441E-01
 9.9999999999448430E-01   9.9999999999448441E-01   9.9999999999448441E-01   9.9999999999448441E-01   9.9999999999448430E-01   9.9999999999448452E-01   9.9999999999448441E-01   9.9999999999448430E-01   9.9999999999448441E-01   9.9999999999448441E-01   9.9999999999448441E-01
 9.9999999999448430E-01   9.9999999999448441E-01   9.9999999999448430E-01   9.9999999999448430E-01   9.9999999999448441E-01   9.9999999999448430E-01   9.9999999999448441E-01   9.9999999999448419E-01   9.9999999999448419E-01   9.9999999999448408E-01   9.9999999992633515E-01
 9.9999999992633526E-01   9.9999999992633526E-01   9.9999999992633526E-01   9.9999999992633526E-01   9.9999999992633526E-01   9.9999999992633526E-01   9.9999999992633526E-01   9.9999999992633526E-01   9.9999999992633526E-01   9.9999999992633526E-01   9.9999999992633526E-01
 9.9999999992633526E-01   9.9999999992633526E-01   9.9999999992633526E-01   9.9999999992633526E-01   9.9999999992633526E-01   9.9999999992633526E-01   9.9999999992633526E-01   9.9999999992633526E-01   9.9999999992633526E-01   9.9999999992633526E-01   9.9999999992633526E-01
 9.9999999992633526E-01   9.9999999992633526E-01   9.9999999992633526E-01   9.9999999992633526E-01   9.9999999992633526E-01   9.9999999992633526E-01   9.9999999992633526E-01   9.9999999992633526E-01   9.9999999992633526E-01   9.9999999992633526E-01   9.9999999992633526E-01
 9.9999999992633526E-01   9.9999999992633515E-01   9.9999999992633515E-01   9.9999999992633504E-01   9.9999999992633504E-01   9.9999999992633459E-01   9.9999999365593373E-01   9.9999999365593362E-01   9.9999999365593362E-01   9.9999999365593362E-01   9.9999999365593362E-01
 9.9999999365593362E-01   9.9999999365593373E-01   9.9999999365593362E-01   9.9999999365593362E-01   9.9999999365593362E-01   9.9999999365593362E-01   9.9999999365593362E-01   9.9999999365593362E-01   9.9999999365593362E-01   9.9999999365593362E-01   9.9999999365593362E-01
 9.9999999365593362E-01   9.9999999365593362E-01   9.9999999365593373E-01   9.9999999365593362E-01   9.9999999365593373E-01   9.9999999365593362E-01   9.9999999365593362E-01   9.9999999365593373E-01   9.9999999365593362E-01   9.9999999365593362E-01   9.9999999365593362E-01
 9.9999999365593362E-01   9.9999999365593362E-01   9.9999999365593362E-01   9.9999999365593362E-01   9.9999999365593362E-01   9.9999999365593362E-01   9.9999999365593362E-01   9.9999999365593362E-01   9.9999999365593362E-01   9.9999999365593362E-01   9.9999999365593362E-01
 9.9999999365593339E-01   9.9999999365593339E-01   9.9999962987458002E-01   9.9999962987458002E-01   9.9999962987458002E-01   9.9999962987458002E-01   9.9999962987458002E-01   9.9999962987458002E-01   9.9999962987458002E-01   9.9999962987458002E-01   9.9999962987458002E-01
 9.9999962987458002E-01   9.9999962987458002E-01   9.9999962987458002E-01   9.9999962987458002E-01   9.9999962987458002E-01   9.9999962987458002E-01   9.9999962987458002E-01   9.9999962987458002E-01   9.9999962987458002E-01   9.9999962987458002E-01   9.9999962987458002E-01
 9.9999962987458002E-01   9.9999962987458002E-01   9.9999962987458002E-01   9.9999962987458002E-01   9.9999962987458002E-01   9.9999962987458002E-01   9.9999962987458002E-01   9.9999962987458002E-01   9.9999962987457991E-01   9.9999962987458002E-01   9.9999962987458002E-01
 9.9999962987458002E-01   9.9999962987458002E-01   9.9999962987458002E-01   9.9999962987458002E-01   9.9999962987458002E-01   9.9999962987458002E-01   9.9999962987458002E-01   9.9999962987458002E-01   9.9999962987457991E-01   9.9999552738023323E-01   9.9999552738023345E-01
 9.9999552738023345E-01   9.9999552738023345E-01   9.9999552738023345E-01   9.9999552738023345E-01   9.9999552738023345E-01   9.9999552738023345E-01   9.9999552738023345E-01   9.9999552738023345E-01   9.9999552738023345E-01   9.9999552738023345E-01   9.9999552738023345E-01
 9.9999552738023345E-01   9.9999552738023345E-01   9.9999552738023345E-01   9.9999552738023345E-01   9.9999552738023345E-01   9.9999552738023345E-01   9.9999552738023345E-01   9.9999552738023345E-01   9.9999552738023345E-01   9.9999552738023345E-01   9.9999552738023345E-01
 9.9999552738023345E-01   9.9999552738023345E-01   9.9999552738023345E-01   9.9999552738023345E-01   9.9999552738023345E-01   9.9999552738023345E-01   9.9999552738023345E-01   9.9999552738023356E-01   9.9999552738023345E-01   9.9999552738023345E-01   9.9999552738023345E-01
 9.9999552738023345E-01   9.9999552738023345E-01   9.9999552738023345E-01   9.9999552738023345E-01   9.9999552738023345E-01
 6.2365334827917888E-04   6.2365334820282936E-04   6.2365334825560659E-04   6.2365334838484750E-04   6.2365334851715605E-04   6.2365334863019974E-04   6.2365334872214843E-04   6.2365334880029534E-04   6.2365334886683662E-04   6.2365334892393667E-04   6.2365334897369938E-04
 6.2365334901536430E-04   6.2365334904869864E-04   6.2365334907569581E-04   6.2365334909754173E-04   6.2365334911405131E-04   6.2365334912809899E-04   6.2365334913857379E-04   6.2365334914686675E-04   6.2365334915384760E-04   6.2365334915935686E-04   6.2365334916401807E-04
 6.2365334916810182E-04   6.2365334917154568E-04   6.2365334917482951E-04   6.2365334917759900E-04   6.2365334918128171E-04   6.2365334918529889E-04   6.2365334919238361E-04   6.2365334920431894E-04   6.2365334922508304E-04   6.2365334926256575E-04   6.2365334932497384E-04
 6.2365334942302269E-04   6.2365334956918355E-04   6.2365334976903334E-04   6.2365335001665666E-04   6.2365335028366671E-04   6.2365335050961412E-04   6.2365335068176808E-04   6.5513190924507039E-04   6.5513190919989017E-04   6.5513190915295473E-04   6.5513190910830067E-04
 6.5513190906876133E-04   6.5513190903746313E-04   6.5513190901577496E-04   6.5513190900333006E-04   6.5513190899820026E-04   6.5513190899985747E-04   6.5513190900478506E-04   6.5513190901290053E-04   6.5513190902182828E-04   6.5513190903259506E-04   6.5513190904200539E-04
 6.5513190905179010E-04   6.5513190906146455E-04   6.5513190907042157E-04   6.5513190907811757E-04   6.5513190908525671E-04   6.5513190909213218E-04   6.5513190909801333E-04   6.5513190910379191E-04   6.5513190910830674E-04   6.5513190911237890E-04   6.5513190911710201E-04
 6.5513190912035060E-04   6.5513190912482088E-04   6.5513190912951970E-04   6.5513190913643149E-04   6.5513190914687409E-04   6.5513190916373560E-04   6.5513190919111420E-04   6.5513190923476602E-04   6.5513190929977067E-04   6.5513190938954846E-04   6.5513190950465820E-04
 6.5513190963706976E-04   6.5513190976697398E-04   6.5513190993621653E-04   6.5683563114393717E-04   6.5683563112093051E-04   6.5683563110102000E-04   6.5683563108039067E-04   6.5683563106134287E-04   6.5683563104408909E-04   6.5683563103020512E-04   6.5683563102002305E-04
 6.5683563101295275E-04   6.5683563100793453E-04   6.5683563100532225E-04   6.5683563100391398E-04   6.5683563100346252E-04   6.5683563100426157E-04   6.5683563100558799E-04   6.5683563100712300E-04   6.5683563100916477E-04   6.5683563101127192E-04   6.5683563101367819E-04
 6.5683563101650059E-04   6.5683563101911081E-04   6.5683563102198318E-04   6.5683563102466442E-04   6.5683563102727376E-04   6.5683563103019200E-04   6.5683563103312488E-04   6.5683563103500835E-04   6.5683563103879482E-04   6.5683563104129564E-04   6.5683563104633415E-04
 6.5683563105245761E-04   6.5683563106201258E-04   6.5683563107783488E-04   6.5683563110143688E-04   6.5683563113658335E-04   6.5683563118577415E-04   6.5683563124929929E-04   6.5683563132364813E-04   6.5683563139917603E-04   6.5683563150264893E-04   6.5684855384467934E-04
 6.5684855383191763E-04   6.5684855382136260E-04   6.5684855381055180E-04   6.5684855379967411E-04   6.5684855379011904E-04   6.5684855378297057E-04   6.5684855377614866E-04   6.5684855377176848E-04   6.5684855376846058E-04   6.5684855376567397E-04   6.5684855376381770E-04
 6.5684855376318214E-04   6.5684855376178938E-04   6.5684855376137955E-04   6.5684855376111012E-04   6.5684855376094923E-04   6.5684855376082747E-04   6.5684855376120239E-04   6.5684855376180011E-04   6.5684855376230036E-04   6.5684855376333870E-04   6.5684855376343400E-04
 6.5684855376499623E-04   6.5684855376516352E-04   6.5684855376662882E-04   6.5684855376816449E-04   6.5684855376952158E-04   6.5684855377098612E-04   6.5684855377371267E-04   6.5684855377732675E-04   6.5684855378303074E-04   6.5684855379291650E-04   6.5684855380630357E-04
 6.5684855382869289E-04   6.5684855385869114E-04   6.5684855389751978E-04   6.5684855394353842E-04   6.5684855399110052E-04   6.5684855405636841E-04   6.5684863142935262E-04   6.5684863142196628E-04   6.5684863141604512E-04   6.5684863140924241E-04   6.5684863140323376E-04
 6.5684863139727010E-04   6.5684863139241537E-04   6.5684863138812930E-04   6.5684863138556506E-04   6.5684863138274255E-04   6.5684863138133591E-04   6.5684863138005037E-04   6.5684863137879844E-04   6.5684863137771088E-04   6.5684863137676773E-04   6.5684863137600922E-04
 6.5684863137596987E-04   6.5684863137503680E-04   6.5684863137482007E-04   6.5684863137485466E-04   6.5684863137451736E-04   6.5684863137393590E-04   6.5684863137449470E-04   6.5684863137379561E-04   6.5684863137470439E-04   6.5684863137470211E-04   6.5684863137521537E-04
 6.5684863137522058E-04   6.5684863137674117E-04   6.5684863137757048E-04   6.5684863137965919E-04   6.5684863138336478E-04   6.5684863138951470E-04   6.5684863139816175E-04   6.5684863141272638E-04   6.5684863143234643E-04   6.5684863145784166E-04   6.5684863148810163E-04
 6.5684863151922106E-04   6.5684863156235506E-04   6.5684863861806893E-04   6.5684863861292830E-04   6.5684863860927725E-04   6.5684863860486346E-04   6.5684863860115202E-04   6.5684863859756927E-04   6.5684863859428739E-04   6.5684863859170038E-04   6.5684863858989258E-04
 6.5684863858836223E-04   6.5684863858722262E-04   6.5684863858617647E-04   6.5684863858535042E-04   6.5684863858448328E-04   6.5684863858385260E-04   6.5684863858356344E-04   6.5684863858271017E-04   6.5684863858239456E-04   6.5684863858192033E-04   6.5684863858159355E-04
 6.5684863858132359E-04   6.5684863858113125E-04   6.5684863858111325E-04   6.5684863858050989E-04   6.5684863858044517E-04   6.5684863858021629E-04   6.5684863858016566E-04   6.5684863858110750E-04   6.5684863858068662E-04   6.5684863858150985E-04   6.5684863858307761E-04
 6.5684863858506972E-04   6.5684863858849797E-04   6.5684863859480597E-04   6.5684863860407123E-04   6.5684863861703124E-04   6.5684863863471610E-04   6.5684863865496672E-04   6.5684863867621274E-04   6.5684863870532791E-04   6.5684863954165750E-04   6.5684863953875119E-04
 6.5684863953609934E-04   6.5684863953310933E-04   6.5684863953086232E-04   6.5684863952809446E-04   6.5684863952609270E-04   6.5684863952430019E-04   6.5684863952343911E-04   6.5684863952222643E-04   6.5684863952147855E-04   6.5684863952092149E-04   6.5684863952014357E-04
 6.5684863951969048E-04   6.5684863951958618E-04   6.5684863951845265E-04   6.5684863951832450E-04   6.5684863951802515E-04   6.5684863951806082E-04   6.5684863951712331E-04   6.5684863951718489E-04   6.5684863951674590E-04   6.5684863951662013E-04   6.5684863951650011E-04
 6.5684863951643159E-04   6.5684863951587648E-04   6.5684863951594803E-04   6.5684863951607326E-04   6.5684863951563221E-04   6.5684863951635428E-04   6.5684863951713458E-04   6.5684863951877195E-04   6.5684863952113291E-04   6.5684863952488587E-04   6.5684863953170637E-04
 6.5684863954043647E-04   6.5684863955291347E-04   6.5684863956654233E-04   6.5684863958157631E-04   6.5684863960135183E-04   6.5684863964258111E-04   6.5684863964010794E-04   6.5684863963858344E-04   6.5684863963651587E-04   6.5684863963486214E-04   6.5684863963276171E-04
 6.5684863963168640E-04   6.5684863963071669E-04   6.5684863962959627E-04   6.5684863962886422E-04   6.5684863962823029E-04   6.5684863962785429E-04   6.5684863962751526E-04   6.5684863962704005E-04   6.5684863962679101E-04   6.5684863962649893E-04   6.5684863962607858E-04
 6.5684863962601971E-04   6.5684863962573131E-04   6.5684863962564674E-04   6.5684863962512914E-04   6.5684863962504501E-04   6.5684863962473103E-04   6.5684863962441325E-04   6.5684863962427544E-04   6.5684863962413558E-04   6.5684863962410696E-04   6.5684863962406576E-04
 6.5684863962388459E-04   6.5684863962432228E-04   6.5684863962471324E-04   6.5684863962578628E-04   6.5684863962768613E-04   6.5684863963005077E-04   6.5684863963496633E-04   6.5684863964143262E-04   6.5684863964963081E-04   6.5684863965987544E-04   6.5684863967009339E-04
 6.5684863968474335E-04   6.5684863965002015E-04   6.5684863964867910E-04   6.5684863964724416E-04   6.5684863964587047E-04   6.5684863964447955E-04   6.5684863964310283E-04   6.5684863964229022E-04   6.5684863964123291E-04   6.5684863964076887E-04   6.5684863964034375E-04
 6.5684863963995940E-04   6.5684863963951629E-04   6.5684863963918680E-04   6.5684863963891022E-04   6.5684863963881991E-04   6.5684863963855200E-04   6.5684863963823162E-04   6.5684863963818305E-04   6.5684863963792880E-04   6.5684863963789270E-04   6.5684863963736827E-04
 6.5684863963730267E-04   6.5684863963701905E-04   6.5684863963728338E-04   6.5684863963677142E-04   6.5684863963680112E-04   6.5684863963665172E-04   6.5684863963658678E-04   6.5684863963635085E-04   6.5684863963650340E-04   6.5684863963694445E-04   6.5684863963804438E-04
 6.5684863963885146E-04   6.5684863964091762E-04   6.5684863964455653E-04   6.5684863964856884E-04   6.5684863965529360E-04   6.5684863966252772E-04   6.5684863967018382E-04   6.5684863968049447E-04   6.5684863964894365E-04   6.5684863964805308E-04   6.5684863964699707E-04
 6.5684863964588728E-04   6.5684863964493795E-04   6.5684863964414497E-04   6.5684863964319954E-04   6.5684863964281801E-04   6.5684863964213572E-04   6.5684863964176677E-04   6.5684863964155871E-04   6.5684863964134241E-04   6.5684863964113381E-04   6.5684863964086916E-04
 6.5684863964049760E-04   6.5684863964049511E-04   6.5684863964027241E-04   6.5684863964005048E-04   6.5684863964002164E-04   6.5684863964006815E-04   6.5684863963978983E-04   6.5684863963948593E-04   6.5684863963957625E-04   6.5684863963959305E-04   6.5684863963908608E-04
 6.5684863963912034E-04   6.5684863963887217E-04   6.5684863963894611E-04   6.5684863963873491E-04   6.5684863963914907E-04   6.5684863963921044E-04   6.5684863963980285E-04   6.5684863964046193E-04   6.5684863964224740E-04   6.5684863964453550E-04   6.5684863964828033E-04
 6.5684863965284059E-04   6.5684863965800649E-04   6.5684863966422634E-04   6.5684863967239776E-04   6.5684863964767036E-04   6.5684863964710798E-04   6.5684863964608070E-04   6.5684863964546379E-04   6.5684863964457973E-04   6.5684863964447413E-04   6.5684863964338147E-04
 6.5684863964301469E-04   6.5684863964256680E-04   6.5684863964225238E-04   6.5684863964210255E-04   6.5684863964185437E-04   6.5684863964174400E-04   6.5684863964166258E-04   6.5684863964133558E-04   6.5684863964146894E-04   6.5684863964129080E-04   6.5684863964082373E-04
 6.5684863964107613E-04   6.5684863964071173E-04   6.5684863964084303E-04   6.5684863964055376E-04   6.5684863964043971E-04   6.5684863964062456E-04   6.5684863964032077E-04   6.5684863963998933E-04   6.5684863963997133E-04   6.5684863964042832E-04   6.5684863963983017E-04
 6.5684863964004549E-04   6.5684863964037888E-04   6.5684863964067357E-04   6.5684863964119865E-04   6.5684863964252235E-04   6.5684863964449874E-04   6.5684863964683194E-04   6.5684863965067902E-04   6.5684863965490817E-04   6.5684863965901491E-04   6.5684863966574162E-04
 6.5684863964707849E-04   6.5684863964606726E-04   6.5684863964585085E-04   6.5684863964499997E-04   6.5684863964441201E-04   6.5684863964387522E-04   6.5684863964346940E-04   6.5684863964313276E-04   6.5684863964283330E-04   6.5684863964271100E-04   6.5684863964257374E-04
 6.5684863964242239E-04   6.5684863964234042E-04   6.5684863964204194E-04   6.5684863964201202E-04   6.5684863964183540E-04   6.5684863964152131E-04   6.5684863964168144E-04   6.5684863964150179E-04   6.5684863964153724E-04   6.5684863964119995E-04   6.5684863964134697E-04
 6.5684863964122348E-04   6.5684863964120732E-04   6.5684863964092239E-04   6.5684863964106908E-04   6.5684863964098679E-04   6.5684863964083479E-04   6.5684863964070794E-04   6.5684863964081029E-04   6.5684863964107570E-04   6.5684863964096468E-04   6.5684863964190685E-04
 6.5684863964267349E-04   6.5684863964400315E-04   6.5684863964618229E-04   6.5684863964916873E-04   6.5684863965214323E-04   6.5684863965583765E-04   6.5684863966055035E-04   6.5684863964629353E-04   6.5684863964569776E-04   6.5684863964520965E-04   6.5684863964473651E-04
 6.5684863964441840E-04   6.5684863964374240E-04   6.5684863964352285E-04   6.5684863964337193E-04   6.5684863964303518E-04   6.5684863964304830E-04   6.5684863964258686E-04   6.5684863964250500E-04   6.5684863964251671E-04   6.5684863964249915E-04   6.5684863964215838E-04
 6.5684863964211415E-04   6.5684863964217844E-04   6.5684863964203110E-04   6.5684863964177360E-04   6.5684863964217757E-04   6.5684863964173890E-04   6.5684863964180656E-04   6.5684863964169640E-04   6.5684863964158560E-04   6.5684863964152759E-04   6.5684863964149940E-04
 6.5684863964159362E-04   6.5684863964110595E-04   6.5684863964135998E-04   6.5684863964145159E-04   6.5684863964150699E-04   6.5684863964166485E-04   6.5684863964220641E-04   6.5684863964259087E-04   6.5684863964404934E-04   6.5684863964560690E-04   6.5684863964798911E-04
 6.5684863965021867E-04   6.5684863965336058E-04   6.5684863965716276E-04   6.5684863964575880E-04   6.5684863964510427E-04   6.5684863964483452E-04   6.5684863964457333E-04   6.5684863964431855E-04   6.5684863964386134E-04   6.5684863964359170E-04   6.5684863964321396E-04
 6.5684863964319998E-04   6.5684863964280587E-04   6.5684863964288827E-04   6.5684863964273952E-04   6.5684863964268368E-04   6.5684863964262871E-04   6.5684863964268281E-04   6.5684863964241100E-04   6.5684863964242520E-04   6.5684863964227504E-04   6.5684863964242076E-04
 6.5684863964220316E-04   6.5684863964213594E-04   6.5684863964236102E-04   6.5684863964177804E-04   6.5684863964200735E-04   6.5684863964196572E-04   6.5684863964191043E-04   6.5684863964183984E-04   6.5684863964174281E-04   6.5684863964163287E-04   6.5684863964167082E-04
 6.5684863964198187E-04   6.5684863964219893E-04   6.5684863964235007E-04   6.5684863964284685E-04   6.5684863964390308E-04   6.5684863964516141E-04   6.5684863964702645E-04   6.5684863964921686E-04   6.5684863965145563E-04   6.5684863965445226E-04   6.5684863964549328E-04
 6.5684863964492581E-04   6.5684863964458765E-04   6.5684863964438913E-04   6.5684863964394818E-04   6.5684863964374587E-04   6.5684863964361317E-04   6.5684863964336716E-04   6.5684863964315195E-04   6.5684863964309817E-04   6.5684863964296210E-04   6.5684863964297349E-04
 6.5684863964282365E-04   6.5684863964281031E-04   6.5684863964282365E-04   6.5684863964263272E-04   6.5684863964267164E-04   6.5684863964268552E-04   6.5684863964242943E-04   6.5684863964248559E-04   6.5684863964236015E-04   6.5684863964233424E-04   6.5684863964236156E-04
 6.5684863964237479E-04   6.5684863964215752E-04   6.5684863964196605E-04   6.5684863964224805E-04   6.5684863964212477E-04   6.5684863964194913E-04   6.5684863964214114E-04   6.5684863964210981E-04   6.5684863964229922E-04   6.5684863964268834E-04   6.5684863964306738E-04
 6.5684863964374425E-04   6.5684863964486932E-04   6.5684863964618641E-04   6.5684863964811846E-04   6.5684863965018148E-04   6.5684863965225296E-04   6.5684863964489513E-04   6.5684863964483127E-04   6.5684863964459751E-04   6.5684863964404966E-04   6.5684863964399990E-04
 6.5684863964382318E-04   6.5684863964344327E-04   6.5684863964344457E-04   6.5684863964344208E-04   6.5684863964314392E-04   6.5684863964312950E-04   6.5684863964303214E-04   6.5684863964297847E-04   6.5684863964284490E-04   6.5684863964297977E-04   6.5684863964269777E-04
 6.5684863964291375E-04   6.5684863964276315E-04   6.5684863964272444E-04   6.5684863964272152E-04   6.5684863964262925E-04   6.5684863964224946E-04   6.5684863964265354E-04   6.5684863964255824E-04   6.5684863964232676E-04   6.5684863964238097E-04   6.5684863964239528E-04
 6.5684863964224620E-04   6.5684863964243507E-04   6.5684863964238032E-04   6.5684863964242228E-04   6.5684863964247605E-04   6.5684863964267999E-04   6.5684863964323174E-04   6.5684863964362195E-04   6.5684863964458157E-04   6.5684863964596144E-04   6.5684863964736678E-04
 6.5684863964882384E-04   6.5684863965068119E-04   6.5684863964480449E-04   6.5684863964456011E-04   6.5684863964420243E-04   6.5684863964411125E-04   6.5684863964400163E-04   6.5684863964350464E-04   6.5684863964361197E-04   6.5684863964339351E-04   6.5684863964324605E-04
 6.5684863964323218E-04   6.5684863964320507E-04   6.5684863964310001E-04   6.5684863964282896E-04   6.5684863964319271E-04   6.5684863964312538E-04   6.5684863964285216E-04   6.5684863964286658E-04   6.5684863964289488E-04   6.5684863964293294E-04   6.5684863964282690E-04
 6.5684863964274342E-04   6.5684863964256854E-04   6.5684863964270558E-04   6.5684863964263760E-04   6.5684863964268997E-04   6.5684863964255216E-04   6.5684863964259282E-04   6.5684863964261971E-04   6.5684863964253688E-04   6.5684863964244082E-04   6.5684863964267056E-04
 6.5684863964278852E-04   6.5684863964284176E-04   6.5684863964312907E-04   6.5684863964363149E-04   6.5684863964422574E-04   6.5684863964553491E-04   6.5684863964673838E-04   6.5684863964815174E-04   6.5684863964966681E-04   6.5684863964457041E-04   6.5684863964427670E-04
 6.5684863964427269E-04   6.5684863964404511E-04   6.5684863964376235E-04   6.5684863964365371E-04   6.5684863964353424E-04   6.5684863964344219E-04   6.5684863964344045E-04   6.5684863964319683E-04   6.5684863964319553E-04   6.5684863964312842E-04   6.5684863964322209E-04
 6.5684863964304537E-04   6.5684863964301870E-04   6.5684863964303247E-04   6.5684863964297847E-04   6.5684863964303106E-04   6.5684863964296362E-04   6.5684863964296167E-04   6.5684863964292199E-04   6.5684863964293337E-04   6.5684863964280847E-04   6.5684863964288903E-04
 6.5684863964276944E-04   6.5684863964281172E-04   6.5684863964275621E-04   6.5684863964265907E-04   6.5684863964265950E-04   6.5684863964252582E-04   6.5684863964267251E-04   6.5684863964276803E-04   6.5684863964290215E-04   6.5684863964328075E-04   6.5684863964340196E-04
 6.5684863964443174E-04   6.5684863964503076E-04   6.5684863964622035E-04   6.5684863964743454E-04   6.5684863964851387E-04   6.5684863964446416E-04   6.5684863964418411E-04   6.5684863964420015E-04   6.5684863964404153E-04   6.5684863964373340E-04   6.5684863964358487E-04
 6.5684863964354226E-04   6.5684863964325863E-04   6.5684863964339470E-04   6.5684863964321917E-04   6.5684863964340912E-04   6.5684863964308256E-04   6.5684863964319239E-04   6.5684863964321895E-04   6.5684863964320561E-04   6.5684863964309687E-04   6.5684863964312300E-04
 6.5684863964312191E-04   6.5684863964301132E-04   6.5684863964310511E-04   6.5684863964307638E-04   6.5684863964290258E-04   6.5684863964295809E-04   6.5684863964286442E-04   6.5684863964285086E-04   6.5684863964279741E-04   6.5684863964275524E-04   6.5684863964286550E-04
 6.5684863964276846E-04   6.5684863964281964E-04   6.5684863964286127E-04   6.5684863964294215E-04   6.5684863964286138E-04   6.5684863964324063E-04   6.5684863964360579E-04   6.5684863964422758E-04   6.5684863964490293E-04   6.5684863964572855E-04   6.5684863964663126E-04
 6.5684863964794520E-04   6.5684863964440940E-04   6.5684863964421923E-04   6.5684863964387207E-04   6.5684863964391468E-04   6.5684863964379358E-04   6.5684863964352025E-04   6.5684863964356318E-04   6.5684863964342712E-04   6.5684863964341486E-04   6.5684863964329170E-04
 6.5684863964331913E-04   6.5684863964319846E-04   6.5684863964327869E-04   6.5684863964314392E-04   6.5684863964314349E-04   6.5684863964319781E-04   6.5684863964318415E-04   6.5684863964306174E-04   6.5684863964306304E-04   6.5684863964301013E-04   6.5684863964306456E-04
 6.5684863964304938E-04   6.5684863964314371E-04   6.5684863964299203E-04   6.5684863964297836E-04   6.5684863964290952E-04   6.5684863964299029E-04   6.5684863964303073E-04   6.5684863964272043E-04   6.5684863964281573E-04   6.5684863964292546E-04   6.5684863964288426E-04
 6.5684863964327728E-04   6.5684863964313004E-04   6.5684863964368451E-04   6.5684863964406419E-04   6.5684863964459046E-04   6.5684863964536057E-04   6.5684863964619584E-04   6.5684863964755196E-04   6.5684863964449072E-04   6.5684863964406712E-04   6.5684863964404457E-04
 6.5684863964384377E-04   6.5684863964368310E-04   6.5684863964349499E-04   6.5684863964352296E-04   6.5684863964353510E-04   6.5684863964335990E-04   6.5684863964342733E-04   6.5684863964322329E-04   6.5684863964330254E-04   6.5684863964331805E-04   6.5684863964317016E-04
 6.5684863964319737E-04   6.5684863964340099E-04   6.5684863964317124E-04   6.5684863964326687E-04   6.5684863964305046E-04   6.5684863964313124E-04   6.5684863964317124E-04   6.5684863964296687E-04   6.5684863964295473E-04   6.5684863964318458E-04   6.5684863964314273E-04
 6.5684863964295224E-04   6.5684863964298183E-04   6.5684863964292383E-04   6.5684863964307258E-04   6.5684863964301729E-04   6.5684863964289401E-04   6.5684863964296438E-04   6.5684863964314002E-04   6.5684863964340782E-04   6.5684863964356969E-04   6.5684863964400294E-04
 6.5684863964439563E-04   6.5684863964512530E-04   6.5684863964577517E-04   6.5684863964671724E-04   6.5684863964429860E-04   6.5684863964382112E-04   6.5684863964385191E-04   6.5684863964383868E-04   6.5684863964370153E-04   6.5684863964362325E-04   6.5684863964343340E-04
 6.5684863964344674E-04   6.5684863964336391E-04   6.5684863964332282E-04   6.5684863964331165E-04   6.5684863964335415E-04   6.5684863964327175E-04   6.5684863964329885E-04   6.5684863964327218E-04   6.5684863964316214E-04   6.5684863964328400E-04   6.5684863964324291E-04
 6.5684863964322860E-04   6.5684863964302455E-04   6.5684863964318772E-04   6.5684863964321635E-04   6.5684863964328248E-04   6.5684863964290334E-04   6.5684863964321548E-04   6.5684863964306792E-04   6.5684863964307909E-04   6.5684863964308093E-04   6.5684863964296004E-04
 6.5684863964302759E-04   6.5684863964308071E-04   6.5684863964294475E-04   6.5684863964318892E-04   6.5684863964325798E-04   6.5684863964366618E-04   6.5684863964377460E-04   6.5684863964456152E-04   6.5684863964490087E-04   6.5684863964546758E-04   6.5684863964657661E-04
 6.5684863964423409E-04   6.5684863964390406E-04   6.5684863964383825E-04   6.5684863964369210E-04   6.5684863964359961E-04   6.5684863964359734E-04   6.5684863964353012E-04   6.5684863964347623E-04   6.5684863964343557E-04   6.5684863964335664E-04   6.5684863964342202E-04
 6.5684863964333843E-04   6.5684863964327186E-04   6.5684863964318989E-04   6.5684863964327002E-04   6.5684863964318892E-04   6.5684863964326958E-04   6.5684863964327045E-04   6.5684863964328270E-04   6.5684863964320355E-04   6.5684863964319109E-04   6.5684863964321765E-04
 6.5684863964313861E-04   6.5684863964327262E-04   6.5684863964316539E-04   6.5684863964308277E-04   6.5684863964309578E-04   6.5684863964313688E-04   6.5684863964317493E-04   6.5684863964297294E-04   6.5684863964321689E-04   6.5684863964313525E-04   6.5684863964325722E-04
 6.5684863964340662E-04   6.5684863964358075E-04   6.5684863964375715E-04   6.5684863964435162E-04   6.5684863964470019E-04   6.5684863964533444E-04   6.5684863964587286E-04   6.5684863964411005E-04   6.5684863964385960E-04   6.5684863964364450E-04   6.5684863964379477E-04
 6.5684863964360514E-04   6.5684863964364829E-04   6.5684863964340381E-04   6.5684863964356719E-04   6.5684863964339188E-04   6.5684863964338949E-04   6.5684863964335003E-04   6.5684863964328368E-04   6.5684863964337746E-04   6.5684863964330807E-04   6.5684863964328140E-04
 6.5684863964333604E-04   6.5684863964328303E-04   6.5684863964314620E-04   6.5684863964326871E-04   6.5684863964333355E-04   6.5684863964329376E-04   6.5684863964317146E-04   6.5684863964323738E-04   6.5684863964321223E-04   6.5684863964317027E-04   6.5684863964322491E-04
 6.5684863964317092E-04   6.5684863964307703E-04   6.5684863964307844E-04   6.5684863964310359E-04   6.5684863964314522E-04   6.5684863964321060E-04   6.5684863964318187E-04   6.5684863964343893E-04   6.5684863964343872E-04   6.5684863964389896E-04   6.5684863964417012E-04
 6.5684863964434739E-04   6.5684863964514406E-04   6.5684863964588533E-04   6.5684863964402668E-04   6.5684863964388400E-04   6.5684863964370966E-04   6.5684863964366987E-04   6.5684863964360341E-04   6.5684863964348035E-04   6.5684863964351982E-04   6.5684863964342451E-04
 6.5684863964342668E-04   6.5684863964344023E-04   6.5684863964337204E-04   6.5684863964346626E-04   6.5684863964328986E-04   6.5684863964336044E-04   6.5684863964336098E-04   6.5684863964332011E-04   6.5684863964331891E-04   6.5684863964326470E-04   6.5684863964337215E-04
 6.5684863964328075E-04   6.5684863964319781E-04   6.5684863964322372E-04   6.5684863964325408E-04   6.5684863964321093E-04   6.5684863964322383E-04   6.5684863964326340E-04   6.5684863964306239E-04   6.5684863964315596E-04   6.5684863964325007E-04   6.5684863964312896E-04
 6.5684863964327630E-04   6.5684863964325072E-04   6.5684863964322708E-04   6.5684863964332054E-04   6.5684863964356373E-04   6.5684863964360438E-04   6.5684863964402310E-04   6.5684863964464576E-04   6.5684863964491562E-04   6.5684863964539765E-04   6.5684863964394959E-04
 6.5684863964389712E-04   6.5684863964369622E-04   6.5684863964356188E-04   6.5684863964360254E-04   6.5684863964360384E-04   6.5684863964351114E-04   6.5684863964348371E-04   6.5684863964331902E-04   6.5684863964350886E-04   6.5684863964336000E-04   6.5684863964338743E-04
 6.5684863964341508E-04   6.5684863964338353E-04   6.5684863964342343E-04   6.5684863964327565E-04   6.5684863964335632E-04   6.5684863964334461E-04   6.5684863964330395E-04   6.5684863964327750E-04   6.5684863964337009E-04   6.5684863964322329E-04   6.5684863964332835E-04
 6.5684863964309990E-04   6.5684863964326264E-04   6.5684863964326351E-04   6.5684863964323467E-04   6.5684863964307226E-04   6.5684863964328964E-04   6.5684863964320713E-04   6.5684863964324996E-04   6.5684863964318111E-04   6.5684863964323402E-04   6.5684863964340988E-04
 6.5684863964347916E-04   6.5684863964388530E-04   6.5684863964399264E-04   6.5684863964438403E-04   6.5684863964480557E-04   6.5684863964495172E-04   6.5684863964385451E-04   6.5684863964368071E-04   6.5684863964380398E-04   6.5684863964369600E-04   6.5684863964357381E-04
 6.5684863964353283E-04   6.5684863964347829E-04   6.5684863964346669E-04   6.5684863964341270E-04   6.5684863964347970E-04   6.5684863964341215E-04   6.5684863964323673E-04   6.5684863964339838E-04   6.5684863964333214E-04   6.5684863964340066E-04   6.5684863964326253E-04
 6.5684863964331956E-04   6.5684863964331642E-04   6.5684863964325148E-04   6.5684863964334396E-04   6.5684863964327598E-04   6.5684863964334363E-04   6.5684863964337139E-04   6.5684863964326253E-04   6.5684863964322253E-04   6.5684863964335881E-04   6.5684863964330460E-04
 6.5684863964314208E-04   6.5684863964320973E-04   6.5684863964325148E-04   6.5684863964321103E-04   6.5684863964322383E-04   6.5684863964331685E-04   6.5684863964341378E-04   6.5684863964357598E-04   6.5684863964361577E-04   6.5684863964394114E-04   6.5684863964429448E-04
 6.5684863964466874E-04   6.5684863964510058E-04   6.5684863964402993E-04   6.5684863964362824E-04   6.5684863964369491E-04   6.5684863964377807E-04   6.5684863964364352E-04   6.5684863964337106E-04   6.5684863964357413E-04   6.5684863964343687E-04   6.5684863964335523E-04
 6.5684863964342256E-04   6.5684863964346387E-04   6.5684863964340977E-04   6.5684863964339708E-04   6.5684863964339806E-04   6.5684863964328899E-04   6.5684863964339871E-04   6.5684863964330243E-04   6.5684863964333127E-04   6.5684863964331588E-04   6.5684863964327424E-04
 6.5684863964333192E-04   6.5684863964334591E-04   6.5684863964338657E-04   6.5684863964334613E-04   6.5684863964338635E-04   6.5684863964308765E-04   6.5684863964338570E-04   6.5684863964322383E-04   6.5684863964328899E-04   6.5684863964330254E-04   6.5684863964322155E-04
 6.5684863964322198E-04   6.5684863964342636E-04   6.5684863964328942E-04   6.5684863964353424E-04   6.5684863964361739E-04   6.5684863964386036E-04   6.5684863964414280E-04   6.5684863964433318E-04   6.5684863964508616E-04   6.5684863964389278E-04   6.5684863964359820E-04
 6.5684863964364135E-04   6.5684863964358725E-04   6.5684863964353293E-04   6.5684863964348024E-04   6.5684863964350702E-04   6.5684863964341161E-04   6.5684863964353218E-04   6.5684863964345292E-04   6.5684863964339914E-04   6.5684863964341118E-04   6.5684863964334374E-04
 6.5684863964341129E-04   6.5684863964343850E-04   6.5684863964331664E-04   6.5684863964353413E-04   6.5684863964323630E-04   6.5684863964332900E-04   6.5684863964330406E-04   6.5684863964332954E-04   6.5684863964337041E-04   6.5684863964316680E-04   6.5684863964335686E-04
 6.5684863964331685E-04   6.5684863964335751E-04   6.5684863964324963E-04   6.5684863964331609E-04   6.5684863964325180E-04   6.5684863964318209E-04   6.5684863964332954E-04   6.5684863964339741E-04   6.5684863964328877E-04   6.5684863964342495E-04   6.5684863964358649E-04
 6.5684863964362661E-04   6.5684863964392661E-04   6.5684863964419668E-04   6.5684863964416741E-04   6.5684863964482834E-04   6.5684863964387229E-04   6.5684863964365751E-04   6.5684863964359213E-04   6.5684863964367356E-04   6.5684863964351266E-04   6.5684863964343308E-04
 6.5684863964348501E-04   6.5684863964351407E-04   6.5684863964340652E-04   6.5684863964354074E-04   6.5684863964336304E-04   6.5684863964347254E-04   6.5684863964328292E-04   6.5684863964341747E-04   6.5684863964339025E-04   6.5684863964336586E-04   6.5684863964335155E-04
 6.5684863964342007E-04   6.5684863964326047E-04   6.5684863964343568E-04   6.5684863964338006E-04   6.5684863964328509E-04   6.5684863964329907E-04   6.5684863964325700E-04   6.5684863964336456E-04   6.5684863964329549E-04   6.5684863964317417E-04   6.5684863964317591E-04
 6.5684863964336250E-04   6.5684863964335025E-04   6.5684863964337844E-04   6.5684863964333810E-04   6.5684863964325831E-04   6.5684863964338039E-04   6.5684863964362249E-04   6.5684863964344598E-04   6.5684863964381114E-04   6.5684863964411027E-04   6.5684863964414779E-04
 6.5684863964490217E-04   6.5684863964374858E-04   6.5684863964353749E-04   6.5684863964349477E-04   6.5684863964351049E-04   6.5684863964350865E-04   6.5684863964346756E-04   6.5684863964340088E-04   6.5684863964342798E-04   6.5684863964340066E-04   6.5684863964327999E-04
 6.5684863964334905E-04   6.5684863964337583E-04   6.5684863964330764E-04   6.5684863964334949E-04   6.5684863964329441E-04   6.5684863964331945E-04   6.5684863964329224E-04   6.5684863964329127E-04   6.5684863964331924E-04   6.5684863964330536E-04   6.5684863964327923E-04
 6.5684863964331848E-04   6.5684863964331750E-04   6.5684863964318328E-04   6.5684863964323803E-04   6.5684863964315802E-04   6.5684863964337464E-04   6.5684863964329137E-04   6.5684863964317070E-04   6.5684863964322307E-04   6.5684863964322610E-04   6.5684863964325234E-04
 6.5684863964331902E-04   6.5684863964342690E-04   6.5684863964340185E-04   6.5684863964346832E-04   6.5684863964377742E-04   6.5684863964377786E-04   6.5684863964414399E-04   6.5684863964448129E-04   6.5684863964274559E-04   6.5684863964260833E-04   6.5684863964250446E-04
 6.5684863964270471E-04   6.5684863964250370E-04   6.5684863964247519E-04   6.5684863964244982E-04   6.5684863964244982E-04   6.5684863964244960E-04   6.5684863964243637E-04   6.5684863964245014E-04   6.5684863964242195E-04   6.5684863964248961E-04   6.5684863964229976E-04
 6.5684863964238227E-04   6.5684863964246261E-04   6.5684863964239647E-04   6.5684863964243778E-04   6.5684863964240905E-04   6.5684863964235657E-04   6.5684863964235733E-04   6.5684863964234465E-04   6.5684863964241154E-04   6.5684863964237143E-04   6.5684863964234497E-04
 6.5684863964233023E-04   6.5684863964234237E-04   6.5684863964239756E-04   6.5684863964234411E-04   6.5684863964231863E-04   6.5684863964248950E-04   6.5684863964223363E-04   6.5684863964231277E-04   6.5684863964251736E-04   6.5684863964254284E-04   6.5684863964255759E-04
 6.5684863964277627E-04   6.5684863964290963E-04   6.5684863964300439E-04   6.5684863964348957E-04   6.5684863963206663E-04   6.5684863963173313E-04   6.5684863963194943E-04   6.5684863963185684E-04   6.5684863963176099E-04   6.5684863963180295E-04   6.5684863963176218E-04
 6.5684863963181499E-04   6.5684863963176132E-04   6.5684863963162482E-04   6.5684863963179905E-04   6.5684863963169312E-04   6.5684863963173345E-04   6.5684863963173345E-04   6.5684863963173443E-04   6.5684863963166743E-04   6.5684863963170483E-04   6.5684863963182832E-04
 6.5684863963155695E-04   6.5684863963182724E-04   6.5684863963163620E-04   6.5684863963162189E-04   6.5684863963159674E-04   6.5684863963177097E-04   6.5684863963159478E-04   6.5684863963159435E-04   6.5684863963169117E-04   6.5684863963158242E-04   6.5684863963173085E-04
 6.5684863963162395E-04   6.5684863963165236E-04   6.5684863963167881E-04   6.5684863963170776E-04   6.5684863963170819E-04   6.5684863963174755E-04   6.5684863963177465E-04   6.5684863963192330E-04   6.5684863963228943E-04   6.5684863963242409E-04   6.5684863963265394E-04
 6.5684863952261620E-04   6.5684863952265881E-04   6.5684863952251006E-04   6.5684863952261805E-04   6.5684863952249802E-04   6.5684863952255148E-04   6.5684863952242874E-04   6.5684863952247059E-04   6.5684863952243026E-04   6.5684863952243178E-04   6.5684863952239156E-04
 6.5684863952243080E-04   6.5684863952243124E-04   6.5684863952243070E-04   6.5684863952240446E-04   6.5684863952240413E-04   6.5684863952241931E-04   6.5684863952243015E-04   6.5684863952237540E-04   6.5684863952234754E-04   6.5684863952232054E-04   6.5684863952233626E-04
 6.5684863952234960E-04   6.5684863952236337E-04   6.5684863952245737E-04   6.5684863952230992E-04   6.5684863952228368E-04   6.5684863952236402E-04   6.5684863952231024E-04   6.5684863952244295E-04   6.5684863952228010E-04   6.5684863952237497E-04   6.5684863952229311E-04
 6.5684863952246853E-04   6.5684863952244371E-04   6.5684863952248339E-04   6.5684863952278198E-04   6.5684863952287598E-04   6.5684863952310399E-04   6.5684863952330684E-04   6.5684863854521076E-04   6.5684863854510245E-04   6.5684863854504857E-04   6.5684863854503653E-04
 6.5684863854508890E-04   6.5684863854502190E-04   6.5684863854502298E-04   6.5684863854503577E-04   6.5684863854494199E-04   6.5684863854493982E-04   6.5684863854500802E-04   6.5684863854494015E-04   6.5684863854491456E-04   6.5684863854503588E-04   6.5684863854492583E-04
 6.5684863854499284E-04   6.5684863854492779E-04   6.5684863854491553E-04   6.5684863854494329E-04   6.5684863854501094E-04   6.5684863854489060E-04   6.5684863854484734E-04   6.5684863854491391E-04   6.5684863854502287E-04   6.5684863854486122E-04   6.5684863854488626E-04
 6.5684863854485580E-04   6.5684863854497929E-04   6.5684863854483238E-04   6.5684863854491478E-04   6.5684863854496801E-04   6.5684863854485992E-04   6.5684863854495402E-04   6.5684863854499316E-04   6.5684863854498037E-04   6.5684863854498102E-04   6.5684863854525044E-04
 6.5684863854529121E-04   6.5684863854542750E-04   6.5684863854588785E-04   6.5684863094206576E-04   6.5684863094190346E-04   6.5684863094184914E-04   6.5684863094182247E-04   6.5684863094190530E-04   6.5684863094180946E-04   6.5684863094179677E-04   6.5684863094175546E-04
 6.5684863094179460E-04   6.5684863094172576E-04   6.5684863094179406E-04   6.5684863094179384E-04   6.5684863094171318E-04   6.5684863094168705E-04   6.5684863094176782E-04   6.5684863094167328E-04   6.5684863094172662E-04   6.5684863094175275E-04   6.5684863094177942E-04
 6.5684863094170060E-04   6.5684863094169735E-04   6.5684863094175340E-04   6.5684863094157776E-04   6.5684863094178203E-04   6.5684863094164531E-04   6.5684863094170060E-04   6.5684863094171502E-04   6.5684863094175470E-04   6.5684863094175329E-04   6.5684863094173974E-04
 6.5684863094161874E-04   6.5684863094171383E-04   6.5684863094163371E-04   6.5684863094172933E-04   6.5684863094191668E-04   6.5684863094172760E-04   6.5684863094201361E-04   6.5684863094198846E-04   6.5684863094229843E-04   6.5684863094253837E-04   6.5684855419643801E-04
 6.5684855419658958E-04   6.5684855419652051E-04   6.5684855419653396E-04   6.5684855419657331E-04   6.5684855419643866E-04   6.5684855419634357E-04   6.5684855419650598E-04   6.5684855419634357E-04   6.5684855419635940E-04   6.5684855419642608E-04   6.5684855419645351E-04
 6.5684855419635658E-04   6.5684855419639713E-04   6.5684855419645102E-04   6.5684855419639735E-04   6.5684855419630259E-04   6.5684855419637046E-04   6.5684855419635712E-04   6.5684855419638228E-04   6.5684855419643790E-04   6.5684855419628719E-04   6.5684855419636883E-04
 6.5684855419635496E-04   6.5684855419643725E-04   6.5684855419634270E-04   6.5684855419623287E-04   6.5684855419649135E-04   6.5684855419631657E-04   6.5684855419636894E-04   6.5684855419639615E-04   6.5684855419632883E-04   6.5684855419634227E-04   6.5684855419638358E-04
 6.5684855419634422E-04   6.5684855419654621E-04   6.5684855419663999E-04   6.5684855419673323E-04   6.5684855419675947E-04   6.5684855419698087E-04   6.5683578078104923E-04   6.5683578078088822E-04   6.5683578078069859E-04   6.5683578078088855E-04   6.5683578078086057E-04
 6.5683578078078175E-04   6.5683578078079411E-04   6.5683578078071518E-04   6.5683578078074250E-04   6.5683578078074359E-04   6.5683578078068819E-04   6.5683578078082284E-04   6.5683578078073210E-04   6.5683578078078479E-04   6.5683578078070412E-04   6.5683578078070499E-04
 6.5683578078064926E-04   6.5683578078074619E-04   6.5683578078062378E-04   6.5683578078074749E-04   6.5683578078070597E-04   6.5683578078072180E-04   6.5683578078070879E-04   6.5683578078072190E-04   6.5683578078072136E-04   6.5683578078070922E-04   6.5683578078066997E-04
 6.5683578078073849E-04   6.5683578078073806E-04   6.5683578078074001E-04   6.5683578078068895E-04   6.5683578078063430E-04   6.5683578078079715E-04   6.5683578078071778E-04   6.5683578078078804E-04   6.5683578078085884E-04   6.5683578078092790E-04   6.5683578078102798E-04
 6.5683578078120687E-04   6.5683578078151251E-04   6.5514321010077192E-04   6.5514321010060961E-04   6.5514321010058977E-04   6.5514321010061959E-04   6.5514321010062414E-04   6.5514321010054369E-04   6.5514321010053361E-04   6.5514321010060094E-04   6.5514321010045804E-04
 6.5514321010051377E-04   6.5514321010053361E-04   6.5514321010044579E-04   6.5514321010055443E-04   6.5514321010066827E-04   6.5514321010046997E-04   6.5514321010060679E-04   6.5514321010054770E-04   6.5514321010060647E-04   6.5514321010054716E-04   6.5514321010056592E-04
 6.5514321010046498E-04   6.5514321010061969E-04   6.5514321010054911E-04   6.5514321010065168E-04   6.5514321010051398E-04   6.5514321010068366E-04   6.5514321010053220E-04   6.5514321010051409E-04   6.5514321010061991E-04   6.5514321010065699E-04   6.5514321010061004E-04
 6.5514321010070372E-04   6.5514321010058023E-04   6.5514321010075273E-04   6.5514321010082970E-04   6.5514321010086548E-04   6.5514321010088738E-04   6.5514321010104210E-04   6.5514321010104698E-04   6.5514321010131543E-04   6.2364336234906840E-04   6.2364336234930595E-04
 6.2364336234954675E-04   6.2364336234961408E-04   6.2364336234962449E-04   6.2364336234970385E-04   6.2364336234962134E-04   6.2364336234963251E-04   6.2364336234959901E-04   6.2364336234969279E-04   6.2364336234969995E-04   6.2364336234962568E-04   6.2364336234956724E-04
 6.2364336234957797E-04   6.2364336234955889E-04   6.2364336234963826E-04   6.2364336234956204E-04   6.2364336234958177E-04   6.2364336234957364E-04   6.2364336234951130E-04   6.2364336234955781E-04   6.2364336234949590E-04   6.2364336234952420E-04   6.2364336234955607E-04
 6.2364336234944917E-04   6.2364336234943052E-04   6.2364336234948397E-04   6.2364336234941990E-04   6.2364336234942076E-04   6.2364336234932904E-04   6.2364336234946695E-04   6.2364336234937089E-04   6.2364336234935918E-04   6.2364336234943995E-04   6.2364336234945492E-04
 6.2364336234945557E-04   6.2364336234941545E-04   6.2364336234946858E-04   6.2364336234936569E-04   6.2364336234906862E-04
 5.2742337709482616E-06   5.2742342774662908E-06   5.2742346325386906E-06   5.2742349233904144E-06   5.2742351251727935E-06   5.2742352497576978E-06   5.2742353199928558E-06   5.2742353568278444E-06   5.2742353744936263E-06   5.2742353817341063E-06   5.2742353833799277E-06
 5.2742353823838305E-06   5.2742353798503719E-06   5.2742353767858092E-06   5.2742353732943445E-06   5.2742353699138428E-06   5.2742353665070805E-06   5.2742353633510400E-06   5.2742353602890218E-06   5.2742353574760288E-06   5.2742353548561669E-06   5.2742353524717700E-06
 5.2742353502610148E-06   5.2742353482848921E-06   5.2742353465552542E-06   5.2742353448467938E-06   5.2742353433695751E-06   5.2742353420837867E-06   5.2742353409403007E-06   5.2742353400653352E-06   5.2742353395325921E-06   5.2742353396859762E-06   5.2742353410642191E-06
 5.2742353448498135E-06   5.2742353530095961E-06   5.2742353694628020E-06   5.2742354007027577E-06   5.2742354573494320E-06   5.2742355563559208E-06   5.2742358664525999E-06   5.6550341224754730E-07   5.6550357042576223E-07   5.6550363249121661E-07   5.6550367368156317E-07
 5.6550370171072312E-07   5.6550372193024533E-07   5.6550373787310126E-07   5.6550375133584536E-07   5.6550376294104610E-07   5.6550377320624125E-07   5.6550378225594369E-07   5.6550378987924255E-07   5.6550379645730232E-07   5.6550380186645748E-07   5.6550380634556929E-07
 5.6550380985991132E-07   5.6550381264411020E-07   5.6550381478625801E-07   5.6550381648371373E-07   5.6550381767210265E-07   5.6550381858096974E-07   5.6550381914085958E-07   5.6550381947205084E-07   5.6550381960164730E-07   5.6550381956353167E-07   5.6550381943901846E-07
 5.6550381920523832E-07   5.6550381884948501E-07   5.6550381841580552E-07   5.6550381791097483E-07   5.6550381724266796E-07   5.6550381636599256E-07   5.6550381532838366E-07   5.6550381424673222E-07   5.6550381362333281E-07   5.6550381472280370E-07   5.6550382041065789E-07
 5.6550383541333531E-07   5.6550386733718113E-07   5.6550397155695088E-07   1.0962777807976902E-08   1.0962851217780566E-08   1.0962878026373087E-08   1.0962895274504858E-08   1.0962906188524328E-08   1.0962913471313596E-08   1.0962918670401818E-08   1.0962922771735348E-08
 1.0962926280992854E-08   1.0962929433649487E-08   1.0962932415205464E-08   1.0962935345939472E-08   1.0962938106419847E-08   1.0962940710199132E-08   1.0962943153042163E-08   1.0962945526428483E-08   1.0962947692291734E-08   1.0962949713312373E-08   1.0962951509869259E-08
 1.0962953123467023E-08   1.0962954604927660E-08   1.0962955943239731E-08   1.0962957108757076E-08   1.0962958157383872E-08   1.0962959125542540E-08   1.0962959911589130E-08   1.0962960629026045E-08   1.0962961203314388E-08   1.0962961816566249E-08   1.0962962220600984E-08
 1.0962962660211115E-08   1.0962963056622566E-08   1.0962963526725918E-08   1.0962964338183581E-08   1.0962965978039517E-08   1.0962969241657690E-08   1.0962975834115403E-08   1.0962988322769486E-08   1.0963010518421091E-08   1.0963075547681531E-08   1.4397725513844889E-10
 1.4402101878972935E-10   1.4403679477837023E-10   1.4404668388802863E-10   1.4405270544525042E-10   1.4405628077132076E-10   1.4405852879676275E-10   1.4405996451760847E-10   1.4406100552110060E-10   1.4406196775052870E-10   1.4406283341820082E-10   1.4406365165202795E-10
 1.4406437247706606E-10   1.4406520849858495E-10   1.4406594880538082E-10   1.4406673908712066E-10   1.4406748532314727E-10   1.4406823240620672E-10   1.4406895238421194E-10   1.4406965033936058E-10   1.4407029323736760E-10   1.4407100898020816E-10   1.4407151719997654E-10
 1.4407214908655524E-10   1.4407261326061044E-10   1.4407313333884005E-10   1.4407361614762009E-10   1.4407396597222741E-10   1.4407441828782132E-10   1.4407480029968066E-10   1.4407512640736544E-10   1.4407559566361860E-10   1.4407623432646132E-10   1.4407720163808784E-10
 1.4407876356684389E-10   1.4408170361820560E-10   1.4408697809237053E-10   1.4409618279941079E-10   1.4411153696564777E-10   1.4415350575411894E-10   1.5591161818267537E-11   1.5618751375425139E-11   1.5628715871016516E-11   1.5634953421640055E-11   1.5638627003532280E-11
 1.5640814042602088E-11   1.5642094756418346E-11   1.5642905366948878E-11   1.5643531324296896E-11   1.5644024297472194E-11   1.5644437649550455E-11   1.5644830672837981E-11   1.5645255883377502E-11   1.5645668388422815E-11   1.5646113927753064E-11   1.5646530667963117E-11
 1.5646942325975479E-11   1.5647310785307538E-11   1.5647652139585278E-11   1.5648145112760577E-11   1.5648583875827261E-11   1.5648925230105001E-11   1.5649373310534099E-11   1.5649701959317637E-11   1.5650042466562436E-11   1.5650418549191024E-11   1.5650695528964782E-11
 1.5651049588736741E-11   1.5651364684993126E-11   1.5651694180809627E-11   1.5651990642341163E-11   1.5652387053760491E-11   1.5652714855511124E-11   1.5653262038795095E-11   1.5654258149541170E-11   1.5656116539827559E-11   1.5659389475135934E-11   1.5665148452144500E-11
 1.5674880860708620E-11   1.5701561551514235E-11   2.3572139181427406E-12   2.3752099801400704E-12   2.3817024876807653E-12   2.3857343645096897E-12   2.3881628079694686E-12   2.3895400835417033E-12   2.3903015661612853E-12   2.3908631490053153E-12   2.3912485489963172E-12
 2.3914899533862827E-12   2.3917398281057231E-12   2.3919863146933733E-12   2.3921904496336616E-12   2.3924521828143627E-12   2.3927215392915896E-12   2.3929426148908226E-12   2.3931687726877395E-12   2.3934567638898055E-12   2.3937532254213445E-12   2.3940479928869886E-12
 2.3942673744203275E-12   2.3945053906785068E-12   2.3948374275938300E-12   2.3950347862705403E-12   2.3953024486818731E-12   2.3955057365892137E-12   2.3957835633959135E-12   2.3960046389951469E-12   2.3962612899781657E-12   2.3964196851393019E-12   2.3966483840350622E-12
 2.3968686126013495E-12   2.3972243664392019E-12   2.3976114604961024E-12   2.3982475822395005E-12   2.3994605334199800E-12   2.4016645131487550E-12   2.4054643029501568E-12   2.4119339406013017E-12   2.4296182944740871E-12   2.8078972794887930E-13   2.9299547271881099E-13
 2.9748390030631062E-13   3.0023591035193933E-13   3.0184188481993354E-13   3.0282359600580122E-13   3.0335045049899350E-13   3.0367062895305557E-13   3.0385443510260975E-13   3.0406534630647597E-13   3.0418731905088059E-13   3.0434402014612274E-13   3.0444566409979321E-13
 3.0455493134998901E-13   3.0472772607122884E-13   3.0484546365089718E-13   3.0507162144781398E-13   3.0525288649852645E-13   3.0537994144061455E-13   3.0550953748154440E-13   3.0572722494898876E-13   3.0587630274770557E-13   3.0603639197473653E-13   3.0617869350987525E-13
 3.0640400427384495E-13   3.0654715284193092E-13   3.0662592690602552E-13   3.0680295679200167E-13   3.0698252777681958E-13   3.0711127678480229E-13   3.0729847106614554E-13   3.0748227721569997E-13   3.0771012907851163E-13   3.0799896731352600E-13   3.0856732642113435E-13
 3.0942960596144044E-13   3.1091699581682050E-13   3.1359192586425145E-13   3.1818538553721319E-13   3.3056053689659978E-13   1.3621136824796282E-14   2.2254096623211946E-14   2.5364401605529670E-14   2.7297330791163949E-14   2.8435743072273713E-14   2.9097275804079328E-14
 2.9486063926869045E-14   2.9720692053258493E-14   2.9858758423660944E-14   2.9990895563432615E-14   3.0021388749533769E-14   3.0144208526885630E-14   3.0224676656874782E-14   3.0311074017494727E-14   3.0398318411061914E-14   3.0483021705787344E-14   3.0571960165249039E-14
 3.0633793570398603E-14   3.0720190931018536E-14   3.0823528950583560E-14   3.0943807629093658E-14   3.1017499495504789E-14   3.1153871800012731E-14   3.1272456412628333E-14   3.1352924542617492E-14   3.1497767176597971E-14   3.1630751349316896E-14   3.1726466072356632E-14
 3.1766276620877584E-14   3.1961941231693334E-14   3.2131347821144200E-14   3.2192334193346528E-14   3.2362587815744655E-14   3.2593827810345136E-14   3.2965675274189844E-14   3.3585703391580067E-14   3.4692775453641551E-14   3.6730736724735556E-14   4.0023153790713210E-14
 4.8788250728901007E-14  -1.1949940819863664E-14  -5.7250956904918018E-15  -3.3932139867007149E-15  -1.9837511624695635E-15  -1.1502707423713355E-15  -6.7593229190892940E-16  -4.1419911120735149E-16  -2.5834504891256081E-16  -1.3552527156068766E-16  -7.7927031147395409E-17
-3.3034284942917621E-17   2.7105054312137534E-17   1.0503208545953292E-16   1.3129010682441613E-16   2.2446373102238890E-16   2.5665098301805221E-16   3.3118988237643040E-16   3.6168306847758506E-16   4.4977449499203200E-16   5.2346636140315583E-16   6.1155778791760277E-16
 6.8186152253970931E-16   7.7334108084317345E-16   8.0214020104981936E-16   8.5550327672684048E-16   9.1225448419287831E-16   9.8086415292047624E-16   1.0706496453294319E-15   1.1604351377383873E-15   1.2519146960418514E-15   1.2697023879341921E-15   1.3992984288641002E-15
 1.5399058981083160E-15   1.6940658945086007E-15   1.9939155578366230E-15   2.5072175238727333E-15   3.3279924497621606E-15   4.7798069213560531E-15   7.1752160961912602E-15   1.3698216822996745E-14  -1.1334147867209796E-14  -6.6390442405792005E-15  -4.9297317530200201E-15
-3.8912693596862479E-15  -3.2678531105070836E-15  -2.9104052067657708E-15  -2.6986469699521961E-15  -2.6012381810179536E-15  -2.5470280723936788E-15  -2.5038293920837094E-15  -2.4563955470374686E-15  -2.4174320314637716E-15  -2.3657630216812593E-15  -2.3208702754767814E-15
-2.3022355506371867E-15  -2.2666601668525057E-15  -2.2420962113821314E-15  -2.1988975310721617E-15  -2.1319819282390720E-15  -2.1141942363467317E-15  -2.0599841277224565E-15  -2.0261028098322844E-15  -1.9659634705772295E-15  -1.9049770983749191E-15  -1.8482258909088818E-15
-1.8058742435461667E-15  -1.7669107279724685E-15  -1.7008421580866339E-15  -1.6432439176733427E-15  -1.5720931501039814E-15  -1.5178830414797062E-15  -1.4492733727521079E-15  -1.4018395277058671E-15  -1.2536087619363645E-15  -1.0384623933337730E-15  -6.6576789654188135E-16
-1.7787691892340375E-17   1.1223186551119550E-15   3.0095080615945563E-15   7.9155228920915266E-15  -9.0183597894165310E-15  -5.4565862462122028E-15  -4.1504614415460717E-15  -3.3135928896588213E-15  -2.8570421310887539E-15  -2.5487221382881893E-15  -2.3894799442043813E-15
-2.3318817037910888E-15  -2.2742834633777964E-15  -2.2116030252809782E-15  -2.1828039050743320E-15  -2.1506166530786686E-15  -2.1463814883423971E-15  -2.1328289611863283E-15  -2.1184294010830051E-15  -2.0455845676191353E-15  -2.0472786335136439E-15  -2.0167854474124891E-15
-2.0015388543619117E-15  -1.9795159977332999E-15  -1.9303880867925505E-15  -1.9083652301639387E-15  -1.8727898463792580E-15  -1.8524610556451548E-15  -1.8228149024912543E-15  -1.8041801776516597E-15  -1.7550522667109103E-15  -1.7220179817679926E-15  -1.6390087529370712E-15
-1.6390087529370712E-15  -1.5636228206314384E-15  -1.5017894154818745E-15  -1.4069217253893929E-15  -1.3340768919255230E-15  -1.1833050273142582E-15  -8.9023162756427084E-16  -3.6083603553033308E-16   5.0821976835258267E-16   1.9049770983749341E-15   5.7132372292303047E-15
-7.1608165360878551E-15  -4.4011831939333446E-15  -3.3974491514369987E-15  -2.7359164196313901E-15  -2.3606808239977350E-15  -2.1294408293973111E-15  -2.0489726994081525E-15  -1.9786689647860456E-15  -1.9490228116321451E-15  -1.8948127030078699E-15  -1.8812601758518011E-15
-1.8414496273308489E-15  -1.8473788579616290E-15  -1.8295911660692887E-15  -1.7990979799681339E-15  -1.7745340244977592E-15  -1.7575933655526732E-15  -1.7237120476625012E-15  -1.7050773228229066E-15  -1.6762782026162604E-15  -1.6525612800931400E-15  -1.6237621598864937E-15
-1.6229151269392394E-15  -1.5746342489457443E-15  -1.5399058981083180E-15  -1.5128008437961804E-15  -1.4823076576950256E-15  -1.4247094172817332E-15  -1.4162390878091902E-15  -1.3942162311805784E-15  -1.3789696381300010E-15  -1.3247595295057257E-15  -1.2824078821430107E-15
-1.2121041475209038E-15  -1.0503208545953326E-15  -8.6143250735762443E-16  -4.6078592330634027E-16   2.0582900618279557E-16   1.3501705179233618E-15   4.3283383604695016E-15  -5.7623651401710052E-15  -3.5439858513119926E-15  -2.7426926832094245E-15  -2.2310847830678271E-15
-1.9286940208980419E-15  -1.7457349042911130E-15  -1.6500201812513771E-15  -1.6135977645194421E-15  -1.5771753477875072E-15  -1.5644698535786927E-15  -1.5305885356885207E-15  -1.5102597449544175E-15  -1.4984012836928573E-15  -1.4933190860093315E-15  -1.5017894154818745E-15
-1.4704491964334654E-15  -1.4526615045411251E-15  -1.4696021634862111E-15  -1.4831546906422799E-15  -1.4111568901256644E-15  -1.4018395277058671E-15  -1.4035335936003757E-15  -1.3865929346552897E-15  -1.3798166710772553E-15  -1.3832048028662725E-15  -1.3493234849761004E-15
-1.3306887601365058E-15  -1.3078188705606397E-15  -1.2730905197232134E-15  -1.2383621688857871E-15  -1.2129511804681581E-15  -1.2637731573034161E-15  -1.1689054672109345E-15  -1.0943665678525560E-15  -1.0223687673359405E-15  -7.9875206926080581E-16  -4.7264438456790038E-16
 6.6915602833089899E-17   1.0054281083908579E-15   3.3796614595446765E-15  -4.7171264832591986E-15  -2.9493687223394738E-15  -2.3013885176899340E-15  -1.9024359995331586E-15  -1.6525612800931400E-15  -1.5161889755851976E-15  -1.4585907351719052E-15  -1.3840518358135268E-15
-1.3620289791849149E-15  -1.3586408473958977E-15  -1.3357709578200316E-15  -1.3171362329804370E-15  -1.3332298589782687E-15  -1.3306887601365058E-15  -1.3112070023496569E-15  -1.3188302988749456E-15  -1.3145951341386741E-15  -1.2739375526704677E-15  -1.2697023879341962E-15
-1.2442913995165672E-15  -1.2425973336220586E-15  -1.2163393122571753E-15  -1.1621292036329001E-15  -1.1485766764768313E-15  -1.1672114013164259E-15  -1.1384122811097797E-15  -1.1324830504789996E-15  -1.0901314031162845E-15  -1.1206245892174393E-15  -1.0850492054327587E-15
-1.0511678875425867E-15  -9.7747602113146259E-16  -1.0122043719688889E-15  -9.1733668187640727E-16  -8.6143250735762344E-16  -7.1574284042988398E-16  -4.5739779151732277E-16   1.9481757786848954E-17   7.7249404789592437E-16   2.6300373012246132E-15  -3.9056689197895789E-15
-2.4326786245143506E-15  -1.9092122631111930E-15  -1.5602346888424212E-15  -1.3467823861343375E-15  -1.2654672231979247E-15  -1.1807639284724947E-15  -1.1434944787933055E-15  -1.1468826105823227E-15  -1.1468826105823227E-15  -1.1401063470042883E-15  -1.1392593140570340E-15
-1.1324830504789996E-15  -1.1053779961668619E-15  -1.1146953585866592E-15  -1.1062250291141162E-15  -1.0808140406964872E-15  -1.0621793158568926E-15  -1.1019898643778447E-15  -1.1121542597448963E-15  -1.0799670077492329E-15  -1.0935195349053017E-15  -1.0638733817514012E-15
-1.0833551395382501E-15  -1.0460856898590609E-15  -1.0342272285975007E-15  -1.0054281083908545E-15  -9.7662898818420829E-16  -1.0054281083908545E-15  -9.7832305407871689E-16  -9.9695777891831150E-16  -9.8425228470949699E-16  -9.4782986797756208E-16  -8.9954898998406696E-16
-8.3348042009823153E-16  -7.2167207106066389E-16  -4.8280877993495169E-16  -1.1011428314305928E-16   5.3024262498119369E-16   2.1040298409796884E-15  -3.3178280543950944E-15  -2.1514636860259229E-15  -1.6957599604031093E-15  -1.4153920548619359E-15  -1.2629261243561618E-15
-1.1697525001581888E-15  -1.1197775562701850E-15  -1.1002957984833361E-15  -1.0689555794349270E-15  -1.0537089863843496E-15  -1.0638733817514012E-15  -1.0435445910172980E-15  -1.0587911840678754E-15  -1.0367683274392636E-15  -1.0350742615447550E-15  -1.0232158002831948E-15
-1.0266039320722120E-15  -9.9949887776007440E-16  -1.0011929436545830E-15  -1.0028870095490916E-15  -1.0003459107073287E-15  -9.7578195523695399E-16  -9.5884129629186798E-16  -9.5037096681932498E-16  -9.4105360439952768E-16  -9.5545316450285078E-16  -9.3004217608522177E-16
-9.4867690092481638E-16  -9.1818371482366157E-16  -9.0124305587857556E-16  -8.8599646282799815E-16  -8.5126811199057184E-16  -8.8176129809172665E-16  -8.4110371662352024E-16  -7.7249404789592191E-16  -6.3527471044072525E-16  -4.6078592330633948E-16  -1.7618285302889474E-16
 3.9556438636775929E-16   1.6364676540953126E-15  -2.8104553189897685E-15  -1.7990979799681339E-15  -1.4501204056993622E-15  -1.2036338180483608E-15  -1.0723437112239442E-15  -1.0147454708106518E-15  -9.5630019745010508E-16  -9.4020657145227338E-16  -9.3597140671600187E-16
-9.2072481366542447E-16  -9.0971338535111856E-16  -9.0971338535111856E-16  -8.8430239693348955E-16  -8.9870195703681266E-16  -8.6397360619938635E-16  -8.6143250735762344E-16  -8.6905580388291215E-16  -8.8260833103898095E-16  -8.5126811199057184E-16  -8.5465624377958904E-16
-8.3771558483450304E-16  -8.4618591430704604E-16  -8.1569272820589123E-16  -8.2755118946745143E-16  -8.0383426694433102E-16  -8.1653976115314553E-16  -7.8519954210473641E-16  -7.5809448779259880E-16  -7.3691866411124129E-16  -7.4115382884751280E-16  -7.2929536758595259E-16
-7.2590723579693539E-16  -6.8101448959245747E-16  -6.6661492948913437E-16  -6.1748701854838495E-16  -5.5819471224058392E-16  -3.9810548520952116E-16  -1.1858461261560217E-16   3.1086109164232872E-16   1.4145450219146847E-15  -2.4030324713604501E-15  -1.5085656790599089E-15
-1.2112571145736495E-15  -9.9526371302380290E-16  -9.0293712177308416E-16  -8.0298723399707672E-16  -7.8943470684100792E-16  -7.6825888315965041E-16  -7.4454196063653000E-16  -7.3776569705849560E-16  -7.3014240053320689E-16  -7.2844833463869829E-16  -7.6487075137063321E-16
-7.3945976295300420E-16  -7.5640042189809020E-16  -7.4454196063653000E-16  -7.2506020284968109E-16  -7.1574284042988379E-16  -7.2336613695517249E-16  -7.1235470864086659E-16  -7.0727251095734078E-16  -7.0134328032656068E-16  -6.9202591790676338E-16  -7.3353053232222409E-16
-7.3607163116398699E-16  -7.0049624737930638E-16  -7.1913097221890099E-16  -6.9033185201225478E-16  -6.9371998380127198E-16  -7.0981360979910368E-16  -7.0219031327381498E-16  -7.1404877453537519E-16  -6.9033185201225478E-16  -6.5221536938581126E-16  -6.0647559023407904E-16
-5.3024262498119201E-16  -4.2097537478538727E-16  -1.9481757786848908E-16   1.5331296345302839E-16   1.1434944787933076E-15  -2.0938654456126304E-15  -1.3544056826596262E-15  -1.0901314031162845E-15  -9.3681843966325618E-16  -8.4703294725430034E-16  -8.0129316810256812E-16
-7.6148261958161600E-16  -7.3945976295300420E-16  -7.4200086179476710E-16  -7.5047119126731010E-16  -7.4115382884751280E-16  -7.3353053232222409E-16  -7.1320174158812089E-16  -7.1404877453537519E-16  -7.1404877453537519E-16  -7.0303734622106928E-16  -7.0049624737930638E-16
-7.1997800516615529E-16  -7.1658987337713809E-16  -6.8440262138147467E-16  -7.0473141211557788E-16  -6.6068569885835426E-16  -6.3612174338797955E-16  -6.2934547980994515E-16  -6.3781580928248816E-16  -6.5645053412208276E-16  -6.2765141391543655E-16  -6.1663998560113065E-16
-6.1325185381211345E-16  -5.7598240413292423E-16  -6.0308745844506184E-16  -5.8699383244723013E-16  -5.8529976655272153E-16  -5.7767647002743283E-16  -5.5565361339882102E-16  -4.4469229730850768E-16  -3.2610768469290563E-16  -1.3129010682441655E-16   1.6601845766184287E-16
 9.3766547261051186E-16  -1.7897806175483366E-15  -1.1604351377383915E-15  -9.1140745124562716E-16  -7.8774064094649932E-16  -6.8694372022323757E-16  -6.6153273180560856E-16  -6.1663998560113065E-16  -6.0986372202309624E-16  -5.9631119486702744E-16  -5.9631119486702744E-16
-5.8360570065821293E-16  -5.9969932665604464E-16  -6.0478152433957044E-16  -5.8953493128899304E-16  -5.7428833823841563E-16  -5.7259427234390703E-16  -6.0139339255055324E-16  -5.7598240413292423E-16  -5.9631119486702744E-16  -5.7428833823841563E-16  -5.6327690992410973E-16
-6.0308745844506184E-16  -5.7344130529116133E-16  -5.5311251455705812E-16  -5.8021756886919573E-16  -5.5057141571529522E-16  -5.6158284402960112E-16  -5.5226548160980382E-16  -5.6835910760763553E-16  -5.5988877813509252E-16  -5.5395954750431242E-16  -5.4887734982078662E-16
-5.2939559203393771E-16  -5.0229053772180010E-16  -4.8196174698769689E-16  -4.3113977015243887E-16  -3.3627208005995723E-16  -1.5839516113655416E-16   1.0672615135404184E-16   7.9959910220806021E-16  -1.5729401830512357E-15  -1.0367683274392636E-15  -8.4872701314880894E-16
-7.2251910400791819E-16  -6.3358064454621665E-16  -6.0393449139231614E-16  -5.7852350297468713E-16  -5.6581800876587263E-16  -5.6751207466038123E-16  -5.4210108624275222E-16  -5.7005317350214413E-16  -5.4548921803176942E-16  -5.3786592150648072E-16  -5.5480658045156672E-16
-5.3532482266471781E-16  -5.6412394287136403E-16  -5.7344130529116133E-16  -5.5141844866254952E-16  -5.7005317350214413E-16  -5.7937053592194143E-16  -5.2007822961414041E-16  -5.5141844866254952E-16  -5.3786592150648072E-16  -5.1499603193061461E-16  -5.3617185561197211E-16
-5.2261932845590331E-16  -5.2092526256139471E-16  -5.1584306487786891E-16  -5.3447778971746351E-16  -5.1076086719434310E-16  -5.1584306487786891E-16  -5.1076086719434310E-16  -4.9974943888003720E-16  -4.9466724119651140E-16  -4.5993889035908508E-16  -4.0657581468206416E-16
-3.2610768469290563E-16  -1.9905274260476058E-16   4.9127910940749420E-17   6.8270855548696607E-16  -1.4077687583366472E-15  -9.4359470324129058E-16  -7.7079998200141331E-16  -6.5306240233306556E-16  -5.8445273360546723E-16  -5.6581800876587263E-16  -5.1753713077237751E-16
-5.2346636140315761E-16  -5.1330196603610601E-16  -5.1160790014159740E-16  -5.1245493308885171E-16  -4.9466724119651140E-16  -4.9043207646023990E-16  -4.9551427414376570E-16  -4.9636130709102000E-16  -4.9382020824925710E-16  -4.8280877993495119E-16  -4.6925625277888239E-16
-4.7433845046240819E-16  -4.6925625277888239E-16  -4.6586812098986519E-16  -4.7687954930417109E-16  -4.8534987877671409E-16  -4.7264438456789959E-16  -4.7095031867339099E-16  -4.8196174698769689E-16  -4.7857361519867969E-16  -4.5909185741183078E-16  -4.5655075857006788E-16
-4.3283383604694747E-16  -4.6078592330633938E-16  -4.3537493488871037E-16  -4.4723339615027058E-16  -4.3368086899420177E-16  -4.0403471584030126E-16  -3.7269449679189215E-16  -2.9815559743351372E-16  -1.6347735882007997E-16   5.6751207466038123E-17   5.6751207466038123E-16
-1.2290448064659898E-15  -8.2416305767843423E-16  -6.4035690812425106E-16  -5.8191163476370433E-16  -5.3278372382295491E-16  -4.7857361519867969E-16  -4.4638636320301628E-16  -4.6078592330633938E-16  -4.4130416551949048E-16  -4.3368086899420177E-16  -4.3876306667772758E-16
-4.3113977015243887E-16  -4.2859867131067597E-16  -4.3961009962498188E-16  -4.3452790194145607E-16  -4.4469229730850768E-16  -4.2605757246891307E-16  -4.3537493488871037E-16  -4.3961009962498188E-16  -4.4977449499203348E-16  -4.5400965972830498E-16  -4.5062152793928778E-16
-4.4553933025576198E-16  -4.2859867131067597E-16  -4.4638636320301628E-16  -4.3368086899420177E-16  -4.5993889035908508E-16  -4.0911691352382706E-16  -4.1758724299637007E-16  -4.2097537478538727E-16  -4.2521053952165877E-16  -4.2605757246891307E-16  -4.1928130889087867E-16
-3.9387032047324966E-16  -3.8539999100070665E-16  -3.1933142111487123E-16  -2.7867383964666481E-16  -1.5585406229479126E-16  -1.6940658945086007E-18   4.6756218688437379E-16  -1.1019898643778447E-15  -7.4200086179476710E-16  -6.3019251275719945E-16  -5.3617185561197211E-16
-4.9636130709102000E-16  -4.7010328572613669E-16  -4.4384526436125338E-16  -4.5400965972830498E-16  -4.3622196783596467E-16  -4.5485669267555928E-16  -4.3791603373047328E-16  -4.2944570425793027E-16  -4.4553933025576198E-16  -4.2097537478538727E-16  -4.4977449499203348E-16
-4.3283383604694747E-16  -4.5146856088654208E-16  -4.4892746204477918E-16  -4.2605757246891307E-16  -4.2012834183813297E-16  -4.2182240773264157E-16  -4.0403471584030126E-16  -4.0826988057657276E-16  -4.1081097941833566E-16  -3.9810548520952116E-16  -4.1928130889087867E-16
-4.1419911120735287E-16  -4.0826988057657276E-16  -4.0403471584030126E-16  -4.0996394647108136E-16  -4.0149361699853836E-16  -3.8963515573697816E-16  -3.8794108984246956E-16  -3.5914196963582334E-16  -3.6676526616111205E-16  -3.2949581648192283E-16  -2.7867383964666481E-16
-2.0074680849926918E-16  -8.4703294725430034E-18   3.6761229910836635E-16  -9.3935953850501908E-16  -6.5475646822757416E-16  -5.3024262498119201E-16  -4.4892746204477918E-16  -4.1674021004911577E-16  -3.6591823321385775E-16  -3.6253010142484055E-16  -3.5321273900504324E-16
-3.5321273900504324E-16  -3.6337713437209485E-16  -3.4474240953250024E-16  -3.6507120026660345E-16  -3.5405977195229754E-16  -3.5744790374131474E-16  -3.4304834363799164E-16  -3.5067164016328034E-16  -3.5067164016328034E-16  -3.4643647542700884E-16  -3.5660087079406044E-16
-3.3373098121819433E-16  -3.2610768469290563E-16  -3.3542504711270293E-16  -3.2780175058741423E-16  -3.4643647542700884E-16  -3.1509625637859973E-16  -3.3796614595446584E-16  -3.3627208005995723E-16  -3.1424922343134543E-16  -3.2780175058741423E-16  -3.0069669627527662E-16
-3.2780175058741423E-16  -3.0662592690605672E-16  -3.1424922343134543E-16  -2.9730856448625942E-16  -2.9392043269724222E-16  -2.5072175238727290E-16  -1.8804131429045468E-16  -1.1350241493207625E-16   5.5904174518783822E-17   3.7438856268640075E-16  -8.9107866051152396E-16
-5.9631119486702744E-16  -4.7772658225142539E-16  -4.2690460541616737E-16  -3.7692966152816365E-16  -3.4558944247975454E-16  -3.5321273900504324E-16  -3.3034284942917713E-16  -3.2610768469290563E-16  -3.3627208005995723E-16  -3.3288394827094003E-16  -3.2610768469290563E-16
-3.2780175058741423E-16  -3.3203691532368573E-16  -3.3288394827094003E-16  -3.4474240953250024E-16  -3.2864878353466853E-16  -3.4050724479622874E-16  -3.2271955290388843E-16  -3.3203691532368573E-16  -3.2356658585114273E-16  -3.2780175058741423E-16  -3.2102548700937983E-16
-3.2864878353466853E-16  -3.5067164016328034E-16  -3.3118988237643143E-16  -3.2780175058741423E-16  -3.1509625637859973E-16  -3.4474240953250024E-16  -3.2864878353466853E-16  -3.4389537658524594E-16  -2.9476746564449652E-16  -3.1594328932585403E-16  -3.0662592690605672E-16
-2.9392043269724222E-16  -2.5326285122903580E-16  -1.9735867671025198E-16  -1.1434944787933055E-16  -2.5410988417629010E-18   3.2441361879839703E-16  -7.6402371842337891E-16  -5.3786592150648072E-16  -4.1504614415460717E-16  -3.5490680489955184E-16  -3.5151867311053464E-16
-2.9561449859175082E-16  -2.9984966332802232E-16  -2.9222636680273362E-16  -2.8714416911920781E-16  -2.9307339974998792E-16  -2.9137933385547932E-16  -3.0323779511703952E-16  -3.0662592690605672E-16  -2.8629713617195351E-16  -2.9900263038076802E-16  -2.5580395007079870E-16
-2.9476746564449652E-16  -2.6512131249059601E-16  -2.8206197143568201E-16  -2.6173318070157880E-16  -2.7189757606863041E-16  -2.7020351017412181E-16  -2.8375603733019061E-16  -2.6173318070157880E-16  -2.4987471944001860E-16  -2.8206197143568201E-16  -2.4902768649276430E-16
-2.5072175238727290E-16  -2.5410988417629010E-16  -2.4648658765100140E-16  -2.3378109344218689E-16  -2.7189757606863041E-16  -2.4309845586198420E-16  -2.5241581828178150E-16  -2.4902768649276430E-16  -2.1260526976082939E-16  -1.7279472123987727E-16  -1.0587911840678754E-16
 2.7952087259391911E-17   2.9815559743351372E-16  -7.4200086179476710E-16  -5.0483163656356300E-16  -4.3113977015243887E-16  -3.6507120026660345E-16  -3.2187251995663413E-16  -3.1170812458958252E-16  -3.0154372922253092E-16  -2.7867383964666481E-16  -2.9476746564449652E-16
-2.8714416911920781E-16  -2.8883823501371642E-16  -2.7528570785764761E-16  -2.7697977375215621E-16  -2.9137933385547932E-16  -3.0239076216978522E-16  -2.8036790554117341E-16  -3.0408482806429382E-16  -2.8799120206646212E-16  -2.8799120206646212E-16  -2.9900263038076802E-16
-2.8460307027744491E-16  -2.8714416911920781E-16  -2.8290900438293631E-16  -2.6512131249059601E-16  -2.9646153153900512E-16  -2.6766241133235891E-16  -2.8968526796097072E-16  -2.8206197143568201E-16  -2.8036790554117341E-16  -2.9137933385547932E-16  -2.7359164196313901E-16
-2.9646153153900512E-16  -2.7189757606863041E-16  -2.7274460901588471E-16  -2.5241581828178150E-16  -2.2954592870591539E-16  -2.0752307207730358E-16  -1.4314856808597676E-16  -4.1504614415460717E-17   2.3971032407296700E-16  -6.4967427054404836E-16  -4.4892746204477918E-16
-3.7015339795012925E-16  -3.2102548700937983E-16  -2.7189757606863041E-16  -2.7359164196313901E-16  -2.7443867491039331E-16  -2.6173318070157880E-16  -2.6258021364883311E-16  -2.6596834543785031E-16  -2.3971032407296700E-16  -2.3547515933669549E-16  -2.4987471944001860E-16
-2.6427427954334171E-16  -2.5749801596530730E-16  -2.4648658765100140E-16  -2.4225142291472990E-16  -2.7782680669941051E-16  -2.5241581828178150E-16  -2.4902768649276430E-16  -2.3886329112571270E-16  -2.4648658765100140E-16  -2.4563955470374710E-16  -2.6003911480707020E-16
-2.6173318070157880E-16  -2.3716922523120409E-16  -2.5410988417629010E-16  -2.4479252175649280E-16  -2.3971032407296700E-16  -2.2276966512788099E-16  -2.1006417091906648E-16  -2.3378109344218689E-16  -2.2615779691689819E-16  -2.1514636860259229E-16  -1.8634724839594607E-16
-1.6093625997831706E-16  -1.5077186461126546E-16  -9.9102854828753140E-17  -9.3173624197973037E-18   2.4818065354551000E-16  -5.7513537118566993E-16  -3.8455295805345235E-16  -3.1679032227310833E-16  -2.7613274080490191E-16  -2.6681537838510461E-16  -2.4140438996747560E-16
-2.4140438996747560E-16  -2.3039296165316969E-16  -2.3123999460042399E-16  -2.1599340154984659E-16  -2.2446373102238959E-16  -2.2361669807513529E-16  -2.3462812638944119E-16  -2.1260526976082939E-16  -2.2954592870591539E-16  -2.0328790734103208E-16  -2.1175823681357508E-16
-2.1345230270808369E-16  -2.2192263218062669E-16  -2.2361669807513529E-16  -2.1006417091906648E-16  -2.1429933565533799E-16  -1.9481757786848908E-16  -2.1006417091906648E-16  -2.1514636860259229E-16  -2.1429933565533799E-16  -2.1345230270808369E-16  -2.1938153333886379E-16
-2.1768746744435519E-16  -2.1768746744435519E-16  -2.4140438996747560E-16  -2.1091120386632078E-16  -2.0582900618279498E-16  -2.1853450039160949E-16  -2.1006417091906648E-16  -1.9989977555201488E-16  -1.7279472123987727E-16  -1.2027867851011065E-16  -2.3716922523120409E-17
 2.0498197323554068E-16  -2.4818065354551000E-16  -9.4867690092481638E-17  -2.3716922523120409E-17   5.0821976835258020E-18   5.9292306307801024E-17   5.5057141571529522E-17   4.9127910940749420E-17   6.6915602833089727E-17   5.8445273360546723E-17   7.0303734622106928E-17
 8.4703294725430034E-17   5.7598240413292423E-17   6.2680438096818225E-17   7.0303734622106928E-17   5.2516042729766621E-17   7.0303734622106928E-17   7.1150767569361228E-17   7.9621097041904232E-17   8.1315162936412833E-17   6.7762635780344027E-17   5.9292306307801024E-17
 8.4703294725430034E-17   8.3856261778175734E-17   7.0303734622106928E-17   8.5550327672684334E-17   7.2844833463869829E-17   8.8091426514447235E-17   9.9949887776007440E-17   6.4374503991326826E-17   1.0164395367051604E-16   8.8938459461701536E-17   1.0503208545953324E-16
 9.5714723039735938E-17   9.9949887776007440E-17   1.1350241493207625E-16   1.2112571145736495E-16   1.5585406229479126E-16   1.9989977555201488E-16   2.5156878533452720E-16   4.6840921983162809E-16   3.0256016875923632E-15   3.1441863002079652E-15   3.1848438816761716E-15
 3.2670060775598388E-15   3.2653120116653302E-15   3.2754764070323818E-15   3.2763234399796361E-15   3.2915700330302135E-15   3.2924170659774678E-15   3.3118988237643171E-15   3.3051225601862827E-15   3.3017344283972655E-15   3.2856408023994334E-15   3.3059695931335370E-15
 3.2958051977664850E-15   3.3059695931335370E-15   3.2983462966082479E-15   3.3135928896588257E-15   3.2907230000829592E-15   3.2915700330302135E-15   3.3025814613445198E-15   3.2864878353466877E-15   3.3008873954500112E-15   3.2966522307137393E-15   3.3025814613445198E-15
 3.2924170659774678E-15   3.2797115717686533E-15   3.2839467365049248E-15   3.2847937694521791E-15   3.2695471764016017E-15   3.3017344283972655E-15   3.2805586047159076E-15   3.3042755272390284E-15   3.2864878353466877E-15   3.3000403625027569E-15   3.3135928896588257E-15
 3.3559445370215411E-15   3.3779673936501529E-15   3.4406478317469711E-15   3.6151366188813570E-15   3.5208618518519856E-14   3.5325509065240955E-14   3.5384801371548756E-14   3.5412753458808148E-14   3.5409365327019131E-14   3.5452564007329100E-14   3.5434776315436760E-14
 3.5457646205012626E-14   3.5440705546067540E-14   3.5442399611962049E-14   3.5451716974381846E-14   3.5451716974381846E-14   3.5435623348384014E-14   3.5461034336801643E-14   3.5443246644909303E-14   3.5428000051858726E-14   3.5455105106170863E-14   3.5444093677856557E-14
 3.5436470381331269E-14   3.5480516094588492E-14   3.5458493237959881E-14   3.5458493237959881E-14   3.5452564007329100E-14   3.5478822028693984E-14   3.5452564007329100E-14   3.5466963567432424E-14   3.5477127962799475E-14   3.5479669061641238E-14   3.5483057193430255E-14
 3.5477974995746729E-14   3.5462728402696152E-14   3.5461034336801643E-14   3.5444940710803812E-14   3.5498303786480833E-14   3.5482210160483001E-14   3.5499150819428087E-14   3.5526255873740225E-14   3.5566066422261183E-14   3.5631287959199764E-14   3.5786294988547307E-14
 3.1717402819824497E-13   3.1730701237096384E-13   3.1736291654548268E-13   3.1738663346800580E-13   3.1739425676453104E-13   3.1741458555526519E-13   3.1741966775294867E-13   3.1742898511536851E-13   3.1742559698357950E-13   3.1742051478589597E-13   3.1742983214831572E-13
 3.1741712665410695E-13   3.1742813808242126E-13   3.1741966775294872E-13   3.1742474995063219E-13   3.1743152621421028E-13   3.1743406731305204E-13   3.1742644401652675E-13   3.1742898511536851E-13   3.1742390291768494E-13   3.1744592577431355E-13   3.1740526819284539E-13
 3.1743152621421023E-13   3.1742644401652670E-13   3.1742729104947395E-13   3.1743067918126302E-13   3.1741289148937068E-13   3.1740950335758166E-13   3.1742813808242126E-13   3.1741035039052892E-13   3.1742729104947395E-13   3.1742220885179048E-13   3.1743322028010478E-13
 3.1744253764252453E-13   3.1743406731305204E-13   3.1747218379567848E-13   3.1746879566388947E-13   3.1750098291588513E-13   3.1752554687135550E-13   3.1767547170301956E-13   2.4388526476687806E-12   2.4389602208530815E-12   2.4390237483241256E-12   2.4390271364559146E-12
 2.4390517004113846E-12   2.4390601707408575E-12   2.4390550885431740E-12   2.4390737232680140E-12   2.4390601707408575E-12   2.4390864287622224E-12   2.4390898168940114E-12   2.4390635588726466E-12   2.4390627118396993E-12   2.4390754173339081E-12   2.4390677940373828E-12
 2.4390644059055938E-12   2.4390618648067520E-12   2.4390610177738048E-12   2.4390779584327499E-12   2.4390559355761213E-12   2.4390644059055938E-12   2.4390627118396989E-12   2.4390610177738048E-12   2.4390669470044356E-12   2.4390686410703301E-12   2.4390660999714887E-12
 2.4390686410703301E-12   2.4390660999714883E-12   2.4390610177738048E-12   2.4390771113998026E-12   2.4390745703009609E-12   2.4390652529385411E-12   2.4390771113998026E-12   2.4390796524986440E-12   2.4390813465645389E-12   2.4390788054656971E-12   2.4391050634870624E-12
 2.4391186160142189E-12   2.4391872256829469E-12   2.4393176687568241E-12   1.6387467656555240E-11   1.6387607416991540E-11   1.6387644686441219E-11   1.6387670944462584E-11   1.6387673485561426E-11   1.6387675179627320E-11   1.6387685344022687E-11   1.6387683649956793E-11
 1.6387686191055634E-11   1.6387693814352160E-11   1.6387695508418054E-11   1.6387697202483946E-11   1.6387716684241736E-11   1.6387710755011105E-11   1.6387692967319213E-11   1.6387705672813421E-11   1.6387710755011105E-11   1.6387709060945210E-11   1.6387709907978158E-11
 1.6387720919406472E-11   1.6387699743582791E-11   1.6387722613472366E-11   1.6387694661385107E-11   1.6387726848637103E-11   1.6387702284681629E-11   1.6387732777867733E-11   1.6387704825780474E-11   1.6387730236768892E-11   1.6387726848637103E-11   1.6387709060945210E-11
 1.6387720919406472E-11   1.6387701437648685E-11   1.6387703131714580E-11   1.6387726848637103E-11   1.6387709907978158E-11   1.6387752259625520E-11   1.6387750565559626E-11   1.6387775976548047E-11   1.6387840351052038E-11   1.6387935218742134E-11   1.9307371238013531E-10
 1.9307378776606759E-10   1.9307381825925369E-10   1.9307384790540684E-10   1.9307384875243979E-10   1.9307388941002128E-10   1.9307387501046115E-10   1.9307387585749410E-10   1.9307387246936231E-10   1.9307387077529642E-10   1.9307386992826347E-10   1.9307386569309873E-10
 1.9307386654013168E-10   1.9307388093969181E-10   1.9307387077529642E-10   1.9307388009265886E-10   1.9307389025705423E-10   1.9307386823419757E-10   1.9307386061090105E-10   1.9307387162232936E-10   1.9307389364518602E-10   1.9307388263375770E-10   1.9307389025705423E-10
 1.9307388178672476E-10   1.9307386823419757E-10   1.9307387246936231E-10   1.9307386823419757E-10   1.9307389618628486E-10   1.9307387331639526E-10   1.9307387839859294E-10   1.9307388348079065E-10   1.9307389449221897E-10   1.9307389703331781E-10   1.9307388686892244E-10
 1.9307389195112012E-10   1.9307391397397675E-10   1.9307392244430622E-10   1.9307395632562414E-10   1.9307400630056805E-10   1.9307413250847727E-10   1.2593035796988228E-08   1.2593035884232623E-08   1.2593035935054600E-08   1.2593035937595699E-08   1.2593035955383390E-08
 1.2593035990958774E-08   1.2593035969782949E-08   1.2593035976559214E-08   1.2593035955383390E-08   1.2593035985876577E-08   1.2593035974018115E-08   1.2593035970629983E-08   1.2593035986723609E-08   1.2593035957924489E-08   1.2593035976559214E-08   1.2593035974018115E-08
 1.2593035985029544E-08   1.2593035986723609E-08   1.2593035953689323E-08   1.2593035965547786E-08   1.2593035968935916E-08   1.2593035972324049E-08   1.2593035973171082E-08   1.2593035966394817E-08   1.2593035968935918E-08   1.2593035950301193E-08   1.2593035980794379E-08
 1.2593035953689325E-08   1.2593035959618555E-08   1.2593035978253280E-08   1.2593035967241852E-08   1.2593035973171082E-08   1.2593035968088885E-08   1.2593035988417675E-08   1.2593035995193939E-08   1.2593035986723609E-08   1.2593035990958774E-08   1.2593036018910861E-08
 1.2593036024840095E-08   1.2593036134107347E-08   5.6701666590922436E-07   5.6701666601340941E-07   5.6701666608117215E-07   5.6701666606846666E-07   5.6701666611420644E-07   5.6701666611674754E-07   5.6701666609980688E-07   5.6701666613114710E-07   5.6701666613030006E-07
 5.6701666613538226E-07   5.6701666614215853E-07   5.6701666613284116E-07   5.6701666613199413E-07   5.6701666613114710E-07   5.6701666613284116E-07   5.6701666614808776E-07   5.6701666616164028E-07   5.6701666615147589E-07   5.6701666615825215E-07   5.6701666613707633E-07
 5.6701666617095765E-07   5.6701666618705127E-07   5.6701666615994622E-07   5.6701666616502842E-07   5.6701666617688688E-07   5.6701666618281611E-07   5.6701666618535721E-07   5.6701666620145083E-07   5.6701666618789841E-07   5.6701666619128644E-07   5.6701666619721567E-07
 5.6701666621585039E-07   5.6701666620992116E-07   5.6701666619382754E-07   5.6701666621330929E-07   5.6701666621415633E-07   5.6701666622601479E-07   5.6701666627598973E-07   5.6701666628191896E-07   5.6701666626243731E-07   5.1839325159946766E-06   5.1839325157244714E-06
 5.1839325156609431E-06   5.1839325156270618E-06   5.1839325156355321E-06   5.1839325156143563E-06   5.1839325156168974E-06   5.1839325156084271E-06   5.1839325156279088E-06   5.1839325156329910E-06   5.1839325156423084E-06   5.1839325156304499E-06   5.1839325156397673E-06
 5.1839325156321440E-06   5.1839325156414614E-06   5.1839325156575550E-06   5.1839325156389203E-06   5.1839325156634842E-06   5.1839325156516258E-06   5.1839325156423084E-06   5.1839325156939774E-06   5.1839325156677194E-06   5.1839325156812719E-06   5.1839325156872011E-06
 5.1839325156872011E-06   5.1839325156956715E-06   5.1839325156965185E-06   5.1839325157049888E-06   5.1839325157016007E-06   5.1839325157007537E-06   5.1839325157007537E-06   5.1839325156973655E-06   5.1839325157405651E-06   5.1839325157134600E-06   5.1839325157032948E-06
 5.1839325157304007E-06   5.1839325157100710E-06   5.1839325156990596E-06   5.1839325156829660E-06   5.1839325156092741E-06
 2.0000021152703145E+00   2.0000021152682730E+00   2.0000021152668044E+00   2.0000021152655463E+00   2.0000021152646461E+00   2.0000021152640812E+00   2.0000021152637610E+00   2.0000021152635967E+00   2.0000021152635319E+00   2.0000021152635195E+00   2.0000021152635341E+00
 2.0000021152635559E+00   2.0000021152635825E+00   2.0000021152636065E+00   2.0000021152636256E+00   2.0000021152636438E+00   2.0000021152636580E+00   2.0000021152636704E+00   2.0000021152636802E+00   2.0000021152636855E+00   2.0000021152636944E+00   2.0000021152636971E+00
 2.0000021152637015E+00   2.0000021152637051E+00   2.0000021152637095E+00   2.0000021152637104E+00   2.0000021152637104E+00   2.0000021152637077E+00   2.0000021152636984E+00   2.0000021152636784E+00   2.0000021152636442E+00   2.0000021152635825E+00   2.0000021152634813E+00
 2.0000021152633223E+00   2.0000021152630967E+00   2.0000021152627854E+00   2.0000021152623897E+00   2.0000021152619003E+00   2.0000021152613421E+00   2.0000021152602012E+00   2.0000004179129451E+00   2.0000004179124811E+00   2.0000004179123119E+00   2.0000004179121857E+00
 2.0000004179120854E+00   2.0000004179120054E+00   2.0000004179119353E+00   2.0000004179118784E+00   2.0000004179118300E+00   2.0000004179117896E+00   2.0000004179117568E+00   2.0000004179117274E+00   2.0000004179117017E+00   2.0000004179116848E+00   2.0000004179116653E+00
 2.0000004179116533E+00   2.0000004179116422E+00   2.0000004179116297E+00   2.0000004179116209E+00   2.0000004179116178E+00   2.0000004179116129E+00   2.0000004179116093E+00   2.0000004179116067E+00   2.0000004179116013E+00   2.0000004179116013E+00   2.0000004179115987E+00
 2.0000004179115960E+00   2.0000004179115947E+00   2.0000004179115911E+00   2.0000004179115813E+00   2.0000004179115640E+00   2.0000004179115387E+00   2.0000004179114930E+00   2.0000004179114201E+00   2.0000004179113198E+00   2.0000004179111723E+00   2.0000004179109823E+00
 2.0000004179107460E+00   2.0000004179104702E+00   2.0000004179098929E+00   2.0000000124358328E+00   2.0000000124355863E+00   2.0000000124354922E+00   2.0000000124354265E+00   2.0000000124353785E+00   2.0000000124353461E+00   2.0000000124353217E+00   2.0000000124353012E+00
 2.0000000124352888E+00   2.0000000124352790E+00   2.0000000124352684E+00   2.0000000124352644E+00   2.0000000124352564E+00   2.0000000124352479E+00   2.0000000124352426E+00   2.0000000124352368E+00   2.0000000124352293E+00   2.0000000124352271E+00   2.0000000124352204E+00
 2.0000000124352124E+00   2.0000000124352098E+00   2.0000000124352066E+00   2.0000000124352040E+00   2.0000000124351986E+00   2.0000000124351929E+00   2.0000000124351929E+00   2.0000000124351898E+00   2.0000000124351862E+00   2.0000000124351809E+00   2.0000000124351760E+00
 2.0000000124351689E+00   2.0000000124351520E+00   2.0000000124351267E+00   2.0000000124350881E+00   2.0000000124350312E+00   2.0000000124349535E+00   2.0000000124348505E+00   2.0000000124347181E+00   2.0000000124345649E+00   2.0000000124342439E+00   2.0000000002250031E+00
 2.0000000002248579E+00   2.0000000002248006E+00   2.0000000002247580E+00   2.0000000002247309E+00   2.0000000002247154E+00   2.0000000002247007E+00   2.0000000002246923E+00   2.0000000002246860E+00   2.0000000002246821E+00   2.0000000002246803E+00   2.0000000002246781E+00
 2.0000000002246763E+00   2.0000000002246727E+00   2.0000000002246701E+00   2.0000000002246683E+00   2.0000000002246661E+00   2.0000000002246638E+00   2.0000000002246625E+00   2.0000000002246585E+00   2.0000000002246603E+00   2.0000000002246567E+00   2.0000000002246536E+00
 2.0000000002246523E+00   2.0000000002246505E+00   2.0000000002246487E+00   2.0000000002246479E+00   2.0000000002246443E+00   2.0000000002246416E+00   2.0000000002246363E+00   2.0000000002246292E+00   2.0000000002246203E+00   2.0000000002246048E+00   2.0000000002245795E+00
 2.0000000002245466E+00   2.0000000002244991E+00   2.0000000002244351E+00   2.0000000002243539E+00   2.0000000002242553E+00   2.0000000002240634E+00   2.0000000000284475E+00   2.0000000000283524E+00   2.0000000000283165E+00   2.0000000000282911E+00   2.0000000000282752E+00
 2.0000000000282614E+00   2.0000000000282565E+00   2.0000000000282512E+00   2.0000000000282476E+00   2.0000000000282450E+00   2.0000000000282450E+00   2.0000000000282427E+00   2.0000000000282441E+00   2.0000000000282432E+00   2.0000000000282423E+00   2.0000000000282427E+00
 2.0000000000282423E+00   2.0000000000282423E+00   2.0000000000282423E+00   2.0000000000282423E+00   2.0000000000282405E+00   2.0000000000282396E+00   2.0000000000282387E+00   2.0000000000282387E+00   2.0000000000282370E+00   2.0000000000282361E+00   2.0000000000282361E+00
 2.0000000000282352E+00   2.0000000000282339E+00   2.0000000000282321E+00   2.0000000000282259E+00   2.0000000000282179E+00   2.0000000000282112E+00   2.0000000000281934E+00   2.0000000000281712E+00   2.0000000000281402E+00   2.0000000000280984E+00   2.0000000000280451E+00
 2.0000000000279803E+00   2.0000000000278533E+00   2.0000000000048757E+00   2.0000000000048148E+00   2.0000000000047926E+00   2.0000000000047722E+00   2.0000000000047660E+00   2.0000000000047571E+00   2.0000000000047526E+00   2.0000000000047509E+00   2.0000000000047482E+00
 2.0000000000047446E+00   2.0000000000047455E+00   2.0000000000047438E+00   2.0000000000047438E+00   2.0000000000047446E+00   2.0000000000047446E+00   2.0000000000047455E+00   2.0000000000047464E+00   2.0000000000047464E+00   2.0000000000047464E+00   2.0000000000047464E+00
 2.0000000000047464E+00   2.0000000000047473E+00   2.0000000000047455E+00   2.0000000000047446E+00   2.0000000000047438E+00   2.0000000000047438E+00   2.0000000000047446E+00   2.0000000000047446E+00   2.0000000000047429E+00   2.0000000000047420E+00   2.0000000000047402E+00
 2.0000000000047349E+00   2.0000000000047287E+00   2.0000000000047171E+00   2.0000000000047038E+00   2.0000000000046798E+00   2.0000000000046514E+00   2.0000000000046141E+00   2.0000000000045688E+00   2.0000000000044831E+00   2.0000000000007576E+00   2.0000000000007185E+00
 2.0000000000007017E+00   2.0000000000006901E+00   2.0000000000006812E+00   2.0000000000006768E+00   2.0000000000006741E+00   2.0000000000006715E+00   2.0000000000006697E+00   2.0000000000006688E+00   2.0000000000006688E+00   2.0000000000006701E+00   2.0000000000006697E+00
 2.0000000000006706E+00   2.0000000000006715E+00   2.0000000000006715E+00   2.0000000000006706E+00   2.0000000000006715E+00   2.0000000000006706E+00   2.0000000000006706E+00   2.0000000000006706E+00   2.0000000000006706E+00   2.0000000000006706E+00   2.0000000000006706E+00
 2.0000000000006706E+00   2.0000000000006706E+00   2.0000000000006706E+00   2.0000000000006697E+00   2.0000000000006688E+00   2.0000000000006684E+00   2.0000000000006661E+00   2.0000000000006652E+00   2.0000000000006590E+00   2.0000000000006528E+00   2.0000000000006404E+00
 2.0000000000006262E+00   2.0000000000006040E+00   2.0000000000005800E+00   2.0000000000005471E+00   2.0000000000004867E+00   2.0000000000001492E+00   2.0000000000001235E+00   2.0000000000001106E+00   2.0000000000001057E+00   2.0000000000000977E+00   2.0000000000000950E+00
 2.0000000000000915E+00   2.0000000000000906E+00   2.0000000000000915E+00   2.0000000000000906E+00   2.0000000000000897E+00   2.0000000000000906E+00   2.0000000000000897E+00   2.0000000000000906E+00   2.0000000000000906E+00   2.0000000000000906E+00   2.0000000000000906E+00
 2.0000000000000897E+00   2.0000000000000915E+00   2.0000000000000906E+00   2.0000000000000897E+00   2.0000000000000902E+00   2.0000000000000902E+00   2.0000000000000902E+00   2.0000000000000902E+00   2.0000000000000902E+00   2.0000000000000910E+00   2.0000000000000906E+00
 2.0000000000000906E+00   2.0000000000000888E+00   2.0000000000000879E+00   2.0000000000000879E+00   2.0000000000000830E+00   2.0000000000000790E+00   2.0000000000000737E+00   2.0000000000000595E+00   2.0000000000000409E+00   2.0000000000000231E+00   1.9999999999999996E+00
 1.9999999999999587E+00   2.0000000000000622E+00   2.0000000000000453E+00   2.0000000000000364E+00   2.0000000000000302E+00   2.0000000000000253E+00   2.0000000000000222E+00   2.0000000000000204E+00   2.0000000000000204E+00   2.0000000000000195E+00   2.0000000000000187E+00
 2.0000000000000195E+00   2.0000000000000195E+00   2.0000000000000204E+00   2.0000000000000204E+00   2.0000000000000213E+00   2.0000000000000213E+00   2.0000000000000213E+00   2.0000000000000195E+00   2.0000000000000195E+00   2.0000000000000195E+00   2.0000000000000195E+00
 2.0000000000000213E+00   2.0000000000000213E+00   2.0000000000000187E+00   2.0000000000000204E+00   2.0000000000000213E+00   2.0000000000000213E+00   2.0000000000000204E+00   2.0000000000000195E+00   2.0000000000000187E+00   2.0000000000000187E+00   2.0000000000000173E+00
 2.0000000000000169E+00   2.0000000000000133E+00   2.0000000000000062E+00   1.9999999999999916E+00   1.9999999999999827E+00   1.9999999999999689E+00   1.9999999999999529E+00   1.9999999999999210E+00   2.0000000000000422E+00   2.0000000000000311E+00   2.0000000000000235E+00
 2.0000000000000187E+00   2.0000000000000151E+00   2.0000000000000133E+00   2.0000000000000115E+00   2.0000000000000124E+00   2.0000000000000124E+00   2.0000000000000124E+00   2.0000000000000115E+00   2.0000000000000115E+00   2.0000000000000124E+00   2.0000000000000124E+00
 2.0000000000000133E+00   2.0000000000000124E+00   2.0000000000000133E+00   2.0000000000000133E+00   2.0000000000000133E+00   2.0000000000000133E+00   2.0000000000000133E+00   2.0000000000000142E+00   2.0000000000000133E+00   2.0000000000000133E+00   2.0000000000000142E+00
 2.0000000000000142E+00   2.0000000000000133E+00   2.0000000000000142E+00   2.0000000000000151E+00   2.0000000000000133E+00   2.0000000000000133E+00   2.0000000000000133E+00   2.0000000000000089E+00   2.0000000000000053E+00   1.9999999999999996E+00   1.9999999999999898E+00
 1.9999999999999827E+00   1.9999999999999725E+00   1.9999999999999600E+00   1.9999999999999329E+00   2.0000000000000284E+00   2.0000000000000249E+00   2.0000000000000222E+00   2.0000000000000178E+00   2.0000000000000151E+00   2.0000000000000133E+00   2.0000000000000124E+00
 2.0000000000000107E+00   2.0000000000000098E+00   2.0000000000000098E+00   2.0000000000000098E+00   2.0000000000000098E+00   2.0000000000000098E+00   2.0000000000000107E+00   2.0000000000000107E+00   2.0000000000000107E+00   2.0000000000000107E+00   2.0000000000000115E+00
 2.0000000000000115E+00   2.0000000000000115E+00   2.0000000000000115E+00   2.0000000000000115E+00   2.0000000000000115E+00   2.0000000000000115E+00   2.0000000000000115E+00   2.0000000000000124E+00   2.0000000000000115E+00   2.0000000000000115E+00   2.0000000000000115E+00
 2.0000000000000124E+00   2.0000000000000115E+00   2.0000000000000098E+00   2.0000000000000071E+00   2.0000000000000036E+00   1.9999999999999973E+00   1.9999999999999929E+00   1.9999999999999853E+00   1.9999999999999782E+00   1.9999999999999720E+00   1.9999999999999498E+00
 2.0000000000000284E+00   2.0000000000000222E+00   2.0000000000000195E+00   2.0000000000000160E+00   2.0000000000000133E+00   2.0000000000000107E+00   2.0000000000000089E+00   2.0000000000000080E+00   2.0000000000000080E+00   2.0000000000000080E+00   2.0000000000000080E+00
 2.0000000000000080E+00   2.0000000000000080E+00   2.0000000000000089E+00   2.0000000000000089E+00   2.0000000000000089E+00   2.0000000000000089E+00   2.0000000000000098E+00   2.0000000000000098E+00   2.0000000000000098E+00   2.0000000000000098E+00   2.0000000000000098E+00
 2.0000000000000098E+00   2.0000000000000098E+00   2.0000000000000098E+00   2.0000000000000098E+00   2.0000000000000098E+00   2.0000000000000098E+00   2.0000000000000107E+00   2.0000000000000107E+00   2.0000000000000098E+00   2.0000000000000071E+00   2.0000000000000036E+00
 1.9999999999999996E+00   1.9999999999999982E+00   1.9999999999999942E+00   1.9999999999999889E+00   1.9999999999999818E+00   1.9999999999999747E+00   1.9999999999999614E+00   2.0000000000000258E+00   2.0000000000000195E+00   2.0000000000000160E+00   2.0000000000000124E+00
 2.0000000000000089E+00   2.0000000000000080E+00   2.0000000000000071E+00   2.0000000000000071E+00   2.0000000000000062E+00   2.0000000000000062E+00   2.0000000000000071E+00   2.0000000000000062E+00   2.0000000000000062E+00   2.0000000000000062E+00   2.0000000000000071E+00
 2.0000000000000071E+00   2.0000000000000071E+00   2.0000000000000080E+00   2.0000000000000071E+00   2.0000000000000080E+00   2.0000000000000080E+00   2.0000000000000080E+00   2.0000000000000080E+00   2.0000000000000080E+00   2.0000000000000080E+00   2.0000000000000089E+00
 2.0000000000000089E+00   2.0000000000000089E+00   2.0000000000000089E+00   2.0000000000000089E+00   2.0000000000000071E+00   2.0000000000000036E+00   2.0000000000000000E+00   1.9999999999999996E+00   1.9999999999999996E+00   1.9999999999999964E+00   1.9999999999999916E+00
 1.9999999999999862E+00   1.9999999999999809E+00   1.9999999999999694E+00   2.0000000000000222E+00   2.0000000000000151E+00   2.0000000000000115E+00   2.0000000000000098E+00   2.0000000000000089E+00   2.0000000000000071E+00   2.0000000000000062E+00   2.0000000000000053E+00
 2.0000000000000044E+00   2.0000000000000036E+00   2.0000000000000036E+00   2.0000000000000036E+00   2.0000000000000036E+00   2.0000000000000036E+00   2.0000000000000044E+00   2.0000000000000053E+00   2.0000000000000053E+00   2.0000000000000053E+00   2.0000000000000053E+00
 2.0000000000000062E+00   2.0000000000000053E+00   2.0000000000000062E+00   2.0000000000000053E+00   2.0000000000000071E+00   2.0000000000000062E+00   2.0000000000000062E+00   2.0000000000000071E+00   2.0000000000000071E+00   2.0000000000000071E+00   2.0000000000000062E+00
 2.0000000000000027E+00   2.0000000000000000E+00   2.0000000000000000E+00   1.9999999999999996E+00   1.9999999999999996E+00   1.9999999999999982E+00   1.9999999999999942E+00   1.9999999999999911E+00   1.9999999999999840E+00   1.9999999999999756E+00   2.0000000000000178E+00
 2.0000000000000124E+00   2.0000000000000107E+00   2.0000000000000089E+00   2.0000000000000071E+00   2.0000000000000053E+00   2.0000000000000044E+00   2.0000000000000044E+00   2.0000000000000036E+00   2.0000000000000018E+00   2.0000000000000018E+00   2.0000000000000018E+00
 2.0000000000000018E+00   2.0000000000000018E+00   2.0000000000000027E+00   2.0000000000000018E+00   2.0000000000000018E+00   2.0000000000000027E+00   2.0000000000000027E+00   2.0000000000000027E+00   2.0000000000000036E+00   2.0000000000000036E+00   2.0000000000000036E+00
 2.0000000000000036E+00   2.0000000000000036E+00   2.0000000000000036E+00   2.0000000000000036E+00   2.0000000000000036E+00   2.0000000000000027E+00   2.0000000000000009E+00   2.0000000000000000E+00   2.0000000000000000E+00   2.0000000000000000E+00   2.0000000000000000E+00
 1.9999999999999996E+00   1.9999999999999996E+00   1.9999999999999964E+00   1.9999999999999920E+00   1.9999999999999880E+00   1.9999999999999796E+00   2.0000000000000142E+00   2.0000000000000107E+00   2.0000000000000089E+00   2.0000000000000071E+00   2.0000000000000062E+00
 2.0000000000000053E+00   2.0000000000000036E+00   2.0000000000000027E+00   2.0000000000000018E+00   2.0000000000000009E+00   2.0000000000000000E+00   2.0000000000000000E+00   2.0000000000000000E+00   2.0000000000000000E+00   2.0000000000000000E+00   2.0000000000000000E+00
 2.0000000000000000E+00   2.0000000000000000E+00   2.0000000000000000E+00   2.0000000000000000E+00   2.0000000000000000E+00   2.0000000000000000E+00   2.0000000000000009E+00   2.0000000000000000E+00   2.0000000000000009E+00   2.0000000000000009E+00   2.0000000000000009E+00
 2.0000000000000000E+00   2.0000000000000000E+00   2.0000000000000000E+00   2.0000000000000000E+00   2.0000000000000000E+00   2.0000000000000000E+00   2.0000000000000000E+00   1.9999999999999996E+00   1.9999999999999996E+00   1.9999999999999987E+00   1.9999999999999951E+00
 1.9999999999999898E+00   1.9999999999999862E+00   2.0000000000000133E+00   2.0000000000000098E+00   2.0000000000000080E+00   2.0000000000000062E+00   2.0000000000000044E+00   2.0000000000000036E+00   2.0000000000000018E+00   2.0000000000000009E+00   2.0000000000000000E+00
 2.0000000000000000E+00   2.0000000000000000E+00   2.0000000000000000E+00   2.0000000000000000E+00   2.0000000000000000E+00   2.0000000000000000E+00   2.0000000000000000E+00   2.0000000000000000E+00   2.0000000000000000E+00   2.0000000000000000E+00   2.0000000000000000E+00
 2.0000000000000000E+00   2.0000000000000000E+00   2.0000000000000000E+00   2.0000000000000000E+00   2.0000000000000000E+00   2.0000000000000000E+00   2.0000000000000000E+00   2.0000000000000000E+00   2.0000000000000000E+00   2.0000000000000000E+00   2.0000000000000000E+00
 2.0000000000000000E+00   2.0000000000000000E+00   2.0000000000000000E+00   2.0000000000000000E+00   1.9999999999999996E+00   1.9999999999999996E+00   1.9999999999999996E+00   1.9999999999999960E+00   1.9999999999999889E+00   2.0000000000000124E+00   2.0000000000000089E+00
 2.0000000000000062E+00   2.0000000000000053E+00   2.0000000000000036E+00   2.0000000000000018E+00   2.0000000000000009E+00   2.0000000000000000E+00   2.0000000000000000E+00   2.0000000000000000E+00   2.0000000000000000E+00   2.0000000000000000E+00   2.0000000000000000E+00
 2.0000000000000000E+00   2.0000000000000000E+00   2.0000000000000000E+00   2.0000000000000000E+00   2.0000000000000000E+00   2.0000000000000000E+00   2.0000000000000000E+00   2.0000000000000000E+00   2.0000000000000000E+00   2.0000000000000000E+00   2.0000000000000000E+00
 2.0000000000000000E+00   2.0000000000000000E+00   2.0000000000000000E+00   2.0000000000000000E+00   2.0000000000000000E+00   2.0000000000000000E+00   2.0000000000000000E+00   2.0000000000000000E+00   2.0000000000000000E+00   2.0000000000000000E+00   2.0000000000000000E+00
 1.9999999999999996E+00   1.9999999999999996E+00   1.9999999999999996E+00   1.9999999999999929E+00   1.9999999999999849E+00   2.0000000000000115E+00   2.0000000000000080E+00   2.0000000000000053E+00   2.0000000000000036E+00   2.0000000000000018E+00   2.0000000000000000E+00
 2.0000000000000000E+00   2.0000000000000000E+00   2.0000000000000000E+00   2.0000000000000000E+00   2.0000000000000000E+00   2.0000000000000000E+00   2.0000000000000000E+00   2.0000000000000000E+00   2.0000000000000000E+00   2.0000000000000000E+00   2.0000000000000000E+00
 2.0000000000000000E+00   2.0000000000000000E+00   2.0000000000000000E+00   2.0000000000000000E+00   2.0000000000000000E+00   2.0000000000000000E+00   2.0000000000000000E+00   2.0000000000000000E+00   2.0000000000000000E+00   2.0000000000000000E+00   2.0000000000000000E+00
 2.0000000000000000E+00   2.0000000000000000E+00   2.0000000000000000E+00   2.0000000000000000E+00   2.0000000000000000E+00   2.0000000000000000E+00   2.0000000000000000E+00   1.9999999999999996E+00   1.9999999999999996E+00   1.9999999999999996E+00   1.9999999999999996E+00
 1.9999999999999876E+00   2.0000000000000089E+00   2.0000000000000053E+00   2.0000000000000044E+00   2.0000000000000018E+00   2.0000000000000009E+00   2.0000000000000000E+00   2.0000000000000000E+00   2.0000000000000000E+00   2.0000000000000000E+00   2.0000000000000000E+00
 2.0000000000000000E+00   2.0000000000000000E+00   2.0000000000000000E+00   2.0000000000000000E+00   2.0000000000000000E+00   2.0000000000000000E+00   2.0000000000000000E+00   2.0000000000000000E+00   2.0000000000000000E+00   2.0000000000000000E+00   2.0000000000000000E+00
 2.0000000000000000E+00   2.0000000000000000E+00   2.0000000000000000E+00   2.0000000000000000E+00   2.0000000000000000E+00   2.0000000000000000E+00   2.0000000000000000E+00   2.0000000000000000E+00   2.0000000000000000E+00   2.0000000000000000E+00   2.0000000000000000E+00
 2.0000000000000000E+00   2.0000000000000000E+00   2.0000000000000000E+00   2.0000000000000000E+00   1.9999999999999996E+00   1.9999999999999996E+00   1.9999999999999996E+00   1.9999999999999996E+00   2.0000000000000089E+00   2.0000000000000044E+00   2.0000000000000027E+00
 2.0000000000000000E+00   2.0000000000000000E+00   2.0000000000000000E+00   2.0000000000000000E+00   2.0000000000000000E+00   2.0000000000000000E+00   2.0000000000000000E+00   2.0000000000000000E+00   2.0000000000000000E+00   2.0000000000000000E+00   2.0000000000000000E+00
 2.0000000000000000E+00   2.0000000000000000E+00   2.0000000000000000E+00   2.0000000000000000E+00   2.0000000000000000E+00   2.0000000000000000E+00   2.0000000000000000E+00   2.0000000000000000E+00   2.0000000000000000E+00   2.0000000000000000E+00   2.0000000000000000E+00
 2.0000000000000000E+00   2.0000000000000000E+00   2.0000000000000000E+00   2.0000000000000000E+00   2.0000000000000000E+00   2.0000000000000000E+00   2.0000000000000000E+00   2.0000000000000000E+00   2.0000000000000000E+00   2.0000000000000000E+00   2.0000000000000000E+00
 1.9999999999999996E+00   1.9999999999999996E+00   1.9999999999999996E+00   1.9999999999999996E+00   2.0000000000000062E+00   2.0000000000000027E+00   2.0000000000000000E+00   2.0000000000000000E+00   2.0000000000000000E+00   2.0000000000000000E+00   2.0000000000000000E+00
 2.0000000000000000E+00   2.0000000000000000E+00   2.0000000000000000E+00   2.0000000000000000E+00   2.0000000000000000E+00   2.0000000000000000E+00   2.0000000000000000E+00   2.0000000000000000E+00   2.0000000000000000E+00   2.0000000000000000E+00   2.0000000000000000E+00
 2.0000000000000000E+00   2.0000000000000000E+00   2.0000000000000000E+00   2.0000000000000000E+00   2.0000000000000000E+00   2.0000000000000000E+00   2.0000000000000000E+00   2.0000000000000000E+00   2.0000000000000000E+00   2.0000000000000000E+00   2.0000000000000000E+00
 2.0000000000000000E+00   2.0000000000000000E+00   2.0000000000000000E+00   2.0000000000000000E+00   2.0000000000000000E+00   2.0000000000000000E+00   2.0000000000000000E+00   2.0000000000000000E+00   1.9999999999999996E+00   1.9999999999999996E+00   1.9999999999999996E+00
 2.0000000000000044E+00   2.0000000000000000E+00   2.0000000000000000E+00   2.0000000000000000E+00   2.0000000000000000E+00   2.0000000000000000E+00   2.0000000000000000E+00   2.0000000000000000E+00   2.0000000000000000E+00   2.0000000000000000E+00   2.0000000000000000E+00
 2.0000000000000000E+00   2.0000000000000000E+00   2.0000000000000000E+00   2.0000000000000000E+00   2.0000000000000000E+00   2.0000000000000000E+00   2.0000000000000000E+00   2.0000000000000000E+00   2.0000000000000000E+00   2.0000000000000000E+00   2.0000000000000000E+00
 2.0000000000000000E+00   2.0000000000000000E+00   2.0000000000000000E+00   2.0000000000000000E+00   2.0000000000000000E+00   2.0000000000000000E+00   2.0000000000000000E+00   2.0000000000000000E+00   2.0000000000000000E+00   2.0000000000000000E+00   2.0000000000000000E+00
 2.0000000000000000E+00   2.0000000000000000E+00   2.0000000000000000E+00   2.0000000000000000E+00   1.9999999999999996E+00   1.9999999999999996E+00   1.9999999999999996E+00   2.0000000000000027E+00   2.0000000000000000E+00   2.0000000000000000E+00   2.0000000000000000E+00
 2.0000000000000000E+00   2.0000000000000000E+00   2.0000000000000000E+00   2.0000000000000000E+00   2.0000000000000000E+00   2.0000000000000000E+00   2.0000000000000000E+00   2.0000000000000000E+00   2.0000000000000000E+00   2.0000000000000000E+00   2.0000000000000000E+00
 2.0000000000000000E+00   2.0000000000000000E+00   2.0000000000000000E+00   2.0000000000000000E+00   2.0000000000000000E+00   2.0000000000000000E+00   2.0000000000000000E+00   2.0000000000000000E+00   2.0000000000000000E+00   2.0000000000000000E+00   2.0000000000000000E+00
 2.0000000000000000E+00   2.0000000000000000E+00   2.0000000000000000E+00   2.0000000000000000E+00   2.0000000000000000E+00   2.0000000000000000E+00   2.0000000000000000E+00   2.0000000000000000E+00   2.0000000000000000E+00   2.0000000000000000E+00   2.0000000000000000E+00
 2.0000000000000000E+00   1.9999999999999996E+00   1.9999999999999996E+00   2.0000000000000000E+00   2.0000000000000000E+00   2.0000000000000000E+00   2.0000000000000000E+00   2.0000000000000000E+00   2.0000000000000000E+00   2.0000000000000000E+00   2.0000000000000000E+00
 2.0000000000000000E+00   2.0000000000000000E+00   2.0000000000000000E+00   2.0000000000000000E+00   2.0000000000000000E+00   2.0000000000000000E+00   2.0000000000000000E+00   2.0000000000000000E+00   2.0000000000000000E+00   2.0000000000000000E+00   2.0000000000000000E+00
 2.0000000000000000E+00   2.0000000000000000E+00   2.0000000000000000E+00   2.0000000000000000E+00   2.0000000000000000E+00   2.0000000000000000E+00   2.0000000000000000E+00   2.0000000000000000E+00   2.0000000000000000E+00   2.0000000000000000E+00   2.0000000000000000E+00
 2.0000000000000000E+00   2.0000000000000000E+00   2.0000000000000000E+00   2.0000000000000000E+00   2.0000000000000000E+00   2.0000000000000000E+00   2.0000000000000000E+00   2.0000000000000000E+00   1.9999999999999996E+00   1.9999999999999996E+00   2.0000000000000000E+00
 2.0000000000000000E+00   2.0000000000000000E+00   2.0000000000000000E+00   2.0000000000000000E+00   2.0000000000000000E+00   2.0000000000000000E+00   2.0000000000000000E+00   2.0000000000000000E+00   2.0000000000000000E+00   2.0000000000000000E+00   2.0000000000000000E+00
 2.0000000000000000E+00   2.0000000000000000E+00   2.0000000000000000E+00   2.0000000000000000E+00   2.0000000000000000E+00   2.0000000000000000E+00   2.0000000000000000E+00   2.0000000000000000E+00   2.0000000000000000E+00   2.0000000000000000E+00   2.0000000000000000E+00
 2.0000000000000000E+00   2.0000000000000000E+00   2.0000000000000000E+00   2.0000000000000000E+00   2.0000000000000000E+00   2.0000000000000000E+00   2.0000000000000000E+00   2.0000000000000000E+00   2.0000000000000000E+00   2.0000000000000000E+00   2.0000000000000000E+00
 2.0000000000000000E+00   2.0000000000000000E+00   2.0000000000000000E+00   2.0000000000000000E+00   2.0000000000000000E+00   1.9999999999999996E+00   2.0000000000000000E+00   2.0000000000000000E+00   2.0000000000000000E+00   2.0000000000000000E+00   2.0000000000000000E+00
 2.0000000000000000E+00   2.0000000000000000E+00   2.0000000000000000E+00   2.0000000000000000E+00   2.0000000000000000E+00   2.0000000000000000E+00   2.0000000000000000E+00   2.0000000000000000E+00   2.0000000000000000E+00   2.0000000000000000E+00   2.0000000000000000E+00
 2.0000000000000000E+00   2.0000000000000000E+00   2.0000000000000000E+00   2.0000000000000000E+00   2.0000000000000000E+00   2.0000000000000000E+00   2.0000000000000000E+00   2.0000000000000000E+00   2.0000000000000000E+00   2.0000000000000000E+00   2.0000000000000000E+00
 2.0000000000000000E+00   2.0000000000000000E+00   2.0000000000000000E+00   2.0000000000000000E+00   2.0000000000000000E+00   2.0000000000000000E+00   2.0000000000000000E+00   2.0000000000000000E+00   2.0000000000000000E+00   2.0000000000000000E+00   2.0000000000000000E+00
 2.0000000000000000E+00   1.9999999999999996E+00   2.0000000000000000E+00   2.0000000000000000E+00   2.0000000000000000E+00   2.0000000000000000E+00   2.0000000000000000E+00   2.0000000000000000E+00   2.0000000000000000E+00   2.0000000000000000E+00   2.0000000000000000E+00
 2.0000000000000000E+00   2.0000000000000000E+00   2.0000000000000000E+00   2.0000000000000000E+00   2.0000000000000000E+00   2.0000000000000000E+00   2.0000000000000000E+00   2.0000000000000000E+00   2.0000000000000000E+00   2.0000000000000000E+00   2.0000000000000000E+00
 2.0000000000000000E+00   2.0000000000000000E+00   2.0000000000000000E+00   2.0000000000000000E+00   2.0000000000000000E+00   2.0000000000000000E+00   2.0000000000000000E+00   2.0000000000000000E+00   2.0000000000000000E+00   2.0000000000000000E+00   2.0000000000000000E+00
 2.0000000000000000E+00   2.0000000000000000E+00   2.0000000000000000E+00   2.0000000000000000E+00   2.0000000000000000E+00   2.0000000000000000E+00   2.0000000000000000E+00   2.0000000000000000E+00   1.9999999999999996E+00   2.0000000000000000E+00   2.0000000000000000E+00
 2.0000000000000000E+00   2.0000000000000000E+00   2.0000000000000000E+00   2.0000000000000000E+00   2.0000000000000000E+00   2.0000000000000000E+00   2.0000000000000000E+00   2.0000000000000000E+00   2.0000000000000000E+00   2.0000000000000000E+00   2.0000000000000000E+00
 2.0000000000000000E+00   2.0000000000000000E+00   2.0000000000000000E+00   2.0000000000000000E+00   2.0000000000000000E+00   2.0000000000000000E+00   2.0000000000000000E+00   2.0000000000000000E+00   2.0000000000000000E+00   2.0000000000000000E+00   2.0000000000000000E+00
 2.0000000000000000E+00   2.0000000000000000E+00   2.0000000000000000E+00   2.0000000000000000E+00   2.0000000000000000E+00   2.0000000000000000E+00   2.0000000000000000E+00   2.0000000000000000E+00   2.0000000000000000E+00   2.0000000000000000E+00   2.0000000000000000E+00
 2.0000000000000000E+00   2.0000000000000000E+00   2.0000000000000000E+00   2.0000000000000000E+00   2.0000000000000000E+00   2.0000000000000000E+00   2.0000000000000000E+00   2.0000000000000000E+00   2.0000000000000000E+00   2.0000000000000000E+00   2.0000000000000000E+00
 2.0000000000000000E+00   2.0000000000000000E+00   2.0000000000000000E+00   2.0000000000000000E+00   2.0000000000000000E+00   2.0000000000000000E+00   2.0000000000000000E+00   2.0000000000000000E+00   2.0000000000000000E+00   2.0000000000000000E+00   2.0000000000000000E+00
 2.0000000000000000E+00   2.0000000000000000E+00   2.0000000000000000E+00   2.0000000000000000E+00   2.0000000000000000E+00   2.0000000000000000E+00   2.0000000000000000E+00   2.0000000000000000E+00   2.0000000000000000E+00   2.0000000000000000E+00   2.0000000000000000E+00
 2.0000000000000000E+00   2.0000000000000000E+00   2.0000000000000000E+00   2.0000000000000000E+00   2.0000000000000000E+00   2.0000000000000000E+00   2.0000000000000000E+00   2.0000000000000000E+00   2.0000000000000000E+00   2.0000000000000000E+00   2.0000000000000000E+00
 2.0000000000000000E+00   2.0000000000000000E+00   2.0000000000000000E+00   2.0000000000000000E+00   2.0000000000000000E+00   2.0000000000000000E+00   1.9999999999999996E+00   1.9999999999999996E+00   1.9999999999999996E+00   1.9999999999999996E+00   1.9999999999999996E+00
 1.9999999999999996E+00   1.9999999999999996E+00   1.9999999999999996E+00   1.9999999999999996E+00   1.9999999999999996E+00   1.9999999999999996E+00   1.9999999999999996E+00   1.9999999999999996E+00   1.9999999999999996E+00   1.9999999999999996E+00   1.9999999999999996E+00
 1.9999999999999996E+00   1.9999999999999996E+00   1.9999999999999996E+00   1.9999999999999996E+00   1.9999999999999996E+00   1.9999999999999996E+00   1.9999999999999996E+00   1.9999999999999996E+00   1.9999999999999996E+00   1.9999999999999996E+00   1.9999999999999996E+00
 1.9999999999999996E+00   1.9999999999999996E+00   1.9999999999999996E+00   1.9999999999999996E+00   1.9999999999999996E+00   1.9999999999999996E+00   1.9999999999999996E+00   1.9999999999999996E+00   1.9999999999999933E+00   1.9999999999999933E+00   1.9999999999999933E+00
 1.9999999999999933E+00   1.9999999999999933E+00   1.9999999999999933E+00   1.9999999999999933E+00   1.9999999999999933E+00   1.9999999999999933E+00   1.9999999999999933E+00   1.9999999999999933E+00   1.9999999999999933E+00   1.9999999999999933E+00   1.9999999999999933E+00
 1.9999999999999933E+00   1.9999999999999933E+00   1.9999999999999933E+00   1.9999999999999933E+00   1.9999999999999933E+00   1.9999999999999933E+00   1.9999999999999933E+00   1.9999999999999933E+00   1.9999999999999933E+00   1.9999999999999933E+00   1.9999999999999933E+00
 1.9999999999999933E+00   1.9999999999999933E+00   1.9999999999999933E+00   1.9999999999999933E+00   1.9999999999999933E+00   1.9999999999999933E+00   1.9999999999999933E+00   1.9999999999999933E+00   1.9999999999999925E+00   1.9999999999999925E+00   1.9999999999999920E+00
 1.9999999999999920E+00   1.9999999999999920E+00   1.9999999999999920E+00   1.9999999999999920E+00   1.9999999999999201E+00   1.9999999999999201E+00   1.9999999999999201E+00   1.9999999999999196E+00   1.9999999999999192E+00   1.9999999999999192E+00   1.9999999999999192E+00
 1.9999999999999192E+00   1.9999999999999187E+00   1.9999999999999187E+00   1.9999999999999187E+00   1.9999999999999192E+00   1.9999999999999187E+00   1.9999999999999187E+00   1.9999999999999187E+00   1.9999999999999187E+00   1.9999999999999187E+00   1.9999999999999192E+00
 1.9999999999999187E+00   1.9999999999999187E+00   1.9999999999999192E+00   1.9999999999999187E+00   1.9999999999999187E+00   1.9999999999999192E+00   1.9999999999999187E+00   1.9999999999999192E+00   1.9999999999999192E+00   1.9999999999999187E+00   1.9999999999999192E+00
 1.9999999999999192E+00   1.9999999999999192E+00   1.9999999999999187E+00   1.9999999999999187E+00   1.9999999999999187E+00   1.9999999999999187E+00   1.9999999999999187E+00   1.9999999999999192E+00   1.9999999999999183E+00   1.9999999999999165E+00   1.9999999999999165E+00
 1.9999999999993077E+00   1.9999999999993059E+00   1.9999999999993077E+00   1.9999999999993077E+00   1.9999999999993059E+00   1.9999999999993068E+00   1.9999999999993059E+00   1.9999999999993059E+00   1.9999999999993059E+00   1.9999999999993059E+00   1.9999999999993050E+00
 1.9999999999993059E+00   1.9999999999993059E+00   1.9999999999993059E+00   1.9999999999993050E+00   1.9999999999993059E+00   1.9999999999993059E+00   1.9999999999993059E+00   1.9999999999993059E+00   1.9999999999993059E+00   1.9999999999993050E+00   1.9999999999993059E+00
 1.9999999999993059E+00   1.9999999999993050E+00   1.9999999999993059E+00   1.9999999999993059E+00   1.9999999999993059E+00   1.9999999999993059E+00   1.9999999999993059E+00   1.9999999999993059E+00   1.9999999999993050E+00   1.9999999999993059E+00   1.9999999999993059E+00
 1.9999999999993050E+00   1.9999999999993059E+00   1.9999999999993050E+00   1.9999999999993037E+00   1.9999999999993037E+00   1.9999999999993037E+00   1.9999999999993019E+00   1.9999999999949423E+00   1.9999999999949414E+00   1.9999999999949414E+00   1.9999999999949414E+00
 1.9999999999949405E+00   1.9999999999949414E+00   1.9999999999949414E+00   1.9999999999949414E+00   1.9999999999949414E+00   1.9999999999949414E+00   1.9999999999949414E+00   1.9999999999949414E+00   1.9999999999949414E+00   1.9999999999949414E+00   1.9999999999949423E+00
 1.9999999999949414E+00   1.9999999999949414E+00   1.9999999999949414E+00   1.9999999999949414E+00   1.9999999999949414E+00   1.9999999999949414E+00   1.9999999999949405E+00   1.9999999999949414E+00   1.9999999999949414E+00   1.9999999999949414E+00   1.9999999999949414E+00
 1.9999999999949414E+00   1.9999999999949414E+00   1.9999999999949414E+00   1.9999999999949414E+00   1.9999999999949414E+00   1.9999999999949423E+00   1.9999999999949414E+00   1.9999999999949405E+00   1.9999999999949414E+00   1.9999999999949414E+00   1.9999999999949414E+00
 1.9999999999949414E+00   1.9999999999949405E+00   1.9999999999949400E+00   1.9999999999683666E+00   1.9999999999683662E+00   1.9999999999683662E+00   1.9999999999683662E+00   1.9999999999683662E+00   1.9999999999683662E+00   1.9999999999683662E+00   1.9999999999683662E+00
 1.9999999999683662E+00   1.9999999999683662E+00   1.9999999999683662E+00   1.9999999999683653E+00   1.9999999999683662E+00   1.9999999999683662E+00   1.9999999999683662E+00   1.9999999999683662E+00   1.9999999999683662E+00   1.9999999999683662E+00   1.9999999999683662E+00
 1.9999999999683662E+00   1.9999999999683662E+00   1.9999999999683662E+00   1.9999999999683662E+00   1.9999999999683662E+00   1.9999999999683653E+00   1.9999999999683662E+00   1.9999999999683662E+00   1.9999999999683662E+00   1.9999999999683662E+00   1.9999999999683662E+00
 1.9999999999683662E+00   1.9999999999683662E+00   1.9999999999683662E+00   1.9999999999683662E+00   1.9999999999683662E+00   1.9999999999683662E+00   1.9999999999683662E+00   1.9999999999683653E+00   1.9999999999683657E+00   1.9999999999683649E+00   1.9999999997003366E+00
 1.9999999997003379E+00   1.9999999997003379E+00   1.9999999997003379E+00   1.9999999997003379E+00   1.9999999997003379E+00   1.9999999997003379E+00   1.9999999997003379E+00   1.9999999997003379E+00   1.9999999997003379E+00   1.9999999997003379E+00   1.9999999997003379E+00
 1.9999999997003379E+00   1.9999999997003379E+00   1.9999999997003379E+00   1.9999999997003379E+00   1.9999999997003379E+00   1.9999999997003379E+00   1.9999999997003379E+00   1.9999999997003379E+00   1.9999999997003379E+00   1.9999999997003379E+00   1.9999999997003379E+00
 1.9999999997003379E+00   1.9999999997003379E+00   1.9999999997003379E+00   1.9999999997003379E+00   1.9999999997003379E+00   1.9999999997003379E+00   1.9999999997003379E+00   1.9999999997003379E+00   1.9999999997003379E+00   1.9999999997003379E+00   1.9999999997003379E+00
 1.9999999997003379E+00   1.9999999997003375E+00   1.9999999997003375E+00   1.9999999997003353E+00   1.9999999997003344E+00   1.9999999997003353E+00   1.9999999865699127E+00   1.9999999865699127E+00   1.9999999865699127E+00   1.9999999865699127E+00   1.9999999865699127E+00
 1.9999999865699127E+00   1.9999999865699127E+00   1.9999999865699127E+00   1.9999999865699127E+00   1.9999999865699127E+00   1.9999999865699127E+00   1.9999999865699127E+00   1.9999999865699127E+00   1.9999999865699127E+00   1.9999999865699127E+00   1.9999999865699127E+00
 1.9999999865699127E+00   1.9999999865699127E+00   1.9999999865699118E+00   1.9999999865699127E+00   1.9999999865699127E+00   1.9999999865699127E+00   1.9999999865699127E+00   1.9999999865699127E+00   1.9999999865699127E+00   1.9999999865699127E+00   1.9999999865699127E+00
 1.9999999865699127E+00   1.9999999865699127E+00   1.9999999865699127E+00   1.9999999865699127E+00   1.9999999865699127E+00   1.9999999865699127E+00   1.9999999865699127E+00   1.9999999865699127E+00   1.9999999865699127E+00   1.9999999865699127E+00   1.9999999865699127E+00
 1.9999999865699110E+00   1.9999999865699101E+00   1.9999995722675146E+00   1.9999995722675146E+00   1.9999995722675146E+00   1.9999995722675146E+00   1.9999995722675146E+00   1.9999995722675146E+00   1.9999995722675137E+00   1.9999995722675137E+00   1.9999995722675137E+00
 1.9999995722675128E+00   1.9999995722675146E+00   1.9999995722675137E+00   1.9999995722675137E+00   1.9999995722675137E+00   1.9999995722675128E+00   1.9999995722675128E+00   1.9999995722675137E+00   1.9999995722675137E+00   1.9999995722675128E+00   1.9999995722675128E+00
 1.9999995722675128E+00   1.9999995722675128E+00   1.9999995722675128E+00   1.9999995722675128E+00   1.9999995722675128E+00   1.9999995722675128E+00   1.9999995722675128E+00   1.9999995722675128E+00   1.9999995722675141E+00   1.9999995722675128E+00   1.9999995722675128E+00
 1.9999995722675128E+00   1.9999995722675128E+00   1.9999995722675128E+00   1.9999995722675128E+00   1.9999995722675123E+00   1.9999995722675123E+00   1.9999995722675115E+00   1.9999995722675115E+00   1.9999995722675123E+00   1.9999978899967867E+00   1.9999978899967876E+00
 1.9999978899967885E+00   1.9999978899967885E+00   1.9999978899967885E+00   1.9999978899967885E+00   1.9999978899967885E+00   1.9999978899967885E+00   1.9999978899967885E+00   1.9999978899967885E+00   1.9999978899967885E+00   1.9999978899967885E+00   1.9999978899967885E+00
 1.9999978899967885E+00   1.9999978899967885E+00   1.9999978899967885E+00   1.9999978899967885E+00   1.9999978899967885E+00   1.9999978899967885E+00   1.9999978899967885E+00   1.9999978899967885E+00   1.9999978899967885E+00   1.9999978899967885E+00   1.9999978899967885E+00
 1.9999978899967885E+00   1.9999978899967885E+00   1.9999978899967885E+00   1.9999978899967885E+00   1.9999978899967885E+00   1.9999978899967885E+00   1.9999978899967885E+00   1.9999978899967885E+00   1.9999978899967885E+00   1.9999978899967885E+00   1.9999978899967885E+00
 1.9999978899967885E+00   1.9999978899967885E+00   1.9999978899967885E+00   1.9999978899967885E+00   1.9999978899967885E+00
 1.0000055288246668E+00   1.0000055288237080E+00   1.0000055288229135E+00   1.0000055288221812E+00   1.0000055288216265E+00   1.0000055288212555E+00   1.0000055288210297E+00   1.0000055288209035E+00   1.0000055288208443E+00   1.0000055288208238E+00   1.0000055288208229E+00
 1.0000055288208320E+00   1.0000055288208443E+00   1.0000055288208585E+00   1.0000055288208700E+00   1.0000055288208807E+00   1.0000055288208898E+00   1.0000055288208980E+00   1.0000055288209042E+00   1.0000055288209087E+00   1.0000055288209133E+00   1.0000055288209164E+00
 1.0000055288209204E+00   1.0000055288209229E+00   1.0000055288209260E+00   1.0000055288209269E+00   1.0000055288209269E+00   1.0000055288209251E+00   1.0000055288209198E+00   1.0000055288209069E+00   1.0000055288208824E+00   1.0000055288208380E+00   1.0000055288207634E+00
 1.0000055288206420E+00   1.0000055288204628E+00   1.0000055288202101E+00   1.0000055288198846E+00   1.0000055288194973E+00   1.0000055288190972E+00   1.0000055288184981E+00   1.0000005814607325E+00   1.0000005814605830E+00   1.0000005814605246E+00   1.0000005814604671E+00
 1.0000005814604114E+00   1.0000005814603603E+00   1.0000005814603119E+00   1.0000005814602699E+00   1.0000005814602340E+00   1.0000005814602022E+00   1.0000005814601756E+00   1.0000005814601516E+00   1.0000005814601309E+00   1.0000005814601141E+00   1.0000005814600985E+00
 1.0000005814600861E+00   1.0000005814600759E+00   1.0000005814600659E+00   1.0000005814600572E+00   1.0000005814600519E+00   1.0000005814600474E+00   1.0000005814600437E+00   1.0000005814600395E+00   1.0000005814600361E+00   1.0000005814600348E+00   1.0000005814600321E+00
 1.0000005814600292E+00   1.0000005814600279E+00   1.0000005814600239E+00   1.0000005814600177E+00   1.0000005814600059E+00   1.0000005814599870E+00   1.0000005814599535E+00   1.0000005814599007E+00   1.0000005814598212E+00   1.0000005814597079E+00   1.0000005814595596E+00
 1.0000005814593786E+00   1.0000005814591824E+00   1.0000005814588449E+00   1.0000000116353656E+00   1.0000000116352767E+00   1.0000000116352401E+00   1.0000000116352110E+00   1.0000000116351866E+00   1.0000000116351679E+00   1.0000000116351540E+00   1.0000000116351417E+00
 1.0000000116351333E+00   1.0000000116351266E+00   1.0000000116351195E+00   1.0000000116351151E+00   1.0000000116351098E+00   1.0000000116351038E+00   1.0000000116350989E+00   1.0000000116350947E+00   1.0000000116350893E+00   1.0000000116350849E+00   1.0000000116350802E+00
 1.0000000116350753E+00   1.0000000116350722E+00   1.0000000116350687E+00   1.0000000116350658E+00   1.0000000116350620E+00   1.0000000116350578E+00   1.0000000116350560E+00   1.0000000116350534E+00   1.0000000116350509E+00   1.0000000116350474E+00   1.0000000116350429E+00
 1.0000000116350363E+00   1.0000000116350247E+00   1.0000000116350058E+00   1.0000000116349770E+00   1.0000000116349341E+00   1.0000000116348728E+00   1.0000000116347922E+00   1.0000000116346917E+00   1.0000000116345809E+00   1.0000000116343899E+00   1.0000000001692992E+00
 1.0000000001692464E+00   1.0000000001692235E+00   1.0000000001692040E+00   1.0000000001691896E+00   1.0000000001691807E+00   1.0000000001691727E+00   1.0000000001691669E+00   1.0000000001691638E+00   1.0000000001691611E+00   1.0000000001691598E+00   1.0000000001691578E+00
 1.0000000001691567E+00   1.0000000001691549E+00   1.0000000001691534E+00   1.0000000001691518E+00   1.0000000001691500E+00   1.0000000001691487E+00   1.0000000001691474E+00   1.0000000001691445E+00   1.0000000001691447E+00   1.0000000001691418E+00   1.0000000001691398E+00
 1.0000000001691385E+00   1.0000000001691367E+00   1.0000000001691356E+00   1.0000000001691343E+00   1.0000000001691316E+00   1.0000000001691296E+00   1.0000000001691258E+00   1.0000000001691216E+00   1.0000000001691143E+00   1.0000000001691030E+00   1.0000000001690847E+00
 1.0000000001690585E+00   1.0000000001690212E+00   1.0000000001689706E+00   1.0000000001689093E+00   1.0000000001688394E+00   1.0000000001687228E+00   1.0000000000198797E+00   1.0000000000198455E+00   1.0000000000198317E+00   1.0000000000198195E+00   1.0000000000198113E+00
 1.0000000000198037E+00   1.0000000000198002E+00   1.0000000000197966E+00   1.0000000000197948E+00   1.0000000000197935E+00   1.0000000000197935E+00   1.0000000000197922E+00   1.0000000000197926E+00   1.0000000000197922E+00   1.0000000000197919E+00   1.0000000000197917E+00
 1.0000000000197915E+00   1.0000000000197913E+00   1.0000000000197913E+00   1.0000000000197913E+00   1.0000000000197899E+00   1.0000000000197895E+00   1.0000000000197888E+00   1.0000000000197886E+00   1.0000000000197873E+00   1.0000000000197864E+00   1.0000000000197860E+00
 1.0000000000197848E+00   1.0000000000197837E+00   1.0000000000197815E+00   1.0000000000197784E+00   1.0000000000197735E+00   1.0000000000197671E+00   1.0000000000197551E+00   1.0000000000197371E+00   1.0000000000197136E+00   1.0000000000196798E+00   1.0000000000196394E+00
 1.0000000000195928E+00   1.0000000000195164E+00   1.0000000000032365E+00   1.0000000000032148E+00   1.0000000000032054E+00   1.0000000000031963E+00   1.0000000000031921E+00   1.0000000000031875E+00   1.0000000000031848E+00   1.0000000000031837E+00   1.0000000000031817E+00
 1.0000000000031806E+00   1.0000000000031808E+00   1.0000000000031801E+00   1.0000000000031801E+00   1.0000000000031806E+00   1.0000000000031806E+00   1.0000000000031810E+00   1.0000000000031815E+00   1.0000000000031815E+00   1.0000000000031815E+00   1.0000000000031815E+00
 1.0000000000031815E+00   1.0000000000031815E+00   1.0000000000031806E+00   1.0000000000031801E+00   1.0000000000031795E+00   1.0000000000031795E+00   1.0000000000031797E+00   1.0000000000031797E+00   1.0000000000031783E+00   1.0000000000031779E+00   1.0000000000031763E+00
 1.0000000000031730E+00   1.0000000000031675E+00   1.0000000000031595E+00   1.0000000000031484E+00   1.0000000000031313E+00   1.0000000000031082E+00   1.0000000000030804E+00   1.0000000000030489E+00   1.0000000000029963E+00   1.0000000000004741E+00   1.0000000000004601E+00
 1.0000000000004532E+00   1.0000000000004481E+00   1.0000000000004430E+00   1.0000000000004405E+00   1.0000000000004388E+00   1.0000000000004374E+00   1.0000000000004365E+00   1.0000000000004363E+00   1.0000000000004363E+00   1.0000000000004365E+00   1.0000000000004365E+00
 1.0000000000004370E+00   1.0000000000004374E+00   1.0000000000004374E+00   1.0000000000004372E+00   1.0000000000004374E+00   1.0000000000004372E+00   1.0000000000004372E+00   1.0000000000004372E+00   1.0000000000004370E+00   1.0000000000004372E+00   1.0000000000004372E+00
 1.0000000000004370E+00   1.0000000000004370E+00   1.0000000000004370E+00   1.0000000000004365E+00   1.0000000000004361E+00   1.0000000000004357E+00   1.0000000000004343E+00   1.0000000000004330E+00   1.0000000000004290E+00   1.0000000000004237E+00   1.0000000000004150E+00
 1.0000000000004037E+00   1.0000000000003872E+00   1.0000000000003686E+00   1.0000000000003457E+00   1.0000000000003091E+00   1.0000000000000835E+00   1.0000000000000746E+00   1.0000000000000693E+00   1.0000000000000671E+00   1.0000000000000631E+00   1.0000000000000613E+00
 1.0000000000000595E+00   1.0000000000000586E+00   1.0000000000000591E+00   1.0000000000000586E+00   1.0000000000000582E+00   1.0000000000000588E+00   1.0000000000000586E+00   1.0000000000000588E+00   1.0000000000000591E+00   1.0000000000000591E+00   1.0000000000000591E+00
 1.0000000000000586E+00   1.0000000000000597E+00   1.0000000000000593E+00   1.0000000000000591E+00   1.0000000000000591E+00   1.0000000000000591E+00   1.0000000000000591E+00   1.0000000000000591E+00   1.0000000000000591E+00   1.0000000000000595E+00   1.0000000000000593E+00
 1.0000000000000593E+00   1.0000000000000580E+00   1.0000000000000573E+00   1.0000000000000566E+00   1.0000000000000537E+00   1.0000000000000500E+00   1.0000000000000451E+00   1.0000000000000355E+00   1.0000000000000229E+00   1.0000000000000095E+00   9.9999999999999323E-01
 9.9999999999996780E-01   1.0000000000000315E+00   1.0000000000000251E+00   1.0000000000000218E+00   1.0000000000000191E+00   1.0000000000000164E+00   1.0000000000000144E+00   1.0000000000000135E+00   1.0000000000000133E+00   1.0000000000000127E+00   1.0000000000000122E+00
 1.0000000000000127E+00   1.0000000000000127E+00   1.0000000000000133E+00   1.0000000000000133E+00   1.0000000000000138E+00   1.0000000000000138E+00   1.0000000000000138E+00   1.0000000000000131E+00   1.0000000000000131E+00   1.0000000000000131E+00   1.0000000000000131E+00
 1.0000000000000142E+00   1.0000000000000142E+00   1.0000000000000131E+00   1.0000000000000135E+00   1.0000000000000142E+00   1.0000000000000142E+00   1.0000000000000138E+00   1.0000000000000133E+00   1.0000000000000129E+00   1.0000000000000127E+00   1.0000000000000115E+00
 1.0000000000000098E+00   1.0000000000000067E+00   1.0000000000000031E+00   9.9999999999999412E-01   9.9999999999998701E-01   9.9999999999997691E-01   9.9999999999996514E-01   9.9999999999994582E-01   1.0000000000000207E+00   1.0000000000000164E+00   1.0000000000000133E+00
 1.0000000000000113E+00   1.0000000000000098E+00   1.0000000000000084E+00   1.0000000000000075E+00   1.0000000000000073E+00   1.0000000000000071E+00   1.0000000000000071E+00   1.0000000000000067E+00   1.0000000000000064E+00   1.0000000000000069E+00   1.0000000000000069E+00
 1.0000000000000073E+00   1.0000000000000071E+00   1.0000000000000073E+00   1.0000000000000075E+00   1.0000000000000075E+00   1.0000000000000075E+00   1.0000000000000075E+00   1.0000000000000080E+00   1.0000000000000075E+00   1.0000000000000080E+00   1.0000000000000080E+00
 1.0000000000000080E+00   1.0000000000000078E+00   1.0000000000000078E+00   1.0000000000000075E+00   1.0000000000000067E+00   1.0000000000000067E+00   1.0000000000000067E+00   1.0000000000000044E+00   1.0000000000000027E+00   9.9999999999999900E-01   9.9999999999999301E-01
 9.9999999999998757E-01   9.9999999999997990E-01   9.9999999999997102E-01   9.9999999999995515E-01   1.0000000000000147E+00   1.0000000000000124E+00   1.0000000000000111E+00   1.0000000000000093E+00   1.0000000000000080E+00   1.0000000000000069E+00   1.0000000000000062E+00
 1.0000000000000053E+00   1.0000000000000049E+00   1.0000000000000049E+00   1.0000000000000049E+00   1.0000000000000049E+00   1.0000000000000049E+00   1.0000000000000053E+00   1.0000000000000053E+00   1.0000000000000053E+00   1.0000000000000053E+00   1.0000000000000058E+00
 1.0000000000000058E+00   1.0000000000000058E+00   1.0000000000000058E+00   1.0000000000000058E+00   1.0000000000000058E+00   1.0000000000000058E+00   1.0000000000000058E+00   1.0000000000000062E+00   1.0000000000000058E+00   1.0000000000000058E+00   1.0000000000000058E+00
 1.0000000000000062E+00   1.0000000000000058E+00   1.0000000000000049E+00   1.0000000000000036E+00   1.0000000000000018E+00   9.9999999999999811E-01   9.9999999999999512E-01   9.9999999999998956E-01   9.9999999999998435E-01   9.9999999999997946E-01   9.9999999999996636E-01
 1.0000000000000142E+00   1.0000000000000111E+00   1.0000000000000098E+00   1.0000000000000080E+00   1.0000000000000067E+00   1.0000000000000053E+00   1.0000000000000044E+00   1.0000000000000040E+00   1.0000000000000040E+00   1.0000000000000040E+00   1.0000000000000040E+00
 1.0000000000000040E+00   1.0000000000000040E+00   1.0000000000000044E+00   1.0000000000000044E+00   1.0000000000000044E+00   1.0000000000000044E+00   1.0000000000000049E+00   1.0000000000000049E+00   1.0000000000000049E+00   1.0000000000000049E+00   1.0000000000000049E+00
 1.0000000000000049E+00   1.0000000000000049E+00   1.0000000000000049E+00   1.0000000000000049E+00   1.0000000000000049E+00   1.0000000000000049E+00   1.0000000000000053E+00   1.0000000000000053E+00   1.0000000000000049E+00   1.0000000000000036E+00   1.0000000000000018E+00
 9.9999999999999978E-01   9.9999999999999900E-01   9.9999999999999600E-01   9.9999999999999245E-01   9.9999999999998801E-01   9.9999999999998213E-01   9.9999999999997446E-01   1.0000000000000129E+00   1.0000000000000098E+00   1.0000000000000080E+00   1.0000000000000062E+00
 1.0000000000000044E+00   1.0000000000000040E+00   1.0000000000000036E+00   1.0000000000000036E+00   1.0000000000000031E+00   1.0000000000000031E+00   1.0000000000000036E+00   1.0000000000000031E+00   1.0000000000000031E+00   1.0000000000000031E+00   1.0000000000000036E+00
 1.0000000000000036E+00   1.0000000000000036E+00   1.0000000000000040E+00   1.0000000000000036E+00   1.0000000000000040E+00   1.0000000000000040E+00   1.0000000000000040E+00   1.0000000000000040E+00   1.0000000000000040E+00   1.0000000000000040E+00   1.0000000000000044E+00
 1.0000000000000044E+00   1.0000000000000044E+00   1.0000000000000044E+00   1.0000000000000044E+00   1.0000000000000036E+00   1.0000000000000018E+00   1.0000000000000000E+00   9.9999999999999978E-01   9.9999999999999978E-01   9.9999999999999745E-01   9.9999999999999412E-01
 9.9999999999999056E-01   9.9999999999998712E-01   9.9999999999997935E-01   1.0000000000000111E+00   1.0000000000000075E+00   1.0000000000000058E+00   1.0000000000000049E+00   1.0000000000000044E+00   1.0000000000000036E+00   1.0000000000000031E+00   1.0000000000000027E+00
 1.0000000000000022E+00   1.0000000000000018E+00   1.0000000000000018E+00   1.0000000000000018E+00   1.0000000000000018E+00   1.0000000000000018E+00   1.0000000000000022E+00   1.0000000000000027E+00   1.0000000000000027E+00   1.0000000000000027E+00   1.0000000000000027E+00
 1.0000000000000031E+00   1.0000000000000027E+00   1.0000000000000031E+00   1.0000000000000027E+00   1.0000000000000036E+00   1.0000000000000031E+00   1.0000000000000031E+00   1.0000000000000036E+00   1.0000000000000036E+00   1.0000000000000036E+00   1.0000000000000031E+00
 1.0000000000000013E+00   1.0000000000000000E+00   1.0000000000000000E+00   9.9999999999999978E-01   9.9999999999999978E-01   9.9999999999999878E-01   9.9999999999999578E-01   9.9999999999999323E-01   9.9999999999998879E-01   9.9999999999998379E-01   1.0000000000000089E+00
 1.0000000000000062E+00   1.0000000000000053E+00   1.0000000000000044E+00   1.0000000000000036E+00   1.0000000000000027E+00   1.0000000000000022E+00   1.0000000000000022E+00   1.0000000000000018E+00   1.0000000000000009E+00   1.0000000000000009E+00   1.0000000000000009E+00
 1.0000000000000009E+00   1.0000000000000009E+00   1.0000000000000013E+00   1.0000000000000009E+00   1.0000000000000009E+00   1.0000000000000013E+00   1.0000000000000013E+00   1.0000000000000013E+00   1.0000000000000018E+00   1.0000000000000018E+00   1.0000000000000018E+00
 1.0000000000000018E+00   1.0000000000000018E+00   1.0000000000000018E+00   1.0000000000000018E+00   1.0000000000000018E+00   1.0000000000000013E+00   1.0000000000000004E+00   1.0000000000000000E+00   1.0000000000000000E+00   1.0000000000000000E+00   1.0000000000000000E+00
 9.9999999999999978E-01   9.9999999999999978E-01   9.9999999999999722E-01   9.9999999999999389E-01   9.9999999999999090E-01   9.9999999999998679E-01   1.0000000000000071E+00   1.0000000000000053E+00   1.0000000000000044E+00   1.0000000000000036E+00   1.0000000000000031E+00
 1.0000000000000027E+00   1.0000000000000018E+00   1.0000000000000013E+00   1.0000000000000009E+00   1.0000000000000004E+00   1.0000000000000000E+00   1.0000000000000000E+00   1.0000000000000000E+00   1.0000000000000000E+00   1.0000000000000000E+00   1.0000000000000000E+00
 1.0000000000000000E+00   1.0000000000000000E+00   1.0000000000000000E+00   1.0000000000000000E+00   1.0000000000000000E+00   1.0000000000000000E+00   1.0000000000000004E+00   1.0000000000000000E+00   1.0000000000000004E+00   1.0000000000000004E+00   1.0000000000000004E+00
 1.0000000000000000E+00   1.0000000000000000E+00   1.0000000000000000E+00   1.0000000000000000E+00   1.0000000000000000E+00   1.0000000000000000E+00   1.0000000000000000E+00   9.9999999999999978E-01   9.9999999999999978E-01   9.9999999999999922E-01   9.9999999999999600E-01
 9.9999999999999223E-01   9.9999999999999045E-01   1.0000000000000067E+00   1.0000000000000049E+00   1.0000000000000040E+00   1.0000000000000031E+00   1.0000000000000022E+00   1.0000000000000018E+00   1.0000000000000009E+00   1.0000000000000004E+00   1.0000000000000000E+00
 1.0000000000000000E+00   1.0000000000000000E+00   1.0000000000000000E+00   1.0000000000000000E+00   1.0000000000000000E+00   1.0000000000000000E+00   1.0000000000000000E+00   1.0000000000000000E+00   1.0000000000000000E+00   1.0000000000000000E+00   1.0000000000000000E+00
 1.0000000000000000E+00   1.0000000000000000E+00   1.0000000000000000E+00   1.0000000000000000E+00   1.0000000000000000E+00   1.0000000000000000E+00   1.0000000000000000E+00   1.0000000000000000E+00   1.0000000000000000E+00   1.0000000000000000E+00   1.0000000000000000E+00
 1.0000000000000000E+00   1.0000000000000000E+00   1.0000000000000000E+00   1.0000000000000000E+00   9.9999999999999978E-01   9.9999999999999978E-01   9.9999999999999867E-01   9.9999999999999634E-01   9.9999999999999223E-01   1.0000000000000062E+00   1.0000000000000044E+00
 1.0000000000000031E+00   1.0000000000000027E+00   1.0000000000000018E+00   1.0000000000000009E+00   1.0000000000000004E+00   1.0000000000000000E+00   1.0000000000000000E+00   1.0000000000000000E+00   1.0000000000000000E+00   1.0000000000000000E+00   1.0000000000000000E+00
 1.0000000000000000E+00   1.0000000000000000E+00   1.0000000000000000E+00   1.0000000000000000E+00   1.0000000000000000E+00   1.0000000000000000E+00   1.0000000000000000E+00   1.0000000000000000E+00   1.0000000000000000E+00   1.0000000000000000E+00   1.0000000000000000E+00
 1.0000000000000000E+00   1.0000000000000000E+00   1.0000000000000000E+00   1.0000000000000000E+00   1.0000000000000000E+00   1.0000000000000000E+00   1.0000000000000000E+00   1.0000000000000000E+00   1.0000000000000000E+00   1.0000000000000000E+00   1.0000000000000000E+00
 9.9999999999999978E-01   9.9999999999999978E-01   9.9999999999999978E-01   9.9999999999999623E-01   9.9999999999999056E-01   1.0000000000000058E+00   1.0000000000000040E+00   1.0000000000000027E+00   1.0000000000000018E+00   1.0000000000000009E+00   1.0000000000000000E+00
 1.0000000000000000E+00   1.0000000000000000E+00   1.0000000000000000E+00   1.0000000000000000E+00   1.0000000000000000E+00   1.0000000000000000E+00   1.0000000000000000E+00   1.0000000000000000E+00   1.0000000000000000E+00   1.0000000000000000E+00   1.0000000000000000E+00
 1.0000000000000000E+00   1.0000000000000000E+00   1.0000000000000000E+00   1.0000000000000000E+00   1.0000000000000000E+00   1.0000000000000000E+00   1.0000000000000000E+00   1.0000000000000000E+00   1.0000000000000000E+00   1.0000000000000000E+00   1.0000000000000000E+00
 1.0000000000000000E+00   1.0000000000000000E+00   1.0000000000000000E+00   1.0000000000000000E+00   1.0000000000000000E+00   1.0000000000000000E+00   1.0000000000000000E+00   9.9999999999999978E-01   9.9999999999999978E-01   9.9999999999999978E-01   9.9999999999999978E-01
 9.9999999999999234E-01   1.0000000000000044E+00   1.0000000000000027E+00   1.0000000000000022E+00   1.0000000000000009E+00   1.0000000000000004E+00   1.0000000000000000E+00   1.0000000000000000E+00   1.0000000000000000E+00   1.0000000000000000E+00   1.0000000000000000E+00
 1.0000000000000000E+00   1.0000000000000000E+00   1.0000000000000000E+00   1.0000000000000000E+00   1.0000000000000000E+00   1.0000000000000000E+00   1.0000000000000000E+00   1.0000000000000000E+00   1.0000000000000000E+00   1.0000000000000000E+00   1.0000000000000000E+00
 1.0000000000000000E+00   1.0000000000000000E+00   1.0000000000000000E+00   1.0000000000000000E+00   1.0000000000000000E+00   1.0000000000000000E+00   1.0000000000000000E+00   1.0000000000000000E+00   1.0000000000000000E+00   1.0000000000000000E+00   1.0000000000000000E+00
 1.0000000000000000E+00   1.0000000000000000E+00   1.0000000000000000E+00   1.0000000000000000E+00   9.9999999999999978E-01   9.9999999999999978E-01   9.9999999999999978E-01   9.9999999999999889E-01   1.0000000000000044E+00   1.0000000000000022E+00   1.0000000000000013E+00
 1.0000000000000000E+00   1.0000000000000000E+00   1.0000000000000000E+00   1.0000000000000000E+00   1.0000000000000000E+00   1.0000000000000000E+00   1.0000000000000000E+00   1.0000000000000000E+00   1.0000000000000000E+00   1.0000000000000000E+00   1.0000000000000000E+00
 1.0000000000000000E+00   1.0000000000000000E+00   1.0000000000000000E+00   1.0000000000000000E+00   1.0000000000000000E+00   1.0000000000000000E+00   1.0000000000000000E+00   1.0000000000000000E+00   1.0000000000000000E+00   1.0000000000000000E+00   1.0000000000000000E+00
 1.0000000000000000E+00   1.0000000000000000E+00   1.0000000000000000E+00   1.0000000000000000E+00   1.0000000000000000E+00   1.0000000000000000E+00   1.0000000000000000E+00   1.0000000000000000E+00   1.0000000000000000E+00   1.0000000000000000E+00   1.0000000000000000E+00
 9.9999999999999978E-01   9.9999999999999978E-01   9.9999999999999978E-01   9.9999999999999978E-01   1.0000000000000031E+00   1.0000000000000013E+00   1.0000000000000000E+00   1.0000000000000000E+00   1.0000000000000000E+00   1.0000000000000000E+00   1.0000000000000000E+00
 1.0000000000000000E+00   1.0000000000000000E+00   1.0000000000000000E+00   1.0000000000000000E+00   1.0000000000000000E+00   1.0000000000000000E+00   1.0000000000000000E+00   1.0000000000000000E+00   1.0000000000000000E+00   1.0000000000000000E+00   1.0000000000000000E+00
 1.0000000000000000E+00   1.0000000000000000E+00   1.0000000000000000E+00   1.0000000000000000E+00   1.0000000000000000E+00   1.0000000000000000E+00   1.0000000000000000E+00   1.0000000000000000E+00   1.0000000000000000E+00   1.0000000000000000E+00   1.0000000000000000E+00
 1.0000000000000000E+00   1.0000000000000000E+00   1.0000000000000000E+00   1.0000000000000000E+00   1.0000000000000000E+00   1.0000000000000000E+00   1.0000000000000000E+00   1.0000000000000000E+00   9.9999999999999978E-01   9.9999999999999978E-01   9.9999999999999978E-01
 1.0000000000000022E+00   1.0000000000000000E+00   1.0000000000000000E+00   1.0000000000000000E+00   1.0000000000000000E+00   1.0000000000000000E+00   1.0000000000000000E+00   1.0000000000000000E+00   1.0000000000000000E+00   1.0000000000000000E+00   1.0000000000000000E+00
 1.0000000000000000E+00   1.0000000000000000E+00   1.0000000000000000E+00   1.0000000000000000E+00   1.0000000000000000E+00   1.0000000000000000E+00   1.0000000000000000E+00   1.0000000000000000E+00   1.0000000000000000E+00   1.0000000000000000E+00   1.0000000000000000E+00
 1.0000000000000000E+00   1.0000000000000000E+00   1.0000000000000000E+00   1.0000000000000000E+00   1.0000000000000000E+00   1.0000000000000000E+00   1.0000000000000000E+00   1.0000000000000000E+00   1.0000000000000000E+00   1.0000000000000000E+00   1.0000000000000000E+00
 1.0000000000000000E+00   1.0000000000000000E+00   1.0000000000000000E+00   1.0000000000000000E+00   9.9999999999999978E-01   9.9999999999999978E-01   9.9999999999999978E-01   1.0000000000000013E+00   1.0000000000000000E+00   1.0000000000000000E+00   1.0000000000000000E+00
 1.0000000000000000E+00   1.0000000000000000E+00   1.0000000000000000E+00   1.0000000000000000E+00   1.0000000000000000E+00   1.0000000000000000E+00   1.0000000000000000E+00   1.0000000000000000E+00   1.0000000000000000E+00   1.0000000000000000E+00   1.0000000000000000E+00
 1.0000000000000000E+00   1.0000000000000000E+00   1.0000000000000000E+00   1.0000000000000000E+00   1.0000000000000000E+00   1.0000000000000000E+00   1.0000000000000000E+00   1.0000000000000000E+00   1.0000000000000000E+00   1.0000000000000000E+00   1.0000000000000000E+00
 1.0000000000000000E+00   1.0000000000000000E+00   1.0000000000000000E+00   1.0000000000000000E+00   1.0000000000000000E+00   1.0000000000000000E+00   1.0000000000000000E+00   1.0000000000000000E+00   1.0000000000000000E+00   1.0000000000000000E+00   1.0000000000000000E+00
 1.0000000000000000E+00   9.9999999999999978E-01   9.9999999999999978E-01   1.0000000000000000E+00   1.0000000000000000E+00   1.0000000000000000E+00   1.0000000000000000E+00   1.0000000000000000E+00   1.0000000000000000E+00   1.0000000000000000E+00   1.0000000000000000E+00
 1.0000000000000000E+00   1.0000000000000000E+00   1.0000000000000000E+00   1.0000000000000000E+00   1.0000000000000000E+00   1.0000000000000000E+00   1.0000000000000000E+00   1.0000000000000000E+00   1.0000000000000000E+00   1.0000000000000000E+00   1.0000000000000000E+00
 1.0000000000000000E+00   1.0000000000000000E+00   1.0000000000000000E+00   1.0000000000000000E+00   1.0000000000000000E+00   1.0000000000000000E+00   1.0000000000000000E+00   1.0000000000000000E+00   1.0000000000000000E+00   1.0000000000000000E+00   1.0000000000000000E+00
 1.0000000000000000E+00   1.0000000000000000E+00   1.0000000000000000E+00   1.0000000000000000E+00   1.0000000000000000E+00   1.0000000000000000E+00   1.0000000000000000E+00   1.0000000000000000E+00   9.9999999999999978E-01   9.9999999999999978E-01   1.0000000000000000E+00
 1.0000000000000000E+00   1.0000000000000000E+00   1.0000000000000000E+00   1.0000000000000000E+00   1.0000000000000000E+00   1.0000000000000000E+00   1.0000000000000000E+00   1.0000000000000000E+00   1.0000000000000000E+00   1.0000000000000000E+00   1.0000000000000000E+00
 1.0000000000000000E+00   1.0000000000000000E+00   1.0000000000000000E+00   1.0000000000000000E+00   1.0000000000000000E+00   1.0000000000000000E+00   1.0000000000000000E+00   1.0000000000000000E+00   1.0000000000000000E+00   1.0000000000000000E+00   1.0000000000000000E+00
 1.0000000000000000E+00   1.0000000000000000E+00   1.0000000000000000E+00   1.0000000000000000E+00   1.0000000000000000E+00   1.0000000000000000E+00   1.0000000000000000E+00   1.0000000000000000E+00   1.0000000000000000E+00   1.0000000000000000E+00   1.0000000000000000E+00
 1.0000000000000000E+00   1.0000000000000000E+00   1.0000000000000000E+00   1.0000000000000000E+00   1.0000000000000000E+00   9.9999999999999978E-01   1.0000000000000000E+00   1.0000000000000000E+00   1.0000000000000000E+00   1.0000000000000000E+00   1.0000000000000000E+00
 1.0000000000000000E+00   1.0000000000000000E+00   1.0000000000000000E+00   1.0000000000000000E+00   1.0000000000000000E+00   1.0000000000000000E+00   1.0000000000000000E+00   1.0000000000000000E+00   1.0000000000000000E+00   1.0000000000000000E+00   1.0000000000000000E+00
 1.0000000000000000E+00   1.0000000000000000E+00   1.0000000000000000E+00   1.0000000000000000E+00   1.0000000000000000E+00   1.0000000000000000E+00   1.0000000000000000E+00   1.0000000000000000E+00   1.0000000000000000E+00   1.0000000000000000E+00   1.0000000000000000E+00
 1.0000000000000000E+00   1.0000000000000000E+00   1.0000000000000000E+00   1.0000000000000000E+00   1.0000000000000000E+00   1.0000000000000000E+00   1.0000000000000000E+00   1.0000000000000000E+00   1.0000000000000000E+00   1.0000000000000000E+00   1.0000000000000000E+00
 1.0000000000000000E+00   9.9999999999999978E-01   1.0000000000000000E+00   1.0000000000000000E+00   1.0000000000000000E+00   1.0000000000000000E+00   1.0000000000000000E+00   1.0000000000000000E+00   1.0000000000000000E+00   1.0000000000000000E+00   1.0000000000000000E+00
 1.0000000000000000E+00   1.0000000000000000E+00   1.0000000000000000E+00   1.0000000000000000E+00   1.0000000000000000E+00   1.0000000000000000E+00   1.0000000000000000E+00   1.0000000000000000E+00   1.0000000000000000E+00   1.0000000000000000E+00   1.0000000000000000E+00
 1.0000000000000000E+00   1.0000000000000000E+00   1.0000000000000000E+00   1.0000000000000000E+00   1.0000000000000000E+00   1.0000000000000000E+00   1.0000000000000000E+00   1.0000000000000000E+00   1.0000000000000000E+00   1.0000000000000000E+00   1.0000000000000000E+00
 1.0000000000000000E+00   1.0000000000000000E+00   1.0000000000000000E+00   1.0000000000000000E+00   1.0000000000000000E+00   1.0000000000000000E+00   1.0000000000000000E+00   1.0000000000000000E+00   9.9999999999999978E-01   1.0000000000000000E+00   1.0000000000000000E+00
 1.0000000000000000E+00   1.0000000000000000E+00   1.0000000000000000E+00   1.0000000000000000E+00   1.0000000000000000E+00   1.0000000000000000E+00   1.0000000000000000E+00   1.0000000000000000E+00   1.0000000000000000E+00   1.0000000000000000E+00   1.0000000000000000E+00
 1.0000000000000000E+00   1.0000000000000000E+00   1.0000000000000000E+00   1.0000000000000000E+00   1.0000000000000000E+00   1.0000000000000000E+00   1.0000000000000000E+00   1.0000000000000000E+00   1.0000000000000000E+00   1.0000000000000000E+00   1.0000000000000000E+00
 1.0000000000000000E+00   1.0000000000000000E+00   1.0000000000000000E+00   1.0000000000000000E+00   1.0000000000000000E+00   1.0000000000000000E+00   1.0000000000000000E+00   1.0000000000000000E+00   1.0000000000000000E+00   1.0000000000000000E+00   1.0000000000000000E+00
 1.0000000000000000E+00   1.0000000000000000E+00   1.0000000000000000E+00   1.0000000000000000E+00   1.0000000000000000E+00   1.0000000000000000E+00   1.0000000000000000E+00   1.0000000000000000E+00   1.0000000000000000E+00   1.0000000000000000E+00   1.0000000000000000E+00
 1.0000000000000000E+00   1.0000000000000000E+00   1.0000000000000000E+00   1.0000000000000000E+00   1.0000000000000000E+00   1.0000000000000000E+00   1.0000000000000000E+00   1.0000000000000000E+00   1.0000000000000000E+00   1.0000000000000000E+00   1.0000000000000000E+00
 1.0000000000000000E+00   1.0000000000000000E+00   1.0000000000000000E+00   1.0000000000000000E+00   1.0000000000000000E+00   1.0000000000000000E+00   1.0000000000000000E+00   1.0000000000000000E+00   1.0000000000000000E+00   1.0000000000000000E+00   1.0000000000000000E+00
 1.0000000000000000E+00   1.0000000000000000E+00   1.0000000000000000E+00   1.0000000000000000E+00   1.0000000000000000E+00   1.0000000000000000E+00   1.0000000000000000E+00   1.0000000000000000E+00   1.0000000000000000E+00   1.0000000000000000E+00   1.0000000000000000E+00
 1.0000000000000000E+00   1.0000000000000000E+00   1.0000000000000000E+00   1.0000000000000000E+00   1.0000000000000000E+00   1.0000000000000000E+00   9.9999999999999978E-01   9.9999999999999978E-01   9.9999999999999978E-01   9.9999999999999978E-01   9.9999999999999978E-01
 9.9999999999999978E-01   9.9999999999999978E-01   9.9999999999999978E-01   9.9999999999999978E-01   9.9999999999999978E-01   9.9999999999999978E-01   9.9999999999999978E-01   9.9999999999999978E-01   9.9999999999999978E-01   9.9999999999999978E-01   9.9999999999999978E-01
 9.9999999999999978E-01   9.9999999999999978E-01   9.9999999999999978E-01   9.9999999999999978E-01   9.9999999999999978E-01   9.9999999999999978E-01   9.9999999999999978E-01   9.9999999999999978E-01   9.9999999999999978E-01   9.9999999999999978E-01   9.9999999999999978E-01
 9.9999999999999978E-01   9.9999999999999978E-01   9.9999999999999978E-01   9.9999999999999978E-01   9.9999999999999978E-01   9.9999999999999978E-01   9.9999999999999978E-01   9.9999999999999978E-01   9.9999999999999589E-01   9.9999999999999589E-01   9.9999999999999589E-01
 9.9999999999999589E-01   9.9999999999999589E-01   9.9999999999999589E-01   9.9999999999999589E-01   9.9999999999999589E-01   9.9999999999999589E-01   9.9999999999999589E-01   9.9999999999999589E-01   9.9999999999999589E-01   9.9999999999999589E-01   9.9999999999999589E-01
 9.9999999999999589E-01   9.9999999999999589E-01   9.9999999999999589E-01   9.9999999999999589E-01   9.9999999999999589E-01   9.9999999999999589E-01   9.9999999999999589E-01   9.9999999999999589E-01   9.9999999999999589E-01   9.9999999999999589E-01   9.9999999999999589E-01
 9.9999999999999589E-01   9.9999999999999589E-01   9.9999999999999589E-01   9.9999999999999589E-01   9.9999999999999589E-01   9.9999999999999589E-01   9.9999999999999589E-01   9.9999999999999589E-01   9.9999999999999545E-01   9.9999999999999545E-01   9.9999999999999512E-01
 9.9999999999999512E-01   9.9999999999999512E-01   9.9999999999999512E-01   9.9999999999999512E-01   9.9999999999994993E-01   9.9999999999994993E-01   9.9999999999994993E-01   9.9999999999994971E-01   9.9999999999994948E-01   9.9999999999994948E-01   9.9999999999994948E-01
 9.9999999999994948E-01   9.9999999999994926E-01   9.9999999999994926E-01   9.9999999999994926E-01   9.9999999999994948E-01   9.9999999999994926E-01   9.9999999999994926E-01   9.9999999999994926E-01   9.9999999999994926E-01   9.9999999999994926E-01   9.9999999999994948E-01
 9.9999999999994926E-01   9.9999999999994926E-01   9.9999999999994948E-01   9.9999999999994926E-01   9.9999999999994926E-01   9.9999999999994948E-01   9.9999999999994926E-01   9.9999999999994948E-01   9.9999999999994948E-01   9.9999999999994926E-01   9.9999999999994948E-01
 9.9999999999994948E-01   9.9999999999994948E-01   9.9999999999994926E-01   9.9999999999994926E-01   9.9999999999994926E-01   9.9999999999994926E-01   9.9999999999994926E-01   9.9999999999994937E-01   9.9999999999994882E-01   9.9999999999994804E-01   9.9999999999994793E-01
 9.9999999999955791E-01   9.9999999999955713E-01   9.9999999999955791E-01   9.9999999999955791E-01   9.9999999999955713E-01   9.9999999999955747E-01   9.9999999999955713E-01   9.9999999999955702E-01   9.9999999999955702E-01   9.9999999999955702E-01   9.9999999999955669E-01
 9.9999999999955702E-01   9.9999999999955702E-01   9.9999999999955702E-01   9.9999999999955669E-01   9.9999999999955702E-01   9.9999999999955702E-01   9.9999999999955702E-01   9.9999999999955702E-01   9.9999999999955713E-01   9.9999999999955669E-01   9.9999999999955702E-01
 9.9999999999955713E-01   9.9999999999955669E-01   9.9999999999955713E-01   9.9999999999955702E-01   9.9999999999955702E-01   9.9999999999955702E-01   9.9999999999955702E-01   9.9999999999955702E-01   9.9999999999955669E-01   9.9999999999955702E-01   9.9999999999955702E-01
 9.9999999999955669E-01   9.9999999999955702E-01   9.9999999999955658E-01   9.9999999999955591E-01   9.9999999999955591E-01   9.9999999999955591E-01   9.9999999999955502E-01   9.9999999999669476E-01   9.9999999999669453E-01   9.9999999999669453E-01   9.9999999999669453E-01
 9.9999999999669420E-01   9.9999999999669453E-01   9.9999999999669453E-01   9.9999999999669442E-01   9.9999999999669453E-01   9.9999999999669453E-01   9.9999999999669453E-01   9.9999999999669453E-01   9.9999999999669453E-01   9.9999999999669453E-01   9.9999999999669498E-01
 9.9999999999669453E-01   9.9999999999669453E-01   9.9999999999669453E-01   9.9999999999669453E-01   9.9999999999669453E-01   9.9999999999669453E-01   9.9999999999669420E-01   9.9999999999669453E-01   9.9999999999669453E-01   9.9999999999669453E-01   9.9999999999669442E-01
 9.9999999999669453E-01   9.9999999999669453E-01   9.9999999999669453E-01   9.9999999999669453E-01   9.9999999999669453E-01   9.9999999999669498E-01   9.9999999999669453E-01   9.9999999999669420E-01   9.9999999999669453E-01   9.9999999999669453E-01   9.9999999999669431E-01
 9.9999999999669420E-01   9.9999999999669364E-01   9.9999999999669342E-01   9.9999999997866784E-01   9.9999999997866740E-01   9.9999999997866740E-01   9.9999999997866751E-01   9.9999999997866740E-01   9.9999999997866751E-01   9.9999999997866740E-01   9.9999999997866751E-01
 9.9999999997866751E-01   9.9999999997866751E-01   9.9999999997866740E-01   9.9999999997866718E-01   9.9999999997866740E-01   9.9999999997866751E-01   9.9999999997866740E-01   9.9999999997866751E-01   9.9999999997866740E-01   9.9999999997866740E-01   9.9999999997866751E-01
 9.9999999997866740E-01   9.9999999997866751E-01   9.9999999997866751E-01   9.9999999997866751E-01   9.9999999997866740E-01   9.9999999997866718E-01   9.9999999997866751E-01   9.9999999997866740E-01   9.9999999997866751E-01   9.9999999997866751E-01   9.9999999997866751E-01
 9.9999999997866740E-01   9.9999999997866751E-01   9.9999999997866740E-01   9.9999999997866740E-01   9.9999999997866751E-01   9.9999999997866740E-01   9.9999999997866751E-01   9.9999999997866684E-01   9.9999999997866706E-01   9.9999999997866651E-01   9.9999999977650345E-01
 9.9999999977650422E-01   9.9999999977650422E-01   9.9999999977650422E-01   9.9999999977650422E-01   9.9999999977650422E-01   9.9999999977650422E-01   9.9999999977650422E-01   9.9999999977650422E-01   9.9999999977650422E-01   9.9999999977650422E-01   9.9999999977650422E-01
 9.9999999977650422E-01   9.9999999977650422E-01   9.9999999977650422E-01   9.9999999977650422E-01   9.9999999977650422E-01   9.9999999977650422E-01   9.9999999977650422E-01   9.9999999977650422E-01   9.9999999977650422E-01   9.9999999977650422E-01   9.9999999977650422E-01
 9.9999999977650422E-01   9.9999999977650422E-01   9.9999999977650422E-01   9.9999999977650422E-01   9.9999999977650422E-01   9.9999999977650422E-01   9.9999999977650422E-01   9.9999999977650422E-01   9.9999999977650422E-01   9.9999999977650422E-01   9.9999999977650422E-01
 9.9999999977650422E-01   9.9999999977650389E-01   9.9999999977650389E-01   9.9999999977650267E-01   9.9999999977650222E-01   9.9999999977650222E-01   9.9999998694089021E-01   9.9999998694089010E-01   9.9999998694089010E-01   9.9999998694089010E-01   9.9999998694089010E-01
 9.9999998694089010E-01   9.9999998694089021E-01   9.9999998694089010E-01   9.9999998694089010E-01   9.9999998694089010E-01   9.9999998694089010E-01   9.9999998694089010E-01   9.9999998694089010E-01   9.9999998694089010E-01   9.9999998694089010E-01   9.9999998694089010E-01
 9.9999998694089010E-01   9.9999998694089010E-01   9.9999998694088976E-01   9.9999998694089010E-01   9.9999998694089021E-01   9.9999998694089010E-01   9.9999998694089010E-01   9.9999998694089021E-01   9.9999998694089010E-01   9.9999998694089010E-01   9.9999998694089010E-01
 9.9999998694089010E-01   9.9999998694089010E-01   9.9999998694089010E-01   9.9999998694089010E-01   9.9999998694089010E-01   9.9999998694089010E-01   9.9999998694089010E-01   9.9999998694089010E-01   9.9999998694089010E-01   9.9999998694089010E-01   9.9999998694089010E-01
 9.9999998694088899E-01   9.9999998694088854E-01   9.9999941600841646E-01   9.9999941600841646E-01   9.9999941600841646E-01   9.9999941600841646E-01   9.9999941600841646E-01   9.9999941600841646E-01   9.9999941600841602E-01   9.9999941600841602E-01   9.9999941600841602E-01
 9.9999941600841558E-01   9.9999941600841646E-01   9.9999941600841602E-01   9.9999941600841602E-01   9.9999941600841602E-01   9.9999941600841558E-01   9.9999941600841558E-01   9.9999941600841602E-01   9.9999941600841602E-01   9.9999941600841558E-01   9.9999941600841558E-01
 9.9999941600841558E-01   9.9999941600841558E-01   9.9999941600841558E-01   9.9999941600841558E-01   9.9999941600841558E-01   9.9999941600841558E-01   9.9999941600841558E-01   9.9999941600841558E-01   9.9999941600841613E-01   9.9999941600841558E-01   9.9999941600841558E-01
 9.9999941600841558E-01   9.9999941600841558E-01   9.9999941600841558E-01   9.9999941600841558E-01   9.9999941600841535E-01   9.9999941600841535E-01   9.9999941600841491E-01   9.9999941600841491E-01   9.9999941600841524E-01   9.9999447238334527E-01   9.9999447238334593E-01
 9.9999447238334638E-01   9.9999447238334638E-01   9.9999447238334638E-01   9.9999447238334638E-01   9.9999447238334638E-01   9.9999447238334638E-01   9.9999447238334638E-01   9.9999447238334638E-01   9.9999447238334638E-01   9.9999447238334638E-01   9.9999447238334638E-01
 9.9999447238334638E-01   9.9999447238334638E-01   9.9999447238334638E-01   9.9999447238334638E-01   9.9999447238334638E-01   9.9999447238334638E-01   9.9999447238334638E-01   9.9999447238334638E-01   9.9999447238334638E-01   9.9999447238334638E-01   9.9999447238334638E-01
 9.9999447238334638E-01   9.9999447238334638E-01   9.9999447238334638E-01   9.9999447238334638E-01   9.9999447238334638E-01   9.9999447238334638E-01   9.9999447238334638E-01   9.9999447238334649E-01   9.9999447238334638E-01   9.9999447238334638E-01   9.9999447238334638E-01
 9.9999447238334638E-01   9.9999447238334638E-01   9.9999447238334638E-01   9.9999447238334638E-01   9.9999447238334638E-01
 1.3015047277394130E-04   1.3015047031419557E-04   1.3015046846847906E-04   1.3015046704940151E-04   1.3015046610524158E-04   1.3015046554637697E-04   1.3015046525959373E-04   1.3015046513903088E-04   1.3015046511711195E-04   1.3015046514652079E-04   1.3015046519510368E-04
 1.3015046524883348E-04   1.3015046530087538E-04   1.3015046534446093E-04   1.3015046537904164E-04   1.3015046540745782E-04   1.3015046542595130E-04   1.3015046544136068E-04   1.3015046545285705E-04   1.3015046546044630E-04   1.3015046546686743E-04   1.3015046547125325E-04
 1.3015046547416306E-04   1.3015046547684719E-04   1.3015046547909970E-04   1.3015046548312835E-04   1.3015046548801201E-04   1.3015046549984461E-04   1.3015046551958999E-04   1.3015046555566573E-04   1.3015046561742671E-04   1.3015046571309793E-04   1.3015046585800492E-04
 1.3015046606272448E-04   1.3015046633014141E-04   1.3015046665829742E-04   1.3015046703454124E-04   1.3015046744532921E-04   1.3015046789520933E-04   1.3015046881147002E-04   1.4336112891419616E-04   1.4336112827266831E-04   1.4336112789527052E-04   1.4336112757336187E-04
 1.4336112730120858E-04   1.4336112707176571E-04   1.4336112687929908E-04   1.4336112671847347E-04   1.4336112658611504E-04   1.4336112647468280E-04   1.4336112638452402E-04   1.4336112630802735E-04   1.4336112624628599E-04   1.4336112619201048E-04   1.4336112614938523E-04
 1.4336112611187590E-04   1.4336112607856935E-04   1.4336112604998298E-04   1.4336112602657597E-04   1.4336112600568096E-04   1.4336112598633676E-04   1.4336112597049193E-04   1.4336112595518641E-04   1.4336112594300139E-04   1.4336112593200934E-04   1.4336112592081178E-04
 1.4336112591460497E-04   1.4336112590894709E-04   1.4336112590988752E-04   1.4336112591739541E-04   1.4336112593734242E-04   1.4336112597483205E-04   1.4336112603581685E-04   1.4336112612551753E-04   1.4336112624901520E-04   1.4336112640890531E-04   1.4336112660076616E-04
 1.4336112681888536E-04   1.4336112706367794E-04   1.4336112754769024E-04   1.4495168302368976E-04   1.4495168272210648E-04   1.4495168256437095E-04   1.4495168243270232E-04   1.4495168232072955E-04   1.4495168222725737E-04   1.4495168214688356E-04   1.4495168207619819E-04
 1.4495168201348878E-04   1.4495168195869309E-04   1.4495168190763497E-04   1.4495168186172958E-04   1.4495168181921539E-04   1.4495168177862733E-04   1.4495168174075905E-04   1.4495168170573791E-04   1.4495168167258927E-04   1.4495168164220702E-04   1.4495168161394035E-04
 1.4495168158644838E-04   1.4495168156173076E-04   1.4495168153813969E-04   1.4495168151679069E-04   1.4495168149711098E-04   1.4495168147803344E-04   1.4495168146061771E-04   1.4495168144745981E-04   1.4495168143234945E-04   1.4495168142483400E-04   1.4495168141811680E-04
 1.4495168142014784E-04   1.4495168143222528E-04   1.4495168145548174E-04   1.4495168149702471E-04   1.4495168155773220E-04   1.4495168163820287E-04   1.4495168173877645E-04   1.4495168185749447E-04   1.4495168199511974E-04   1.4495168226937895E-04   1.4497865931976150E-04
 1.4497865914677639E-04   1.4497865906075333E-04   1.4497865899002136E-04   1.4497865893277028E-04   1.4497865888546386E-04   1.4497865884365615E-04   1.4497865881081963E-04   1.4497865877986476E-04   1.4497865875258214E-04   1.4497865872790036E-04   1.4497865870410613E-04
 1.4497865867980474E-04   1.4497865865874897E-04   1.4497865863656142E-04   1.4497865861520857E-04   1.4497865859462787E-04   1.4497865857494534E-04   1.4497865855483044E-04   1.4497865853559274E-04   1.4497865851718298E-04   1.4497865849842837E-04   1.4497865848278792E-04
 1.4497865846462750E-04   1.4497865845054382E-04   1.4497865843473925E-04   1.4497865841986223E-04   1.4497865840718693E-04   1.4497865839721208E-04   1.4497865838868087E-04   1.4497865838501681E-04   1.4497865838734817E-04   1.4497865839589919E-04   1.4497865841872761E-04
 1.4497865844828050E-04   1.4497865849355120E-04   1.4497865855142637E-04   1.4497865862047677E-04   1.4497865870123777E-04   1.4497865886458860E-04   1.4497916164775678E-04   1.4497916154029687E-04   1.4497916148710071E-04   1.4497916144506624E-04   1.4497916140954079E-04
 1.4497916138136264E-04   1.4497916135791967E-04   1.4497916133925288E-04   1.4497916132094098E-04   1.4497916130684193E-04   1.4497916129144062E-04   1.4497916127762585E-04   1.4497916126477573E-04   1.4497916125193327E-04   1.4497916123940027E-04   1.4497916122654261E-04
 1.4497916121240911E-04   1.4497916120088413E-04   1.4497916118788275E-04   1.4497916117443751E-04   1.4497916116207194E-04   1.4497916115110306E-04   1.4497916113745171E-04   1.4497916112722939E-04   1.4497916111357709E-04   1.4497916110286157E-04   1.4497916109177587E-04
 1.4497916108286709E-04   1.4497916107196601E-04   1.4497916106591806E-04   1.4497916106130285E-04   1.4497916106013940E-04   1.4497916106392424E-04   1.4497916107644794E-04   1.4497916109418432E-04   1.4497916112175631E-04   1.4497916115821329E-04   1.4497916120217300E-04
 1.4497916125474406E-04   1.4497916135835189E-04   1.4497922444877968E-04   1.4497922438016039E-04   1.4497922434570228E-04   1.4497922431906524E-04   1.4497922429630979E-04   1.4497922427839284E-04   1.4497922426432160E-04   1.4497922425244240E-04   1.4497922424161873E-04
 1.4497922423231313E-04   1.4497922422378065E-04   1.4497922421550540E-04   1.4497922420742403E-04   1.4497922419974579E-04   1.4497922419148945E-04   1.4497922418266494E-04   1.4497922417539732E-04   1.4497922416689465E-04   1.4497922415860752E-04   1.4497922415010006E-04
 1.4497922414137413E-04   1.4497922413290120E-04   1.4497922412394474E-04   1.4497922411642328E-04   1.4497922410787123E-04   1.4497922410012376E-04   1.4497922409236819E-04   1.4497922408277455E-04   1.4497922407757043E-04   1.4497922407122904E-04   1.4497922406606358E-04
 1.4497922406514653E-04   1.4497922406785059E-04   1.4497922407381047E-04   1.4497922408540629E-04   1.4497922410333419E-04   1.4497922412543850E-04   1.4497922415457120E-04   1.4497922418874504E-04   1.4497922425732392E-04   1.4497923253931359E-04   1.4497923249172037E-04
 1.4497923246929704E-04   1.4497923245187149E-04   1.4497923243611741E-04   1.4497923242511956E-04   1.4497923241560534E-04   1.4497923240819910E-04   1.4497923240019828E-04   1.4497923239461825E-04   1.4497923238900807E-04   1.4497923238353599E-04   1.4497923237881619E-04
 1.4497923237347086E-04   1.4497923236739575E-04   1.4497923236385154E-04   1.4497923235756580E-04   1.4497923235207386E-04   1.4497923234554831E-04   1.4497923234127366E-04   1.4497923233457472E-04   1.4497923232924918E-04   1.4497923232279780E-04   1.4497923231660860E-04
 1.4497923231034931E-04   1.4497923230559476E-04   1.4497923229933206E-04   1.4497923229334571E-04   1.4497923228946460E-04   1.4497923228420386E-04   1.4497923228076607E-04   1.4497923227835949E-04   1.4497923227956995E-04   1.4497923228408682E-04   1.4497923229041585E-04
 1.4497923230271355E-04   1.4497923231684292E-04   1.4497923233755287E-04   1.4497923235998040E-04   1.4497923240752760E-04   1.4497923337246168E-04   1.4497923334042323E-04   1.4497923332401942E-04   1.4497923331177311E-04   1.4497923330129202E-04   1.4497923329407405E-04
 1.4497923328665792E-04   1.4497923328070700E-04   1.4497923327682141E-04   1.4497923327277891E-04   1.4497923326918971E-04   1.4497923326548545E-04   1.4497923326177756E-04   1.4497923325844128E-04   1.4497923325481444E-04   1.4497923325125660E-04   1.4497923324776946E-04
 1.4497923324334098E-04   1.4497923323943300E-04   1.4497923323514563E-04   1.4497923323165718E-04   1.4497923322722106E-04   1.4497923322317205E-04   1.4497923321911619E-04   1.4497923321488197E-04   1.4497923321050369E-04   1.4497923320594793E-04   1.4497923320164972E-04
 1.4497923319846786E-04   1.4497923319442500E-04   1.4497923319198704E-04   1.4497923319009619E-04   1.4497923319014435E-04   1.4497923319390464E-04   1.4497923319793988E-04   1.4497923320552864E-04   1.4497923321679431E-04   1.4497923322938003E-04   1.4497923324647294E-04
 1.4497923327899619E-04   1.4497923339531468E-04   1.4497923337105297E-04   1.4497923336013972E-04   1.4497923335103258E-04   1.4497923334383760E-04   1.4497923333850127E-04   1.4497923333311300E-04   1.4497923332976902E-04   1.4497923332634042E-04   1.4497923332297696E-04
 1.4497923332045082E-04   1.4497923331824243E-04   1.4497923331580965E-04   1.4497923331340172E-04   1.4497923331062751E-04   1.4497923330793408E-04   1.4497923330549005E-04   1.4497923330241354E-04   1.4497923329983100E-04   1.4497923329643932E-04   1.4497923329426780E-04
 1.4497923329096488E-04   1.4497923328827089E-04   1.4497923328393860E-04   1.4497923328187041E-04   1.4497923327810828E-04   1.4497923327522227E-04   1.4497923327201921E-04   1.4497923326950194E-04   1.4497923326681309E-04   1.4497923326446210E-04   1.4497923326236607E-04
 1.4497923326349334E-04   1.4497923326508614E-04   1.4497923326772534E-04   1.4497923327486432E-04   1.4497923328105172E-04   1.4497923329096705E-04   1.4497923330288186E-04   1.4497923332740302E-04   1.4497923335160081E-04   1.4497923333322513E-04   1.4497923332509646E-04
 1.4497923331883560E-04   1.4497923331316143E-04   1.4497923330885473E-04   1.4497923330557876E-04   1.4497923330228236E-04   1.4497923330024449E-04   1.4497923329814547E-04   1.4497923329607001E-04   1.4497923329401995E-04   1.4497923329230986E-04   1.4497923329074899E-04
 1.4497923328920493E-04   1.4497923328693721E-04   1.4497923328523653E-04   1.4497923328321802E-04   1.4497923328078881E-04   1.4497923327819003E-04   1.4497923327638293E-04   1.4497923327448005E-04   1.4497923327155452E-04   1.4497923326884453E-04   1.4497923326741669E-04
 1.4497923326460392E-04   1.4497923326277796E-04   1.4497923325994459E-04   1.4497923325802598E-04   1.4497923325522519E-04   1.4497923325400110E-04   1.4497923325294107E-04   1.4497923325340457E-04   1.4497923325391897E-04   1.4497923325687440E-04   1.4497923326040206E-04
 1.4497923326591832E-04   1.4497923327398934E-04   1.4497923328178456E-04   1.4497923329930172E-04   1.4497923331221283E-04   1.4497923329775744E-04   1.4497923329243173E-04   1.4497923328693032E-04   1.4497923328319102E-04   1.4497923327832000E-04   1.4497923327699274E-04
 1.4497923327450247E-04   1.4497923327280742E-04   1.4497923327134250E-04   1.4497923326993535E-04   1.4497923326852756E-04   1.4497923326709051E-04   1.4497923326547204E-04   1.4497923326460831E-04   1.4497923326269686E-04   1.4497923326113883E-04   1.4497923326047948E-04
 1.4497923325809803E-04   1.4497923325710013E-04   1.4497923325468509E-04   1.4497923325337023E-04   1.4497923325148857E-04   1.4497923324915019E-04   1.4497923324793634E-04   1.4497923324649582E-04   1.4497923324451690E-04   1.4497923324133613E-04   1.4497923324101569E-04
 1.4497923323890803E-04   1.4497923323728994E-04   1.4497923323674813E-04   1.4497923323717656E-04   1.4497923323752949E-04   1.4497923323895205E-04   1.4497923324292071E-04   1.4497923324623531E-04   1.4497923325188715E-04   1.4497923325940498E-04   1.4497923327170544E-04
 1.4497923327930597E-04   1.4497923326977971E-04   1.4497923326393179E-04   1.4497923326065569E-04   1.4497923325741736E-04   1.4497923325502935E-04   1.4497923325270680E-04   1.4497923325085675E-04   1.4497923324957354E-04   1.4497923324803037E-04   1.4497923324682354E-04
 1.4497923324596049E-04   1.4497923324476185E-04   1.4497923324419308E-04   1.4497923324283905E-04   1.4497923324181401E-04   1.4497923324140741E-04   1.4497923323933057E-04   1.4497923323856810E-04   1.4497923323702943E-04   1.4497923323623945E-04   1.4497923323415814E-04
 1.4497923323283728E-04   1.4497923323150786E-04   1.4497923323040932E-04   1.4497923322844521E-04   1.4497923322693301E-04   1.4497923322562197E-04   1.4497923322467758E-04   1.4497923322315931E-04   1.4497923322192603E-04   1.4497923322219150E-04   1.4497923322117015E-04
 1.4497923322180230E-04   1.4497923322335523E-04   1.4497923322566276E-04   1.4497923322858070E-04   1.4497923323370245E-04   1.4497923323834291E-04   1.4497923324889738E-04   1.4497923325346119E-04   1.4497923324539313E-04   1.4497923324175623E-04   1.4497923323843361E-04
 1.4497923323553239E-04   1.4497923323431440E-04   1.4497923323218042E-04   1.4497923323062489E-04   1.4497923322968079E-04   1.4497923322825799E-04   1.4497923322815280E-04   1.4497923322728007E-04   1.4497923322617800E-04   1.4497923322515907E-04   1.4497923322495643E-04
 1.4497923322385464E-04   1.4497923322265115E-04   1.4497923322203098E-04   1.4497923322127389E-04   1.4497923321920170E-04   1.4497923321906794E-04   1.4497923321759484E-04   1.4497923321660022E-04   1.4497923321576579E-04   1.4497923321456221E-04   1.4497923321327250E-04
 1.4497923321177714E-04   1.4497923321153455E-04   1.4497923320969125E-04   1.4497923320864014E-04   1.4497923320797512E-04   1.4497923320740873E-04   1.4497923320707436E-04   1.4497923320815583E-04   1.4497923320836177E-04   1.4497923321065806E-04   1.4497923321277081E-04
 1.4497923321708353E-04   1.4497923322042772E-04   1.4497923322891491E-04   1.4497923323183312E-04   1.4497923322566377E-04   1.4497923322236199E-04   1.4497923321968632E-04   1.4497923321741445E-04   1.4497923321611100E-04   1.4497923321459631E-04   1.4497923321388350E-04
 1.4497923321257690E-04   1.4497923321248540E-04   1.4497923321123534E-04   1.4497923321066296E-04   1.4497923320991502E-04   1.4497923320926917E-04   1.4497923320826032E-04   1.4497923320818911E-04   1.4497923320729852E-04   1.4497923320652982E-04   1.4497923320549140E-04
 1.4497923320499351E-04   1.4497923320415862E-04   1.4497923320265179E-04   1.4497923320285692E-04   1.4497923320138000E-04   1.4497923320049168E-04   1.4497923319941024E-04   1.4497923319842731E-04   1.4497923319768121E-04   1.4497923319708067E-04   1.4497923319611535E-04
 1.4497923319514106E-04   1.4497923319438451E-04   1.4497923319471302E-04   1.4497923319519709E-04   1.4497923319552872E-04   1.4497923319734508E-04   1.4497923319929331E-04   1.4497923320189258E-04   1.4497923320536783E-04   1.4497923321223346E-04   1.4497923321326651E-04
 1.4497923320830897E-04   1.4497923320604036E-04   1.4497923320353501E-04   1.4497923320230111E-04   1.4497923320089023E-04   1.4497923319934511E-04   1.4497923319878864E-04   1.4497923319809858E-04   1.4497923319734600E-04   1.4497923319702215E-04   1.4497923319629371E-04
 1.4497923319599064E-04   1.4497923319532635E-04   1.4497923319462867E-04   1.4497923319422442E-04   1.4497923319331204E-04   1.4497923319256066E-04   1.4497923319267778E-04   1.4497923319163367E-04   1.4497923319117223E-04   1.4497923319033374E-04   1.4497923318948305E-04
 1.4497923318865572E-04   1.4497923318821426E-04   1.4497923318785086E-04   1.4497923318610164E-04   1.4497923318560835E-04   1.4497923318539620E-04   1.4497923318415378E-04   1.4497923318375751E-04   1.4497923318326108E-04   1.4497923318289172E-04   1.4497923318341054E-04
 1.4497923318437689E-04   1.4497923318530792E-04   1.4497923318740013E-04   1.4497923318941227E-04   1.4497923319150329E-04   1.4497923319819927E-04   1.4497923319828121E-04   1.4497923319335237E-04   1.4497923319140918E-04   1.4497923319009689E-04   1.4497923318823627E-04
 1.4497923318724831E-04   1.4497923318665382E-04   1.4497923318559125E-04   1.4497923318471050E-04   1.4497923318469654E-04   1.4497923318405981E-04   1.4497923318378654E-04   1.4497923318354810E-04   1.4497923318324287E-04   1.4497923318231601E-04   1.4497923318222979E-04
 1.4497923318130510E-04   1.4497923318100008E-04   1.4497923318040575E-04   1.4497923317974114E-04   1.4497923317933391E-04   1.4497923317956964E-04   1.4497923317795635E-04   1.4497923317734787E-04   1.4497923317727965E-04   1.4497923317649910E-04   1.4497923317566093E-04
 1.4497923317516813E-04   1.4497923317424521E-04   1.4497923317375095E-04   1.4497923317332467E-04   1.4497923317308557E-04   1.4497923317286345E-04   1.4497923317287356E-04   1.4497923317388609E-04   1.4497923317488570E-04   1.4497923317595264E-04   1.4497923317792797E-04
 1.4497923318030785E-04   1.4497923318530071E-04   1.4497923318453122E-04   1.4497923318098482E-04   1.4497923317962171E-04   1.4497923317776870E-04   1.4497923317619376E-04   1.4497923317606295E-04   1.4497923317465563E-04   1.4497923317436165E-04   1.4497923317407333E-04
 1.4497923317342064E-04   1.4497923317287711E-04   1.4497923317268770E-04   1.4497923317290950E-04   1.4497923317149068E-04   1.4497923317111777E-04   1.4497923317146748E-04   1.4497923317097040E-04   1.4497923317028795E-04   1.4497923316983343E-04   1.4497923316944642E-04
 1.4497923316902770E-04   1.4497923316878695E-04   1.4497923316787416E-04   1.4497923316754454E-04   1.4497923316668170E-04   1.4497923316641431E-04   1.4497923316578697E-04   1.4497923316505505E-04   1.4497923316489876E-04   1.4497923316457754E-04   1.4497923316358276E-04
 1.4497923316344270E-04   1.4497923316367784E-04   1.4497923316376366E-04   1.4497923316429681E-04   1.4497923316546024E-04   1.4497923316607780E-04   1.4497923316758186E-04   1.4497923316959599E-04   1.4497923317374534E-04   1.4497923317292628E-04   1.4497923317002476E-04
 1.4497923316817283E-04   1.4497923316704995E-04   1.4497923316642101E-04   1.4497923316532442E-04   1.4497923316466495E-04   1.4497923316400944E-04   1.4497923316348970E-04   1.4497923316352096E-04   1.4497923316306814E-04   1.4497923316285016E-04   1.4497923316228594E-04
 1.4497923316229673E-04   1.4497923316187820E-04   1.4497923316145447E-04   1.4497923316131257E-04   1.4497923316059919E-04   1.4497923316045795E-04   1.4497923315999231E-04   1.4497923315968657E-04   1.4497923315920534E-04   1.4497923315899964E-04   1.4497923315823195E-04
 1.4497923315803676E-04   1.4497923315746458E-04   1.4497923315697660E-04   1.4497923315673973E-04   1.4497923315627851E-04   1.4497923315624658E-04   1.4497923315539437E-04   1.4497923315525394E-04   1.4497923315520545E-04   1.4497923315513173E-04   1.4497923315627716E-04
 1.4497923315594786E-04   1.4497923315762669E-04   1.4497923315842995E-04   1.4497923315980456E-04   1.4497923316418126E-04   1.4497923316248901E-04   1.4497923316018896E-04   1.4497923315858046E-04   1.4497923315729525E-04   1.4497923315687894E-04   1.4497923315614174E-04
 1.4497923315555673E-04   1.4497923315554348E-04   1.4497923315477101E-04   1.4497923315465880E-04   1.4497923315392899E-04   1.4497923315426572E-04   1.4497923315358866E-04   1.4497923315328557E-04   1.4497923315296099E-04   1.4497923315293226E-04   1.4497923315241447E-04
 1.4497923315208590E-04   1.4497923315193601E-04   1.4497923315129931E-04   1.4497923315106898E-04   1.4497923315113525E-04   1.4497923315059757E-04   1.4497923315049392E-04   1.4497923314998515E-04   1.4497923314971435E-04   1.4497923314927004E-04   1.4497923314867403E-04
 1.4497923314844670E-04   1.4497923314804842E-04   1.4497923314765867E-04   1.4497923314733910E-04   1.4497923314789731E-04   1.4497923314760251E-04   1.4497923314778357E-04   1.4497923314816700E-04   1.4497923314911823E-04   1.4497923315045328E-04   1.4497923315201470E-04
 1.4497923315485810E-04   1.4497923315350339E-04   1.4497923315097210E-04   1.4497923315045239E-04   1.4497923314890290E-04   1.4497923314819348E-04   1.4497923314804966E-04   1.4497923314717894E-04   1.4497923314714229E-04   1.4497923314669376E-04   1.4497923314657368E-04
 1.4497923314626225E-04   1.4497923314606899E-04   1.4497923314576059E-04   1.4497923314563016E-04   1.4497923314535802E-04   1.4497923314496570E-04   1.4497923314460266E-04   1.4497923314461025E-04   1.4497923314430093E-04   1.4497923314411517E-04   1.4497923314360037E-04
 1.4497923314331755E-04   1.4497923314279283E-04   1.4497923314292637E-04   1.4497923314254696E-04   1.4497923314226298E-04   1.4497923314180249E-04   1.4497923314115378E-04   1.4497923314152849E-04   1.4497923314114885E-04   1.4497923314061805E-04   1.4497923314061258E-04
 1.4497923313988413E-04   1.4497923314070010E-04   1.4497923314054248E-04   1.4497923314108852E-04   1.4497923314218668E-04   1.4497923314290138E-04   1.4497923314408783E-04   1.4497923314601638E-04   1.4497923314484089E-04   1.4497923314316078E-04   1.4497923314189191E-04
 1.4497923314142367E-04   1.4497923314086650E-04   1.4497923314047754E-04   1.4497923313991316E-04   1.4497923313940846E-04   1.4497923313944183E-04   1.4497923313901189E-04   1.4497923313909887E-04   1.4497923313877269E-04   1.4497923313851055E-04   1.4497923313835524E-04
 1.4497923313814214E-04   1.4497923313748506E-04   1.4497923313769426E-04   1.4497923313738946E-04   1.4497923313738236E-04   1.4497923313693686E-04   1.4497923313653625E-04   1.4497923313689355E-04   1.4497923313654527E-04   1.4497923313558963E-04   1.4497923313535100E-04
 1.4497923313560969E-04   1.4497923313523838E-04   1.4497923313505490E-04   1.4497923313431681E-04   1.4497923313415746E-04   1.4497923313433827E-04   1.4497923313423229E-04   1.4497923313381601E-04   1.4497923313380219E-04   1.4497923313414886E-04   1.4497923313442737E-04
 1.4497923313537054E-04   1.4497923313608124E-04   1.4497923313715893E-04   1.4497923313940199E-04   1.4497923313779371E-04   1.4497923313667465E-04   1.4497923313542787E-04   1.4497923313449616E-04   1.4497923313412086E-04   1.4497923313348127E-04   1.4497923313360096E-04
 1.4497923313298167E-04   1.4497923313295432E-04   1.4497923313286132E-04   1.4497923313259374E-04   1.4497923313218112E-04   1.4497923313216076E-04   1.4497923313194229E-04   1.4497923313172440E-04   1.4497923313160524E-04   1.4497923313129584E-04   1.4497923313116690E-04
 1.4497923313094990E-04   1.4497923313114343E-04   1.4497923313041883E-04   1.4497923313013951E-04   1.4497923312979262E-04   1.4497923313042054E-04   1.4497923312929023E-04   1.4497923312936604E-04   1.4497923312905401E-04   1.4497923312879616E-04   1.4497923312890937E-04
 1.4497923312837950E-04   1.4497923312808793E-04   1.4497923312848808E-04   1.4497923312792828E-04   1.4497923312829287E-04   1.4497923312806318E-04   1.4497923312897280E-04   1.4497923312874937E-04   1.4497923312989399E-04   1.4497923313106124E-04   1.4497923313223947E-04
 1.4497923313094591E-04   1.4497923312966200E-04   1.4497923312891948E-04   1.4497923312848323E-04   1.4497923312799580E-04   1.4497923312742597E-04   1.4497923312723472E-04   1.4497923312691211E-04   1.4497923312687590E-04   1.4497923312677835E-04   1.4497923312644246E-04
 1.4497923312632667E-04   1.4497923312632857E-04   1.4497923312622673E-04   1.4497923312604540E-04   1.4497923312580712E-04   1.4497923312561568E-04   1.4497923312541553E-04   1.4497923312513977E-04   1.4497923312502056E-04   1.4497923312477493E-04   1.4497923312455050E-04
 1.4497923312440498E-04   1.4497923312395411E-04   1.4497923312378695E-04   1.4497923312379405E-04   1.4497923312350089E-04   1.4497923312311358E-04   1.4497923312280133E-04   1.4497923312326385E-04   1.4497923312242769E-04   1.4497923312249439E-04   1.4497923312254156E-04
 1.4497923312254635E-04   1.4497923312266640E-04   1.4497923312347375E-04   1.4497923312332056E-04   1.4497923312444582E-04   1.4497923312477732E-04   1.4497923312713695E-04   1.4497923312494052E-04   1.4497923312388578E-04   1.4497923312343911E-04   1.4497923312240915E-04
 1.4497923312208695E-04   1.4497923312157261E-04   1.4497923312188093E-04   1.4497923312100890E-04   1.4497923312126816E-04   1.4497923312108821E-04   1.4497923312098933E-04   1.4497923312101909E-04   1.4497923312064025E-04   1.4497923312068947E-04   1.4497923312054172E-04
 1.4497923312013091E-04   1.4497923312014181E-04   1.4497923312020174E-04   1.4497923311981080E-04   1.4497923311939200E-04   1.4497923311937767E-04   1.4497923311930318E-04   1.4497923311903731E-04   1.4497923311883890E-04   1.4497923311870692E-04   1.4497923311841294E-04
 1.4497923311821405E-04   1.4497923311832721E-04   1.4497923311810243E-04   1.4497923311792196E-04   1.4497923311763809E-04   1.4497923311747999E-04   1.4497923311758759E-04   1.4497923311721005E-04   1.4497923311779221E-04   1.4497923311762218E-04   1.4497923311835518E-04
 1.4497923311933823E-04   1.4497923311941426E-04   1.4497923312085145E-04   1.4497923311938444E-04   1.4497923311811471E-04   1.4497923311793297E-04   1.4497923311730020E-04   1.4497923311691102E-04   1.4497923311673845E-04   1.4497923311636234E-04   1.4497923311638719E-04
 1.4497923311617802E-04   1.4497923311576768E-04   1.4497923311593188E-04   1.4497923311538777E-04   1.4497923311575323E-04   1.4497923311543876E-04   1.4497923311526534E-04   1.4497923311533392E-04   1.4497923311516698E-04   1.4497923311506395E-04   1.4497923311463927E-04
 1.4497923311469134E-04   1.4497923311463016E-04   1.4497923311442430E-04   1.4497923311419141E-04   1.4497923311404022E-04   1.4497923311384355E-04   1.4497923311360960E-04   1.4497923311374513E-04   1.4497923311334947E-04   1.4497923311305243E-04   1.4497923311300876E-04
 1.4497923311270006E-04   1.4497923311276064E-04   1.4497923311288191E-04   1.4497923311303075E-04   1.4497923311275202E-04   1.4497923311344269E-04   1.4497923311358239E-04   1.4497923311366124E-04   1.4497923311449987E-04   1.4497923311614897E-04   1.4497923311425934E-04
 1.4497923311303758E-04   1.4497923311302524E-04   1.4497923311257828E-04   1.4497923311207752E-04   1.4497923311157569E-04   1.4497923311149305E-04   1.4497923311138495E-04   1.4497923311172637E-04   1.4497923311095152E-04   1.4497923311124428E-04   1.4497923311097889E-04
 1.4497923311086101E-04   1.4497923311077143E-04   1.4497923311064615E-04   1.4497923311078200E-04   1.4497923311054388E-04   1.4497923311034721E-04   1.4497923311038258E-04   1.4497923311024540E-04   1.4497923310992543E-04   1.4497923311001650E-04   1.4497923310959551E-04
 1.4497923310999314E-04   1.4497923310950446E-04   1.4497923310931619E-04   1.4497923310918134E-04   1.4497923310927309E-04   1.4497923310876999E-04   1.4497923310868074E-04   1.4497923310855164E-04   1.4497923310846701E-04   1.4497923310863778E-04   1.4497923310848672E-04
 1.4497923310873210E-04   1.4497923310836778E-04   1.4497923310902893E-04   1.4497923310944873E-04   1.4497923310997433E-04   1.4497923311201715E-04   1.4497923310989236E-04   1.4497923310907072E-04   1.4497923310812500E-04   1.4497923310794576E-04   1.4497923310763085E-04
 1.4497923310751237E-04   1.4497923310729938E-04   1.4497923310705920E-04   1.4497923310712962E-04   1.4497923310669751E-04   1.4497923310682827E-04   1.4497923310707723E-04   1.4497923310660785E-04   1.4497923310659118E-04   1.4497923310634526E-04   1.4497923310660332E-04
 1.4497923310640882E-04   1.4497923310627741E-04   1.4497923310621488E-04   1.4497923310584286E-04   1.4497923310590138E-04   1.4497923310556582E-04   1.4497923310539970E-04   1.4497923310553647E-04   1.4497923310539848E-04   1.4497923310495591E-04   1.4497923310497886E-04
 1.4497923310502272E-04   1.4497923310478436E-04   1.4497923310464943E-04   1.4497923310456337E-04   1.4497923310453415E-04   1.4497923310449092E-04   1.4497923310442600E-04   1.4497923310427508E-04   1.4497923310485104E-04   1.4497923310494065E-04   1.4497923310541566E-04
 1.4497923310575334E-04   1.4497923310710927E-04   1.4497923310489522E-04   1.4497923310480596E-04   1.4497923310424860E-04   1.4497923310351668E-04   1.4497923310339669E-04   1.4497923310381581E-04   1.4497923310297043E-04   1.4497923310329884E-04   1.4497923310317822E-04
 1.4497923310301516E-04   1.4497923310262235E-04   1.4497923310278032E-04   1.4497923310266379E-04   1.4497923310254941E-04   1.4497923310271264E-04   1.4497923310233493E-04   1.4497923310252149E-04   1.4497923310225459E-04   1.4497923310227096E-04   1.4497923310218908E-04
 1.4497923310193570E-04   1.4497923310178784E-04   1.4497923310155059E-04   1.4497923310147049E-04   1.4497923310124539E-04   1.4497923310179443E-04   1.4497923310089898E-04   1.4497923310117258E-04   1.4497923310093758E-04   1.4497923310080666E-04   1.4497923310080829E-04
 1.4497923310082263E-04   1.4497923310055673E-04   1.4497923310100735E-04   1.4497923310079501E-04   1.4497923310103787E-04   1.4497923310141000E-04   1.4497923310174239E-04   1.4497923310226147E-04   1.4497923310266905E-04   1.4497923310111764E-04   1.4497923310091411E-04
 1.4497923310026736E-04   1.4497923310001677E-04   1.4497923309986550E-04   1.4497923309965573E-04   1.4497923309936240E-04   1.4497923309950188E-04   1.4497923309904278E-04   1.4497923309900385E-04   1.4497923309916158E-04   1.4497923309906950E-04   1.4497923309904134E-04
 1.4497923309890229E-04   1.4497923309856288E-04   1.4497923309898512E-04   1.4497923309828291E-04   1.4497923309882577E-04   1.4497923309849748E-04   1.4497923309856228E-04   1.4497923309824792E-04   1.4497923309812638E-04   1.4497923309831170E-04   1.4497923309792423E-04
 1.4497923309795440E-04   1.4497923309767717E-04   1.4497923309774054E-04   1.4497923309758328E-04   1.4497923309754292E-04   1.4497923309749223E-04   1.4497923309710531E-04   1.4497923309696544E-04   1.4497923309733784E-04   1.4497923309724829E-04   1.4497923309709024E-04
 1.4497923309747825E-04   1.4497923309751253E-04   1.4497923309784010E-04   1.4497923309889907E-04   1.4497923309909441E-04   1.4497923309749467E-04   1.4497923309702619E-04   1.4497923309667206E-04   1.4497923309617311E-04   1.4497923309622778E-04   1.4497923309628459E-04
 1.4497923309581215E-04   1.4497923309558062E-04   1.4497923309575832E-04   1.4497923309527669E-04   1.4497923309569549E-04   1.4497923309524801E-04   1.4497923309562922E-04   1.4497923309530084E-04   1.4497923309520996E-04   1.4497923309519866E-04   1.4497923309513859E-04
 1.4497923309493576E-04   1.4497923309525802E-04   1.4497923309474248E-04   1.4497923309472846E-04   1.4497923309483759E-04   1.4497923309468680E-04   1.4497923309469282E-04   1.4497923309430910E-04   1.4497923309439065E-04   1.4497923309437436E-04   1.4497923309430557E-04
 1.4497923309392973E-04   1.4497923309378683E-04   1.4497923309373368E-04   1.4497923309372138E-04   1.4497923309404691E-04   1.4497923309391938E-04   1.4497923309345241E-04   1.4497923309434151E-04   1.4497923309431557E-04   1.4497923309434878E-04   1.4497923309534727E-04
 1.4497923309490215E-04   1.4497923309352657E-04   1.4497923309314271E-04   1.4497923309281127E-04   1.4497923309241670E-04   1.4497923309208090E-04   1.4497923309197784E-04   1.4497923309199663E-04   1.4497923309182828E-04   1.4497923309170186E-04   1.4497923309184549E-04
 1.4497923309162851E-04   1.4497923309151722E-04   1.4497923309159124E-04   1.4497923309138121E-04   1.4497923309146870E-04   1.4497923309138660E-04   1.4497923309131941E-04   1.4497923309125010E-04   1.4497923309117198E-04   1.4497923309108975E-04   1.4497923309104998E-04
 1.4497923309091974E-04   1.4497923309078118E-04   1.4497923309080238E-04   1.4497923309073776E-04   1.4497923309069821E-04   1.4497923309025136E-04   1.4497923309033436E-04   1.4497923309030752E-04   1.4497923309021883E-04   1.4497923309019016E-04   1.4497923309010732E-04
 1.4497923309009469E-04   1.4497923308998283E-04   1.4497923309026169E-04   1.4497923309043828E-04   1.4497923309037412E-04   1.4497923309108967E-04   1.4497923309116998E-04   1.4497923309162152E-04   1.4497923308193824E-04   1.4497923308146512E-04   1.4497923308140186E-04
 1.4497923308055333E-04   1.4497923308085198E-04   1.4497923308068778E-04   1.4497923308057808E-04   1.4497923308041014E-04   1.4497923308030692E-04   1.4497923308043957E-04   1.4497923308012423E-04   1.4497923308032178E-04   1.4497923308000860E-04   1.4497923308028058E-04
 1.4497923308023480E-04   1.4497923307978480E-04   1.4497923307994198E-04   1.4497923307988278E-04   1.4497923307980271E-04   1.4497923307985012E-04   1.4497923307977461E-04   1.4497923307966556E-04   1.4497923307943961E-04   1.4497923307947805E-04   1.4497923307939026E-04
 1.4497923307931808E-04   1.4497923307922473E-04   1.4497923307897983E-04   1.4497923307904082E-04   1.4497923307901767E-04   1.4497923307858814E-04   1.4497923307906001E-04   1.4497923307895628E-04   1.4497923307864969E-04   1.4497923307894796E-04   1.4497923307908852E-04
 1.4497923307923630E-04   1.4497923307963699E-04   1.4497923308003059E-04   1.4497923308028321E-04   1.4497923298364702E-04   1.4497923298395447E-04   1.4497923298298522E-04   1.4497923298306431E-04   1.4497923298313568E-04   1.4497923298275074E-04   1.4497923298281685E-04
 1.4497923298247055E-04   1.4497923298257997E-04   1.4497923298266151E-04   1.4497923298226165E-04   1.4497923298246220E-04   1.4497923298229350E-04   1.4497923298226873E-04   1.4497923298216180E-04   1.4497923298223598E-04   1.4497923298212664E-04   1.4497923298177723E-04
 1.4497923298230158E-04   1.4497923298161249E-04   1.4497923298185307E-04   1.4497923298170860E-04   1.4497923298180729E-04   1.4497923298155188E-04   1.4497923298170302E-04   1.4497923298156728E-04   1.4497923298136824E-04   1.4497923298147043E-04   1.4497923298112972E-04
 1.4497923298115701E-04   1.4497923298112289E-04   1.4497923298107765E-04   1.4497923298111110E-04   1.4497923298122225E-04   1.4497923298136521E-04   1.4497923298170502E-04   1.4497923298172210E-04   1.4497923298150775E-04   1.4497923298176666E-04   1.4497923298251574E-04
 1.4497923202097965E-04   1.4497923202020784E-04   1.4497923202040847E-04   1.4497923201997793E-04   1.4497923202003466E-04   1.4497923201965484E-04   1.4497923201974849E-04   1.4497923201961895E-04   1.4497923201953311E-04   1.4497923201947383E-04   1.4497923201939629E-04
 1.4497923201933308E-04   1.4497923201932576E-04   1.4497923201924171E-04   1.4497923201921384E-04   1.4497923201910065E-04   1.4497923201907346E-04   1.4497923201902392E-04   1.4497923201899326E-04   1.4497923201899443E-04   1.4497923201886709E-04   1.4497923201885985E-04
 1.4497923201875669E-04   1.4497923201867128E-04   1.4497923201850808E-04   1.4497923201864846E-04   1.4497923201861338E-04   1.4497923201835117E-04   1.4497923201848919E-04   1.4497923201816474E-04   1.4497923201843205E-04   1.4497923201816124E-04   1.4497923201849027E-04
 1.4497923201829910E-04   1.4497923201852974E-04   1.4497923201875913E-04   1.4497923201827449E-04   1.4497923201871562E-04   1.4497923201879238E-04   1.4497923201932790E-04   1.4497922356266585E-04   1.4497922356255017E-04   1.4497922356244633E-04   1.4497922356230747E-04
 1.4497922356203593E-04   1.4497922356195283E-04   1.4497922356188965E-04   1.4497922356174336E-04   1.4497922356165844E-04   1.4497922356160840E-04   1.4497922356150042E-04   1.4497922356149608E-04   1.4497922356150210E-04   1.4497922356138191E-04   1.4497922356140246E-04
 1.4497922356125552E-04   1.4497922356121438E-04   1.4497922356120923E-04   1.4497922356108793E-04   1.4497922356098049E-04   1.4497922356099344E-04   1.4497922356116567E-04   1.4497922356095392E-04   1.4497922356075787E-04   1.4497922356101453E-04   1.4497922356071307E-04
 1.4497922356084946E-04   1.4497922356046202E-04   1.4497922356071245E-04   1.4497922356045687E-04   1.4497922356038412E-04   1.4497922356060454E-04   1.4497922356037515E-04   1.4497922356046649E-04   1.4497922356067322E-04   1.4497922356095926E-04   1.4497922356065967E-04
 1.4497922356105893E-04   1.4497922356139525E-04   1.4497922356122609E-04   1.4497915931001093E-04   1.4497915930992831E-04   1.4497915930972762E-04   1.4497915930964105E-04   1.4497915930919032E-04   1.4497915930930985E-04   1.4497915930917904E-04   1.4497915930925429E-04
 1.4497915930904173E-04   1.4497915930911941E-04   1.4497915930896440E-04   1.4497915930888661E-04   1.4497915930897131E-04   1.4497915930883985E-04   1.4497915930878423E-04   1.4497915930889468E-04   1.4497915930871818E-04   1.4497915930866085E-04   1.4497915930861604E-04
 1.4497915930857731E-04   1.4497915930850066E-04   1.4497915930844162E-04   1.4497915930872739E-04   1.4497915930832843E-04   1.4497915930842688E-04   1.4497915930817922E-04   1.4497915930810696E-04   1.4497915930801355E-04   1.4497915930796986E-04   1.4497915930790302E-04
 1.4497915930821039E-04   1.4497915930785206E-04   1.4497915930805015E-04   1.4497915930798303E-04   1.4497915930777649E-04   1.4497915930837289E-04   1.4497915930802838E-04   1.4497915930857531E-04   1.4497915930848675E-04   1.4497915930893887E-04   1.4497865495723223E-04
 1.4497865495650364E-04   1.4497865495649429E-04   1.4497865495634568E-04   1.4497865495597011E-04   1.4497865495618500E-04   1.4497865495620234E-04   1.4497865495597257E-04   1.4497865495604429E-04   1.4497865495598423E-04   1.4497865495583884E-04   1.4497865495574259E-04
 1.4497865495581604E-04   1.4497865495577135E-04   1.4497865495563178E-04   1.4497865495568312E-04   1.4497865495584057E-04   1.4497865495557893E-04   1.4497865495552724E-04   1.4497865495548075E-04   1.4497865495535116E-04   1.4497865495566840E-04   1.4497865495534748E-04
 1.4497865495532634E-04   1.4497865495510966E-04   1.4497865495534325E-04   1.4497865495536813E-04   1.4497865495493480E-04   1.4497865495518048E-04   1.4497865495492580E-04   1.4497865495490740E-04   1.4497865495508909E-04   1.4497865495508385E-04   1.4497865495502159E-04
 1.4497865495520645E-04   1.4497865495521347E-04   1.4497865495530156E-04   1.4497865495537518E-04   1.4497865495584149E-04   1.4497865495619240E-04   1.4495158766223825E-04   1.4495158766231019E-04   1.4495158766231211E-04   1.4495158766186534E-04   1.4495158766171130E-04
 1.4495158766170217E-04   1.4495158766160952E-04   1.4495158766166907E-04   1.4495158766149324E-04   1.4495158766149576E-04   1.4495158766151747E-04   1.4495158766132635E-04   1.4495158766140377E-04   1.4495158766127475E-04   1.4495158766136300E-04   1.4495158766128497E-04
 1.4495158766142106E-04   1.4495158766110881E-04   1.4495158766140043E-04   1.4495158766093921E-04   1.4495158766102901E-04   1.4495158766094550E-04   1.4495158766090669E-04   1.4495158766085578E-04   1.4495158766084098E-04   1.4495158766077479E-04   1.4495158766091032E-04
 1.4495158766064361E-04   1.4495158766061515E-04   1.4495158766058013E-04   1.4495158766059162E-04   1.4495158766075457E-04   1.4495158766044411E-04   1.4495158766066646E-04   1.4495158766069500E-04   1.4495158766083502E-04   1.4495158766093068E-04   1.4495158766101874E-04
 1.4495158766107986E-04   1.4495158766123493E-04   1.4335272209398353E-04   1.4335272209385177E-04   1.4335272209363743E-04   1.4335272209348716E-04   1.4335272209337242E-04   1.4335272209338112E-04   1.4335272209328349E-04   1.4335272209311766E-04   1.4335272209356909E-04
 1.4335272209336776E-04   1.4335272209305098E-04   1.4335272209342725E-04   1.4335272209301295E-04   1.4335272209271903E-04   1.4335272209328547E-04   1.4335272209287705E-04   1.4335272209291638E-04   1.4335272209281194E-04   1.4335272209290402E-04   1.4335272209283401E-04
 1.4335272209315084E-04   1.4335272209273464E-04   1.4335272209280232E-04   1.4335272209247494E-04   1.4335272209299588E-04   1.4335272209241239E-04   1.4335272209268222E-04   1.4335272209290575E-04   1.4335272209251755E-04   1.4335272209232457E-04   1.4335272209252677E-04
 1.4335272209223609E-04   1.4335272209262437E-04   1.4335272209238468E-04   1.4335272209247890E-04   1.4335272209245605E-04   1.4335272209276665E-04   1.4335272209261654E-04   1.4335272209298739E-04   1.4335272209283959E-04   1.3016691341175777E-04   1.3016691341254897E-04
 1.3016691341207379E-04   1.3016691341224946E-04   1.3016691341224078E-04   1.3016691341225973E-04   1.3016691341228147E-04   1.3016691341223276E-04   1.3016691341224609E-04   1.3016691341206848E-04   1.3016691341205612E-04   1.3016691341206053E-04   1.3016691341207978E-04
 1.3016691341202438E-04   1.3016691341199323E-04   1.3016691341185269E-04   1.3016691341187741E-04   1.3016691341184716E-04   1.3016691341180173E-04   1.3016691341189983E-04   1.3016691341167353E-04   1.3016691341180656E-04   1.3016691341176075E-04   1.3016691341149724E-04
 1.3016691341170511E-04   1.3016691341191354E-04   1.3016691341158994E-04   1.3016691341181390E-04   1.3016691341172885E-04   1.3016691341176100E-04   1.3016691341128400E-04   1.3016691341164992E-04   1.3016691341161460E-04   1.3016691341124654E-04   1.3016691341122849E-04
 1.3016691341119876E-04   1.3016691341146387E-04   1.3016691341110080E-04   1.3016691341133162E-04   1.3016691341141920E-04
 8.9572713094369742E-05   8.9572712592908687E-05   8.9572711641463479E-05   8.9572710638382167E-05   8.9572709767445083E-05   8.9572709072005568E-05   8.9572708538814577E-05   8.9572708131388341E-05   8.9572707816575699E-05   8.9572707571592845E-05   8.9572707378499732E-05
 8.9572707221664100E-05   8.9572707094354561E-05   8.9572706988636446E-05   8.9572706901270202E-05   8.9572706825532297E-05   8.9572706762838686E-05   8.9572706708069766E-05   8.9572706659348702E-05   8.9572706617678367E-05   8.9572706581059439E-05   8.9572706547937428E-05
 8.9572706518474952E-05   8.9572706491998939E-05   8.9572706467869707E-05   8.9572706446822524E-05   8.9572706427523672E-05   8.9572706410091205E-05   8.9572706394844734E-05   8.9572706380749442E-05   8.9572706367970493E-05   8.9572706360304126E-05   8.9572706355085793E-05
 8.9572706356295844E-05   8.9572706366049557E-05   8.9572706387462672E-05   8.9572706424365851E-05   8.9572706478334711E-05   8.9572706550843835E-05   8.9572706721265089E-05   9.1194730859413281E-05   9.1194730862198921E-05   9.1194730849650569E-05   9.1194730818271278E-05
 9.1194730769380482E-05   9.1194730705924324E-05   9.1194730629416730E-05   9.1194730543193899E-05   9.1194730451596000E-05   9.1194730358338079E-05   9.1194730263932029E-05   9.1194730173687336E-05   9.1194730085518769E-05   9.1194730003145208E-05   9.1194729924494851E-05
 9.1194729852707264E-05   9.1194729783506746E-05   9.1194729721586252E-05   9.1194729664460398E-05   9.1194729612142236E-05   9.1194729563495440E-05   9.1194729518317589E-05   9.1194729477124534E-05   9.1194729439451680E-05   9.1194729404914108E-05   9.1194729373914911E-05
 9.1194729344620026E-05   9.1194729317437708E-05   9.1194729292500571E-05   9.1194729268841328E-05   9.1194729246579255E-05   9.1194729225632442E-05   9.1194729204300737E-05   9.1194729183991760E-05   9.1194729163537026E-05   9.1194729142426417E-05   9.1194729123952154E-05
 9.1194729107756342E-05   9.1194729095021724E-05   9.1194729085477505E-05   9.1063947392808361E-05   9.1063947405930717E-05   9.1063947406930812E-05   9.1063947400939660E-05   9.1063947390501355E-05   9.1063947372273111E-05   9.1063947350433918E-05   9.1063947322509735E-05
 9.1063947292637702E-05   9.1063947259306143E-05   9.1063947224093533E-05   9.1063947187278201E-05   9.1063947149317627E-05   9.1063947110574516E-05   9.1063947072508300E-05   9.1063947033934745E-05   9.1063946996361718E-05   9.1063946959331281E-05   9.1063946923443674E-05
 9.1063946888533868E-05   9.1063946855163996E-05   9.1063946822701844E-05   9.1063946791589647E-05   9.1063946761388368E-05   9.1063946732222557E-05   9.1063946705647244E-05   9.1063946679526686E-05   9.1063946654393484E-05   9.1063946631598960E-05   9.1063946608822691E-05
 9.1063946587897251E-05   9.1063946567682450E-05   9.1063946549237447E-05   9.1063946531339804E-05   9.1063946515181573E-05   9.1063946500451710E-05   9.1063946488428911E-05   9.1063946478151799E-05   9.1063946470700213E-05   9.1063946471426141E-05   9.1051902668957491E-05
 9.1051902679407939E-05   9.1051902682595589E-05   9.1051902683062934E-05   9.1051902680483915E-05   9.1051902674339741E-05   9.1051902665220734E-05   9.1051902654592449E-05   9.1051902640871572E-05   9.1051902625748023E-05   9.1051902610096778E-05   9.1051902592465727E-05
 9.1051902573956078E-05   9.1051902554080673E-05   9.1051902534975053E-05   9.1051902513968988E-05   9.1051902494073214E-05   9.1051902472748963E-05   9.1051902452440081E-05   9.1051902430812186E-05   9.1051902410198060E-05   9.1051902389740547E-05   9.1051902368644155E-05
 9.1051902348021898E-05   9.1051902328038019E-05   9.1051902308729706E-05   9.1051902290052427E-05   9.1051902271691490E-05   9.1051902252723834E-05   9.1051902235063441E-05   9.1051902218296051E-05   9.1051902201586964E-05   9.1051902186370905E-05   9.1051902171312502E-05
 9.1051902158335591E-05   9.1051902147166262E-05   9.1051902137502470E-05   9.1051902129295575E-05   9.1051902124469886E-05   9.1051902127338536E-05   9.1051588676436800E-05   9.1051588682356909E-05   9.1051588684565497E-05   9.1051588685078772E-05   9.1051588685494428E-05
 9.1051588682078500E-05   9.1051588677923837E-05   9.1051588672795927E-05   9.1051588665865246E-05   9.1051588658952915E-05   9.1051588650935091E-05   9.1051588641997782E-05   9.1051588632556021E-05   9.1051588622904656E-05   9.1051588612259309E-05   9.1051588601721175E-05
 9.1051588590490521E-05   9.1051588578684034E-05   9.1051588566708032E-05   9.1051588554901883E-05   9.1051588542488581E-05   9.1051588530925226E-05   9.1051588517304666E-05   9.1051588504806240E-05   9.1051588491764657E-05   9.1051588479264416E-05   9.1051588466747044E-05
 9.1051588453911216E-05   9.1051588441162285E-05   9.1051588428647597E-05   9.1051588416146096E-05   9.1051588403932911E-05   9.1051588393438376E-05   9.1051588381439795E-05   9.1051588371200942E-05   9.1051588360524708E-05   9.1051588351749257E-05   9.1051588344077659E-05
 9.1051588338239082E-05   9.1051588336799492E-05   9.1051544083542373E-05   9.1051544087828156E-05   9.1051544090068253E-05   9.1051544090961216E-05   9.1051544091114129E-05   9.1051544089656162E-05   9.1051544087379608E-05   9.1051544084220772E-05   9.1051544080436174E-05
 9.1051544076229402E-05   9.1051544071354287E-05   9.1051544066988693E-05   9.1051544061588471E-05   9.1051544055624926E-05   9.1051544050043317E-05   9.1051544043468634E-05   9.1051544036150486E-05   9.1051544029203136E-05   9.1051544022563902E-05   9.1051544015294285E-05
 9.1051544007582952E-05   9.1051543999591474E-05   9.1051543991383006E-05   9.1051543983306811E-05   9.1051543975061874E-05   9.1051543967392594E-05   9.1051543958434631E-05   9.1051543950532708E-05   9.1051543940942641E-05   9.1051543932799443E-05   9.1051543923830502E-05
 9.1051543915673792E-05   9.1051543907413811E-05   9.1051543899536147E-05   9.1051543892117778E-05   9.1051543883840857E-05   9.1051543876320221E-05   9.1051543870489463E-05   9.1051543864850907E-05   9.1051543861928372E-05   9.1051535718854077E-05   9.1051535721554580E-05
 9.1051535722726373E-05   9.1051535723024732E-05   9.1051535723341603E-05   9.1051535721875952E-05   9.1051535721330828E-05   9.1051535719933508E-05   9.1051535718031127E-05   9.1051535715021381E-05   9.1051535712159223E-05   9.1051535709108387E-05   9.1051535705200881E-05
 9.1051535701970257E-05   9.1051535698018205E-05   9.1051535693813438E-05   9.1051535689106009E-05   9.1051535685013904E-05   9.1051535679912083E-05   9.1051535674978421E-05   9.1051535669638982E-05   9.1051535664057672E-05   9.1051535659118494E-05   9.1051535653526803E-05
 9.1051535647594943E-05   9.1051535642189951E-05   9.1051535637587107E-05   9.1051535631218517E-05   9.1051535625212687E-05   9.1051535619115568E-05   9.1051535612884861E-05   9.1051535606902518E-05   9.1051535601085760E-05   9.1051535594422240E-05   9.1051535588471556E-05
 9.1051535582653808E-05   9.1051535577811300E-05   9.1051535573452455E-05   9.1051535569194644E-05   9.1051535566250168E-05   9.1051534401574024E-05   9.1051534403824706E-05   9.1051534404595005E-05   9.1051534406028821E-05   9.1051534405928817E-05   9.1051534405565704E-05
 9.1051534404592958E-05   9.1051534403283662E-05   9.1051534402379532E-05   9.1051534400758596E-05   9.1051534399053851E-05   9.1051534396200312E-05   9.1051534394188087E-05   9.1051534391729726E-05   9.1051534388636226E-05   9.1051534386350891E-05   9.1051534382956349E-05
 9.1051534380431974E-05   9.1051534376910797E-05   9.1051534373653325E-05   9.1051534370456175E-05   9.1051534365910034E-05   9.1051534362046791E-05   9.1051534358060871E-05   9.1051534354145329E-05   9.1051534349795863E-05   9.1051534345940033E-05   9.1051534341549218E-05
 9.1051534337143738E-05   9.1051534332422824E-05   9.1051534327910551E-05   9.1051534324311487E-05   9.1051534319769466E-05   9.1051534315566082E-05   9.1051534311542039E-05   9.1051534307331011E-05   9.1051534303742044E-05   9.1051534299805794E-05   9.1051534296567946E-05
 9.1051534294849323E-05   9.1051534192952059E-05   9.1051534194771364E-05   9.1051534195143733E-05   9.1051534195944579E-05   9.1051534196010133E-05   9.1051534196147704E-05   9.1051534195351724E-05   9.1051534194788169E-05   9.1051534193544128E-05   9.1051534192574947E-05
 9.1051534191454830E-05   9.1051534190113008E-05   9.1051534188454545E-05   9.1051534186482896E-05   9.1051534184419713E-05   9.1051534182889918E-05   9.1051534180665636E-05   9.1051534178769014E-05   9.1051534175770477E-05   9.1051534173226397E-05   9.1051534170320559E-05
 9.1051534167896188E-05   9.1051534164605702E-05   9.1051534162060971E-05   9.1051534159563836E-05   9.1051534156289641E-05   9.1051534154497712E-05   9.1051534150740328E-05   9.1051534147468098E-05   9.1051534143332774E-05   9.1051534140652261E-05   9.1051534137774680E-05
 9.1051534134644046E-05   9.1051534130951457E-05   9.1051534127712037E-05   9.1051534124188583E-05   9.1051534121517813E-05   9.1051534118607232E-05   9.1051534116171870E-05   9.1051534114548616E-05   9.1051534134733913E-05   9.1051534135378755E-05   9.1051534136181716E-05
 9.1051534136541833E-05   9.1051534136464991E-05   9.1051534136768676E-05   9.1051534136204890E-05   9.1051534135400223E-05   9.1051534134599024E-05   9.1051534134677737E-05   9.1051534133451437E-05   9.1051534132435350E-05   9.1051534130647324E-05   9.1051534129705342E-05
 9.1051534128716360E-05   9.1051534127070867E-05   9.1051534125308496E-05   9.1051534123911230E-05   9.1051534122348150E-05   9.1051534120528330E-05   9.1051534118448505E-05   9.1051534116350343E-05   9.1051534114659747E-05   9.1051534112455686E-05   9.1051534110177276E-05
 9.1051534107391405E-05   9.1051534105582481E-05   9.1051534103611198E-05   9.1051534101016729E-05   9.1051534098915342E-05   9.1051534096059432E-05   9.1051534093671382E-05   9.1051534091234475E-05   9.1051534088848159E-05   9.1051534086232454E-05   9.1051534083537642E-05
 9.1051534081400124E-05   9.1051534078469688E-05   9.1051534077374739E-05   9.1051534075222137E-05   9.1051534097826939E-05   9.1051534099968685E-05   9.1051534099881909E-05   9.1051534099638654E-05   9.1051534100044864E-05   9.1051534100250280E-05   9.1051534100115581E-05
 9.1051534099536550E-05   9.1051534099478219E-05   9.1051534098432750E-05   9.1051534097549803E-05   9.1051534096628963E-05   9.1051534095899905E-05   9.1051534094691494E-05   9.1051534094541617E-05   9.1051534092923011E-05   9.1051534091600637E-05   9.1051534090556618E-05
 9.1051534089867391E-05   9.1051534088385273E-05   9.1051534087027255E-05   9.1051534085216800E-05   9.1051534083229783E-05   9.1051534081959179E-05   9.1051534080231490E-05   9.1051534078937155E-05   9.1051534076710421E-05   9.1051534074970317E-05   9.1051534073076040E-05
 9.1051534071629443E-05   9.1051534069215372E-05   9.1051534067148869E-05   9.1051534065062268E-05   9.1051534063321500E-05   9.1051534061206940E-05   9.1051534060139245E-05   9.1051534057908634E-05   9.1051534056851903E-05   9.1051534055406621E-05   9.1051534053663969E-05
 9.1051534069350870E-05   9.1051534071104147E-05   9.1051534071083737E-05   9.1051534071102006E-05   9.1051534071466515E-05   9.1051534071515697E-05   9.1051534071503323E-05   9.1051534070630622E-05   9.1051534070178157E-05   9.1051534069990157E-05   9.1051534069320906E-05
 9.1051534068507618E-05   9.1051534067993856E-05   9.1051534067318181E-05   9.1051534066476867E-05   9.1051534065585572E-05   9.1051534064947315E-05   9.1051534063883279E-05   9.1051534062453352E-05   9.1051534061475280E-05   9.1051534060446440E-05   9.1051534059696633E-05
 9.1051534058491447E-05   9.1051534057567490E-05   9.1051534055892669E-05   9.1051534054795483E-05   9.1051534052977832E-05   9.1051534051966095E-05   9.1051534050572990E-05   9.1051534048992196E-05   9.1051534047219648E-05   9.1051534045563068E-05   9.1051534044118667E-05
 9.1051534042689458E-05   9.1051534041165070E-05   9.1051534039696870E-05   9.1051534037886890E-05   9.1051534037169690E-05   9.1051534035770608E-05   9.1051534034611610E-05   9.1051534045297669E-05   9.1051534045736229E-05   9.1051534046123329E-05   9.1051534046696357E-05
 9.1051534046808166E-05   9.1051534046875197E-05   9.1051534046757452E-05   9.1051534046720779E-05   9.1051534046334695E-05   9.1051534045979537E-05   9.1051534045210160E-05   9.1051534044602614E-05   9.1051534043797377E-05   9.1051534043482321E-05   9.1051534043513072E-05
 9.1051534042980105E-05   9.1051534042097849E-05   9.1051534041138995E-05   9.1051534040566075E-05   9.1051534039628538E-05   9.1051534038823152E-05   9.1051534037533155E-05   9.1051534036521188E-05   9.1051534035460540E-05   9.1051534034319024E-05   9.1051534033710150E-05
 9.1051534032259704E-05   9.1051534030666428E-05   9.1051534029437485E-05   9.1051534027860323E-05   9.1051534026672946E-05   9.1051534025901346E-05   9.1051534024386512E-05   9.1051534023522159E-05   9.1051534022316689E-05   9.1051534021796367E-05   9.1051534019501707E-05
 9.1051534019394371E-05   9.1051534017844477E-05   9.1051534017996957E-05   9.1051534024886519E-05   9.1051534026065427E-05   9.1051534026096232E-05   9.1051534026160633E-05   9.1051534025790094E-05   9.1051534025816670E-05   9.1051534025263198E-05   9.1051534025069831E-05
 9.1051534025060995E-05   9.1051534024708805E-05   9.1051534024379086E-05   9.1051534023979178E-05   9.1051534023295683E-05   9.1051534023003260E-05   9.1051534022364923E-05   9.1051534021772745E-05   9.1051534021635797E-05   9.1051534021221970E-05   9.1051534020412342E-05
 9.1051534019678527E-05   9.1051534018927853E-05   9.1051534018073515E-05   9.1051534017476540E-05   9.1051534017057428E-05   9.1051534016348997E-05   9.1051534015700251E-05   9.1051534014541862E-05   9.1051534013544545E-05   9.1051534013238963E-05   9.1051534011448443E-05
 9.1051534010229963E-05   9.1051534009067969E-05   9.1051534008618242E-05   9.1051534007612062E-05   9.1051534006840909E-05   9.1051534006064661E-05   9.1051534004725373E-05   9.1051534003518751E-05   9.1051534002419899E-05   9.1051534002143278E-05   9.1051534007209172E-05
 9.1051534007244504E-05   9.1051534007502462E-05   9.1051534007994460E-05   9.1051534007857756E-05   9.1051534008229149E-05   9.1051534008328746E-05   9.1051534007894727E-05   9.1051534007939477E-05   9.1051534007557947E-05   9.1051534007331037E-05   9.1051534007107271E-05
 9.1051534006346459E-05   9.1051534005933459E-05   9.1051534005750351E-05   9.1051534005255291E-05   9.1051534004743303E-05   9.1051534004361895E-05   9.1051534003537440E-05   9.1051534003512639E-05   9.1051534002810008E-05   9.1051534002154025E-05   9.1051534001415399E-05
 9.1051534000665063E-05   9.1051533999925041E-05   9.1051533999421755E-05   9.1051533998334015E-05   9.1051533997439304E-05   9.1051533996893422E-05   9.1051533996104638E-05   9.1051533995077235E-05   9.1051533994273651E-05   9.1051533993885710E-05   9.1051533992469769E-05
 9.1051533991924700E-05   9.1051533991171247E-05   9.1051533990356632E-05   9.1051533989438557E-05   9.1051533988358190E-05   9.1051533988744830E-05   9.1051533991097426E-05   9.1051533991558226E-05   9.1051533991776842E-05   9.1051533991673897E-05   9.1051533991665183E-05
 9.1051533991812444E-05   9.1051533992206918E-05   9.1051533991800898E-05   9.1051533991633537E-05   9.1051533991489867E-05   9.1051533991522041E-05   9.1051533991147124E-05   9.1051533990805681E-05   9.1051533990324174E-05   9.1051533990162465E-05   9.1051533989819030E-05
 9.1051533989372271E-05   9.1051533989028769E-05   9.1051533988711125E-05   9.1051533988329513E-05   9.1051533987725205E-05   9.1051533986891440E-05   9.1051533986351210E-05   9.1051533985836268E-05   9.1051533985369464E-05   9.1051533984476136E-05   9.1051533983859998E-05
 9.1051533983841200E-05   9.1051533982857287E-05   9.1051533982361318E-05   9.1051533981548113E-05   9.1051533980649282E-05   9.1051533980045842E-05   9.1051533979645121E-05   9.1051533979043646E-05   9.1051533978172801E-05   9.1051533977185920E-05   9.1051533977118564E-05
 9.1051533976564591E-05   9.1051533976677429E-05   9.1051533977345501E-05   9.1051533978027966E-05   9.1051533978359379E-05   9.1051533978110338E-05   9.1051533977724918E-05   9.1051533977723291E-05   9.1051533977677457E-05   9.1051533977663104E-05   9.1051533977667875E-05
 9.1051533977449530E-05   9.1051533977232730E-05   9.1051533976685791E-05   9.1051533976551174E-05   9.1051533976278551E-05   9.1051533976060681E-05   9.1051533976063974E-05   9.1051533975815732E-05   9.1051533975612919E-05   9.1051533974831954E-05   9.1051533974354431E-05
 9.1051533974108155E-05   9.1051533973411677E-05   9.1051533973061005E-05   9.1051533972503495E-05   9.1051533972212373E-05   9.1051533971927607E-05   9.1051533971275812E-05   9.1051533970756140E-05   9.1051533970108560E-05   9.1051533969517480E-05   9.1051533968987346E-05
 9.1051533968813508E-05   9.1051533967993281E-05   9.1051533967520393E-05   9.1051533966902777E-05   9.1051533965907277E-05   9.1051533965669633E-05   9.1051533965321997E-05   9.1051533964851128E-05   9.1051533965122287E-05   9.1051533964826178E-05   9.1051533964969564E-05
 9.1051533965102853E-05   9.1051533965246008E-05   9.1051533965625411E-05   9.1051533965778311E-05   9.1051533965687441E-05   9.1051533965571377E-05   9.1051533965472051E-05   9.1051533965113790E-05   9.1051533964973724E-05   9.1051533964796769E-05   9.1051533964456492E-05
 9.1051533964586488E-05   9.1051533964346595E-05   9.1051533964146356E-05   9.1051533963721105E-05   9.1051533963331348E-05   9.1051533963247471E-05   9.1051533963040931E-05   9.1051533962687386E-05   9.1051533962452168E-05   9.1051533962119210E-05   9.1051533961718732E-05
 9.1051533961328528E-05   9.1051533960722811E-05   9.1051533960072764E-05   9.1051533959692223E-05   9.1051533959495034E-05   9.1051533958813044E-05   9.1051533958256265E-05   9.1051533957894792E-05   9.1051533957529917E-05   9.1051533956885793E-05   9.1051533956421321E-05
 9.1051533955951197E-05   9.1051533955050604E-05   9.1051533954974724E-05   9.1051533955098215E-05   9.1051533954212191E-05   9.1051533953707007E-05   9.1051533953809098E-05   9.1051533953851870E-05   9.1051533954015693E-05   9.1051533954496686E-05   9.1051533954402048E-05
 9.1051533954466138E-05   9.1051533954508422E-05   9.1051533954284900E-05   9.1051533954271185E-05   9.1051533954038393E-05   9.1051533954098878E-05   9.1051533953698537E-05   9.1051533953297504E-05   9.1051533952997844E-05   9.1051533952959870E-05   9.1051533952830768E-05
 9.1051533952775935E-05   9.1051533952575683E-05   9.1051533952329731E-05   9.1051533952067869E-05   9.1051533951386503E-05   9.1051533951367055E-05   9.1051533950857683E-05   9.1051533950201863E-05   9.1051533950148005E-05   9.1051533949673572E-05   9.1051533949219250E-05
 9.1051533949236747E-05   9.1051533948729286E-05   9.1051533948458994E-05   9.1051533948151948E-05   9.1051533947544199E-05   9.1051533947297854E-05   9.1051533947127377E-05   9.1051533946095176E-05   9.1051533945574406E-05   9.1051533945397207E-05   9.1051533945108809E-05
 9.1051533944694942E-05   9.1051533943969421E-05   9.1051533944216999E-05   9.1051533944218273E-05   9.1051533944692991E-05   9.1051533944643551E-05   9.1051533944636978E-05   9.1051533944622829E-05   9.1051533944404322E-05   9.1051533944392558E-05   9.1051533944258863E-05
 9.1051533944028863E-05   9.1051533943890817E-05   9.1051533943662226E-05   9.1051533943415868E-05   9.1051533943298964E-05   9.1051533943065346E-05   9.1051533942810653E-05   9.1051533942734136E-05   9.1051533942686404E-05   9.1051533942524722E-05   9.1051533942282172E-05
 9.1051533941968553E-05   9.1051533941726871E-05   9.1051533940845781E-05   9.1051533940822768E-05   9.1051533940084847E-05   9.1051533940300169E-05   9.1051533939562831E-05   9.1051533939439936E-05   9.1051533939173399E-05   9.1051533938919221E-05   9.1051533938878658E-05
 9.1051533938352021E-05   9.1051533937936826E-05   9.1051533937343957E-05   9.1051533937420244E-05   9.1051533937368270E-05   9.1051533936482788E-05   9.1051533936103873E-05   9.1051533936109647E-05   9.1051533935754164E-05   9.1051533935621864E-05   9.1051533935675885E-05
 9.1051533935334808E-05   9.1051533934862367E-05   9.1051533935242312E-05   9.1051533935094481E-05   9.1051533935124798E-05   9.1051533935069545E-05   9.1051533934845304E-05   9.1051533934944902E-05   9.1051533934706120E-05   9.1051533934591276E-05   9.1051533934443255E-05
 9.1051533934562057E-05   9.1051533934511709E-05   9.1051533934372267E-05   9.1051533934030310E-05   9.1051533934000535E-05   9.1051533933612024E-05   9.1051533933361425E-05   9.1051533933168044E-05   9.1051533933221061E-05   9.1051533932828458E-05   9.1051533932678337E-05
 9.1051533932561893E-05   9.1051533932371480E-05   9.1051533931811327E-05   9.1051533931568900E-05   9.1051533931465223E-05   9.1051533931352303E-05   9.1051533930627406E-05   9.1051533930303310E-05   9.1051533929976342E-05   9.1051533929899052E-05   9.1051533929896111E-05
 9.1051533929776808E-05   9.1051533929401742E-05   9.1051533928553435E-05   9.1051533928034834E-05   9.1051533927229435E-05   9.1051533927486621E-05   9.1051533927232511E-05   9.1051533927390262E-05   9.1051533927501298E-05   9.1051533927730594E-05   9.1051533927653100E-05
 9.1051533927346271E-05   9.1051533927303635E-05   9.1051533927374894E-05   9.1051533927016633E-05   9.1051533927014600E-05   9.1051533926818359E-05   9.1051533926566689E-05   9.1051533926371262E-05   9.1051533926160818E-05   9.1051533926178477E-05   9.1051533926068512E-05
 9.1051533925884306E-05   9.1051533925557256E-05   9.1051533925847904E-05   9.1051533925746693E-05   9.1051533925718924E-05   9.1051533925255279E-05   9.1051533924946281E-05   9.1051533924817288E-05   9.1051533924390695E-05   9.1051533923853595E-05   9.1051533923771684E-05
 9.1051533923588264E-05   9.1051533923316739E-05   9.1051533923265849E-05   9.1051533922988497E-05   9.1051533922631022E-05   9.1051533922304216E-05   9.1051533921912467E-05   9.1051533921870833E-05   9.1051533921305273E-05   9.1051533920788420E-05   9.1051533920733763E-05
 9.1051533919912534E-05   9.1051533920132749E-05   9.1051533919853634E-05   9.1051533919851358E-05   9.1051533919833414E-05   9.1051533919729480E-05   9.1051533919818791E-05   9.1051533919877677E-05   9.1051533919953151E-05   9.1051533919628202E-05   9.1051533919801633E-05
 9.1051533919673481E-05   9.1051533919525501E-05   9.1051533919421756E-05   9.1051533919277435E-05   9.1051533919101862E-05   9.1051533919062424E-05   9.1051533918689445E-05   9.1051533918499019E-05   9.1051533918562038E-05   9.1051533918314704E-05   9.1051533918260765E-05
 9.1051533918227589E-05   9.1051533918061272E-05   9.1051533917775178E-05   9.1051533917538605E-05   9.1051533917437558E-05   9.1051533917351662E-05   9.1051533916986990E-05   9.1051533916899590E-05   9.1051533916553784E-05   9.1051533916518127E-05   9.1051533916237495E-05
 9.1051533916063806E-05   9.1051533915745633E-05   9.1051533915479787E-05   9.1051533915192744E-05   9.1051533915003822E-05   9.1051533914920338E-05   9.1051533914687858E-05   9.1051533912321397E-05   9.1051533912871847E-05   9.1051533912857969E-05   9.1051533912567403E-05
 9.1051533912824941E-05   9.1051533912982584E-05   9.1051533912642037E-05   9.1051533912585251E-05   9.1051533912588165E-05   9.1051533912541138E-05   9.1051533912431823E-05   9.1051533912461205E-05   9.1051533912416414E-05   9.1051533912376014E-05   9.1051533912240299E-05
 9.1051533912011492E-05   9.1051533912095653E-05   9.1051533911803284E-05   9.1051533911826432E-05   9.1051533911741458E-05   9.1051533911581619E-05   9.1051533911580860E-05   9.1051533911498095E-05   9.1051533911276931E-05   9.1051533911268339E-05   9.1051533911060524E-05
 9.1051533910816755E-05   9.1051533910741566E-05   9.1051533910229673E-05   9.1051533910320055E-05   9.1051533909983546E-05   9.1051533909756703E-05   9.1051533909475068E-05   9.1051533909103539E-05   9.1051533908942495E-05   9.1051533908706166E-05   9.1051533908970643E-05
 9.1051533908490152E-05   9.1051533908067815E-05   9.1051533907757516E-05   9.1051533905891170E-05   9.1051533905725491E-05   9.1051533905930893E-05   9.1051533906196685E-05   9.1051533906357310E-05   9.1051533906505113E-05   9.1051533906460295E-05   9.1051533906413431E-05
 9.1051533906465743E-05   9.1051533906358218E-05   9.1051533906450592E-05   9.1051533906489894E-05   9.1051533906461027E-05   9.1051533906216363E-05   9.1051533906088712E-05   9.1051533906043731E-05   9.1051533905875951E-05   9.1051533905830455E-05   9.1051533905544836E-05
 9.1051533905535715E-05   9.1051533905087777E-05   9.1051533905026302E-05   9.1051533904425790E-05   9.1051533904743556E-05   9.1051533904292826E-05   9.1051533904415314E-05   9.1051533904371986E-05   9.1051533903793036E-05   9.1051533903892186E-05   9.1051533903594911E-05
 9.1051533903412196E-05   9.1051533903267266E-05   9.1051533903101721E-05   9.1051533902758924E-05   9.1051533902859809E-05   9.1051533902876790E-05   9.1051533902512309E-05   9.1051533902700296E-05   9.1051533902416343E-05   9.1051533901829315E-05   9.1051533900399781E-05
 9.1051533900768776E-05   9.1051533900626800E-05   9.1051533900983976E-05   9.1051533900954662E-05   9.1051533900910278E-05   9.1051533900875556E-05   9.1051533900529371E-05   9.1051533900499894E-05   9.1051533900591156E-05   9.1051533900248996E-05   9.1051533900204706E-05
 9.1051533900163046E-05   9.1051533900034757E-05   9.1051533899944999E-05   9.1051533899982363E-05   9.1051533899809298E-05   9.1051533900124719E-05   9.1051533899847895E-05   9.1051533899826686E-05   9.1051533899651058E-05   9.1051533899425124E-05   9.1051533899447974E-05
 9.1051533899277402E-05   9.1051533899473588E-05   9.1051533898960530E-05   9.1051533899036966E-05   9.1051533899087571E-05   9.1051533899037481E-05   9.1051533898511508E-05   9.1051533898653836E-05   9.1051533898236161E-05   9.1051533898162300E-05   9.1051533897891208E-05
 9.1051533897840956E-05   9.1051533897633846E-05   9.1051533896916118E-05   9.1051533896588106E-05   9.1051533896707287E-05   9.1051533896525331E-05   9.1051533895255811E-05   9.1051533895158463E-05   9.1051533895232026E-05   9.1051533895334375E-05   9.1051533895391567E-05
 9.1051533895323059E-05   9.1051533895193930E-05   9.1051533895094184E-05   9.1051533895140804E-05   9.1051533895092991E-05   9.1051533894981494E-05   9.1051533895098629E-05   9.1051533895019929E-05   9.1051533894846322E-05   9.1051533894913407E-05   9.1051533894664745E-05
 9.1051533894818674E-05   9.1051533894706731E-05   9.1051533894436412E-05   9.1051533894428213E-05   9.1051533894311620E-05   9.1051533894430245E-05   9.1051533894570433E-05   9.1051533894211426E-05   9.1051533893994030E-05   9.1051533894010158E-05   9.1051533893661261E-05
 9.1051533893708329E-05   9.1051533893275570E-05   9.1051533892984015E-05   9.1051533892996971E-05   9.1051533892979542E-05   9.1051533892724470E-05   9.1051533892830817E-05   9.1051533892490838E-05   9.1051533892163653E-05   9.1051533892138594E-05   9.1051533891978295E-05
 9.1051533892025566E-05   9.1051533892007691E-05   9.1051533890409848E-05   9.1051533890464911E-05   9.1051533890649660E-05   9.1051533890477122E-05   9.1051533890595612E-05   9.1051533890629832E-05   9.1051533890239912E-05   9.1051533890481866E-05   9.1051533890318531E-05
 9.1051533890314519E-05   9.1051533890172326E-05   9.1051533890102070E-05   9.1051533890083923E-05   9.1051533890231456E-05   9.1051533890093870E-05   9.1051533890027802E-05   9.1051533889812872E-05   9.1051533889728548E-05   9.1051533889778381E-05   9.1051533889770534E-05
 9.1051533889899568E-05   9.1051533889734877E-05   9.1051533889787705E-05   9.1051533889581314E-05   9.1051533889668890E-05   9.1051533889263358E-05   9.1051533889201084E-05   9.1051533889274308E-05   9.1051533888972548E-05   9.1051533889031799E-05   9.1051533888465860E-05
 9.1051533888449705E-05   9.1051533888183371E-05   9.1051533887982143E-05   9.1051533887914719E-05   9.1051533887978822E-05   9.1051533887728073E-05   9.1051533887466754E-05   9.1051533887512873E-05   9.1051533887093016E-05   9.1051533886007675E-05   9.1051533885656407E-05
 9.1051533886036298E-05   9.1051533885843202E-05   9.1051533885717041E-05   9.1051533885693704E-05   9.1051533885720958E-05   9.1051533885757780E-05   9.1051533885830503E-05   9.1051533885709777E-05   9.1051533885624843E-05   9.1051533885567299E-05   9.1051533885626497E-05
 9.1051533885554153E-05   9.1051533885605585E-05   9.1051533885689611E-05   9.1051533885493465E-05   9.1051533885706240E-05   9.1051533885297767E-05   9.1051533885299555E-05   9.1051533885100022E-05   9.1051533885008596E-05   9.1051533884891353E-05   9.1051533884822534E-05
 9.1051533884783258E-05   9.1051533884649305E-05   9.1051533884645809E-05   9.1051533884633693E-05   9.1051533884489453E-05   9.1051533884339413E-05   9.1051533884055637E-05   9.1051533884358915E-05   9.1051533884015169E-05   9.1051533883612578E-05   9.1051533883552974E-05
 9.1051533883187313E-05   9.1051533883055406E-05   9.1051533882850451E-05   9.1051533883026214E-05   9.1051533882701468E-05   9.1051533881897546E-05   9.1051533882077361E-05   9.1051533882149284E-05   9.1051533882186513E-05   9.1051533882207438E-05   9.1051533882060895E-05
 9.1051533882002402E-05   9.1051533882088040E-05   9.1051533881964563E-05   9.1051533881846399E-05   9.1051533882038763E-05   9.1051533881996574E-05   9.1051533881928134E-05   9.1051533881772429E-05   9.1051533882099153E-05   9.1051533881684310E-05   9.1051533881603781E-05
 9.1051533881618662E-05   9.1051533881510540E-05   9.1051533881747669E-05   9.1051533881372711E-05   9.1051533881424251E-05   9.1051533881393256E-05   9.1051533881195972E-05   9.1051533881125052E-05   9.1051533881057926E-05   9.1051533880927673E-05   9.1051533880774949E-05
 9.1051533880653207E-05   9.1051533880730917E-05   9.1051533880906639E-05   9.1051533880608402E-05   9.1051533880487555E-05   9.1051533880411850E-05   9.1051533880350864E-05   9.1051533880096144E-05   9.1051533879997238E-05   9.1051533879898507E-05   9.1051533879556428E-05
 9.1051533879557079E-05   9.1051533880166387E-05   9.1051533880186133E-05   9.1051533880204090E-05   9.1051533880453497E-05   9.1051533880319761E-05   9.1051533880530096E-05   9.1051533880348519E-05   9.1051533880204022E-05   9.1051533880188315E-05   9.1051533879805618E-05
 9.1051533879945548E-05   9.1051533880085275E-05   9.1051533880071682E-05   9.1051533880138211E-05   9.1051533880117449E-05   9.1051533879610028E-05   9.1051533879672519E-05   9.1051533879679499E-05   9.1051533879532765E-05   9.1051533879470207E-05   9.1051533879573681E-05
 9.1051533879538918E-05   9.1051533879372493E-05   9.1051533879073457E-05   9.1051533878966067E-05   9.1051533879031891E-05   9.1051533878814373E-05   9.1051533878722975E-05   9.1051533878760109E-05   9.1051533878538823E-05   9.1051533878570956E-05   9.1051533878424616E-05
 9.1051533878480791E-05   9.1051533878399923E-05   9.1051533877874709E-05   9.1051533877946103E-05   9.1051533877840136E-05   9.1051533878026646E-05   9.1051533878169191E-05   9.1051533878034357E-05   9.1051533893369692E-05   9.1051533893821994E-05   9.1051533893951367E-05
 9.1051533893872871E-05   9.1051533893754665E-05   9.1051533893888090E-05   9.1051533893881151E-05   9.1051533893886545E-05   9.1051533893880243E-05   9.1051533893771579E-05   9.1051533893652357E-05   9.1051533893661031E-05   9.1051533893668431E-05   9.1051533893617798E-05
 9.1051533893746209E-05   9.1051533893541105E-05   9.1051533893441954E-05   9.1051533893334686E-05   9.1051533893362848E-05   9.1051533893375777E-05   9.1051533893205598E-05   9.1051533893213743E-05   9.1051533893139720E-05   9.1051533893063365E-05   9.1051533892935971E-05
 9.1051533892877058E-05   9.1051533892822834E-05   9.1051533892793832E-05   9.1051533892776376E-05   9.1051533892602145E-05   9.1051533892553871E-05   9.1051533892457689E-05   9.1051533892359934E-05   9.1051533892372403E-05   9.1051533892255607E-05   9.1051533892118130E-05
 9.1051533891862462E-05   9.1051533891795322E-05   9.1051533891642653E-05   9.1051533891853070E-05   9.1051534061228570E-05   9.1051534061269810E-05   9.1051534061262356E-05   9.1051534061246960E-05   9.1051534061237758E-05   9.1051534061115474E-05   9.1051534061229302E-05
 9.1051534061167204E-05   9.1051534061194783E-05   9.1051534061172611E-05   9.1051534061103304E-05   9.1051534061250877E-05   9.1051534061063486E-05   9.1051534061081579E-05   9.1051534061076497E-05   9.1051534060957600E-05   9.1051534060917688E-05   9.1051534060825409E-05
 9.1051534060901778E-05   9.1051534060765385E-05   9.1051534060892426E-05   9.1051534060927622E-05   9.1051534060794645E-05   9.1051534060562084E-05   9.1051534060658794E-05   9.1051534060454761E-05   9.1051534060145276E-05   9.1051534059965813E-05   9.1051534060037912E-05
 9.1051534059933517E-05   9.1051534060054013E-05   9.1051534059961463E-05   9.1051534059931376E-05   9.1051534059535222E-05   9.1051534059455452E-05   9.1051534059333127E-05   9.1051534059495486E-05   9.1051534059786594E-05   9.1051534059748498E-05   9.1051534059575649E-05
 9.1051535432148115E-05   9.1051535431819006E-05   9.1051535431931695E-05   9.1051535431909333E-05   9.1051535431931912E-05   9.1051535431850691E-05   9.1051535431725236E-05   9.1051535431641210E-05   9.1051535431787875E-05   9.1051535431808597E-05   9.1051535431634393E-05
 9.1051535431618496E-05   9.1051535431605431E-05   9.1051535431730819E-05   9.1051535431522300E-05   9.1051535431560478E-05   9.1051535431578313E-05   9.1051535431648081E-05   9.1051535431470231E-05   9.1051535431412077E-05   9.1051535431444468E-05   9.1051535431566102E-05
 9.1051535431156151E-05   9.1051535431187824E-05   9.1051535431041646E-05   9.1051535431084974E-05   9.1051535431139292E-05   9.1051535431185466E-05   9.1051535430807784E-05   9.1051535430971092E-05   9.1051535430762085E-05   9.1051535430711357E-05   9.1051535430664398E-05
 9.1051535430615541E-05   9.1051535430514724E-05   9.1051535430552210E-05   9.1051535430295214E-05   9.1051535430185872E-05   9.1051535430409624E-05   9.1051535430576429E-05   9.1051544680018366E-05   9.1051544680443008E-05   9.1051544680485115E-05   9.1051544680487541E-05
 9.1051544680388052E-05   9.1051544680429794E-05   9.1051544680272530E-05   9.1051544680258734E-05   9.1051544680413138E-05   9.1051544680388662E-05   9.1051544680223823E-05   9.1051544680235003E-05   9.1051544680190145E-05   9.1051544680262962E-05   9.1051544680359416E-05
 9.1051544680297291E-05   9.1051544680347001E-05   9.1051544680274211E-05   9.1051544680111377E-05   9.1051544680127288E-05   9.1051544680077401E-05   9.1051544679970838E-05   9.1051544680000423E-05   9.1051544680019708E-05   9.1051544679978169E-05   9.1051544679970594E-05
 9.1051544679807774E-05   9.1051544679709911E-05   9.1051544679599851E-05   9.1051544679569900E-05   9.1051544679310992E-05   9.1051544679331565E-05   9.1051544679338775E-05   9.1051544679228417E-05   9.1051544679052112E-05   9.1051544679055988E-05   9.1051544679261756E-05
 9.1051544679144310E-05   9.1051544678851995E-05   9.1051544678889847E-05   9.1051597456672033E-05   9.1051597456429605E-05   9.1051597456559980E-05   9.1051597456212060E-05   9.1051597456200269E-05   9.1051597456208089E-05   9.1051597456214282E-05   9.1051597456234042E-05
 9.1051597456178612E-05   9.1051597456237837E-05   9.1051597456265809E-05   9.1051597456135149E-05   9.1051597456243773E-05   9.1051597456164043E-05   9.1051597456242011E-05   9.1051597456187150E-05   9.1051597456228499E-05   9.1051597456246822E-05   9.1051597456235424E-05
 9.1051597456284728E-05   9.1051597456131165E-05   9.1051597456165371E-05   9.1051597456127804E-05   9.1051597456197586E-05   9.1051597456056680E-05   9.1051597455977560E-05   9.1051597456062332E-05   9.1051597455961352E-05   9.1051597455858176E-05   9.1051597455769692E-05
 9.1051597455810065E-05   9.1051597455831071E-05   9.1051597455805742E-05   9.1051597455755340E-05   9.1051597455631334E-05   9.1051597455523063E-05   9.1051597455410021E-05   9.1051597455411173E-05   9.1051597455323001E-05   9.1051597455393975E-05   9.1052019098541916E-05
 9.1052019098502451E-05   9.1052019098613162E-05   9.1052019098719061E-05   9.1052019098526141E-05   9.1052019098573493E-05   9.1052019098503657E-05   9.1052019098462891E-05   9.1052019098551376E-05   9.1052019098522549E-05   9.1052019098468949E-05   9.1052019098467404E-05
 9.1052019098483749E-05   9.1052019098207114E-05   9.1052019098375450E-05   9.1052019098258519E-05   9.1052019098216737E-05   9.1052019098347695E-05   9.1052019098319871E-05   9.1052019098333763E-05   9.1052019098081320E-05   9.1052019098254345E-05   9.1052019098024047E-05
 9.1052019098149272E-05   9.1052019098177367E-05   9.1052019098207711E-05   9.1052019097946879E-05   9.1052019097866607E-05   9.1052019097997010E-05   9.1052019097955986E-05   9.1052019097951961E-05   9.1052019097816097E-05   9.1052019097708517E-05   9.1052019097833038E-05
 9.1052019097385994E-05   9.1052019097440963E-05   9.1052019097512507E-05   9.1052019097244966E-05   9.1052019097317906E-05   9.1052019097571203E-05   9.1064186451269213E-05   9.1064186451384816E-05   9.1064186451206356E-05   9.1064186451369271E-05   9.1064186451529652E-05
 9.1064186451482991E-05   9.1064186451479047E-05   9.1064186451223148E-05   9.1064186451458704E-05   9.1064186451453920E-05   9.1064186451228664E-05   9.1064186451464112E-05   9.1064186451479860E-05   9.1064186451224815E-05   9.1064186451256731E-05   9.1064186451317636E-05
 9.1064186451152079E-05   9.1064186451299544E-05   9.1064186451262098E-05   9.1064186451221142E-05   9.1064186451140559E-05   9.1064186451369149E-05   9.1064186451261840E-05   9.1064186451315847E-05   9.1064186451183859E-05   9.1064186451153203E-05   9.1064186451048497E-05
 9.1064186450945606E-05   9.1064186450935035E-05   9.1064186450775223E-05   9.1064186450777446E-05   9.1064186450680762E-05   9.1064186450834109E-05   9.1064186450644482E-05   9.1064186450625576E-05   9.1064186450674203E-05   9.1064186450578468E-05   9.1064186450333682E-05
 9.1064186450438172E-05   9.1064186450019155E-05   9.1206148119557493E-05   9.1206148119596606E-05   9.1206148119705975E-05   9.1206148119810952E-05   9.1206148119810071E-05   9.1206148119825291E-05   9.1206148119832121E-05   9.1206148119717155E-05   9.1206148119833924E-05
 9.1206148119819897E-05   9.1206148119739124E-05   9.1206148119840063E-05   9.1206148119749803E-05   9.1206148119805260E-05   9.1206148119724758E-05   9.1206148119679168E-05   9.1206148119746334E-05   9.1206148119740737E-05   9.1206148119723796E-05   9.1206148119679113E-05
 9.1206148119601607E-05   9.1206148119435303E-05   9.1206148119914141E-05   9.1206148119526661E-05   9.1206148119422090E-05   9.1206148119292257E-05   9.1206148119332155E-05   9.1206148119221878E-05   9.1206148119466745E-05   9.1206148119577347E-05   9.1206148119556815E-05
 9.1206148119419190E-05   9.1206148119508785E-05   9.1206148119211782E-05   9.1206148119319863E-05   9.1206148119252466E-05   9.1206148119260666E-05   9.1206148119101979E-05   9.1206148118959650E-05   9.1206148118735031E-05   8.9937354511921368E-05   8.9937354511887541E-05
 8.9937354511595254E-05   8.9937354511453359E-05   8.9937354511432217E-05   8.9937354511453711E-05   8.9937354511455107E-05   8.9937354511637334E-05   8.9937354511765229E-05   8.9937354511875642E-05   8.9937354511995229E-05   8.9937354512021250E-05   8.9937354512135877E-05
 8.9937354512234025E-05   8.9937354512197582E-05   8.9937354512304742E-05   8.9937354512475341E-05   8.9937354512436893E-05   8.9937354512531408E-05   8.9937354512462344E-05   8.9937354512570629E-05   8.9937354512646035E-05   8.9937354512681069E-05   8.9937354512883489E-05
 8.9937354512830621E-05   8.9937354512962636E-05   8.9937354513087590E-05   8.9937354513069525E-05   8.9937354513203153E-05   8.9937354513295472E-05   8.9937354513302723E-05   8.9937354513466641E-05   8.9937354513675743E-05   8.9937354513737014E-05   8.9937354513883110E-05
 8.9937354513953271E-05   8.9937354513940559E-05   8.9937354513987912E-05   8.9937354514001424E-05   8.9937354514007387E-05
 1.2562344526401113E-02   1.3050383136138188E-02   1.3975424859373687E-02   1.5258194519667130E-02   1.6817030058842140E-02   1.8582585934148133E-02   2.0501524333570907E-02   2.2534695471649935E-02   2.4653853654145026E-02   2.6838638191979861E-02   2.9074258374032515E-02
 3.1349840509961133E-02   3.3657280044590655E-02   3.5990450122219922E-02   3.8344654125444917E-02   4.0716243687255828E-02   4.3102349123916667E-02   4.5500686808003246E-02   4.7909419741841999E-02   5.0327055347993491E-02   5.2752369615022984E-02   5.5184350136610286E-02
 5.7622152858080547E-02   6.0065068883669824E-02   6.2512498750249931E-02   6.4963932300931421E-02   6.7418932800809003E-02   6.9877124296868431E-02   7.2338181481151440E-02   7.4801821501885898E-02   7.7267797302627950E-02   7.9735892169085318E-02   8.2205915237286917E-02
 8.4677697772199745E-02   8.7151090067766807E-02   8.9625958851216755E-02   9.2102185098943218E-02   9.4579662190134722E-02   9.7058294339020815E-02   9.9537995258092288E-02   3.7520827549509091E-02   3.7687033579203340E-02   3.8017265814363876E-02   3.8507304501873410E-02
 3.9151149408414569E-02   3.9941363271676147E-02   4.0869456810679543E-02   4.1926274578121057E-02   4.3102349123916674E-02   4.4388202261411762E-02   4.5774583559001387E-02   4.7252645428589500E-02   4.8814060474416596E-02   5.0451090176526422E-02   5.2156615112562671E-02
 5.3924136525307483E-02   5.5747757802444398E-02   5.7622152858080554E-02   5.9542526819072773E-02   6.1504573000712721E-02   6.3504428979402699E-02   6.5538633644591643E-02   6.7604086414949804E-02   6.9698009297253255E-02   7.1817912111116128E-02   7.3961560962435072E-02
 7.6126949892925580E-02   7.8312275538385434E-02   8.0515914575939596E-02   8.2736403716864554E-02   8.4972421996786701E-02   8.7222775122097557E-02   8.9486381645477217E-02   9.1762260761164782E-02   9.4049521529883398E-02   9.6347353362715688E-02   9.8655017611878212E-02
 1.0097184013377196E-01   1.0329720470564535E-01   1.0563054719161499E-01   6.2512498750249931E-02   6.2612398931840965E-02   6.2811722632005559E-02   6.3109527806821691E-02   6.3504428979402686E-02   6.3994628680851026E-02   6.4577956765447447E-02   6.5251915680690942E-02
 6.6013729632554460E-02   6.6860395601581663E-02   6.7788734314781246E-02   6.8795439529085067E-02   6.9877124296868431E-02   7.1030363225876858E-02   7.2251730083092131E-02   7.3537830400413645E-02   7.4885329003750792E-02   7.6290972598335643E-02   7.7751607700419931E-02
 7.9264194312438446E-02   8.0825815801636058E-02   8.2433685468987730E-02   8.4085150294210695E-02   8.5777692321488810E-02   8.7508928115935691E-02   8.9276606678345471E-02   9.1078606159734357E-02   9.2912929670740663E-02   9.4777700436336820E-02   9.6671156504926539E-02
 9.8591645183554982E-02   1.0053761733798947E-01   1.0250762166785454E-01   1.0450029904263433E-01   1.0651437696386343E-01   1.0854866420182240E-01   1.1060204564111822E-01   1.1267347735824966E-01   1.1476198194524177E-01   1.1686664408632602E-01   8.7508928115935705E-02
 8.7580320278016807E-02   8.7722930297613758E-02   8.7936411684807800E-02   8.8220249942969453E-02   8.8573768690284382E-02   8.8996137556637822E-02   8.9486381645477217E-02   9.0043392317260024E-02   9.0665939028942960E-02   9.1352681952967321E-02   9.2102185098943246E-02
 9.2912929670740663E-02   9.3783327409513478E-02   9.4711733697573089E-02   9.5696460227116031E-02   9.6735787069729282E-02   9.7827974015615812E-02   9.8971271084087847E-02   1.0016392813782815E-01   1.0140420356178535E-01   1.0269037199270437E-01   1.0402073110683274E-01
 1.0539360749115670E-01   1.0680736163766991E-01   1.0826039211087313E-01   1.0975113894625423E-01   1.1127808634228036E-01   1.1283976471085005E-01   1.1443475215160821E-01   1.1606167541441059E-01   1.1771921041189497E-01   1.1940608234089251E-01   1.2112106546757258E-01
 1.2286298262698982E-01   1.2463070448328534E-01   1.2642314859233653E-01   1.2823927830426995E-01   1.3007810153903693E-01   1.3193866946426283E-01   1.1250694423012297E-01   1.1256248264852727E-01   1.1267347735824966E-01   1.1283976471085005E-01   1.1306110073761001E-01
 1.1333716292549413E-01   1.1366755253809242E-01   1.1405179744309162E-01   1.1448935540040393E-01   1.1497961775897501E-01   1.1552191350562023E-01   1.1611551360606386E-01   1.1675963557668378E-01   1.1745344822524369E-01   1.1819607650002600E-01   1.1898660638912263E-01
 1.1982408981502843E-01   1.2070754947392480E-01   1.2163598357394081E-01   1.2260837043203862E-01   1.2362367289479795E-01   1.2468084255409891E-01   1.2577882373436319E-01   1.2691655723348313E-01   1.2809298380473461E-01   1.2930704737175000E-01   1.3055769797296518E-01
 1.3184389443580616E-01   1.3316460678423528E-01   1.3451881838612767E-01   1.3590552784931156E-01   1.3732375067700417E-01   1.3877252069484075E-01   1.4025089126276524E-01   1.4175793628576852E-01   1.4329275103786654E-01   1.4485445281385037E-01   1.4644218142324977E-01
 1.4805509954067778E-01   1.4969239292629402E-01   1.3750568170079375E-01   1.3755112685834311E-01   1.3764197215965776E-01   1.3777812779973461E-01   1.3795945962492026E-01   1.3818578979041224E-01   1.3845689762521765E-01   1.3877252069484075E-01   1.3913235604991386E-01
 1.3953606164715987E-01   1.3998325792751076E-01   1.4047352953492698E-01   1.4100642715848097E-01   1.4158146947958974E-01   1.4219814520590626E-01   1.4285591517329621E-01   1.4355421449752007E-01   1.4429245475768995E-01   1.4507002619424869E-01   1.4588629990509736E-01
 1.4674063002454366E-01   1.4763235587092691E-01   1.4856080405005892E-01   1.4952529050297814E-01   1.5052512248790897E-01   1.5155960048772893E-01   1.5262802003564091E-01   1.5372967345311056E-01   1.5486385149543455E-01   1.5602984490154440E-01   1.5722694584580596E-01
 1.5845444929064001E-01   1.5971165423975797E-01   1.6099786489267490E-01   1.6231239170192768E-01   1.6365455233509393E-01   1.6502367254427469E-01   1.6641908694617935E-01   1.6784013971633843E-01   1.6928618520127389E-01   1.6250480762119010E-01   1.6254326347160622E-01
 1.6262014789072110E-01   1.6273540641175785E-01   1.6288895757539859E-01   1.6308069321657914E-01   1.6331047884321448E-01   1.6357815410378002E-01   1.6388353333999117E-01   1.6422640622019347E-01   1.6460653844850759E-01   1.6502367254427469E-01   1.6547752868592158E-01
 1.6596780561301641E-01   1.6649418158001800E-01   1.6705631535503232E-01   1.6765384725678084E-01   1.6828640022295327E-01   1.6895358090315815E-01   1.6965498076979646E-01   1.7039017724035621E-01   1.7115873480485885E-01   1.7196020615247007E-01   1.7279413329161383E-01
 1.7366004865829102E-01   1.7455747620769499E-01   1.7548593248462968E-01   1.7644492766866382E-01   1.7743396659039104E-01   1.7845254971560368E-01   1.7950017409462310E-01   1.8057633427445580E-01   1.8168052317185793E-01   1.8281223290578780E-01   1.8397095558810364E-01
 1.8515618407171822E-01   1.8636741265575374E-01   1.8760413774754545E-01   1.8886585848162182E-01   1.9015207729604219E-01   1.8750416662037142E-01   1.8753749625074981E-01   1.8760413774754542E-01   1.8770405563013284E-01   1.8783719679552291E-01   1.8800349065908326E-01
 1.8820284934081100E-01   1.8843516789601669E-01   1.8870032458901601E-01   1.8899818120817988E-01   1.8932858342046505E-01   1.8969136116333818E-01   1.9008632907181935E-01   1.9051328693820807E-01   1.9097202020191334E-01   1.9146230046669763E-01   1.9198388604255306E-01
 1.9253652250936704E-01   1.9311994329949456E-01   1.9373387029634234E-01   1.9437801444607875E-01   1.9505207637961713E-01   1.9575574704207283E-01   1.9648870832696722E-01   1.9725063371254350E-01   1.9804118889766339E-01   1.9886003243487615E-01   1.9970681635838072E-01
 2.0058118680474499E-01   2.0148278462439415E-01   2.0241124598203530E-01   2.0336620294434374E-01   2.0434728405339769E-01   2.0535411488450872E-01   2.0638631858725520E-01   2.0744351640868414E-01   2.0852532819779951E-01   2.0963137289060529E-01   2.1076126897511319E-01
 2.1191463493586279E-01   2.1250367643878543E-01   2.1253308565962151E-01   2.1259189189618688E-01   2.1268007076357676E-01   2.1279758574758317E-01   2.1294438828013293E-01   2.1312041783930513E-01   2.1332560207345017E-01   2.1355985694881893E-01   2.1382308692000498E-01
 2.1411518512240091E-01   2.1443603358577590E-01   2.1478550346799480E-01   2.1516345530781944E-01   2.1556973929566275E-01   2.1600419556110481E-01   2.1646665447592617E-01   2.1695693697137231E-01   2.1747485486832727E-01   2.1802021121905191E-01   2.1859280065912512E-01
 2.1919240976822169E-01   2.1981881743836221E-01   2.2047179524828114E-01   2.2115110784257899E-01   2.2185651331434922E-01   2.2258776359000512E-01   2.2334460481507049E-01   2.2412677773974266E-01   2.2493401810308730E-01   2.2576605701477803E-01   2.2662262133335234E-01
 2.2750343404001622E-01   2.2840821460709335E-01   2.2933667936028029E-01   2.3028854183393496E-01   2.3126351311869325E-01   2.3226130220077559E-01   2.3328161629241173E-01   2.3432416115287816E-01   2.3750328945090426E-01   2.3752960341818449E-01   2.3758222260935266E-01
 2.3766112955214197E-01   2.3776629807439070E-01   2.3789769334737151E-01   2.3805527194330314E-01   2.3823898190682399E-01   2.3844876284015401E-01   2.3868454600162115E-01   2.3894625441718059E-01   2.3923380300450856E-01   2.3954709870921001E-01   2.3988604065263991E-01
 2.4025052029079980E-01   2.4064042158373974E-01   2.4105562117486498E-01   2.4149598857952073E-01   2.4196138638220768E-01   2.4245167044176041E-01   2.4296669010380828E-01   2.4350628841982705E-01   2.4407030237208296E-01   2.4465856310376713E-01   2.4527089615362033E-01
 2.4590712169435031E-01   2.4656705477415267E-01   2.4725050556065606E-01   2.4795727958662558E-01   2.4868717799677570E-01   2.4943999779506093E-01   2.5021553209183478E-01   2.5101357035029004E-01   2.5183389863161793E-01   2.5267629983835049E-01   2.5354055395537811E-01
 2.5442643828816219E-01   2.5533372769769375E-01   2.5626219483177776E-01   2.5721161035225454E-01   2.6250297617360457E-01   2.6252678434780707E-01   2.6257439422000006E-01   2.6264579284656359E-01   2.6274096083405041E-01   2.6285987236548680E-01   2.6300249523531138E-01
 2.6316879089284123E-01   2.6335871449412873E-01   2.6357221496204791E-01   2.6380923505442339E-01   2.6406971143999081E-01   2.6435357478195753E-01   2.6466074982890830E-01   2.6499115551278313E-01   2.6534470505363394E-01   2.6572130607085315E-01   2.6612086070054708E-01
 2.6654326571871967E-01   2.6698841266991347E-01   2.6745618800095089E-01   2.6794647319940601E-01   2.6845914493643164E-01   2.6899407521356306E-01   2.6955113151311388E-01   2.7013017695178004E-01   2.7073107043706673E-01   2.7135366682615514E-01   2.7199781708682885E-01
 2.7266336846008488E-01   2.7335016462405870E-01   2.7405804585890198E-01   2.7478684921225760E-01   2.7553640866498930E-01   2.7630655529682968E-01   2.7709711745162563E-01   2.7790792090186994E-01   2.7873878901222199E-01   2.7958954290173299E-01   2.8046000160450690E-01
 2.8750271737846239E-01   2.8752445548161637E-01   2.8756792675818355E-01   2.8763312135426966E-01   2.8772002450298800E-01   2.8782861654116326E-01   2.8795887293153516E-01   2.8811076429040278E-01   2.8828425642063776E-01   2.8847931034997992E-01   2.8869588237451538E-01
 2.8893392410722563E-01   2.8919338253148191E-01   2.8947420005934899E-01   2.8977631459455072E-01   2.9009965959993822E-01   2.9044416416929436E-01   2.9080975310329604E-01   2.9119634698944974E-01   2.9160386228580720E-01   2.9203221140826230E-01   2.9248130282122309E-01
 2.9295104113144915E-01   2.9344132718483951E-01   2.9395205816595332E-01   2.9448312770004331E-01   2.9503442595737878E-01   2.9560583975963672E-01   2.9619725268813690E-01   2.9680854519369892E-01   2.9743959470790032E-01   2.9809027575551678E-01   2.9876046006792806E-01
 2.9945001669727789E-01   3.0015881213117834E-01   3.0088671040775467E-01   3.0163357323083251E-01   3.0239926008507362E-01   3.0318362835087254E-01   3.0398653341883425E-01   3.1250249999000007E-01   3.1252249919005831E-01   3.1256249375124967E-01   3.1262247599940729E-01
 3.1270243443248086E-01   3.1280235373155363E-01   3.1292221477549337E-01   3.1306199465920481E-01   3.1322166671544294E-01   3.1340120054013831E-01   3.1360056202118008E-01   3.1381971337059117E-01   3.1405861316002781E-01   3.1431721635952425E-01   3.1459547437940044E-01
 3.1489333511524181E-01   3.1521074299585666E-01   3.1554763903410843E-01   3.1590396088051825E-01   3.1627964287952520E-01   3.1667461612829029E-01   3.1708880853792365E-01   3.1752214489701341E-01   3.1797454693732957E-01   3.1844593340157445E-01   3.1893622011305017E-01
 3.1944532004710918E-01   3.1997314340425509E-01   3.2051959768475935E-01   3.2108458776465743E-01   3.2166801597299038E-01   3.2226978217015634E-01   3.2288978382723726E-01   3.2352791610616849E-01   3.2418407194061832E-01   3.2485814211744796E-01   3.2555001535862349E-01
 3.2625957840345471E-01   3.2698671609103636E-01   3.2773131144277318E-01   3.3750231480687654E-01   3.3752083269036892E-01   3.3755786540976945E-01   3.3761340687241675E-01   3.3768744794558181E-01   3.3777997646396984E-01   3.3789097723970080E-01   3.3802043207474902E-01
 3.3816831977581818E-01   3.3833461617162380E-01   3.3851929413255016E-01   3.3872232359264426E-01   3.3894367157390626E-01   3.3918330221283005E-01   3.3944117678914565E-01   3.3971725375670869E-01   3.4001148877648241E-01   3.4032383475154954E-01   3.4065424186409304E-01
 3.4100265761427728E-01   3.4136902686096171E-01   3.4175329186417502E-01   3.4215539232927489E-01   3.4257526545271771E-01   3.4301284596936016E-01   3.4346806620121179E-01   3.4394085610755815E-01   3.4443114333637137E-01   3.4493885327692503E-01   3.4546390911352809E-01
 3.4600623188029433E-01   3.4656574051686068E-01   3.4714235192497045E-01   3.4773598102583519E-01   3.4834654081819155E-01   3.4897394243696767E-01   3.4961809521247611E-01   3.5027890673005135E-01   3.5095628289004888E-01   3.5165012796812689E-01   3.6250215516600731E-01
 3.6251939603281924E-01   3.6255387530682942E-01   3.6260558807056464E-01   3.6267452695219726E-01   3.6276068213079549E-01   3.6286404134331085E-01   3.6298458989329013E-01   3.6312231066129774E-01   3.6327718411703208E-01   3.6344918833311490E-01   3.6363829900053157E-01
 3.6384448944569714E-01   3.6406773064911979E-01   3.6430799126563229E-01   3.6456523764615850E-01   3.6483943386097950E-01   3.6513054172446330E-01   3.6543852082121836E-01   3.6576332853362986E-01   3.6610492007073608E-01   3.6646324849839995E-01   3.6683826477072978E-01
 3.6722991776270086E-01   3.6763815430392971E-01   3.6806291921354972E-01   3.6850415533613734E-01   3.6896180357863606E-01   3.6943580294822537E-01   3.6992609059108017E-01   3.7043260183196625E-01   3.7095527021461772E-01   3.7149402754283956E-01   3.7204880392228118E-01
 3.7261952780282470E-01   3.7320612602153252E-01   3.7380852384609964E-01   3.7442664501875400E-01   3.7506041180055250E-01   3.7570974501601639E-01   3.8750201612378743E-01   3.8751814473647556E-01   3.8755039994818741E-01   3.8759877773285095E-01   3.8766327205449841E-01
 3.8774387487102879E-01   3.8784057613921730E-01   3.8795336382096240E-01   3.8808222389076263E-01   3.8822714034441230E-01   3.8838809520890316E-01   3.8856506855351780E-01   3.8875803850209967E-01   3.8896698124648066E-01   3.8919187106104874E-01   3.8943268031843453E-01
 3.8968937950629345E-01   3.8996193724516248E-01   3.9025032030736378E-01   3.9055449363693157E-01   3.9087442037053288E-01   3.9121006185935459E-01   3.9156137769192717E-01   3.9192832571785369E-01   3.9231086207241322E-01   3.9270894120200522E-01   3.9312251589040281E-01
 3.9355153728577918E-01   3.9399595492847389E-01   3.9445571677946312E-01   3.9493076924949772E-01   3.9542105722887344E-01   3.9592652411779639E-01   3.9644711185730691E-01   3.9698276096072488E-01   3.9753341054557917E-01   3.9809899836598434E-01   3.9867946084542655E-01
 3.9927473310992273E-01   3.9988474902151500E-01   4.1250189393504610E-01   4.1251704510238124E-01   4.1254734576773128E-01   4.1259279259337533E-01   4.1265338057502937E-01   4.1272910304459998E-01   4.1281995167385022E-01   4.1292591647897331E-01   4.1304698582606802E-01
 4.1318314643750903E-01   4.1333438339920386E-01   4.1350068016872721E-01   4.1368201858432285E-01   4.1387837887476081E-01   4.1408973967003820E-01   4.1431607801291037E-01   4.1455736937123677E-01   4.1481358765112797E-01   4.1508470521087626E-01   4.1537069287565298E-01
 4.1567151995295520E-01   4.1598715424878213E-01   4.1631756208452225E-01   4.1666270831453112E-01   4.1702255634437813E-01   4.1739706814974159E-01   4.1778620429592939E-01   4.1818992395800264E-01   4.1860818494147967E-01   4.1904094370359568E-01   4.1948815537509521E-01
 4.1994977378253229E-01   4.2042575147105349E-01   4.2091603972763980E-01   4.2142058860478099E-01   4.2193934694455792E-01   4.2247226240310742E-01   4.2301928147544293E-01   4.2358034952060752E-01   4.2415541078713126E-01   4.3750178571064141E-01   4.3751607113339275E-01
 4.3754464057967846E-01   4.3758749125174956E-01   4.3764461895469481E-01   4.3771601809849270E-01   4.3780168170074452E-01   4.3790160139008399E-01   4.3801576741026116E-01   4.3814416862489453E-01   4.3828679252288677E-01   4.3844362522449792E-01   4.3861465148806872E-01
 4.3879985471738708E-01   4.3899921696968891E-01   4.3921271896428499E-01   4.3944034009180361E-01   4.3968205842403896E-01   4.3993785072439495E-01   4.4020769245891195E-01   4.4049155780786536E-01   4.4078941967792284E-01   4.4110124971484721E-01   4.4142701831673148E-01
 4.4176669464775181E-01   4.4212024665242372E-01   4.4248764107034677E-01   4.4286884345142186E-01   4.4326381817152638E-01   4.4367252844862959E-01   4.4409493635933295E-01   4.4453100285581881E-01   4.4498068778318906E-01   4.4544394989717845E-01   4.4592074688222344E-01
 4.4641103536987076E-01   4.4691477095750592E-01   4.4743190822738604E-01   4.4796240076595717E-01   4.4850620118343959E-01   4.6250168918610451E-01   4.6251520245284911E-01   4.6254222780195975E-01   4.6258276286519801E-01   4.6263680409150332E-01   4.6270434674854743E-01
 4.6278538492480509E-01   4.6287991153213814E-01   4.6298791830889069E-01   4.6310939582349225E-01   4.6324433347856508E-01   4.6339271951553146E-01   4.6355454101971649E-01   4.6372978392594111E-01   4.6391843302459973E-01   4.6412047196821649E-01   4.6433588327847336E-01
 4.6456464835370331E-01   4.6480674747684120E-01   4.6506215982382404E-01   4.6533086347243297E-01   4.6561283541156812E-01   4.6590805155094717E-01   4.6621648673121807E-01   4.6653811473447698E-01   4.6687290829518047E-01   4.6722083911144208E-01   4.6758187785670224E-01
 4.6795599419176159E-01   4.6834315677716487E-01   4.6874333328592527E-01   4.6915649041657737E-01   4.6958259390654589E-01   4.7002160854581998E-01   4.7047349819091833E-01   4.7093822577913552E-01   4.7141575334305497E-01   4.7190604202531677E-01   4.7240905209362788E-01
 4.7292474295600145E-01   4.8750160256146857E-01   4.8751442286357027E-01   4.8754006245640985E-01   4.8757851931765822E-01   4.8762979041481874E-01   4.8769387170642203E-01   4.8777075814361814E-01   4.8786044367216336E-01   4.8796292123480045E-01   4.8807818277403059E-01
 4.8820621923527363E-01   4.8834702057041368E-01   4.8850057574172834E-01   4.8866687272619580E-01   4.8884589852017785E-01   4.8903763914447324E-01   4.8924207964973743E-01   4.8945920412226396E-01   4.8968899569012170E-01   4.8993143652964344E-01   4.9018650787225881E-01
 4.9045419001166668E-01   4.9073446231134005E-01   4.9102730321235705E-01   4.9133269024155113E-01   4.9165060001997357E-01   4.9198100827166086E-01   4.9232388983269953E-01   4.9267921866058045E-01   4.9304696784383539E-01   4.9342710961194669E-01   4.9381961534552277E-01
 4.9422445558673039E-01   4.9464160004997559E-01   4.9507101763282413E-01   4.9551267642715258E-01   4.9596654373052224E-01   4.9643258605776480E-01   4.9691076915277260E-01   4.9740105800048318E-01   5.1250152438797691E-01   5.1251371932856604E-01   5.1253810833927282E-01
 5.1257468967946518E-01   5.1262346073897169E-01   5.1268441803901166E-01   5.1275755723343575E-01   5.1284287311027354E-01   5.1294035959358875E-01   5.1305000974563886E-01   5.1317181576933868E-01   5.1330576901102531E-01   5.1345185996352194E-01   5.1361007826949823E-01
 5.1378041272512531E-01   5.1396285128402042E-01   5.1415738106148012E-01   5.1436398833899721E-01   5.1458265856905838E-01   5.1481337638021807E-01   5.1505612558244573E-01   5.1531088917274015E-01   5.1557764934100869E-01   5.1585638747620455E-01   5.1614708417271926E-01
 5.1644971923702321E-01   5.1676427169455130E-01   5.1709071979682641E-01   5.1742904102881593E-01   5.1777921211651601E-01   5.1814120903475736E-01   5.1851500701522624E-01   5.1890058055469557E-01   5.1929790342345894E-01   5.1970694867396194E-01   5.2012768864962389E-01
 5.2056009499384426E-01   5.2100413865918582E-01   5.2145978991672992E-01   5.2192701836559496E-01   5.3750145348640688E-01   5.3751308123616859E-01   5.3753633598111294E-01   5.3757121621232662E-01   5.3761771966705107E-01   5.3767584332941720E-01   5.3774558343142154E-01
 5.3782693545414773E-01   5.3791989412922814E-01   5.3802445344054761E-01   5.3814060662618646E-01   5.3826834618060160E-01   5.3840766385704431E-01   5.3855855067021263E-01   5.3872099689913699E-01   5.3889499209029579E-01   5.3908052506095960E-01   5.3927758390276148E-01
 5.3948615598548955E-01   5.3970622796110101E-01   5.3993778576795304E-01   5.4018081463524781E-01   5.4043529908768906E-01   5.4070122295034617E-01   5.4097856935372224E-01   5.4126732073902262E-01   5.4156745886362112E-01   5.4187896480671760E-01   5.4220181897518560E-01
 5.4253600110960376E-01   5.4288149029046839E-01   5.4323826494458205E-01   5.4360630285161338E-01   5.4398558115082418E-01   5.4437607634796004E-01   5.4477776432229685E-01   5.4519062033384247E-01   5.4561461903068542E-01   5.4604973445648697E-01   5.4649594005811242E-01
 5.6250138888717416E-01   5.6251249986111418E-01   5.6253472115061487E-01   5.6256805143911259E-01   5.6261248875224945E-01   5.6266803045845781E-01   5.6273467326973903E-01   5.6281241324263631E-01   5.6290124577939959E-01   5.6300116562934399E-01   5.6311216689039845E-01
 5.6323424301084535E-01   5.6336738679124831E-01   5.6351159038656873E-01   5.6366684530846767E-01   5.6383314242779303E-01   5.6401047197724974E-01   5.6419882355425022E-01   5.6439818612394566E-01   5.6460854802243299E-01   5.6482989696013786E-01   5.6506222002537032E-01
 5.6530550368805010E-01   5.6555973380360103E-01   5.6582489561700977E-01   5.6610097376704804E-01   5.6638795229065386E-01   5.6668581462747059E-01   5.6699454362453960E-01   5.6731412154114402E-01   5.6764453005380044E-01   5.6798575026139519E-01   5.6833776269046210E-01
 5.6870054730059827E-01   5.6907408349001454E-01   5.6945835010121681E-01   5.6985332542681544E-01   5.7025898721545809E-01   5.7067531267788341E-01   5.7110227849309092E-01   5.8750132978572911E-01   5.8751196796320670E-01   5.8753324374030114E-01   5.8756515596144743E-01
 5.8760770289369080E-01   5.8766088222715662E-01   5.8772469107567704E-01   5.8779912597757411E-01   5.8788418289659750E-01   5.8797985722301749E-01   5.8808614377487256E-01   5.8820303679936914E-01   5.8833052997443547E-01   5.8846861641042514E-01   5.8861728865197294E-01
 5.8877653867999868E-01   5.8894635791385963E-01   5.8912673721364917E-01   5.8931766688264153E-01   5.8951913666987954E-01   5.8973113577290459E-01   5.8995365284062784E-01   5.9018667597633889E-01   5.9043019274085240E-01   5.9068419015578877E-01   5.9094865470698899E-01
 5.9122357234805856E-01   5.9150892850404213E-01   5.9180470807522312E-01   5.9211089544104833E-01   5.9242747446417443E-01   5.9275442849463389E-01   5.9309174037411783E-01   5.9343939244037391E-01   5.9379736653171511E-01   5.9416564399163985E-01   5.9454420567355637E-01
 5.9493303194561320E-01   5.9533210269562997E-01   5.9574139733612608E-01   6.1250127550887601E-01   6.1251147948426243E-01   6.1253188692508087E-01   6.1256249681154984E-01   6.1260330761431581E-01   6.1265431729483477E-01   6.1271552330588142E-01   6.1278692259218459E-01
 6.1286851159118960E-01   6.1296028623394527E-01   6.1306224194611769E-01   6.1317437364912775E-01   6.1329667576141322E-01   6.1342914219981437E-01   6.1357176638108124E-01   6.1372454122350373E-01   6.1388745914866194E-01   6.1406051208329626E-01   6.1424369146129620E-01
 6.1443698822580672E-01   6.1464039283145078E-01   6.1485389524666756E-01   6.1507748495616399E-01   6.1531115096347810E-01   6.1555488179365458E-01   6.1580866549602897E-01   6.1607248964711947E-01   6.1634634135362565E-01   6.1663020725553175E-01   6.1692407352931211E-01
 6.1722792589123843E-01   6.1754174960078612E-01   6.1786552946413842E-01   6.1819924983778496E-01   6.1854289463221557E-01   6.1889644731570415E-01   6.1925989091818312E-01   6.1963320803520539E-01   6.2001638083199062E-01   6.2040939104755666E-01   6.3750122548901822E-01
 6.3751102931635628E-01   6.3753063651874808E-01   6.3756004619172935E-01   6.3759925697886444E-01   6.3764826707205913E-01   6.3770707421197714E-01   6.3777567568856064E-01   6.3785406834165448E-01   6.3794224856173309E-01   6.3804021229073027E-01   6.3814795502297117E-01
 6.3826547180620707E-01   6.3839275724274946E-01   6.3852980549070693E-01   6.3867661026532052E-01   6.3883316484039876E-01   6.3899946204985181E-01   6.3917549428932274E-01   6.3936125351791540E-01   6.3955673126001888E-01   6.3976191860722698E-01   6.3997680622035058E-01
 6.4020138433152429E-01   6.4043564274640430E-01   6.4067957084645688E-01   6.4093315759133573E-01   6.4119639152134977E-01   6.4146926076001498E-01   6.4175175301669418E-01   6.4204385558932042E-01   6.4234555536720273E-01   6.4265683883391456E-01   6.4297769207026156E-01
 6.4330810075732769E-01   6.4364805017959936E-01   6.4399752522816434E-01   6.4435651040398445E-01   6.4472498982124160E-01   6.4510294721075334E-01   6.6250117924423357E-01   6.6251061312253723E-01   6.6252948047615223E-01   6.6255778049918035E-01   6.6259551198298960E-01
 6.6264267331647164E-01   6.6269926248638611E-01   6.6276527707779032E-01   6.6284071427455338E-01   6.6292557085995718E-01   6.6301984321738072E-01   6.6312352733106983E-01   6.6323661878699081E-01   6.6335911277376758E-01   6.6349100408370276E-01   6.6363228711388067E-01
 6.6378295586735281E-01   6.6394300395440575E-01   6.6411242459390873E-01   6.6429121061474250E-01   6.6447935445730755E-01   6.6467684817511141E-01   6.6488368343643400E-01   6.6509985152606976E-01   6.6532534334714777E-01   6.6556014942302555E-01   6.6580425989925907E-01
 6.6605766454564586E-01   6.6632035275834112E-01   6.6659231356204529E-01   6.6687353561226292E-01   6.6716400719763058E-01   6.6746371624231393E-01   6.6777265030847144E-01   6.6809079659878579E-01   6.6841814195905858E-01   6.6875467288087054E-01   6.6910037550430357E-01
 6.6945523562072473E-01   6.6981923867562965E-01   6.8750113636269727E-01   6.8751022719665777E-01   6.8752840850396868E-01   6.8755567956348085E-01   6.8759203929364976E-01   6.8763748625274934E-01   6.8769201863915796E-01   6.8775563429171560E-01   6.8782833069015126E-01
 6.8791010495558214E-01   6.8800095385108295E-01   6.8810087378232565E-01   6.8820986079828872E-01   6.8832791059203757E-01   6.8845501850157209E-01   6.8859117951074567E-01   6.8873638825025063E-01   6.8889063899867298E-01   6.8905392568361445E-01   6.8922624188288129E-01
 6.8940758082574050E-01   6.8959793539424119E-01   6.8979729812460122E-01   6.9000566120865992E-01   6.9022301649539330E-01   6.9044935549249375E-01   6.9068466936801198E-01   6.9092894895206114E-01   6.9118218473858251E-01   6.9144436688717048E-01   6.9171548522495863E-01
 6.9199552924856389E-01   6.9228448812608823E-01   6.9258235069917862E-01   6.9288910548514182E-01   6.9320474067911564E-01   6.9352924415629369E-01   6.9386260347420370E-01   6.9420480587503863E-01   6.9455583828803857E-01   7.1250109649038440E-01   7.1250986835271279E-01
 7.1252741175340051E-01   7.1255372604456990E-01   7.1258881025455345E-01   7.1263266308807371E-01   7.1268528292648226E-01   7.1274666782805796E-01   7.1281681552836562E-01   7.1289572344067265E-01   7.1298338865642585E-01   7.1307980794578674E-01   7.1318497775822509E-01
 7.1329889422317205E-01   7.1342155315073008E-01   7.1355295003244157E-01   7.1369308004211451E-01   7.1384193803670581E-01   7.1399951855726063E-01   7.1416581582990935E-01   7.1434082376691876E-01   7.1452453596780008E-01   7.1471694572047195E-01   7.1491804600247710E-01
 7.1512782948225417E-01   7.1534628852046200E-01   7.1557341517135753E-01   7.1580920118422620E-01   7.1605363800486344E-01   7.1630671677710800E-01   7.1656842834442547E-01   7.1683876325154183E-01   7.1711771174612615E-01   7.1740526378052183E-01   7.1770140901352564E-01
 7.1800613681221415E-01   7.1831943625381600E-01   7.1864129612763006E-01   7.1897170493698848E-01   7.1931065090126389E-01   7.3750105932127319E-01   7.3750953383668205E-01   7.3752648257537168E-01   7.3755190495313616E-01   7.3758580009379249E-01   7.3762816682933141E-01
 7.3767900370011885E-01   7.3773830895514703E-01   7.3780608055233599E-01   7.3788231615888455E-01   7.3796701315167201E-01   7.3806016861770829E-01   7.3816177935463445E-01   7.3827184187127171E-01   7.3839035238822026E-01   7.3851730683850603E-01   7.3865270086827683E-01
 7.3879652983754607E-01   7.3894878882098458E-01   7.3910947260876048E-01   7.3927857570742583E-01   7.3945609234085019E-01   7.3964201645120187E-01   7.3983634169997359E-01   7.4003906146905518E-01   7.4025016886185180E-01   7.4046965670444598E-01   7.4069751754680535E-01
 7.4093374366403375E-01   7.4117832705766573E-01   7.4143125945700461E-01   7.4169253232050281E-01   7.4196213683718393E-01   7.4224006392810682E-01   7.4252630424786981E-01   7.4282084818615590E-01   7.4312368586931743E-01   7.4343480716199994E-01   7.4375420166880402E-01
 7.4408185873598609E-01   7.6250102458947566E-01   7.6250922125571707E-01   7.6252561432387311E-01   7.6255020326533263E-01   7.6258298728728546E-01   7.6262396533285004E-01   7.6267313608124421E-01   7.6273049794799741E-01   7.6279604908520604E-01   7.6286978738183109E-01
 7.6295171046403720E-01   7.6304181569557517E-01   7.6314010017820455E-01   7.6324656075215958E-01   7.6336119399665592E-01   7.6348399623043839E-01   7.6361496351237124E-01   7.6375409164206787E-01   7.6390137616056175E-01   7.6405681235101885E-01   7.6422039523948859E-01
 7.6439211959569553E-01   7.6457197993387127E-01   7.6475997051362465E-01   7.6495608534085147E-01   7.6516031816868302E-01   7.6537266249847213E-01   7.6559311158081889E-01   7.6582165841663175E-01   7.6605829575822759E-01   7.6630301611046803E-01   7.6655581173193132E-01
 7.6681667463612191E-01   7.6708559659271414E-01   7.6736256912883116E-01   7.6764758353035945E-01   7.6794063084329645E-01   7.6824170187513263E-01   7.6855078719626602E-01   7.6886787714145022E-01   7.8750099206286728E-01   7.8750892852081378E-01   7.8752480119676238E-01
 7.8754860961086093E-01   7.8758035304342133E-01   7.8762003053502905E-01   7.8766764088668784E-01   7.8772318266000030E-01   7.8778665417738591E-01   7.8785805352233351E-01   7.8793737853969092E-01   7.8802462683598928E-01   7.8811979577980418E-01   7.8822288250215122E-01
 7.8833388389691850E-01   7.8845279662133239E-01   7.8857961709646041E-01   7.8871434150774777E-01   7.8885696580558895E-01   7.8900748570593426E-01   7.8916589669093040E-01   7.8933219400959453E-01   7.8950637267852386E-01   7.8968842748263712E-01   7.8987835297595044E-01
 7.9007614348238631E-01   7.9028179309661450E-01   7.9049529568492705E-01   7.9071664488614390E-01   7.9094583411255170E-01   7.9118285655087361E-01   7.9142770516327021E-01   7.9168037268837232E-01   7.9194085164234340E-01   7.9220913431997253E-01   7.9248521279579731E-01
 7.9276907892525683E-01   7.9306072434587260E-01   7.9336014047845904E-01   7.9366731852836181E-01   8.1250096153789264E-01   8.1250865380006876E-01   8.1252403810595042E-01   8.1254711401862723E-01   8.1257788088281113E-01   8.1261633782492948E-01   8.1266248375324923E-01
 8.1271631735803118E-01   8.1277783711171647E-01   8.1284704126914309E-01   8.1292392786779255E-01   8.1300849472806869E-01   8.1310073945360550E-01   8.1320065943160669E-01   8.1330825183321487E-01   8.1342351361391074E-01   8.1354644151394329E-01   8.1367703205878927E-01
 8.1381528155964233E-01   8.1396118611393253E-01   8.1411474160587460E-01   8.1427594370704581E-01   8.1444478787699293E-01   8.1462126936386825E-01   8.1480538320509388E-01   8.1499712422805515E-01   8.1519648705082137E-01   8.1540346608289571E-01   8.1561805552599187E-01
 8.1584024937483934E-01   8.1607004141801454E-01   8.1630742523880062E-01   8.1655239421607229E-01   8.1680494152520899E-01   8.1706506013903202E-01   8.1733274282876989E-01   8.1760798216504704E-01   8.1789077051890002E-01   8.1818110006281619E-01   8.1847896277179899E-01
 8.3750093283530147E-01   8.3750839548030798E-01   8.3752332057083634E-01   8.3754570770794357E-01   8.3757555629328151E-01   8.3761286552917746E-01   8.3765763441874030E-01   8.3770986176599360E-01   8.3776954617603527E-01   8.3783668605522399E-01   8.3791127961139178E-01
 8.3799332485408262E-01   8.3808281959481790E-01   8.3817976144738782E-01   8.3828414782816929E-01   8.3839597595646886E-01   8.3851524285489287E-01   8.3864194534974223E-01   8.3877608007143356E-01   8.3891764345494602E-01   8.3906663174029272E-01   8.3922304097301803E-01
 8.3938686700472032E-01   8.3955810549359833E-01   8.3973675190502406E-01   8.3992280151213894E-01   8.4011624939647489E-01   8.4031709044859970E-01   8.4052531936878616E-01   8.4074093066770572E-01   8.4096391866714471E-01   8.4119427750074482E-01   8.4143200111476624E-01
 8.4167708326887458E-01   8.4192951753694922E-01   8.4218929730791525E-01   8.4245641578659725E-01   8.4273086599459501E-01   8.4301264077118088E-01   8.4330173277421883E-01   8.6250090579662586E-01   8.6250815213538712E-01   8.6252264463027295E-01   8.6254438291603297E-01
 8.6257336644484917E-01   8.6260959448640495E-01   8.6265306612797710E-01   8.6270378027455064E-01   8.6276173564895664E-01   8.6282693079203321E-01   8.6289936406280898E-01   8.6297903363870909E-01   8.6306593751578453E-01   8.6316007350896395E-01   8.6326143925232757E-01
 8.6337003219940411E-01   8.6348584962348984E-01   8.6360888861799012E-01   8.6373914609678315E-01   8.6387661879460542E-01   8.6402130326746007E-01   8.6417319589304553E-01   8.6433229287120827E-01   8.6449859022441444E-01   8.6467208379824545E-01   8.6485276926191323E-01
 8.6504064210879716E-01   8.6523569765700270E-01   8.6543793104993960E-01   8.6564733725692256E-01   8.6586391107379002E-01   8.6608764712354613E-01   8.6631853985702056E-01   8.6655658355354970E-01   8.6680177232167688E-01   8.6705410009987272E-01   8.6731356065727472E-01
 8.6758014759444568E-01   8.6785385434415174E-01   8.6813467417215862E-01   8.8750088028125373E-01   8.8750792249985022E-01   8.8752200676940973E-01   8.8754313275468488E-01   8.8757129995285455E-01   8.8760650769358385E-01   8.8764875513910357E-01   8.8769804128430985E-01
 8.8775436495688387E-01   8.8781772481743126E-01   8.8788811935964107E-01   8.8796554691046437E-01   8.8805000563031367E-01   8.8814149351328031E-01   8.8824000838737283E-01   8.8834554791477405E-01   8.8845810959211813E-01   8.8857769075078641E-01   8.8870428855722317E-01
 8.8883790001327023E-01   8.8897852195652072E-01   8.8912615106069182E-01   8.8928078383601661E-01   8.8944241662965462E-01   8.8961104562612092E-01   8.8978666684773389E-01   8.8996927615508181E-01   8.9015886924750698E-01   8.9035544166360892E-01   8.9055898878176520E-01
 8.9076950582066972E-01   8.9098698783988994E-01   8.9121142974044054E-01   8.9144282626537541E-01   8.9168117200039620E-01   8.9192646137447906E-01   8.9217868866051719E-01   8.9243784797598102E-01   8.9270393328359443E-01   8.9297693839202819E-01   9.1250085616398202E-01
 9.1250770544691850E-01   9.1252140385856162E-01   9.1254195109046921E-01   9.1256934668002088E-01   9.1260359001047120E-01   9.1264468031101798E-01   9.1269261665688972E-01   9.1274739796944926E-01   9.1280902301631539E-01   9.1287749041150101E-01   9.1295279861556933E-01
 9.1303494593580603E-01   9.1312393052641005E-01   9.1321975038870040E-01   9.1332240337133974E-01   9.1343188717057622E-01   9.1354819933050069E-01   9.1367133724332195E-01   9.1380129814965805E-01   9.1393807913884417E-01   9.1408167714925792E-01   9.1423208896866015E-01
 9.1438931123455303E-01   9.1455334043455339E-01   9.1472417290678409E-01   9.1490180484027916E-01   9.1508623227540709E-01   9.1527745110430869E-01   9.1547545707135169E-01   9.1568024577359985E-01   9.1589181266129915E-01   9.1611015303837795E-01   9.1633526206296367E-01
 9.1656713474791374E-01   9.1680576596136232E-01   9.1705115042728136E-01   9.1730328272605688E-01   9.1756215729507951E-01   9.1782776842934977E-01   9.3750083333296297E-01   9.3750749997000027E-01   9.3752083310185697E-01   9.3754083244411279E-01   9.3756749757017499E-01
 9.3760082791132382E-01   9.3764082275677396E-01   9.3768748125374912E-01   9.3774080240757363E-01   9.3780078508177844E-01   9.3786742799822198E-01   9.3794072973722598E-01   9.3802068873772715E-01   9.3810730329744263E-01   9.3820057157305126E-01   9.3830049158038920E-01
 9.3840706119466089E-01   9.3852027815066419E-01   9.3864014004303054E-01   9.3876664432648005E-01   9.3889978831609078E-01   9.3903956918758225E-01   9.3918598397761455E-01   9.3933902958410065E-01   9.3949870276653391E-01   9.3966500014632881E-01   9.3983791820717688E-01
 9.4001745329541619E-01   9.4020360162041494E-01   9.4039635925496867E-01   9.4059572213571119E-01   9.4080168606354020E-01   9.4101424670405498E-01   9.4123339958800867E-01   9.4145914011177356E-01   9.4169146353781930E-01   9.4193036499520488E-01   9.4217583948008343E-01
 9.4242788185621928E-01   9.4268648685551870E-01   9.6250081168796953E-01   9.6250730516708294E-01   9.6252029199388833E-01   9.6253977190555617E-01   9.6256574450787524E-01   9.6259820927529260E-01   9.6263716555096712E-01   9.6268261254683529E-01   9.6273454934369118E-01
 9.6279297489127957E-01   9.6285788800840189E-01   9.6292928738303529E-01   9.6300717157246551E-01   9.6309153900343247E-01   9.6318238797228850E-01   9.6327971664517054E-01   9.6338352305818475E-01   9.6349380511760430E-01   9.6361056060007977E-01   9.6373378715286306E-01
 9.6386348229404362E-01   9.6399964341279720E-01   9.6414226776964829E-01   9.6429135249674414E-01   9.6444689459814226E-01   9.6460889095010949E-01   9.6477733830143431E-01   9.6495223327375124E-01   9.6513357236187780E-01   9.6532135193416302E-01   9.6551556823284845E-01
 9.6571621737444180E-01   9.6592329535010180E-01   9.6613679802603525E-01   9.6635672114390558E-01   9.6658306032125352E-01   9.6681581105192937E-01   9.6705496870653640E-01   9.6730052853288573E-01   9.6755248565646301E-01   9.8750079113892364E-01   9.8750712022749487E-01
 9.8751977828294657E-01   9.8753876506190885E-01   9.8756408019935604E-01   9.8759572320864164E-01   9.8763369348154584E-01   9.8767799028833281E-01   9.8772861277782176E-01   9.8778555997746798E-01   9.8784883079345698E-01   9.8791842401080876E-01   9.8799433829349448E-01
 9.8807657218456502E-01   9.8816512410629032E-01   9.8825999236031004E-01   9.8836117512779709E-01   9.8846867046963105E-01   9.8858247632658347E-01   9.8870259051951515E-01   9.8882901074958363E-01   9.8896173459846259E-01   9.8910075952857301E-01   9.8924608288332383E-01
 9.8939770188736542E-01   9.8955561364685318E-01   9.8971981514972207E-01   9.8989030326597305E-01   9.9006707474796884E-01   9.9025012623074182E-01   9.9043945423231206E-01   9.9063505515401584E-01   9.9083692528084566E-01   9.9104506078179921E-01   9.9125945771024049E-01
 9.9148011200427011E-01   9.9170701948710638E-01   9.9194017586747640E-01   9.9217957674001744E-01   9.9242521758568791E-01
 1.2562344526401113E-02   1.3050383136138188E-02   1.3975424859373687E-02   1.5258194519667130E-02   1.6817030058842140E-02   1.8582585934148133E-02   2.0501524333570907E-02   2.2534695471649935E-02   2.4653853654145026E-02   2.6838638191979861E-02   2.9074258374032515E-02
 3.1349840509961133E-02   3.3657280044590655E-02   3.5990450122219922E-02   3.8344654125444917E-02   4.0716243687255828E-02   4.3102349123916667E-02   4.5500686808003246E-02   4.7909419741841999E-02   5.0327055347993491E-02   5.2752369615022984E-02   5.5184350136610286E-02
 5.7622152858080547E-02   6.0065068883669824E-02   6.2512498750249931E-02   6.4963932300931421E-02   6.7418932800809003E-02   6.9877124296868431E-02   7.2338181481151440E-02   7.4801821501885898E-02   7.7267797302627950E-02   7.9735892169085318E-02   8.2205915237286917E-02
 8.4677697772199745E-02   8.7151090067766807E-02   8.9625958851216755E-02   9.2102185098943218E-02   9.4579662190134722E-02   9.7058294339020815E-02   9.9537995258092288E-02   1.2562344526401113E-02   1.3050383136138188E-02   1.3975424859373687E-02   1.5258194519667130E-02
 1.6817030058842140E-02   1.8582585934148133E-02   2.0501524333570907E-02   2.2534695471649935E-02   2.4653853654145026E-02   2.6838638191979861E-02   2.9074258374032515E-02   3.1349840509961133E-02   3.3657280044590655E-02   3.5990450122219922E-02   3.8344654125444917E-02
 4.0716243687255828E-02   4.3102349123916667E-02   4.5500686808003246E-02   4.7909419741841999E-02   5.0327055347993491E-02   5.2752369615022984E-02   5.5184350136610286E-02   5.7622152858080547E-02   6.0065068883669824E-02   6.2512498750249931E-02   6.4963932300931421E-02
 6.7418932800809003E-02   6.9877124296868431E-02   7.2338181481151440E-02   7.4801821501885898E-02   7.7267797302627950E-02   7.9735892169085318E-02   8.2205915237286917E-02   8.4677697772199745E-02   8.7151090067766807E-02   8.9625958851216755E-02   9.2102185098943218E-02
 9.4579662190134722E-02   9.7058294339020815E-02   9.9537995258092288E-02   1.2562344526401113E-02   1.3050383136138188E-02   1.3975424859373687E-02   1.5258194519667130E-02   1.6817030058842140E-02   1.8582585934148133E-02   2.0501524333570907E-02   2.2534695471649935E-02
 2.4653853654145026E-02   2.6838638191979861E-02   2.9074258374032515E-02   3.1349840509961133E-02   3.3657280044590655E-02   3.5990450122219922E-02   3.8344654125444917E-02   4.0716243687255828E-02   4.3102349123916667E-02   4.5500686808003246E-02   4.7909419741841999E-02
 5.0327055347993491E-02   5.2752369615022984E-02   5.5184350136610286E-02   5.7622152858080547E-02   6.0065068883669824E-02   6.2512498750249931E-02   6.4963932300931421E-02   6.7418932800809003E-02   6.9877124296868431E-02   7.2338181481151440E-02   7.4801821501885898E-02
 7.7267797302627950E-02   7.9735892169085318E-02   8.2205915237286917E-02   8.4677697772199745E-02   8.7151090067766807E-02   8.9625958851216755E-02   9.2102185098943218E-02   9.4579662190134722E-02   9.7058294339020815E-02   9.9537995258092288E-02   1.2562344526401113E-02
 1.3050383136138188E-02   1.3975424859373687E-02   1.5258194519667130E-02   1.6817030058842140E-02   1.8582585934148133E-02   2.0501524333570907E-02   2.2534695471649935E-02   2.4653853654145026E-02   2.6838638191979861E-02   2.9074258374032515E-02   3.1349840509961133E-02
 3.3657280044590655E-02   3.5990450122219922E-02   3.8344654125444917E-02   4.0716243687255828E-02   4.3102349123916667E-02   4.5500686808003246E-02   4.7909419741841999E-02   5.0327055347993491E-02   5.2752369615022984E-02   5.5184350136610286E-02   5.7622152858080547E-02
 6.0065068883669824E-02   6.2512498750249931E-02   6.4963932300931421E-02   6.7418932800809003E-02   6.9877124296868431E-02   7.2338181481151440E-02   7.4801821501885898E-02   7.7267797302627950E-02   7.9735892169085318E-02   8.2205915237286917E-02   8.4677697772199745E-02
 8.7151090067766807E-02   8.9625958851216755E-02   9.2102185098943218E-02   9.4579662190134722E-02   9.7058294339020815E-02   9.9537995258092288E-02   1.2562344526401113E-02   1.3050383136138188E-02   1.3975424859373687E-02   1.5258194519667130E-02   1.6817030058842140E-02
 1.8582585934148133E-02   2.0501524333570907E-02   2.2534695471649935E-02   2.4653853654145026E-02   2.6838638191979861E-02   2.9074258374032515E-02   3.1349840509961133E-02   3.3657280044590655E-02   3.5990450122219922E-02   3.8344654125444917E-02   4.0716243687255828E-02
 4.3102349123916667E-02   4.5500686808003246E-02   4.7909419741841999E-02   5.0327055347993491E-02   5.2752369615022984E-02   5.5184350136610286E-02   5.7622152858080547E-02   6.0065068883669824E-02   6.2512498750249931E-02   6.4963932300931421E-02   6.7418932800809003E-02
 6.9877124296868431E-02   7.2338181481151440E-02   7.4801821501885898E-02   7.7267797302627950E-02   7.9735892169085318E-02   8.2205915237286917E-02   8.4677697772199745E-02   8.7151090067766807E-02   8.9625958851216755E-02   9.2102185098943218E-02   9.4579662190134722E-02
 9.7058294339020815E-02   9.9537995258092288E-02   1.2562344526401113E-02   1.3050383136138188E-02   1.3975424859373687E-02   1.5258194519667130E-02   1.6817030058842140E-02   1.8582585934148133E-02   2.0501524333570907E-02   2.2534695471649935E-02   2.4653853654145026E-02
 2.6838638191979861E-02   2.9074258374032515E-02   3.1349840509961133E-02   3.3657280044590655E-02   3.5990450122219922E-02   3.8344654125444917E-02   4.0716243687255828E-02   4.3102349123916667E-02   4.5500686808003246E-02   4.7909419741841999E-02   5.0327055347993491E-02
 5.2752369615022984E-02   5.5184350136610286E-02   5.7622152858080547E-02   6.0065068883669824E-02   6.2512498750249931E-02   6.4963932300931421E-02   6.7418932800809003E-02   6.9877124296868431E-02   7.2338181481151440E-02   7.4801821501885898E-02   7.7267797302627950E-02
 7.9735892169085318E-02   8.2205915237286917E-02   8.4677697772199745E-02   8.7151090067766807E-02   8.9625958851216755E-02   9.2102185098943218E-02   9.4579662190134722E-02   9.7058294339020815E-02   9.9537995258092288E-02   1.2562344526401113E-02   1.3050383136138188E-02
 1.3975424859373687E-02   1.5258194519667130E-02   1.6817030058842140E-02   1.8582585934148133E-02   2.0501524333570907E-02   2.2534695471649935E-02   2.4653853654145026E-02   2.6838638191979861E-02   2.9074258374032515E-02   3.1349840509961133E-02   3.3657280044590655E-02
 3.5990450122219922E-02   3.8344654125444917E-02   4.0716243687255828E-02   4.3102349123916667E-02   4.5500686808003246E-02   4.7909419741841999E-02   5.0327055347993491E-02   5.2752369615022984E-02   5.5184350136610286E-02   5.7622152858080547E-02   6.0065068883669824E-02
 6.2512498750249931E-02   6.4963932300931421E-02   6.7418932800809003E-02   6.9877124296868431E-02   7.2338181481151440E-02   7.4801821501885898E-02   7.7267797302627950E-02   7.9735892169085318E-02   8.2205915237286917E-02   8.4677697772199745E-02   8.7151090067766807E-02
 8.9625958851216755E-02   9.2102185098943218E-02   9.4579662190134722E-02   9.7058294339020815E-02   9.9537995258092288E-02   1.2562344526401113E-02   1.3050383136138188E-02   1.3975424859373687E-02   1.5258194519667130E-02   1.6817030058842140E-02   1.8582585934148133E-02
 2.0501524333570907E-02   2.2534695471649935E-02   2.4653853654145026E-02   2.6838638191979861E-02   2.9074258374032515E-02   3.1349840509961133E-02   3.3657280044590655E-02   3.5990450122219922E-02   3.8344654125444917E-02   4.0716243687255828E-02   4.3102349123916667E-02
 4.5500686808003246E-02   4.7909419741841999E-02   5.0327055347993491E-02   5.2752369615022984E-02   5.5184350136610286E-02   5.7622152858080547E-02   6.0065068883669824E-02   6.2512498750249931E-02   6.4963932300931421E-02   6.7418932800809003E-02   6.9877124296868431E-02
 7.2338181481151440E-02   7.4801821501885898E-02   7.7267797302627950E-02   7.9735892169085318E-02   8.2205915237286917E-02   8.4677697772199745E-02   8.7151090067766807E-02   8.9625958851216755E-02   9.2102185098943218E-02   9.4579662190134722E-02   9.7058294339020815E-02
 9.9537995258092288E-02   1.2562344526401113E-02   1.3050383136138188E-02   1.3975424859373687E-02   1.5258194519667130E-02   1.6817030058842140E-02   1.8582585934148133E-02   2.0501524333570907E-02   2.2534695471649935E-02   2.4653853654145026E-02   2.6838638191979861E-02
 2.9074258374032515E-02   3.1349840509961133E-02   3.3657280044590655E-02   3.5990450122219922E-02   3.8344654125444917E-02   4.0716243687255828E-02   4.3102349123916667E-02   4.5500686808003246E-02   4.7909419741841999E-02   5.0327055347993491E-02   5.2752369615022984E-02
 5.5184350136610286E-02   5.7622152858080547E-02   6.0065068883669824E-02   6.2512498750249931E-02   6.4963932300931421E-02   6.7418932800809003E-02   6.9877124296868431E-02   7.2338181481151440E-02   7.4801821501885898E-02   7.7267797302627950E-02   7.9735892169085318E-02
 8.2205915237286917E-02   8.4677697772199745E-02   8.7151090067766807E-02   8.9625958851216755E-02   9.2102185098943218E-02   9.4579662190134722E-02   9.7058294339020815E-02   9.9537995258092288E-02   1.2562344526401113E-02   1.3050383136138188E-02   1.3975424859373687E-02
 1.5258194519667130E-02   1.6817030058842140E-02   1.8582585934148133E-02   2.0501524333570907E-02   2.2534695471649935E-02   2.4653853654145026E-02   2.6838638191979861E-02   2.9074258374032515E-02   3.1349840509961133E-02   3.3657280044590655E-02   3.5990450122219922E-02
 3.8344654125444917E-02   4.0716243687255828E-02   4.3102349123916667E-02   4.5500686808003246E-02   4.7909419741841999E-02   5.0327055347993491E-02   5.2752369615022984E-02   5.5184350136610286E-02   5.7622152858080547E-02   6.0065068883669824E-02   6.2512498750249931E-02
 6.4963932300931421E-02   6.7418932800809003E-02   6.9877124296868431E-02   7.2338181481151440E-02   7.4801821501885898E-02   7.7267797302627950E-02   7.9735892169085318E-02   8.2205915237286917E-02   8.4677697772199745E-02   8.7151090067766807E-02   8.9625958851216755E-02
 9.2102185098943218E-02   9.4579662190134722E-02   9.7058294339020815E-02   9.9537995258092288E-02   1.2562344526401113E-02   1.3050383136138188E-02   1.3975424859373687E-02   1.5258194519667130E-02   1.6817030058842140E-02   1.8582585934148133E-02   2.0501524333570907E-02
 2.2534695471649935E-02   2.4653853654145026E-02   2.6838638191979861E-02   2.9074258374032515E-02   3.1349840509961133E-02   3.3657280044590655E-02   3.5990450122219922E-02   3.8344654125444917E-02   4.0716243687255828E-02   4.3102349123916667E-02   4.5500686808003246E-02
 4.7909419741841999E-02   5.0327055347993491E-02   5.2752369615022984E-02   5.5184350136610286E-02   5.7622152858080547E-02   6.0065068883669824E-02   6.2512498750249931E-02   6.4963932300931421E-02   6.7418932800809003E-02   6.9877124296868431E-02   7.2338181481151440E-02
 7.4801821501885898E-02   7.7267797302627950E-02   7.9735892169085318E-02   8.2205915237286917E-02   8.4677697772199745E-02   8.7151090067766807E-02   8.9625958851216755E-02   9.2102185098943218E-02   9.4579662190134722E-02   9.7058294339020815E-02   9.9537995258092288E-02
 1.2562344526401113E-02   1.3050383136138188E-02   1.3975424859373687E-02   1.5258194519667130E-02   1.6817030058842140E-02   1.8582585934148133E-02   2.0501524333570907E-02   2.2534695471649935E-02   2.4653853654145026E-02   2.6838638191979861E-02   2.9074258374032515E-02
 3.1349840509961133E-02   3.3657280044590655E-02   3.5990450122219922E-02   3.8344654125444917E-02   4.0716243687255828E-02   4.3102349123916667E-02   4.5500686808003246E-02   4.7909419741841999E-02   5.0327055347993491E-02   5.2752369615022984E-02   5.5184350136610286E-02
 5.7622152858080547E-02   6.0065068883669824E-02   6.2512498750249931E-02   6.4963932300931421E-02   6.7418932800809003E-02   6.9877124296868431E-02   7.2338181481151440E-02   7.4801821501885898E-02   7.7267797302627950E-02   7.9735892169085318E-02   8.2205915237286917E-02
 8.4677697772199745E-02   8.7151090067766807E-02   8.9625958851216755E-02   9.2102185098943218E-02   9.4579662190134722E-02   9.7058294339020815E-02   9.9537995258092288E-02   1.2562344526401113E-02   1.3050383136138188E-02   1.3975424859373687E-02   1.5258194519667130E-02
 1.6817030058842140E-02   1.8582585934148133E-02   2.0501524333570907E-02   2.2534695471649935E-02   2.4653853654145026E-02   2.6838638191979861E-02   2.9074258374032515E-02   3.1349840509961133E-02   3.3657280044590655E-02   3.5990450122219922E-02   3.8344654125444917E-02
 4.0716243687255828E-02   4.3102349123916667E-02   4.5500686808003246E-02   4.7909419741841999E-02   5.0327055347993491E-02   5.2752369615022984E-02   5.5184350136610286E-02   5.7622152858080547E-02   6.0065068883669824E-02   6.2512498750249931E-02   6.4963932300931421E-02
 6.7418932800809003E-02   6.9877124296868431E-02   7.2338181481151440E-02   7.4801821501885898E-02   7.7267797302627950E-02   7.9735892169085318E-02   8.2205915237286917E-02   8.4677697772199745E-02   8.7151090067766807E-02   8.9625958851216755E-02   9.2102185098943218E-02
 9.4579662190134722E-02   9.7058294339020815E-02   9.9537995258092288E-02   1.2562344526401113E-02   1.3050383136138188E-02   1.3975424859373687E-02   1.5258194519667130E-02   1.6817030058842140E-02   1.8582585934148133E-02   2.0501524333570907E-02   2.2534695471649935E-02
 2.4653853654145026E-02   2.6838638191979861E-02   2.9074258374032515E-02   3.1349840509961133E-02   3.3657280044590655E-02   3.5990450122219922E-02   3.8344654125444917E-02   4.0716243687255828E-02   4.3102349123916667E-02   4.5500686808003246E-02   4.7909419741841999E-02
 5.0327055347993491E-02   5.2752369615022984E-02   5.5184350136610286E-02   5.7622152858080547E-02   6.0065068883669824E-02   6.2512498750249931E-02   6.4963932300931421E-02   6.7418932800809003E-02   6.9877124296868431E-02   7.2338181481151440E-02   7.4801821501885898E-02
 7.7267797302627950E-02   7.9735892169085318E-02   8.2205915237286917E-02   8.4677697772199745E-02   8.7151090067766807E-02   8.9625958851216755E-02   9.2102185098943218E-02   9.4579662190134722E-02   9.7058294339020815E-02   9.9537995258092288E-02   1.2562344526401113E-02
 1.3050383136138188E-02   1.3975424859373687E-02   1.5258194519667130E-02   1.6817030058842140E-02   1.8582585934148133E-02   2.0501524333570907E-02   2.2534695471649935E-02   2.4653853654145026E-02   2.6838638191979861E-02   2.9074258374032515E-02   3.1349840509961133E-02
 3.3657280044590655E-02   3.5990450122219922E-02   3.8344654125444917E-02   4.0716243687255828E-02   4.3102349123916667E-02   4.5500686808003246E-02   4.7909419741841999E-02   5.0327055347993491E-02   5.2752369615022984E-02   5.5184350136610286E-02   5.7622152858080547E-02
 6.0065068883669824E-02   6.2512498750249931E-02   6.4963932300931421E-02   6.7418932800809003E-02   6.9877124296868431E-02   7.2338181481151440E-02   7.4801821501885898E-02   7.7267797302627950E-02   7.9735892169085318E-02   8.2205915237286917E-02   8.4677697772199745E-02
 8.7151090067766807E-02   8.9625958851216755E-02   9.2102185098943218E-02   9.4579662190134722E-02   9.7058294339020815E-02   9.9537995258092288E-02   1.2562344526401113E-02   1.3050383136138188E-02   1.3975424859373687E-02   1.5258194519667130E-02   1.6817030058842140E-02
 1.8582585934148133E-02   2.0501524333570907E-02   2.2534695471649935E-02   2.4653853654145026E-02   2.6838638191979861E-02   2.9074258374032515E-02   3.1349840509961133E-02   3.3657280044590655E-02   3.5990450122219922E-02   3.8344654125444917E-02   4.0716243687255828E-02
 4.3102349123916667E-02   4.5500686808003246E-02   4.7909419741841999E-02   5.0327055347993491E-02   5.2752369615022984E-02   5.5184350136610286E-02   5.7622152858080547E-02   6.0065068883669824E-02   6.2512498750249931E-02   6.4963932300931421E-02   6.7418932800809003E-02
 6.9877124296868431E-02   7.2338181481151440E-02   7.4801821501885898E-02   7.7267797302627950E-02   7.9735892169085318E-02   8.2205915237286917E-02   8.4677697772199745E-02   8.7151090067766807E-02   8.9625958851216755E-02   9.2102185098943218E-02   9.4579662190134722E-02
 9.7058294339020815E-02   9.9537995258092288E-02   1.2562344526401113E-02   1.3050383136138188E-02   1.3975424859373687E-02   1.5258194519667130E-02   1.6817030058842140E-02   1.8582585934148133E-02   2.0501524333570907E-02   2.2534695471649935E-02   2.4653853654145026E-02
 2.6838638191979861E-02   2.9074258374032515E-02   3.1349840509961133E-02   3.3657280044590655E-02   3.5990450122219922E-02   3.8344654125444917E-02   4.0716243687255828E-02   4.3102349123916667E-02   4.5500686808003246E-02   4.7909419741841999E-02   5.0327055347993491E-02
 5.2752369615022984E-02   5.5184350136610286E-02   5.7622152858080547E-02   6.0065068883669824E-02   6.2512498750249931E-02   6.4963932300931421E-02   6.7418932800809003E-02   6.9877124296868431E-02   7.2338181481151440E-02   7.4801821501885898E-02   7.7267797302627950E-02
 7.9735892169085318E-02   8.2205915237286917E-02   8.4677697772199745E-02   8.7151090067766807E-02   8.9625958851216755E-02   9.2102185098943218E-02   9.4579662190134722E-02   9.7058294339020815E-02   9.9537995258092288E-02   1.2562344526401113E-02   1.3050383136138188E-02
 1.3975424859373687E-02   1.5258194519667130E-02   1.6817030058842140E-02   1.8582585934148133E-02   2.0501524333570907E-02   2.2534695471649935E-02   2.4653853654145026E-02   2.6838638191979861E-02   2.9074258374032515E-02   3.1349840509961133E-02   3.3657280044590655E-02
 3.5990450122219922E-02   3.8344654125444917E-02   4.0716243687255828E-02   4.3102349123916667E-02   4.5500686808003246E-02   4.7909419741841999E-02   5.0327055347993491E-02   5.2752369615022984E-02   5.5184350136610286E-02   5.7622152858080547E-02   6.0065068883669824E-02
 6.2512498750249931E-02   6.4963932300931421E-02   6.7418932800809003E-02   6.9877124296868431E-02   7.2338181481151440E-02   7.4801821501885898E-02   7.7267797302627950E-02   7.9735892169085318E-02   8.2205915237286917E-02   8.4677697772199745E-02   8.7151090067766807E-02
 8.9625958851216755E-02   9.2102185098943218E-02   9.4579662190134722E-02   9.7058294339020815E-02   9.9537995258092288E-02   1.2562344526401113E-02   1.3050383136138188E-02   1.3975424859373687E-02   1.5258194519667130E-02   1.6817030058842140E-02   1.8582585934148133E-02
 2.0501524333570907E-02   2.2534695471649935E-02   2.4653853654145026E-02   2.6838638191979861E-02   2.9074258374032515E-02   3.1349840509961133E-02   3.3657280044590655E-02   3.5990450122219922E-02   3.8344654125444917E-02   4.0716243687255828E-02   4.3102349123916667E-02
 4.5500686808003246E-02   4.7909419741841999E-02   5.0327055347993491E-02   5.2752369615022984E-02   5.5184350136610286E-02   5.7622152858080547E-02   6.0065068883669824E-02   6.2512498750249931E-02   6.4963932300931421E-02   6.7418932800809003E-02   6.9877124296868431E-02
 7.2338181481151440E-02   7.4801821501885898E-02   7.7267797302627950E-02   7.9735892169085318E-02   8.2205915237286917E-02   8.4677697772199745E-02   8.7151090067766807E-02   8.9625958851216755E-02   9.2102185098943218E-02   9.4579662190134722E-02   9.7058294339020815E-02
 9.9537995258092288E-02   1.2562344526401113E-02   1.3050383136138188E-02   1.3975424859373687E-02   1.5258194519667130E-02   1.6817030058842140E-02   1.8582585934148133E-02   2.0501524333570907E-02   2.2534695471649935E-02   2.4653853654145026E-02   2.6838638191979861E-02
 2.9074258374032515E-02   3.1349840509961133E-02   3.3657280044590655E-02   3.5990450122219922E-02   3.8344654125444917E-02   4.0716243687255828E-02   4.3102349123916667E-02   4.5500686808003246E-02   4.7909419741841999E-02   5.0327055347993491E-02   5.2752369615022984E-02
 5.5184350136610286E-02   5.7622152858080547E-02   6.0065068883669824E-02   6.2512498750249931E-02   6.4963932300931421E-02   6.7418932800809003E-02   6.9877124296868431E-02   7.2338181481151440E-02   7.4801821501885898E-02   7.7267797302627950E-02   7.9735892169085318E-02
 8.2205915237286917E-02   8.4677697772199745E-02   8.7151090067766807E-02   8.9625958851216755E-02   9.2102185098943218E-02   9.4579662190134722E-02   9.7058294339020815E-02   9.9537995258092288E-02   1.2562344526401113E-02   1.3050383136138188E-02   1.3975424859373687E-02
 1.5258194519667130E-02   1.6817030058842140E-02   1.8582585934148133E-02   2.0501524333570907E-02   2.2534695471649935E-02   2.4653853654145026E-02   2.6838638191979861E-02   2.9074258374032515E-02   3.1349840509961133E-02   3.3657280044590655E-02   3.5990450122219922E-02
 3.8344654125444917E-02   4.0716243687255828E-02   4.3102349123916667E-02   4.5500686808003246E-02   4.7909419741841999E-02   5.0327055347993491E-02   5.2752369615022984E-02   5.5184350136610286E-02   5.7622152858080547E-02   6.0065068883669824E-02   6.2512498750249931E-02
 6.4963932300931421E-02   6.7418932800809003E-02   6.9877124296868431E-02   7.2338181481151440E-02   7.4801821501885898E-02   7.7267797302627950E-02   7.9735892169085318E-02   8.2205915237286917E-02   8.4677697772199745E-02   8.7151090067766807E-02   8.9625958851216755E-02
 9.2102185098943218E-02   9.4579662190134722E-02   9.7058294339020815E-02   9.9537995258092288E-02   1.2562344526401113E-02   1.3050383136138188E-02   1.3975424859373687E-02   1.5258194519667130E-02   1.6817030058842140E-02   1.8582585934148133E-02   2.0501524333570907E-02
 2.2534695471649935E-02   2.4653853654145026E-02   2.6838638191979861E-02   2.9074258374032515E-02   3.1349840509961133E-02   3.3657280044590655E-02   3.5990450122219922E-02   3.8344654125444917E-02   4.0716243687255828E-02   4.3102349123916667E-02   4.5500686808003246E-02
 4.7909419741841999E-02   5.0327055347993491E-02   5.2752369615022984E-02   5.5184350136610286E-02   5.7622152858080547E-02   6.0065068883669824E-02   6.2512498750249931E-02   6.4963932300931421E-02   6.7418932800809003E-02   6.9877124296868431E-02   7.2338181481151440E-02
 7.4801821501885898E-02   7.7267797302627950E-02   7.9735892169085318E-02   8.2205915237286917E-02   8.4677697772199745E-02   8.7151090067766807E-02   8.9625958851216755E-02   9.2102185098943218E-02   9.4579662190134722E-02   9.7058294339020815E-02   9.9537995258092288E-02
 1.2562344526401113E-02   1.3050383136138188E-02   1.3975424859373687E-02   1.5258194519667130E-02   1.6817030058842140E-02   1.8582585934148133E-02   2.0501524333570907E-02   2.2534695471649935E-02   2.4653853654145026E-02   2.6838638191979861E-02   2.9074258374032515E-02
 3.1349840509961133E-02   3.3657280044590655E-02   3.5990450122219922E-02   3.8344654125444917E-02   4.0716243687255828E-02   4.3102349123916667E-02   4.5500686808003246E-02   4.7909419741841999E-02   5.0327055347993491E-02   5.2752369615022984E-02   5.5184350136610286E-02
 5.7622152858080547E-02   6.0065068883669824E-02   6.2512498750249931E-02   6.4963932300931421E-02   6.7418932800809003E-02   6.9877124296868431E-02   7.2338181481151440E-02   7.4801821501885898E-02   7.7267797302627950E-02   7.9735892169085318E-02   8.2205915237286917E-02
 8.4677697772199745E-02   8.7151090067766807E-02   8.9625958851216755E-02   9.2102185098943218E-02   9.4579662190134722E-02   9.7058294339020815E-02   9.9537995258092288E-02   1.2562344526401113E-02   1.3050383136138188E-02   1.3975424859373687E-02   1.5258194519667130E-02
 1.6817030058842140E-02   1.8582585934148133E-02   2.0501524333570907E-02   2.2534695471649935E-02   2.4653853654145026E-02   2.6838638191979861E-02   2.9074258374032515E-02   3.1349840509961133E-02   3.3657280044590655E-02   3.5990450122219922E-02   3.8344654125444917E-02
 4.0716243687255828E-02   4.3102349123916667E-02   4.5500686808003246E-02   4.7909419741841999E-02   5.0327055347993491E-02   5.2752369615022984E-02   5.5184350136610286E-02   5.7622152858080547E-02   6.0065068883669824E-02   6.2512498750249931E-02   6.4963932300931421E-02
 6.7418932800809003E-02   6.9877124296868431E-02   7.2338181481151440E-02   7.4801821501885898E-02   7.7267797302627950E-02   7.9735892169085318E-02   8.2205915237286917E-02   8.4677697772199745E-02   8.7151090067766807E-02   8.9625958851216755E-02   9.2102185098943218E-02
 9.4579662190134722E-02   9.7058294339020815E-02   9.9537995258092288E-02   1.2562344526401113E-02   1.3050383136138188E-02   1.3975424859373687E-02   1.5258194519667130E-02   1.6817030058842140E-02   1.8582585934148133E-02   2.0501524333570907E-02   2.2534695471649935E-02
 2.4653853654145026E-02   2.6838638191979861E-02   2.9074258374032515E-02   3.1349840509961133E-02   3.3657280044590655E-02   3.5990450122219922E-02   3.8344654125444917E-02   4.0716243687255828E-02   4.3102349123916667E-02   4.5500686808003246E-02   4.7909419741841999E-02
 5.0327055347993491E-02   5.2752369615022984E-02   5.5184350136610286E-02   5.7622152858080547E-02   6.0065068883669824E-02   6.2512498750249931E-02   6.4963932300931421E-02   6.7418932800809003E-02   6.9877124296868431E-02   7.2338181481151440E-02   7.4801821501885898E-02
 7.7267797302627950E-02   7.9735892169085318E-02   8.2205915237286917E-02   8.4677697772199745E-02   8.7151090067766807E-02   8.9625958851216755E-02   9.2102185098943218E-02   9.4579662190134722E-02   9.7058294339020815E-02   9.9537995258092288E-02   1.2562344526401113E-02
 1.3050383136138188E-02   1.3975424859373687E-02   1.5258194519667130E-02   1.6817030058842140E-02   1.8582585934148133E-02   2.0501524333570907E-02   2.2534695471649935E-02   2.4653853654145026E-02   2.6838638191979861E-02   2.9074258374032515E-02   3.1349840509961133E-02
 3.3657280044590655E-02   3.5990450122219922E-02   3.8344654125444917E-02   4.0716243687255828E-02   4.3102349123916667E-02   4.5500686808003246E-02   4.7909419741841999E-02   5.0327055347993491E-02   5.2752369615022984E-02   5.5184350136610286E-02   5.7622152858080547E-02
 6.0065068883669824E-02   6.2512498750249931E-02   6.4963932300931421E-02   6.7418932800809003E-02   6.9877124296868431E-02   7.2338181481151440E-02   7.4801821501885898E-02   7.7267797302627950E-02   7.9735892169085318E-02   8.2205915237286917E-02   8.4677697772199745E-02
 8.7151090067766807E-02   8.9625958851216755E-02   9.2102185098943218E-02   9.4579662190134722E-02   9.7058294339020815E-02   9.9537995258092288E-02   1.2562344526401113E-02   1.3050383136138188E-02   1.3975424859373687E-02   1.5258194519667130E-02   1.6817030058842140E-02
 1.8582585934148133E-02   2.0501524333570907E-02   2.2534695471649935E-02   2.4653853654145026E-02   2.6838638191979861E-02   2.9074258374032515E-02   3.1349840509961133E-02   3.3657280044590655E-02   3.5990450122219922E-02   3.8344654125444917E-02   4.0716243687255828E-02
 4.3102349123916667E-02   4.5500686808003246E-02   4.7909419741841999E-02   5.0327055347993491E-02   5.2752369615022984E-02   5.5184350136610286E-02   5.7622152858080547E-02   6.0065068883669824E-02   6.2512498750249931E-02   6.4963932300931421E-02   6.7418932800809003E-02
 6.9877124296868431E-02   7.2338181481151440E-02   7.4801821501885898E-02   7.7267797302627950E-02   7.9735892169085318E-02   8.2205915237286917E-02   8.4677697772199745E-02   8.7151090067766807E-02   8.9625958851216755E-02   9.2102185098943218E-02   9.4579662190134722E-02
 9.7058294339020815E-02   9.9537995258092288E-02   1.2562344526401113E-02   1.3050383136138188E-02   1.3975424859373687E-02   1.5258194519667130E-02   1.6817030058842140E-02   1.8582585934148133E-02   2.0501524333570907E-02   2.2534695471649935E-02   2.4653853654145026E-02
 2.6838638191979861E-02   2.9074258374032515E-02   3.1349840509961133E-02   3.3657280044590655E-02   3.5990450122219922E-02   3.8344654125444917E-02   4.0716243687255828E-02   4.3102349123916667E-02   4.5500686808003246E-02   4.7909419741841999E-02   5.0327055347993491E-02
 5.2752369615022984E-02   5.5184350136610286E-02   5.7622152858080547E-02   6.0065068883669824E-02   6.2512498750249931E-02   6.4963932300931421E-02   6.7418932800809003E-02   6.9877124296868431E-02   7.2338181481151440E-02   7.4801821501885898E-02   7.7267797302627950E-02
 7.9735892169085318E-02   8.2205915237286917E-02   8.4677697772199745E-02   8.7151090067766807E-02   8.9625958851216755E-02   9.2102185098943218E-02   9.4579662190134722E-02   9.7058294339020815E-02   9.9537995258092288E-02   1.2562344526401113E-02   1.3050383136138188E-02
 1.3975424859373687E-02   1.5258194519667130E-02   1.6817030058842140E-02   1.8582585934148133E-02   2.0501524333570907E-02   2.2534695471649935E-02   2.4653853654145026E-02   2.6838638191979861E-02   2.9074258374032515E-02   3.1349840509961133E-02   3.3657280044590655E-02
 3.5990450122219922E-02   3.8344654125444917E-02   4.0716243687255828E-02   4.3102349123916667E-02   4.5500686808003246E-02   4.7909419741841999E-02   5.0327055347993491E-02   5.2752369615022984E-02   5.5184350136610286E-02   5.7622152858080547E-02   6.0065068883669824E-02
 6.2512498750249931E-02   6.4963932300931421E-02   6.7418932800809003E-02   6.9877124296868431E-02   7.2338181481151440E-02   7.4801821501885898E-02   7.7267797302627950E-02   7.9735892169085318E-02   8.2205915237286917E-02   8.4677697772199745E-02   8.7151090067766807E-02
 8.9625958851216755E-02   9.2102185098943218E-02   9.4579662190134722E-02   9.7058294339020815E-02   9.9537995258092288E-02   1.2562344526401113E-02   1.3050383136138188E-02   1.3975424859373687E-02   1.5258194519667130E-02   1.6817030058842140E-02   1.8582585934148133E-02
 2.0501524333570907E-02   2.2534695471649935E-02   2.4653853654145026E-02   2.6838638191979861E-02   2.9074258374032515E-02   3.1349840509961133E-02   3.3657280044590655E-02   3.5990450122219922E-02   3.8344654125444917E-02   4.0716243687255828E-02   4.3102349123916667E-02
 4.5500686808003246E-02   4.7909419741841999E-02   5.0327055347993491E-02   5.2752369615022984E-02   5.5184350136610286E-02   5.7622152858080547E-02   6.0065068883669824E-02   6.2512498750249931E-02   6.4963932300931421E-02   6.7418932800809003E-02   6.9877124296868431E-02
 7.2338181481151440E-02   7.4801821501885898E-02   7.7267797302627950E-02   7.9735892169085318E-02   8.2205915237286917E-02   8.4677697772199745E-02   8.7151090067766807E-02   8.9625958851216755E-02   9.2102185098943218E-02   9.4579662190134722E-02   9.7058294339020815E-02
 9.9537995258092288E-02   1.2562344526401113E-02   1.3050383136138188E-02   1.3975424859373687E-02   1.5258194519667130E-02   1.6817030058842140E-02   1.8582585934148133E-02   2.0501524333570907E-02   2.2534695471649935E-02   2.4653853654145026E-02   2.6838638191979861E-02
 2.9074258374032515E-02   3.1349840509961133E-02   3.3657280044590655E-02   3.5990450122219922E-02   3.8344654125444917E-02   4.0716243687255828E-02   4.3102349123916667E-02   4.5500686808003246E-02   4.7909419741841999E-02   5.0327055347993491E-02   5.2752369615022984E-02
 5.5184350136610286E-02   5.7622152858080547E-02   6.0065068883669824E-02   6.2512498750249931E-02   6.4963932300931421E-02   6.7418932800809003E-02   6.9877124296868431E-02   7.2338181481151440E-02   7.4801821501885898E-02   7.7267797302627950E-02   7.9735892169085318E-02
 8.2205915237286917E-02   8.4677697772199745E-02   8.7151090067766807E-02   8.9625958851216755E-02   9.2102185098943218E-02   9.4579662190134722E-02   9.7058294339020815E-02   9.9537995258092288E-02   1.2562344526401113E-02   1.3050383136138188E-02   1.3975424859373687E-02
 1.5258194519667130E-02   1.6817030058842140E-02   1.8582585934148133E-02   2.0501524333570907E-02   2.2534695471649935E-02   2.4653853654145026E-02   2.6838638191979861E-02   2.9074258374032515E-02   3.1349840509961133E-02   3.3657280044590655E-02   3.5990450122219922E-02
 3.8344654125444917E-02   4.0716243687255828E-02   4.3102349123916667E-02   4.5500686808003246E-02   4.7909419741841999E-02   5.0327055347993491E-02   5.2752369615022984E-02   5.5184350136610286E-02   5.7622152858080547E-02   6.0065068883669824E-02   6.2512498750249931E-02
 6.4963932300931421E-02   6.7418932800809003E-02   6.9877124296868431E-02   7.2338181481151440E-02   7.4801821501885898E-02   7.7267797302627950E-02   7.9735892169085318E-02   8.2205915237286917E-02   8.4677697772199745E-02   8.7151090067766807E-02   8.9625958851216755E-02
 9.2102185098943218E-02   9.4579662190134722E-02   9.7058294339020815E-02   9.9537995258092288E-02   1.2562344526401113E-02   1.3050383136138188E-02   1.3975424859373687E-02   1.5258194519667130E-02   1.6817030058842140E-02   1.8582585934148133E-02   2.0501524333570907E-02
 2.2534695471649935E-02   2.4653853654145026E-02   2.6838638191979861E-02   2.9074258374032515E-02   3.1349840509961133E-02   3.3657280044590655E-02   3.5990450122219922E-02   3.8344654125444917E-02   4.0716243687255828E-02   4.3102349123916667E-02   4.5500686808003246E-02
 4.7909419741841999E-02   5.0327055347993491E-02   5.2752369615022984E-02   5.5184350136610286E-02   5.7622152858080547E-02   6.0065068883669824E-02   6.2512498750249931E-02   6.4963932300931421E-02   6.7418932800809003E-02   6.9877124296868431E-02   7.2338181481151440E-02
 7.4801821501885898E-02   7.7267797302627950E-02   7.9735892169085318E-02   8.2205915237286917E-02   8.4677697772199745E-02   8.7151090067766807E-02   8.9625958851216755E-02   9.2102185098943218E-02   9.4579662190134722E-02   9.7058294339020815E-02   9.9537995258092288E-02
 1.2562344526401113E-02   1.3050383136138188E-02   1.3975424859373687E-02   1.5258194519667130E-02   1.6817030058842140E-02   1.8582585934148133E-02   2.0501524333570907E-02   2.2534695471649935E-02   2.4653853654145026E-02   2.6838638191979861E-02   2.9074258374032515E-02
 3.1349840509961133E-02   3.3657280044590655E-02   3.5990450122219922E-02   3.8344654125444917E-02   4.0716243687255828E-02   4.3102349123916667E-02   4.5500686808003246E-02   4.7909419741841999E-02   5.0327055347993491E-02   5.2752369615022984E-02   5.5184350136610286E-02
 5.7622152858080547E-02   6.0065068883669824E-02   6.2512498750249931E-02   6.4963932300931421E-02   6.7418932800809003E-02   6.9877124296868431E-02   7.2338181481151440E-02   7.4801821501885898E-02   7.7267797302627950E-02   7.9735892169085318E-02   8.2205915237286917E-02
 8.4677697772199745E-02   8.7151090067766807E-02   8.9625958851216755E-02   9.2102185098943218E-02   9.4579662190134722E-02   9.7058294339020815E-02   9.9537995258092288E-02   1.2562344526401113E-02   1.3050383136138188E-02   1.3975424859373687E-02   1.5258194519667130E-02
 1.6817030058842140E-02   1.8582585934148133E-02   2.0501524333570907E-02   2.2534695471649935E-02   2.4653853654145026E-02   2.6838638191979861E-02   2.9074258374032515E-02   3.1349840509961133E-02   3.3657280044590655E-02   3.5990450122219922E-02   3.8344654125444917E-02
 4.0716243687255828E-02   4.3102349123916667E-02   4.5500686808003246E-02   4.7909419741841999E-02   5.0327055347993491E-02   5.2752369615022984E-02   5.5184350136610286E-02   5.7622152858080547E-02   6.0065068883669824E-02   6.2512498750249931E-02   6.4963932300931421E-02
 6.7418932800809003E-02   6.9877124296868431E-02   7.2338181481151440E-02   7.4801821501885898E-02   7.7267797302627950E-02   7.9735892169085318E-02   8.2205915237286917E-02   8.4677697772199745E-02   8.7151090067766807E-02   8.9625958851216755E-02   9.2102185098943218E-02
 9.4579662190134722E-02   9.7058294339020815E-02   9.9537995258092288E-02   1.2562344526401113E-02   1.3050383136138188E-02   1.3975424859373687E-02   1.5258194519667130E-02   1.6817030058842140E-02   1.8582585934148133E-02   2.0501524333570907E-02   2.2534695471649935E-02
 2.4653853654145026E-02   2.6838638191979861E-02   2.9074258374032515E-02   3.1349840509961133E-02   3.3657280044590655E-02   3.5990450122219922E-02   3.8344654125444917E-02   4.0716243687255828E-02   4.3102349123916667E-02   4.5500686808003246E-02   4.7909419741841999E-02
 5.0327055347993491E-02   5.2752369615022984E-02   5.5184350136610286E-02   5.7622152858080547E-02   6.0065068883669824E-02   6.2512498750249931E-02   6.4963932300931421E-02   6.7418932800809003E-02   6.9877124296868431E-02   7.2338181481151440E-02   7.4801821501885898E-02
 7.7267797302627950E-02   7.9735892169085318E-02   8.2205915237286917E-02   8.4677697772199745E-02   8.7151090067766807E-02   8.9625958851216755E-02   9.2102185098943218E-02   9.4579662190134722E-02   9.7058294339020815E-02   9.9537995258092288E-02   1.2562344526401113E-02
 1.3050383136138188E-02   1.3975424859373687E-02   1.5258194519667130E-02   1.6817030058842140E-02   1.8582585934148133E-02   2.0501524333570907E-02   2.2534695471649935E-02   2.4653853654145026E-02   2.6838638191979861E-02   2.9074258374032515E-02   3.1349840509961133E-02
 3.3657280044590655E-02   3.5990450122219922E-02   3.8344654125444917E-02   4.0716243687255828E-02   4.3102349123916667E-02   4.5500686808003246E-02   4.7909419741841999E-02   5.0327055347993491E-02   5.2752369615022984E-02   5.5184350136610286E-02   5.7622152858080547E-02
 6.0065068883669824E-02   6.2512498750249931E-02   6.4963932300931421E-02   6.7418932800809003E-02   6.9877124296868431E-02   7.2338181481151440E-02   7.4801821501885898E-02   7.7267797302627950E-02   7.9735892169085318E-02   8.2205915237286917E-02   8.4677697772199745E-02
 8.7151090067766807E-02   8.9625958851216755E-02   9.2102185098943218E-02   9.4579662190134722E-02   9.7058294339020815E-02   9.9537995258092288E-02   1.2562344526401113E-02   1.3050383136138188E-02   1.3975424859373687E-02   1.5258194519667130E-02   1.6817030058842140E-02
 1.8582585934148133E-02   2.0501524333570907E-02   2.2534695471649935E-02   2.4653853654145026E-02   2.6838638191979861E-02   2.9074258374032515E-02   3.1349840509961133E-02   3.3657280044590655E-02   3.5990450122219922E-02   3.8344654125444917E-02   4.0716243687255828E-02
 4.3102349123916667E-02   4.5500686808003246E-02   4.7909419741841999E-02   5.0327055347993491E-02   5.2752369615022984E-02   5.5184350136610286E-02   5.7622152858080547E-02   6.0065068883669824E-02   6.2512498750249931E-02   6.4963932300931421E-02   6.7418932800809003E-02
 6.9877124296868431E-02   7.2338181481151440E-02   7.4801821501885898E-02   7.7267797302627950E-02   7.9735892169085318E-02   8.2205915237286917E-02   8.4677697772199745E-02   8.7151090067766807E-02   8.9625958851216755E-02   9.2102185098943218E-02   9.4579662190134722E-02
 9.7058294339020815E-02   9.9537995258092288E-02   1.2562344526401113E-02   1.3050383136138188E-02   1.3975424859373687E-02   1.5258194519667130E-02   1.6817030058842140E-02   1.8582585934148133E-02   2.0501524333570907E-02   2.2534695471649935E-02   2.4653853654145026E-02
 2.6838638191979861E-02   2.9074258374032515E-02   3.1349840509961133E-02   3.3657280044590655E-02   3.5990450122219922E-02   3.8344654125444917E-02   4.0716243687255828E-02   4.3102349123916667E-02   4.5500686808003246E-02   4.7909419741841999E-02   5.0327055347993491E-02
 5.2752369615022984E-02   5.5184350136610286E-02   5.7622152858080547E-02   6.0065068883669824E-02   6.2512498750249931E-02   6.4963932300931421E-02   6.7418932800809003E-02   6.9877124296868431E-02   7.2338181481151440E-02   7.4801821501885898E-02   7.7267797302627950E-02
 7.9735892169085318E-02   8.2205915237286917E-02   8.4677697772199745E-02   8.7151090067766807E-02   8.9625958851216755E-02   9.2102185098943218E-02   9.4579662190134722E-02   9.7058294339020815E-02   9.9537995258092288E-02   1.2562344526401113E-02   1.3050383136138188E-02
 1.3975424859373687E-02   1.5258194519667130E-02   1.6817030058842140E-02   1.8582585934148133E-02   2.0501524333570907E-02   2.2534695471649935E-02   2.4653853654145026E-02   2.6838638191979861E-02   2.9074258374032515E-02   3.1349840509961133E-02   3.3657280044590655E-02
 3.5990450122219922E-02   3.8344654125444917E-02   4.0716243687255828E-02   4.3102349123916667E-02   4.5500686808003246E-02   4.7909419741841999E-02   5.0327055347993491E-02   5.2752369615022984E-02   5.5184350136610286E-02   5.7622152858080547E-02   6.0065068883669824E-02
 6.2512498750249931E-02   6.4963932300931421E-02   6.7418932800809003E-02   6.9877124296868431E-02   7.2338181481151440E-02   7.4801821501885898E-02   7.7267797302627950E-02   7.9735892169085318E-02   8.2205915237286917E-02   8.4677697772199745E-02   8.7151090067766807E-02
 8.9625958851216755E-02   9.2102185098943218E-02   9.4579662190134722E-02   9.7058294339020815E-02   9.9537995258092288E-02
 1.0000044711847806E+00   1.0000044711848426E+00   1.0000044711847824E+00   1.0000044711846792E+00   1.0000044711845746E+00   1.0000044711844860E+00   1.0000044711844203E+00   1.0000044711843763E+00   1.0000044711843494E+00   1.0000044711843352E+00   1.0000044711843270E+00
 1.0000044711843252E+00   1.0000044711843241E+00   1.0000044711843263E+00   1.0000044711843283E+00   1.0000044711843299E+00   1.0000044711843319E+00   1.0000044711843339E+00   1.0000044711843352E+00   1.0000044711843370E+00   1.0000044711843372E+00   1.0000044711843390E+00
 1.0000044711843408E+00   1.0000044711843414E+00   1.0000044711843423E+00   1.0000044711843428E+00   1.0000044711843428E+00   1.0000044711843423E+00   1.0000044711843417E+00   1.0000044711843388E+00   1.0000044711843314E+00   1.0000044711843179E+00   1.0000044711842939E+00
 1.0000044711842520E+00   1.0000044711841856E+00   1.0000044711840885E+00   1.0000044711839609E+00   1.0000044711838183E+00   1.0000044711836973E+00   1.0000044711836686E+00   1.0000044711847806E+00   1.0000044711848426E+00   1.0000044711847824E+00   1.0000044711846792E+00
 1.0000044711845746E+00   1.0000044711844860E+00   1.0000044711844203E+00   1.0000044711843763E+00   1.0000044711843494E+00   1.0000044711843352E+00   1.0000044711843270E+00   1.0000044711843252E+00   1.0000044711843241E+00   1.0000044711843263E+00   1.0000044711843283E+00
 1.0000044711843299E+00   1.0000044711843319E+00   1.0000044711843339E+00   1.0000044711843352E+00   1.0000044711843370E+00   1.0000044711843372E+00   1.0000044711843390E+00   1.0000044711843408E+00   1.0000044711843414E+00   1.0000044711843423E+00   1.0000044711843428E+00
 1.0000044711843428E+00   1.0000044711843423E+00   1.0000044711843417E+00   1.0000044711843388E+00   1.0000044711843314E+00   1.0000044711843179E+00   1.0000044711842939E+00   1.0000044711842520E+00   1.0000044711841856E+00   1.0000044711840885E+00   1.0000044711839609E+00
 1.0000044711838183E+00   1.0000044711836973E+00   1.0000044711836686E+00   1.0000044711847806E+00   1.0000044711848426E+00   1.0000044711847824E+00   1.0000044711846792E+00   1.0000044711845746E+00   1.0000044711844860E+00   1.0000044711844203E+00   1.0000044711843763E+00
 1.0000044711843494E+00   1.0000044711843352E+00   1.0000044711843270E+00   1.0000044711843252E+00   1.0000044711843241E+00   1.0000044711843263E+00   1.0000044711843283E+00   1.0000044711843299E+00   1.0000044711843319E+00   1.0000044711843339E+00   1.0000044711843352E+00
 1.0000044711843370E+00   1.0000044711843372E+00   1.0000044711843390E+00   1.0000044711843408E+00   1.0000044711843414E+00   1.0000044711843423E+00   1.0000044711843428E+00   1.0000044711843428E+00   1.0000044711843423E+00   1.0000044711843417E+00   1.0000044711843388E+00
 1.0000044711843314E+00   1.0000044711843179E+00   1.0000044711842939E+00   1.0000044711842520E+00   1.0000044711841856E+00   1.0000044711840885E+00   1.0000044711839609E+00   1.0000044711838183E+00   1.0000044711836973E+00   1.0000044711836686E+00   1.0000044711847806E+00
 1.0000044711848426E+00   1.0000044711847824E+00   1.0000044711846792E+00   1.0000044711845746E+00   1.0000044711844860E+00   1.0000044711844203E+00   1.0000044711843763E+00   1.0000044711843494E+00   1.0000044711843352E+00   1.0000044711843270E+00   1.0000044711843252E+00
 1.0000044711843241E+00   1.0000044711843263E+00   1.0000044711843283E+00   1.0000044711843299E+00   1.0000044711843319E+00   1.0000044711843339E+00   1.0000044711843352E+00   1.0000044711843370E+00   1.0000044711843372E+00   1.0000044711843390E+00   1.0000044711843408E+00
 1.0000044711843414E+00   1.0000044711843423E+00   1.0000044711843428E+00   1.0000044711843428E+00   1.0000044711843423E+00   1.0000044711843417E+00   1.0000044711843388E+00   1.0000044711843314E+00   1.0000044711843179E+00   1.0000044711842939E+00   1.0000044711842520E+00
 1.0000044711841856E+00   1.0000044711840885E+00   1.0000044711839609E+00   1.0000044711838183E+00   1.0000044711836973E+00   1.0000044711836686E+00   1.0000044711847806E+00   1.0000044711848426E+00   1.0000044711847824E+00   1.0000044711846792E+00   1.0000044711845746E+00
 1.0000044711844860E+00   1.0000044711844203E+00   1.0000044711843763E+00   1.0000044711843494E+00   1.0000044711843352E+00   1.0000044711843270E+00   1.0000044711843252E+00   1.0000044711843241E+00   1.0000044711843263E+00   1.0000044711843283E+00   1.0000044711843299E+00
 1.0000044711843319E+00   1.0000044711843339E+00   1.0000044711843352E+00   1.0000044711843370E+00   1.0000044711843372E+00   1.0000044711843390E+00   1.0000044711843408E+00   1.0000044711843414E+00   1.0000044711843423E+00   1.0000044711843428E+00   1.0000044711843428E+00
 1.0000044711843423E+00   1.0000044711843417E+00   1.0000044711843388E+00   1.0000044711843314E+00   1.0000044711843179E+00   1.0000044711842939E+00   1.0000044711842520E+00   1.0000044711841856E+00   1.0000044711840885E+00   1.0000044711839609E+00   1.0000044711838183E+00
 1.0000044711836973E+00   1.0000044711836686E+00   1.0000044711847806E+00   1.0000044711848426E+00   1.0000044711847824E+00   1.0000044711846792E+00   1.0000044711845746E+00   1.0000044711844860E+00   1.0000044711844203E+00   1.0000044711843763E+00   1.0000044711843494E+00
 1.0000044711843352E+00   1.0000044711843270E+00   1.0000044711843252E+00   1.0000044711843241E+00   1.0000044711843263E+00   1.0000044711843283E+00   1.0000044711843299E+00   1.0000044711843319E+00   1.0000044711843339E+00   1.0000044711843352E+00   1.0000044711843370E+00
 1.0000044711843372E+00   1.0000044711843390E+00   1.0000044711843408E+00   1.0000044711843414E+00   1.0000044711843423E+00   1.0000044711843428E+00   1.0000044711843428E+00   1.0000044711843423E+00   1.0000044711843417E+00   1.0000044711843388E+00   1.0000044711843314E+00
 1.0000044711843179E+00   1.0000044711842939E+00   1.0000044711842520E+00   1.0000044711841856E+00   1.0000044711840885E+00   1.0000044711839609E+00   1.0000044711838183E+00   1.0000044711836973E+00   1.0000044711836686E+00   1.0000044711847806E+00   1.0000044711848426E+00
 1.0000044711847824E+00   1.0000044711846792E+00   1.0000044711845746E+00   1.0000044711844860E+00   1.0000044711844203E+00   1.0000044711843763E+00   1.0000044711843494E+00   1.0000044711843352E+00   1.0000044711843270E+00   1.0000044711843252E+00   1.0000044711843241E+00
 1.0000044711843263E+00   1.0000044711843283E+00   1.0000044711843299E+00   1.0000044711843319E+00   1.0000044711843339E+00   1.0000044711843352E+00   1.0000044711843370E+00   1.0000044711843372E+00   1.0000044711843390E+00   1.0000044711843408E+00   1.0000044711843414E+00
 1.0000044711843423E+00   1.0000044711843428E+00   1.0000044711843428E+00   1.0000044711843423E+00   1.0000044711843417E+00   1.0000044711843388E+00   1.0000044711843314E+00   1.0000044711843179E+00   1.0000044711842939E+00   1.0000044711842520E+00   1.0000044711841856E+00
 1.0000044711840885E+00   1.0000044711839609E+00   1.0000044711838183E+00   1.0000044711836973E+00   1.0000044711836686E+00   1.0000044711847806E+00   1.0000044711848426E+00   1.0000044711847824E+00   1.0000044711846792E+00   1.0000044711845746E+00   1.0000044711844860E+00
 1.0000044711844203E+00   1.0000044711843763E+00   1.0000044711843494E+00   1.0000044711843352E+00   1.0000044711843270E+00   1.0000044711843252E+00   1.0000044711843241E+00   1.0000044711843263E+00   1.0000044711843283E+00   1.0000044711843299E+00   1.0000044711843319E+00
 1.0000044711843339E+00   1.0000044711843352E+00   1.0000044711843370E+00   1.0000044711843372E+00   1.0000044711843390E+00   1.0000044711843408E+00   1.0000044711843414E+00   1.0000044711843423E+00   1.0000044711843428E+00   1.0000044711843428E+00   1.0000044711843423E+00
 1.0000044711843417E+00   1.0000044711843388E+00   1.0000044711843314E+00   1.0000044711843179E+00   1.0000044711842939E+00   1.0000044711842520E+00   1.0000044711841856E+00   1.0000044711840885E+00   1.0000044711839609E+00   1.0000044711838183E+00   1.0000044711836973E+00
 1.0000044711836686E+00   1.0000044711847806E+00   1.0000044711848426E+00   1.0000044711847824E+00   1.0000044711846792E+00   1.0000044711845746E+00   1.0000044711844860E+00   1.0000044711844203E+00   1.0000044711843763E+00   1.0000044711843494E+00   1.0000044711843352E+00
 1.0000044711843270E+00   1.0000044711843252E+00   1.0000044711843241E+00   1.0000044711843263E+00   1.0000044711843283E+00   1.0000044711843299E+00   1.0000044711843319E+00   1.0000044711843339E+00   1.0000044711843352E+00   1.0000044711843370E+00   1.0000044711843372E+00
 1.0000044711843390E+00   1.0000044711843408E+00   1.0000044711843414E+00   1.0000044711843423E+00   1.0000044711843428E+00   1.0000044711843428E+00   1.0000044711843423E+00   1.0000044711843417E+00   1.0000044711843388E+00   1.0000044711843314E+00   1.0000044711843179E+00
 1.0000044711842939E+00   1.0000044711842520E+00   1.0000044711841856E+00   1.0000044711840885E+00   1.0000044711839609E+00   1.0000044711838183E+00   1.0000044711836973E+00   1.0000044711836686E+00   1.0000044711847806E+00   1.0000044711848426E+00   1.0000044711847824E+00
 1.0000044711846792E+00   1.0000044711845746E+00   1.0000044711844860E+00   1.0000044711844203E+00   1.0000044711843763E+00   1.0000044711843494E+00   1.0000044711843352E+00   1.0000044711843270E+00   1.0000044711843252E+00   1.0000044711843241E+00   1.0000044711843263E+00
 1.0000044711843283E+00   1.0000044711843299E+00   1.0000044711843319E+00   1.0000044711843339E+00   1.0000044711843352E+00   1.0000044711843370E+00   1.0000044711843372E+00   1.0000044711843390E+00   1.0000044711843408E+00   1.0000044711843414E+00   1.0000044711843423E+00
 1.0000044711843428E+00   1.0000044711843428E+00   1.0000044711843423E+00   1.0000044711843417E+00   1.0000044711843388E+00   1.0000044711843314E+00   1.0000044711843179E+00   1.0000044711842939E+00   1.0000044711842520E+00   1.0000044711841856E+00   1.0000044711840885E+00
 1.0000044711839609E+00   1.0000044711838183E+00   1.0000044711836973E+00   1.0000044711836686E+00   1.0000044711847806E+00   1.0000044711848426E+00   1.0000044711847824E+00   1.0000044711846792E+00   1.0000044711845746E+00   1.0000044711844860E+00   1.0000044711844203E+00
 1.0000044711843763E+00   1.0000044711843494E+00   1.0000044711843352E+00   1.0000044711843270E+00   1.0000044711843252E+00   1.0000044711843241E+00   1.0000044711843263E+00   1.0000044711843283E+00   1.0000044711843299E+00   1.0000044711843319E+00   1.0000044711843339E+00
 1.0000044711843352E+00   1.0000044711843370E+00   1.0000044711843372E+00   1.0000044711843390E+00   1.0000044711843408E+00   1.0000044711843414E+00   1.0000044711843423E+00   1.0000044711843428E+00   1.0000044711843428E+00   1.0000044711843423E+00   1.0000044711843417E+00
 1.0000044711843388E+00   1.0000044711843314E+00   1.0000044711843179E+00   1.0000044711842939E+00   1.0000044711842520E+00   1.0000044711841856E+00   1.0000044711840885E+00   1.0000044711839609E+00   1.0000044711838183E+00   1.0000044711836973E+00   1.0000044711836686E+00
 1.0000044711847806E+00   1.0000044711848426E+00   1.0000044711847824E+00   1.0000044711846792E+00   1.0000044711845746E+00   1.0000044711844860E+00   1.0000044711844203E+00   1.0000044711843763E+00   1.0000044711843494E+00   1.0000044711843352E+00   1.0000044711843270E+00
 1.0000044711843252E+00   1.0000044711843241E+00   1.0000044711843263E+00   1.0000044711843283E+00   1.0000044711843299E+00   1.0000044711843319E+00   1.0000044711843339E+00   1.0000044711843352E+00   1.0000044711843370E+00   1.0000044711843372E+00   1.0000044711843390E+00
 1.0000044711843408E+00   1.0000044711843414E+00   1.0000044711843423E+00   1.0000044711843428E+00   1.0000044711843428E+00   1.0000044711843423E+00   1.0000044711843417E+00   1.0000044711843388E+00   1.0000044711843314E+00   1.0000044711843179E+00   1.0000044711842939E+00
 1.0000044711842520E+00   1.0000044711841856E+00   1.0000044711840885E+00   1.0000044711839609E+00   1.0000044711838183E+00   1.0000044711836973E+00   1.0000044711836686E+00   1.0000044711847806E+00   1.0000044711848426E+00   1.0000044711847824E+00   1.0000044711846792E+00
 1.0000044711845746E+00   1.0000044711844860E+00   1.0000044711844203E+00   1.0000044711843763E+00   1.0000044711843494E+00   1.0000044711843352E+00   1.0000044711843270E+00   1.0000044711843252E+00   1.0000044711843241E+00   1.0000044711843263E+00   1.0000044711843283E+00
 1.0000044711843299E+00   1.0000044711843319E+00   1.0000044711843339E+00   1.0000044711843352E+00   1.0000044711843370E+00   1.0000044711843372E+00   1.0000044711843390E+00   1.0000044711843408E+00   1.0000044711843414E+00   1.0000044711843423E+00   1.0000044711843428E+00
 1.0000044711843428E+00   1.0000044711843423E+00   1.0000044711843417E+00   1.0000044711843388E+00   1.0000044711843314E+00   1.0000044711843179E+00   1.0000044711842939E+00   1.0000044711842520E+00   1.0000044711841856E+00   1.0000044711840885E+00   1.0000044711839609E+00
 1.0000044711838183E+00   1.0000044711836973E+00   1.0000044711836686E+00   1.0000044711847806E+00   1.0000044711848426E+00   1.0000044711847824E+00   1.0000044711846792E+00   1.0000044711845746E+00   1.0000044711844860E+00   1.0000044711844203E+00   1.0000044711843763E+00
 1.0000044711843494E+00   1.0000044711843352E+00   1.0000044711843270E+00   1.0000044711843252E+00   1.0000044711843241E+00   1.0000044711843263E+00   1.0000044711843283E+00   1.0000044711843299E+00   1.0000044711843319E+00   1.0000044711843339E+00   1.0000044711843352E+00
 1.0000044711843370E+00   1.0000044711843372E+00   1.0000044711843390E+00   1.0000044711843408E+00   1.0000044711843414E+00   1.0000044711843423E+00   1.0000044711843428E+00   1.0000044711843428E+00   1.0000044711843423E+00   1.0000044711843417E+00   1.0000044711843388E+00
 1.0000044711843314E+00   1.0000044711843179E+00   1.0000044711842939E+00   1.0000044711842520E+00   1.0000044711841856E+00   1.0000044711840885E+00   1.0000044711839609E+00   1.0000044711838183E+00   1.0000044711836973E+00   1.0000044711836686E+00   1.0000044711847806E+00
 1.0000044711848426E+00   1.0000044711847824E+00   1.0000044711846792E+00   1.0000044711845746E+00   1.0000044711844860E+00   1.0000044711844203E+00   1.0000044711843763E+00   1.0000044711843494E+00   1.0000044711843352E+00   1.0000044711843270E+00   1.0000044711843252E+00
 1.0000044711843241E+00   1.0000044711843263E+00   1.0000044711843283E+00   1.0000044711843299E+00   1.0000044711843319E+00   1.0000044711843339E+00   1.0000044711843352E+00   1.0000044711843370E+00   1.0000044711843372E+00   1.0000044711843390E+00   1.0000044711843408E+00
 1.0000044711843414E+00   1.0000044711843423E+00   1.0000044711843428E+00   1.0000044711843428E+00   1.0000044711843423E+00   1.0000044711843417E+00   1.0000044711843388E+00   1.0000044711843314E+00   1.0000044711843179E+00   1.0000044711842939E+00   1.0000044711842520E+00
 1.0000044711841856E+00   1.0000044711840885E+00   1.0000044711839609E+00   1.0000044711838183E+00   1.0000044711836973E+00   1.0000044711836686E+00   1.0000044711847806E+00   1.0000044711848426E+00   1.0000044711847824E+00   1.0000044711846792E+00   1.0000044711845746E+00
 1.0000044711844860E+00   1.0000044711844203E+00   1.0000044711843763E+00   1.0000044711843494E+00   1.0000044711843352E+00   1.0000044711843270E+00   1.0000044711843252E+00   1.0000044711843241E+00   1.0000044711843263E+00   1.0000044711843283E+00   1.0000044711843299E+00
 1.0000044711843319E+00   1.0000044711843339E+00   1.0000044711843352E+00   1.0000044711843370E+00   1.0000044711843372E+00   1.0000044711843390E+00   1.0000044711843408E+00   1.0000044711843414E+00   1.0000044711843423E+00   1.0000044711843428E+00   1.0000044711843428E+00
 1.0000044711843423E+00   1.0000044711843417E+00   1.0000044711843388E+00   1.0000044711843314E+00   1.0000044711843179E+00   1.0000044711842939E+00   1.0000044711842520E+00   1.0000044711841856E+00   1.0000044711840885E+00   1.0000044711839609E+00   1.0000044711838183E+00
 1.0000044711836973E+00   1.0000044711836686E+00   1.0000044711847806E+00   1.0000044711848426E+00   1.0000044711847824E+00   1.0000044711846792E+00   1.0000044711845746E+00   1.0000044711844860E+00   1.0000044711844203E+00   1.0000044711843763E+00   1.0000044711843494E+00
 1.0000044711843352E+00   1.0000044711843270E+00   1.0000044711843252E+00   1.0000044711843241E+00   1.0000044711843263E+00   1.0000044711843283E+00   1.0000044711843299E+00   1.0000044711843319E+00   1.0000044711843339E+00   1.0000044711843352E+00   1.0000044711843370E+00
 1.0000044711843372E+00   1.0000044711843390E+00   1.0000044711843408E+00   1.0000044711843414E+00   1.0000044711843423E+00   1.0000044711843428E+00   1.0000044711843428E+00   1.0000044711843423E+00   1.0000044711843417E+00   1.0000044711843388E+00   1.0000044711843314E+00
 1.0000044711843179E+00   1.0000044711842939E+00   1.0000044711842520E+00   1.0000044711841856E+00   1.0000044711840885E+00   1.0000044711839609E+00   1.0000044711838183E+00   1.0000044711836973E+00   1.0000044711836686E+00   1.0000044711847806E+00   1.0000044711848426E+00
 1.0000044711847824E+00   1.0000044711846792E+00   1.0000044711845746E+00   1.0000044711844860E+00   1.0000044711844203E+00   1.0000044711843763E+00   1.0000044711843494E+00   1.0000044711843352E+00   1.0000044711843270E+00   1.0000044711843252E+00   1.0000044711843241E+00
 1.0000044711843263E+00   1.0000044711843283E+00   1.0000044711843299E+00   1.0000044711843319E+00   1.0000044711843339E+00   1.0000044711843352E+00   1.0000044711843370E+00   1.0000044711843372E+00   1.0000044711843390E+00   1.0000044711843408E+00   1.0000044711843414E+00
 1.0000044711843423E+00   1.0000044711843428E+00   1.0000044711843428E+00   1.0000044711843423E+00   1.0000044711843417E+00   1.0000044711843388E+00   1.0000044711843314E+00   1.0000044711843179E+00   1.0000044711842939E+00   1.0000044711842520E+00   1.0000044711841856E+00
 1.0000044711840885E+00   1.0000044711839609E+00   1.0000044711838183E+00   1.0000044711836973E+00   1.0000044711836686E+00   1.0000044711847806E+00   1.0000044711848426E+00   1.0000044711847824E+00   1.0000044711846792E+00   1.0000044711845746E+00   1.0000044711844860E+00
 1.0000044711844203E+00   1.0000044711843763E+00   1.0000044711843494E+00   1.0000044711843352E+00   1.0000044711843270E+00   1.0000044711843252E+00   1.0000044711843241E+00   1.0000044711843263E+00   1.0000044711843283E+00   1.0000044711843299E+00   1.0000044711843319E+00
 1.0000044711843339E+00   1.0000044711843352E+00   1.0000044711843370E+00   1.0000044711843372E+00   1.0000044711843390E+00   1.0000044711843408E+00   1.0000044711843414E+00   1.0000044711843423E+00   1.0000044711843428E+00   1.0000044711843428E+00   1.0000044711843423E+00
 1.0000044711843417E+00   1.0000044711843388E+00   1.0000044711843314E+00   1.0000044711843179E+00   1.0000044711842939E+00   1.0000044711842520E+00   1.0000044711841856E+00   1.0000044711840885E+00   1.0000044711839609E+00   1.0000044711838183E+00   1.0000044711836973E+00
 1.0000044711836686E+00   1.0000044711847806E+00   1.0000044711848426E+00   1.0000044711847824E+00   1.0000044711846792E+00   1.0000044711845746E+00   1.0000044711844860E+00   1.0000044711844203E+00   1.0000044711843763E+00   1.0000044711843494E+00   1.0000044711843352E+00
 1.0000044711843270E+00   1.0000044711843252E+00   1.0000044711843241E+00   1.0000044711843263E+00   1.0000044711843283E+00   1.0000044711843299E+00   1.0000044711843319E+00   1.0000044711843339E+00   1.0000044711843352E+00   1.0000044711843370E+00   1.0000044711843372E+00
 1.0000044711843390E+00   1.0000044711843408E+00   1.0000044711843414E+00   1.0000044711843423E+00   1.0000044711843428E+00   1.0000044711843428E+00   1.0000044711843423E+00   1.0000044711843417E+00   1.0000044711843388E+00   1.0000044711843314E+00   1.0000044711843179E+00
 1.0000044711842939E+00   1.0000044711842520E+00   1.0000044711841856E+00   1.0000044711840885E+00   1.0000044711839609E+00   1.0000044711838183E+00   1.0000044711836973E+00   1.0000044711836686E+00   1.0000044711847806E+00   1.0000044711848426E+00   1.0000044711847824E+00
 1.0000044711846792E+00   1.0000044711845746E+00   1.0000044711844860E+00   1.0000044711844203E+00   1.0000044711843763E+00   1.0000044711843494E+00   1.0000044711843352E+00   1.0000044711843270E+00   1.0000044711843252E+00   1.0000044711843241E+00   1.0000044711843263E+00
 1.0000044711843283E+00   1.0000044711843299E+00   1.0000044711843319E+00   1.0000044711843339E+00   1.0000044711843352E+00   1.0000044711843370E+00   1.0000044711843372E+00   1.0000044711843390E+00   1.0000044711843408E+00   1.0000044711843414E+00   1.0000044711843423E+00
 1.0000044711843428E+00   1.0000044711843428E+00   1.0000044711843423E+00   1.0000044711843417E+00   1.0000044711843388E+00   1.0000044711843314E+00   1.0000044711843179E+00   1.0000044711842939E+00   1.0000044711842520E+00   1.0000044711841856E+00   1.0000044711840885E+00
 1.0000044711839609E+00   1.0000044711838183E+00   1.0000044711836973E+00   1.0000044711836686E+00   1.0000044711847806E+00   1.0000044711848426E+00   1.0000044711847824E+00   1.0000044711846792E+00   1.0000044711845746E+00   1.0000044711844860E+00   1.0000044711844203E+00
 1.0000044711843763E+00   1.0000044711843494E+00   1.0000044711843352E+00   1.0000044711843270E+00   1.0000044711843252E+00   1.0000044711843241E+00   1.0000044711843263E+00   1.0000044711843283E+00   1.0000044711843299E+00   1.0000044711843319E+00   1.0000044711843339E+00
 1.0000044711843352E+00   1.0000044711843370E+00   1.0000044711843372E+00   1.0000044711843390E+00   1.0000044711843408E+00   1.0000044711843414E+00   1.0000044711843423E+00   1.0000044711843428E+00   1.0000044711843428E+00   1.0000044711843423E+00   1.0000044711843417E+00
 1.0000044711843388E+00   1.0000044711843314E+00   1.0000044711843179E+00   1.0000044711842939E+00   1.0000044711842520E+00   1.0000044711841856E+00   1.0000044711840885E+00   1.0000044711839609E+00   1.0000044711838183E+00   1.0000044711836973E+00   1.0000044711836686E+00
 1.0000044711847806E+00   1.0000044711848426E+00   1.0000044711847824E+00   1.0000044711846792E+00   1.0000044711845746E+00   1.0000044711844860E+00   1.0000044711844203E+00   1.0000044711843763E+00   1.0000044711843494E+00   1.0000044711843352E+00   1.0000044711843270E+00
 1.0000044711843252E+00   1.0000044711843241E+00   1.0000044711843263E+00   1.0000044711843283E+00   1.0000044711843299E+00   1.0000044711843319E+00   1.0000044711843339E+00   1.0000044711843352E+00   1.0000044711843370E+00   1.0000044711843372E+00   1.0000044711843390E+00
 1.0000044711843408E+00   1.0000044711843414E+00   1.0000044711843423E+00   1.0000044711843428E+00   1.0000044711843428E+00   1.0000044711843423E+00   1.0000044711843417E+00   1.0000044711843388E+00   1.0000044711843314E+00   1.0000044711843179E+00   1.0000044711842939E+00
 1.0000044711842520E+00   1.0000044711841856E+00   1.0000044711840885E+00   1.0000044711839609E+00   1.0000044711838183E+00   1.0000044711836973E+00   1.0000044711836686E+00   1.0000044711847806E+00   1.0000044711848426E+00   1.0000044711847824E+00   1.0000044711846792E+00
 1.0000044711845746E+00   1.0000044711844860E+00   1.0000044711844203E+00   1.0000044711843763E+00   1.0000044711843494E+00   1.0000044711843352E+00   1.0000044711843270E+00   1.0000044711843252E+00   1.0000044711843241E+00   1.0000044711843263E+00   1.0000044711843283E+00
 1.0000044711843299E+00   1.0000044711843319E+00   1.0000044711843339E+00   1.0000044711843352E+00   1.0000044711843370E+00   1.0000044711843372E+00   1.0000044711843390E+00   1.0000044711843408E+00   1.0000044711843414E+00   1.0000044711843423E+00   1.0000044711843428E+00
 1.0000044711843428E+00   1.0000044711843423E+00   1.0000044711843417E+00   1.0000044711843388E+00   1.0000044711843314E+00   1.0000044711843179E+00   1.0000044711842939E+00   1.0000044711842520E+00   1.0000044711841856E+00   1.0000044711840885E+00   1.0000044711839609E+00
 1.0000044711838183E+00   1.0000044711836973E+00   1.0000044711836686E+00   1.0000044711847806E+00   1.0000044711848426E+00   1.0000044711847824E+00   1.0000044711846792E+00   1.0000044711845746E+00   1.0000044711844860E+00   1.0000044711844203E+00   1.0000044711843763E+00
 1.0000044711843494E+00   1.0000044711843352E+00   1.0000044711843270E+00   1.0000044711843252E+00   1.0000044711843241E+00   1.0000044711843263E+00   1.0000044711843283E+00   1.0000044711843299E+00   1.0000044711843319E+00   1.0000044711843339E+00   1.0000044711843352E+00
 1.0000044711843370E+00   1.0000044711843372E+00   1.0000044711843390E+00   1.0000044711843408E+00   1.0000044711843414E+00   1.0000044711843423E+00   1.0000044711843428E+00   1.0000044711843428E+00   1.0000044711843423E+00   1.0000044711843417E+00   1.0000044711843388E+00
 1.0000044711843314E+00   1.0000044711843179E+00   1.0000044711842939E+00   1.0000044711842520E+00   1.0000044711841856E+00   1.0000044711840885E+00   1.0000044711839609E+00   1.0000044711838183E+00   1.0000044711836973E+00   1.0000044711836686E+00   1.0000044711847806E+00
 1.0000044711848426E+00   1.0000044711847824E+00   1.0000044711846792E+00   1.0000044711845746E+00   1.0000044711844860E+00   1.0000044711844203E+00   1.0000044711843763E+00   1.0000044711843494E+00   1.0000044711843352E+00   1.0000044711843270E+00   1.0000044711843252E+00
 1.0000044711843241E+00   1.0000044711843263E+00   1.0000044711843283E+00   1.0000044711843299E+00   1.0000044711843319E+00   1.0000044711843339E+00   1.0000044711843352E+00   1.0000044711843370E+00   1.0000044711843372E+00   1.0000044711843390E+00   1.0000044711843408E+00
 1.0000044711843414E+00   1.0000044711843423E+00   1.0000044711843428E+00   1.0000044711843428E+00   1.0000044711843423E+00   1.0000044711843417E+00   1.0000044711843388E+00   1.0000044711843314E+00   1.0000044711843179E+00   1.0000044711842939E+00   1.0000044711842520E+00
 1.0000044711841856E+00   1.0000044711840885E+00   1.0000044711839609E+00   1.0000044711838183E+00   1.0000044711836973E+00   1.0000044711836686E+00   1.0000044711847806E+00   1.0000044711848426E+00   1.0000044711847824E+00   1.0000044711846792E+00   1.0000044711845746E+00
 1.0000044711844860E+00   1.0000044711844203E+00   1.0000044711843763E+00   1.0000044711843494E+00   1.0000044711843352E+00   1.0000044711843270E+00   1.0000044711843252E+00   1.0000044711843241E+00   1.0000044711843263E+00   1.0000044711843283E+00   1.0000044711843299E+00
 1.0000044711843319E+00   1.0000044711843339E+00   1.0000044711843352E+00   1.0000044711843370E+00   1.0000044711843372E+00   1.0000044711843390E+00   1.0000044711843408E+00   1.0000044711843414E+00   1.0000044711843423E+00   1.0000044711843428E+00   1.0000044711843428E+00
 1.0000044711843423E+00   1.0000044711843417E+00   1.0000044711843388E+00   1.0000044711843314E+00   1.0000044711843179E+00   1.0000044711842939E+00   1.0000044711842520E+00   1.0000044711841856E+00   1.0000044711840885E+00   1.0000044711839609E+00   1.0000044711838183E+00
 1.0000044711836973E+00   1.0000044711836686E+00   1.0000044711847806E+00   1.0000044711848426E+00   1.0000044711847824E+00   1.0000044711846792E+00   1.0000044711845746E+00   1.0000044711844860E+00   1.0000044711844203E+00   1.0000044711843763E+00   1.0000044711843494E+00
 1.0000044711843352E+00   1.0000044711843270E+00   1.0000044711843252E+00   1.0000044711843241E+00   1.0000044711843263E+00   1.0000044711843283E+00   1.0000044711843299E+00   1.0000044711843319E+00   1.0000044711843339E+00   1.0000044711843352E+00   1.0000044711843370E+00
 1.0000044711843372E+00   1.0000044711843390E+00   1.0000044711843408E+00   1.0000044711843414E+00   1.0000044711843423E+00   1.0000044711843428E+00   1.0000044711843428E+00   1.0000044711843423E+00   1.0000044711843417E+00   1.0000044711843388E+00   1.0000044711843314E+00
 1.0000044711843179E+00   1.0000044711842939E+00   1.0000044711842520E+00   1.0000044711841856E+00   1.0000044711840885E+00   1.0000044711839609E+00   1.0000044711838183E+00   1.0000044711836973E+00   1.0000044711836686E+00   1.0000044711847806E+00   1.0000044711848426E+00
 1.0000044711847824E+00   1.0000044711846792E+00   1.0000044711845746E+00   1.0000044711844860E+00   1.0000044711844203E+00   1.0000044711843763E+00   1.0000044711843494E+00   1.0000044711843352E+00   1.0000044711843270E+00   1.0000044711843252E+00   1.0000044711843241E+00
 1.0000044711843263E+00   1.0000044711843283E+00   1.0000044711843299E+00   1.0000044711843319E+00   1.0000044711843339E+00   1.0000044711843352E+00   1.0000044711843370E+00   1.0000044711843372E+00   1.0000044711843390E+00   1.0000044711843408E+00   1.0000044711843414E+00
 1.0000044711843423E+00   1.0000044711843428E+00   1.0000044711843428E+00   1.0000044711843423E+00   1.0000044711843417E+00   1.0000044711843388E+00   1.0000044711843314E+00   1.0000044711843179E+00   1.0000044711842939E+00   1.0000044711842520E+00   1.0000044711841856E+00
 1.0000044711840885E+00   1.0000044711839609E+00   1.0000044711838183E+00   1.0000044711836973E+00   1.0000044711836686E+00   1.0000044711847806E+00   1.0000044711848426E+00   1.0000044711847824E+00   1.0000044711846792E+00   1.0000044711845746E+00   1.0000044711844860E+00
 1.0000044711844203E+00   1.0000044711843763E+00   1.0000044711843494E+00   1.0000044711843352E+00   1.0000044711843270E+00   1.0000044711843252E+00   1.0000044711843241E+00   1.0000044711843263E+00   1.0000044711843283E+00   1.0000044711843299E+00   1.0000044711843319E+00
 1.0000044711843339E+00   1.0000044711843352E+00   1.0000044711843370E+00   1.0000044711843372E+00   1.0000044711843390E+00   1.0000044711843408E+00   1.0000044711843414E+00   1.0000044711843423E+00   1.0000044711843428E+00   1.0000044711843428E+00   1.0000044711843423E+00
 1.0000044711843417E+00   1.0000044711843388E+00   1.0000044711843314E+00   1.0000044711843179E+00   1.0000044711842939E+00   1.0000044711842520E+00   1.0000044711841856E+00   1.0000044711840885E+00   1.0000044711839609E+00   1.0000044711838183E+00   1.0000044711836973E+00
 1.0000044711836686E+00   1.0000044711847806E+00   1.0000044711848426E+00   1.0000044711847824E+00   1.0000044711846792E+00   1.0000044711845746E+00   1.0000044711844860E+00   1.0000044711844203E+00   1.0000044711843763E+00   1.0000044711843494E+00   1.0000044711843352E+00
 1.0000044711843270E+00   1.0000044711843252E+00   1.0000044711843241E+00   1.0000044711843263E+00   1.0000044711843283E+00   1.0000044711843299E+00   1.0000044711843319E+00   1.0000044711843339E+00   1.0000044711843352E+00   1.0000044711843370E+00   1.0000044711843372E+00
 1.0000044711843390E+00   1.0000044711843408E+00   1.0000044711843414E+00   1.0000044711843423E+00   1.0000044711843428E+00   1.0000044711843428E+00   1.0000044711843423E+00   1.0000044711843417E+00   1.0000044711843388E+00   1.0000044711843314E+00   1.0000044711843179E+00
 1.0000044711842939E+00   1.0000044711842520E+00   1.0000044711841856E+00   1.0000044711840885E+00   1.0000044711839609E+00   1.0000044711838183E+00   1.0000044711836973E+00   1.0000044711836686E+00   1.0000044711847806E+00   1.0000044711848426E+00   1.0000044711847824E+00
 1.0000044711846792E+00   1.0000044711845746E+00   1.0000044711844860E+00   1.0000044711844203E+00   1.0000044711843763E+00   1.0000044711843494E+00   1.0000044711843352E+00   1.0000044711843270E+00   1.0000044711843252E+00   1.0000044711843241E+00   1.0000044711843263E+00
 1.0000044711843283E+00   1.0000044711843299E+00   1.0000044711843319E+00   1.0000044711843339E+00   1.0000044711843352E+00   1.0000044711843370E+00   1.0000044711843372E+00   1.0000044711843390E+00   1.0000044711843408E+00   1.0000044711843414E+00   1.0000044711843423E+00
 1.0000044711843428E+00   1.0000044711843428E+00   1.0000044711843423E+00   1.0000044711843417E+00   1.0000044711843388E+00   1.0000044711843314E+00   1.0000044711843179E+00   1.0000044711842939E+00   1.0000044711842520E+00   1.0000044711841856E+00   1.0000044711840885E+00
 1.0000044711839609E+00   1.0000044711838183E+00   1.0000044711836973E+00   1.0000044711836686E+00   1.0000044711847806E+00   1.0000044711848426E+00   1.0000044711847824E+00   1.0000044711846792E+00   1.0000044711845746E+00   1.0000044711844860E+00   1.0000044711844203E+00
 1.0000044711843763E+00   1.0000044711843494E+00   1.0000044711843352E+00   1.0000044711843270E+00   1.0000044711843252E+00   1.0000044711843241E+00   1.0000044711843263E+00   1.0000044711843283E+00   1.0000044711843299E+00   1.0000044711843319E+00   1.0000044711843339E+00
 1.0000044711843352E+00   1.0000044711843370E+00   1.0000044711843372E+00   1.0000044711843390E+00   1.0000044711843408E+00   1.0000044711843414E+00   1.0000044711843423E+00   1.0000044711843428E+00   1.0000044711843428E+00   1.0000044711843423E+00   1.0000044711843417E+00
 1.0000044711843388E+00   1.0000044711843314E+00   1.0000044711843179E+00   1.0000044711842939E+00   1.0000044711842520E+00   1.0000044711841856E+00   1.0000044711840885E+00   1.0000044711839609E+00   1.0000044711838183E+00   1.0000044711836973E+00   1.0000044711836686E+00
 1.0000044711847806E+00   1.0000044711848426E+00   1.0000044711847824E+00   1.0000044711846792E+00   1.0000044711845746E+00   1.0000044711844860E+00   1.0000044711844203E+00   1.0000044711843763E+00   1.0000044711843494E+00   1.0000044711843352E+00   1.0000044711843270E+00
 1.0000044711843252E+00   1.0000044711843241E+00   1.0000044711843263E+00   1.0000044711843283E+00   1.0000044711843299E+00   1.0000044711843319E+00   1.0000044711843339E+00   1.0000044711843352E+00   1.0000044711843370E+00   1.0000044711843372E+00   1.0000044711843390E+00
 1.0000044711843408E+00   1.0000044711843414E+00   1.0000044711843423E+00   1.0000044711843428E+00   1.0000044711843428E+00   1.0000044711843423E+00   1.0000044711843417E+00   1.0000044711843388E+00   1.0000044711843314E+00   1.0000044711843179E+00   1.0000044711842939E+00
 1.0000044711842520E+00   1.0000044711841856E+00   1.0000044711840885E+00   1.0000044711839609E+00   1.0000044711838183E+00   1.0000044711836973E+00   1.0000044711836686E+00   1.0000044711847806E+00   1.0000044711848426E+00   1.0000044711847824E+00   1.0000044711846792E+00
 1.0000044711845746E+00   1.0000044711844860E+00   1.0000044711844203E+00   1.0000044711843763E+00   1.0000044711843494E+00   1.0000044711843352E+00   1.0000044711843270E+00   1.0000044711843252E+00   1.0000044711843241E+00   1.0000044711843263E+00   1.0000044711843283E+00
 1.0000044711843299E+00   1.0000044711843319E+00   1.0000044711843339E+00   1.0000044711843352E+00   1.0000044711843370E+00   1.0000044711843372E+00   1.0000044711843390E+00   1.0000044711843408E+00   1.0000044711843414E+00   1.0000044711843423E+00   1.0000044711843428E+00
 1.0000044711843428E+00   1.0000044711843423E+00   1.0000044711843417E+00   1.0000044711843388E+00   1.0000044711843314E+00   1.0000044711843179E+00   1.0000044711842939E+00   1.0000044711842520E+00   1.0000044711841856E+00   1.0000044711840885E+00   1.0000044711839609E+00
 1.0000044711838183E+00   1.0000044711836973E+00   1.0000044711836686E+00   1.0000044711847806E+00   1.0000044711848426E+00   1.0000044711847824E+00   1.0000044711846792E+00   1.0000044711845746E+00   1.0000044711844860E+00   1.0000044711844203E+00   1.0000044711843763E+00
 1.0000044711843494E+00   1.0000044711843352E+00   1.0000044711843270E+00   1.0000044711843252E+00   1.0000044711843241E+00   1.0000044711843263E+00   1.0000044711843283E+00   1.0000044711843299E+00   1.0000044711843319E+00   1.0000044711843339E+00   1.0000044711843352E+00
 1.0000044711843370E+00   1.0000044711843372E+00   1.0000044711843390E+00   1.0000044711843408E+00   1.0000044711843414E+00   1.0000044711843423E+00   1.0000044711843428E+00   1.0000044711843428E+00   1.0000044711843423E+00   1.0000044711843417E+00   1.0000044711843388E+00
 1.0000044711843314E+00   1.0000044711843179E+00   1.0000044711842939E+00   1.0000044711842520E+00   1.0000044711841856E+00   1.0000044711840885E+00   1.0000044711839609E+00   1.0000044711838183E+00   1.0000044711836973E+00   1.0000044711836686E+00   1.0000044711847806E+00
 1.0000044711848426E+00   1.0000044711847824E+00   1.0000044711846792E+00   1.0000044711845746E+00   1.0000044711844860E+00   1.0000044711844203E+00   1.0000044711843763E+00   1.0000044711843494E+00   1.0000044711843352E+00   1.0000044711843270E+00   1.0000044711843252E+00
 1.0000044711843241E+00   1.0000044711843263E+00   1.0000044711843283E+00   1.0000044711843299E+00   1.0000044711843319E+00   1.0000044711843339E+00   1.0000044711843352E+00   1.0000044711843370E+00   1.0000044711843372E+00   1.0000044711843390E+00   1.0000044711843408E+00
 1.0000044711843414E+00   1.0000044711843423E+00   1.0000044711843428E+00   1.0000044711843428E+00   1.0000044711843423E+00   1.0000044711843417E+00   1.0000044711843388E+00   1.0000044711843314E+00   1.0000044711843179E+00   1.0000044711842939E+00   1.0000044711842520E+00
 1.0000044711841856E+00   1.0000044711840885E+00   1.0000044711839609E+00   1.0000044711838183E+00   1.0000044711836973E+00   1.0000044711836686E+00   1.0000044711847806E+00   1.0000044711848426E+00   1.0000044711847824E+00   1.0000044711846792E+00   1.0000044711845746E+00
 1.0000044711844860E+00   1.0000044711844203E+00   1.0000044711843763E+00   1.0000044711843494E+00   1.0000044711843352E+00   1.0000044711843270E+00   1.0000044711843252E+00   1.0000044711843241E+00   1.0000044711843263E+00   1.0000044711843283E+00   1.0000044711843299E+00
 1.0000044711843319E+00   1.0000044711843339E+00   1.0000044711843352E+00   1.0000044711843370E+00   1.0000044711843372E+00   1.0000044711843390E+00   1.0000044711843408E+00   1.0000044711843414E+00   1.0000044711843423E+00   1.0000044711843428E+00   1.0000044711843428E+00
 1.0000044711843423E+00   1.0000044711843417E+00   1.0000044711843388E+00   1.0000044711843314E+00   1.0000044711843179E+00   1.0000044711842939E+00   1.0000044711842520E+00   1.0000044711841856E+00   1.0000044711840885E+00   1.0000044711839609E+00   1.0000044711838183E+00
 1.0000044711836973E+00   1.0000044711836686E+00   1.0000044711847806E+00   1.0000044711848426E+00   1.0000044711847824E+00   1.0000044711846792E+00   1.0000044711845746E+00   1.0000044711844860E+00   1.0000044711844203E+00   1.0000044711843763E+00   1.0000044711843494E+00
 1.0000044711843352E+00   1.0000044711843270E+00   1.0000044711843252E+00   1.0000044711843241E+00   1.0000044711843263E+00   1.0000044711843283E+00   1.0000044711843299E+00   1.0000044711843319E+00   1.0000044711843339E+00   1.0000044711843352E+00   1.0000044711843370E+00
 1.0000044711843372E+00   1.0000044711843390E+00   1.0000044711843408E+00   1.0000044711843414E+00   1.0000044711843423E+00   1.0000044711843428E+00   1.0000044711843428E+00   1.0000044711843423E+00   1.0000044711843417E+00   1.0000044711843388E+00   1.0000044711843314E+00
 1.0000044711843179E+00   1.0000044711842939E+00   1.0000044711842520E+00   1.0000044711841856E+00   1.0000044711840885E+00   1.0000044711839609E+00   1.0000044711838183E+00   1.0000044711836973E+00   1.0000044711836686E+00   1.0000044711847806E+00   1.0000044711848426E+00
 1.0000044711847824E+00   1.0000044711846792E+00   1.0000044711845746E+00   1.0000044711844860E+00   1.0000044711844203E+00   1.0000044711843763E+00   1.0000044711843494E+00   1.0000044711843352E+00   1.0000044711843270E+00   1.0000044711843252E+00   1.0000044711843241E+00
 1.0000044711843263E+00   1.0000044711843283E+00   1.0000044711843299E+00   1.0000044711843319E+00   1.0000044711843339E+00   1.0000044711843352E+00   1.0000044711843370E+00   1.0000044711843372E+00   1.0000044711843390E+00   1.0000044711843408E+00   1.0000044711843414E+00
 1.0000044711843423E+00   1.0000044711843428E+00   1.0000044711843428E+00   1.0000044711843423E+00   1.0000044711843417E+00   1.0000044711843388E+00   1.0000044711843314E+00   1.0000044711843179E+00   1.0000044711842939E+00   1.0000044711842520E+00   1.0000044711841856E+00
 1.0000044711840885E+00   1.0000044711839609E+00   1.0000044711838183E+00   1.0000044711836973E+00   1.0000044711836686E+00
 1.0000000000000000E+00   1.0000000000000000E+00   1.0000000000000000E+00   1.0000000000000000E+00   1.0000000000000000E+00   1.0000000000000000E+00   1.0000000000000000E+00   1.0000000000000000E+00   1.0000000000000000E+00   1.0000000000000000E+00   1.0000000000000000E+00
 1.0000000000000000E+00   1.0000000000000000E+00   1.0000000000000000E+00   1.0000000000000000E+00   1.0000000000000000E+00   1.0000000000000000E+00   1.0000000000000000E+00   1.0000000000000000E+00   1.0000000000000000E+00   1.0000000000000000E+00   1.0000000000000000E+00
 1.0000000000000000E+00   1.0000000000000000E+00   1.0000000000000000E+00   1.0000000000000000E+00   1.0000000000000000E+00   1.0000000000000000E+00   1.0000000000000000E+00   1.0000000000000000E+00   1.0000000000000000E+00   1.0000000000000000E+00   1.0000000000000000E+00
 1.0000000000000000E+00   1.0000000000000000E+00   1.0000000000000000E+00   1.0000000000000000E+00   1.0000000000000000E+00   1.0000000000000000E+00   1.0000000000000000E+00   1.0000000000000000E+00   1.0000000000000000E+00   1.0000000000000000E+00   1.0000000000000000E+00
 1.0000000000000000E+00   1.0000000000000000E+00   1.0000000000000000E+00   1.0000000000000000E+00   1.0000000000000000E+00   1.0000000000000000E+00   1.0000000000000000E+00   1.0000000000000000E+00   1.0000000000000000E+00   1.0000000000000000E+00   1.0000000000000000E+00
 1.0000000000000000E+00   1.0000000000000000E+00   1.0000000000000000E+00   1.0000000000000000E+00   1.0000000000000000E+00   1.0000000000000000E+00   1.0000000000000000E+00   1.0000000000000000E+00   1.0000000000000000E+00   1.0000000000000000E+00   1.0000000000000000E+00
 1.0000000000000000E+00   1.0000000000000000E+00   1.0000000000000000E+00   1.0000000000000000E+00   1.0000000000000000E+00   1.0000000000000000E+00   1.0000000000000000E+00   1.0000000000000000E+00   1.0000000000000000E+00   1.0000000000000000E+00   1.0000000000000000E+00
 1.0000000000000000E+00   1.0000000000000000E+00   1.0000000000000000E+00   1.0000000000000000E+00   1.0000000000000000E+00   1.0000000000000000E+00   1.0000000000000000E+00   1.0000000000000000E+00   1.0000000000000000E+00   1.0000000000000000E+00   1.0000000000000000E+00
 1.0000000000000000E+00   1.0000000000000000E+00   1.0000000000000000E+00   1.0000000000000000E+00   1.0000000000000000E+00   1.0000000000000000E+00   1.0000000000000000E+00   1.0000000000000000E+00   1.0000000000000000E+00   1.0000000000000000E+00   1.0000000000000000E+00
 1.0000000000000000E+00   1.0000000000000000E+00   1.0000000000000000E+00   1.0000000000000000E+00   1.0000000000000000E+00   1.0000000000000000E+00   1.0000000000000000E+00   1.0000000000000000E+00   1.0000000000000000E+00   1.0000000000000000E+00   1.0000000000000000E+00
 1.0000000000000000E+00   1.0000000000000000E+00   1.0000000000000000E+00   1.0000000000000000E+00   1.0000000000000000E+00   1.0000000000000000E+00   1.0000000000000000E+00   1.0000000000000000E+00   1.0000000000000000E+00   1.0000000000000000E+00   1.0000000000000000E+00
 1.0000000000000000E+00   1.0000000000000000E+00   1.0000000000000000E+00   1.0000000000000000E+00   1.0000000000000000E+00   1.0000000000000000E+00   1.0000000000000000E+00   1.0000000000000000E+00   1.0000000000000000E+00   1.0000000000000000E+00   1.0000000000000000E+00
 1.0000000000000000E+00   1.0000000000000000E+00   1.0000000000000000E+00   1.0000000000000000E+00   1.0000000000000000E+00   1.0000000000000000E+00   1.0000000000000000E+00   1.0000000000000000E+00   1.0000000000000000E+00   1.0000000000000000E+00   1.0000000000000000E+00
 1.0000000000000000E+00   1.0000000000000000E+00   1.0000000000000000E+00   1.0000000000000000E+00   1.0000000000000000E+00   1.0000000000000000E+00   1.0000000000000000E+00   1.0000000000000000E+00   1.0000000000000000E+00   1.0000000000000000E+00   1.0000000000000000E+00
 1.0000000000000000E+00   1.0000000000000000E+00   1.0000000000000000E+00   1.0000000000000000E+00   1.0000000000000000E+00   1.0000000000000000E+00   1.0000000000000000E+00   1.0000000000000000E+00   1.0000000000000000E+00   1.0000000000000000E+00   1.0000000000000000E+00
 1.0000000000000000E+00   1.0000000000000000E+00   1.0000000000000000E+00   1.0000000000000000E+00   1.0000000000000000E+00   1.0000000000000000E+00   1.0000000000000000E+00   1.0000000000000000E+00   1.0000000000000000E+00   1.0000000000000000E+00   1.0000000000000000E+00
 1.0000000000000000E+00   1.0000000000000000E+00   1.0000000000000000E+00   1.0000000000000000E+00   1.0000000000000000E+00   1.0000000000000000E+00   1.0000000000000000E+00   1.0000000000000000E+00   1.0000000000000000E+00   1.0000000000000000E+00   1.0000000000000000E+00
 1.0000000000000000E+00   1.0000000000000000E+00   1.0000000000000000E+00   1.0000000000000000E+00   1.0000000000000000E+00   1.0000000000000000E+00   1.0000000000000000E+00   1.0000000000000000E+00   1.0000000000000000E+00   1.0000000000000000E+00   1.0000000000000000E+00
 1.0000000000000000E+00   1.0000000000000000E+00   1.0000000000000000E+00   1.0000000000000000E+00   1.0000000000000000E+00   1.0000000000000000E+00   1.0000000000000000E+00   1.0000000000000000E+00   1.0000000000000000E+00   1.0000000000000000E+00   1.0000000000000000E+00
 1.0000000000000000E+00   1.0000000000000000E+00   1.0000000000000000E+00   1.0000000000000000E+00   1.0000000000000000E+00   1.0000000000000000E+00   1.0000000000000000E+00   1.0000000000000000E+00   1.0000000000000000E+00   1.0000000000000000E+00   1.0000000000000000E+00
 1.0000000000000000E+00   1.0000000000000000E+00   1.0000000000000000E+00   1.0000000000000000E+00   1.0000000000000000E+00   1.0000000000000000E+00   1.0000000000000000E+00   1.0000000000000000E+00   1.0000000000000000E+00   1.0000000000000000E+00   1.0000000000000000E+00
 1.0000000000000000E+00   1.0000000000000000E+00   1.0000000000000000E+00   1.0000000000000000E+00   1.0000000000000000E+00   1.0000000000000000E+00   1.0000000000000000E+00   1.0000000000000000E+00   1.0000000000000000E+00   1.0000000000000000E+00   1.0000000000000000E+00
 1.0000000000000000E+00   1.0000000000000000E+00   1.0000000000000000E+00   1.0000000000000000E+00   1.0000000000000000E+00   1.0000000000000000E+00   1.0000000000000000E+00   1.0000000000000000E+00   1.0000000000000000E+00   1.0000000000000000E+00   1.0000000000000000E+00
 1.0000000000000000E+00   1.0000000000000000E+00   1.0000000000000000E+00   1.0000000000000000E+00   1.0000000000000000E+00   1.0000000000000000E+00   1.0000000000000000E+00   1.0000000000000000E+00   1.0000000000000000E+00   1.0000000000000000E+00   1.0000000000000000E+00
 1.0000000000000000E+00   1.0000000000000000E+00   1.0000000000000000E+00   1.0000000000000000E+00   1.0000000000000000E+00   1.0000000000000000E+00   1.0000000000000000E+00   1.0000000000000000E+00   1.0000000000000000E+00   1.0000000000000000E+00   1.0000000000000000E+00
 1.0000000000000000E+00   1.0000000000000000E+00   1.0000000000000000E+00   1.0000000000000000E+00   1.0000000000000000E+00   1.0000000000000000E+00   1.0000000000000000E+00   1.0000000000000000E+00   1.0000000000000000E+00   1.0000000000000000E+00   1.0000000000000000E+00
 1.0000000000000000E+00   1.0000000000000000E+00   1.0000000000000000E+00   1.0000000000000000E+00   1.0000000000000000E+00   1.0000000000000000E+00   1.0000000000000000E+00   1.0000000000000000E+00   1.0000000000000000E+00   1.0000000000000000E+00   1.0000000000000000E+00
 1.0000000000000000E+00   1.0000000000000000E+00   1.0000000000000000E+00   1.0000000000000000E+00   1.0000000000000000E+00   1.0000000000000000E+00   1.0000000000000000E+00   1.0000000000000000E+00   1.0000000000000000E+00   1.0000000000000000E+00   1.0000000000000000E+00
 1.0000000000000000E+00   1.0000000000000000E+00   1.0000000000000000E+00   1.0000000000000000E+00   1.0000000000000000E+00   1.0000000000000000E+00   1.0000000000000000E+00   1.0000000000000000E+00   1.0000000000000000E+00   1.0000000000000000E+00   1.0000000000000000E+00
 1.0000000000000000E+00   1.0000000000000000E+00   1.0000000000000000E+00   1.0000000000000000E+00   1.0000000000000000E+00   1.0000000000000000E+00   1.0000000000000000E+00   1.0000000000000000E+00   1.0000000000000000E+00   1.0000000000000000E+00   1.0000000000000000E+00
 1.0000000000000000E+00   1.0000000000000000E+00   1.0000000000000000E+00   1.0000000000000000E+00   1.0000000000000000E+00   1.0000000000000000E+00   1.0000000000000000E+00   1.0000000000000000E+00   1.0000000000000000E+00   1.0000000000000000E+00   1.0000000000000000E+00
 1.0000000000000000E+00   1.0000000000000000E+00   1.0000000000000000E+00   1.0000000000000000E+00   1.0000000000000000E+00   1.0000000000000000E+00   1.0000000000000000E+00   1.0000000000000000E+00   1.0000000000000000E+00   1.0000000000000000E+00   1.0000000000000000E+00
 1.0000000000000000E+00   1.0000000000000000E+00   1.0000000000000000E+00   1.0000000000000000E+00   1.0000000000000000E+00   1.0000000000000000E+00   1.0000000000000000E+00   1.0000000000000000E+00   1.0000000000000000E+00   1.0000000000000000E+00   1.0000000000000000E+00
 1.0000000000000000E+00   1.0000000000000000E+00   1.0000000000000000E+00   1.0000000000000000E+00   1.0000000000000000E+00   1.0000000000000000E+00   1.0000000000000000E+00   1.0000000000000000E+00   1.0000000000000000E+00   1.0000000000000000E+00   1.0000000000000000E+00
 1.0000000000000000E+00   1.0000000000000000E+00   1.0000000000000000E+00   1.0000000000000000E+00   1.0000000000000000E+00   1.0000000000000000E+00   1.0000000000000000E+00   1.0000000000000000E+00   1.0000000000000000E+00   1.0000000000000000E+00   1.0000000000000000E+00
 1.0000000000000000E+00   1.0000000000000000E+00   1.0000000000000000E+00   1.0000000000000000E+00   1.0000000000000000E+00   1.0000000000000000E+00   1.0000000000000000E+00   1.0000000000000000E+00   1.0000000000000000E+00   1.0000000000000000E+00   1.0000000000000000E+00
 1.0000000000000000E+00   1.0000000000000000E+00   1.0000000000000000E+00   1.0000000000000000E+00   1.0000000000000000E+00   1.0000000000000000E+00   1.0000000000000000E+00   1.0000000000000000E+00   1.0000000000000000E+00   1.0000000000000000E+00   1.0000000000000000E+00
 1.0000000000000000E+00   1.0000000000000000E+00   1.0000000000000000E+00   1.0000000000000000E+00   1.0000000000000000E+00   1.0000000000000000E+00   1.0000000000000000E+00   1.0000000000000000E+00   1.0000000000000000E+00   1.0000000000000000E+00   1.0000000000000000E+00
 1.0000000000000000E+00   1.0000000000000000E+00   1.0000000000000000E+00   1.0000000000000000E+00   1.0000000000000000E+00   1.0000000000000000E+00   1.0000000000000000E+00   1.0000000000000000E+00   1.0000000000000000E+00   1.0000000000000000E+00   1.0000000000000000E+00
 1.0000000000000000E+00   1.0000000000000000E+00   1.0000000000000000E+00   1.0000000000000000E+00   1.0000000000000000E+00   1.0000000000000000E+00   1.0000000000000000E+00   1.0000000000000000E+00   1.0000000000000000E+00   1.0000000000000000E+00   1.0000000000000000E+00
 1.0000000000000000E+00   1.0000000000000000E+00   1.0000000000000000E+00   1.0000000000000000E+00   1.0000000000000000E+00   1.0000000000000000E+00   1.0000000000000000E+00   1.0000000000000000E+00   1.0000000000000000E+00   1.0000000000000000E+00   1.0000000000000000E+00
 1.0000000000000000E+00   1.0000000000000000E+00   1.0000000000000000E+00   1.0000000000000000E+00   1.0000000000000000E+00   1.0000000000000000E+00   1.0000000000000000E+00   1.0000000000000000E+00   1.0000000000000000E+00   1.0000000000000000E+00   1.0000000000000000E+00
 1.0000000000000000E+00   1.0000000000000000E+00   1.0000000000000000E+00   1.0000000000000000E+00   1.0000000000000000E+00   1.0000000000000000E+00   1.0000000000000000E+00   1.0000000000000000E+00   1.0000000000000000E+00   1.0000000000000000E+00   1.0000000000000000E+00
 1.0000000000000000E+00   1.0000000000000000E+00   1.0000000000000000E+00   1.0000000000000000E+00   1.0000000000000000E+00   1.0000000000000000E+00   1.0000000000000000E+00   1.0000000000000000E+00   1.0000000000000000E+00   1.0000000000000000E+00   1.0000000000000000E+00
 1.0000000000000000E+00   1.0000000000000000E+00   1.0000000000000000E+00   1.0000000000000000E+00   1.0000000000000000E+00   1.0000000000000000E+00   1.0000000000000000E+00   1.0000000000000000E+00   1.0000000000000000E+00   1.0000000000000000E+00   1.0000000000000000E+00
 1.0000000000000000E+00   1.0000000000000000E+00   1.0000000000000000E+00   1.0000000000000000E+00   1.0000000000000000E+00   1.0000000000000000E+00   1.0000000000000000E+00   1.0000000000000000E+00   1.0000000000000000E+00   1.0000000000000000E+00   1.0000000000000000E+00
 1.0000000000000000E+00   1.0000000000000000E+00   1.0000000000000000E+00   1.0000000000000000E+00   1.0000000000000000E+00   1.0000000000000000E+00   1.0000000000000000E+00   1.0000000000000000E+00   1.0000000000000000E+00   1.0000000000000000E+00   1.0000000000000000E+00
 1.0000000000000000E+00   1.0000000000000000E+00   1.0000000000000000E+00   1.0000000000000000E+00   1.0000000000000000E+00   1.0000000000000000E+00   1.0000000000000000E+00   1.0000000000000000E+00   1.0000000000000000E+00   1.0000000000000000E+00   1.0000000000000000E+00
 1.0000000000000000E+00   1.0000000000000000E+00   1.0000000000000000E+00   1.0000000000000000E+00   1.0000000000000000E+00   1.0000000000000000E+00   1.0000000000000000E+00   1.0000000000000000E+00   1.0000000000000000E+00   1.0000000000000000E+00   1.0000000000000000E+00
 1.0000000000000000E+00   1.0000000000000000E+00   1.0000000000000000E+00   1.0000000000000000E+00   1.0000000000000000E+00   1.0000000000000000E+00   1.0000000000000000E+00   1.0000000000000000E+00   1.0000000000000000E+00   1.0000000000000000E+00   1.0000000000000000E+00
 1.0000000000000000E+00   1.0000000000000000E+00   1.0000000000000000E+00   1.0000000000000000E+00   1.0000000000000000E+00   1.0000000000000000E+00   1.0000000000000000E+00   1.0000000000000000E+00   1.0000000000000000E+00   1.0000000000000000E+00   1.0000000000000000E+00
 1.0000000000000000E+00   1.0000000000000000E+00   1.0000000000000000E+00   1.0000000000000000E+00   1.0000000000000000E+00   1.0000000000000000E+00   1.0000000000000000E+00   1.0000000000000000E+00   1.0000000000000000E+00   1.0000000000000000E+00   1.0000000000000000E+00
 1.0000000000000000E+00   1.0000000000000000E+00   1.0000000000000000E+00   1.0000000000000000E+00   1.0000000000000000E+00   1.0000000000000000E+00   1.0000000000000000E+00   1.0000000000000000E+00   1.0000000000000000E+00   1.0000000000000000E+00   1.0000000000000000E+00
 1.0000000000000000E+00   1.0000000000000000E+00   1.0000000000000000E+00   1.0000000000000000E+00   1.0000000000000000E+00   1.0000000000000000E+00   1.0000000000000000E+00   1.0000000000000000E+00   1.0000000000000000E+00   1.0000000000000000E+00   1.0000000000000000E+00
 1.0000000000000000E+00   1.0000000000000000E+00   1.0000000000000000E+00   1.0000000000000000E+00   1.0000000000000000E+00   1.0000000000000000E+00   1.0000000000000000E+00   1.0000000000000000E+00   1.0000000000000000E+00   1.0000000000000000E+00   1.0000000000000000E+00
 1.0000000000000000E+00   1.0000000000000000E+00   1.0000000000000000E+00   1.0000000000000000E+00   1.0000000000000000E+00   1.0000000000000000E+00   1.0000000000000000E+00   1.0000000000000000E+00   1.0000000000000000E+00   1.0000000000000000E+00   1.0000000000000000E+00
 1.0000000000000000E+00   1.0000000000000000E+00   1.0000000000000000E+00   1.0000000000000000E+00   1.0000000000000000E+00   1.0000000000000000E+00   1.0000000000000000E+00   1.0000000000000000E+00   1.0000000000000000E+00   1.0000000000000000E+00   1.0000000000000000E+00
 1.0000000000000000E+00   1.0000000000000000E+00   1.0000000000000000E+00   1.0000000000000000E+00   1.0000000000000000E+00   1.0000000000000000E+00   1.0000000000000000E+00   1.0000000000000000E+00   1.0000000000000000E+00   1.0000000000000000E+00   1.0000000000000000E+00
 1.0000000000000000E+00   1.0000000000000000E+00   1.0000000000000000E+00   1.0000000000000000E+00   1.0000000000000000E+00   1.0000000000000000E+00   1.0000000000000000E+00   1.0000000000000000E+00   1.0000000000000000E+00   1.0000000000000000E+00   1.0000000000000000E+00
 1.0000000000000000E+00   1.0000000000000000E+00   1.0000000000000000E+00   1.0000000000000000E+00   1.0000000000000000E+00   1.0000000000000000E+00   1.0000000000000000E+00   1.0000000000000000E+00   1.0000000000000000E+00   1.0000000000000000E+00   1.0000000000000000E+00
 1.0000000000000000E+00   1.0000000000000000E+00   1.0000000000000000E+00   1.0000000000000000E+00   1.0000000000000000E+00   1.0000000000000000E+00   1.0000000000000000E+00   1.0000000000000000E+00   1.0000000000000000E+00   1.0000000000000000E+00   1.0000000000000000E+00
 1.0000000000000000E+00   1.0000000000000000E+00   1.0000000000000000E+00   1.0000000000000000E+00   1.0000000000000000E+00   1.0000000000000000E+00   1.0000000000000000E+00   1.0000000000000000E+00   1.0000000000000000E+00   1.0000000000000000E+00   1.0000000000000000E+00
 1.0000000000000000E+00   1.0000000000000000E+00   1.0000000000000000E+00   1.0000000000000000E+00   1.0000000000000000E+00   1.0000000000000000E+00   1.0000000000000000E+00   1.0000000000000000E+00   1.0000000000000000E+00   1.0000000000000000E+00   1.0000000000000000E+00
 1.0000000000000000E+00   1.0000000000000000E+00   1.0000000000000000E+00   1.0000000000000000E+00   1.0000000000000000E+00   1.0000000000000000E+00   1.0000000000000000E+00   1.0000000000000000E+00   1.0000000000000000E+00   1.0000000000000000E+00   1.0000000000000000E+00
 1.0000000000000000E+00   1.0000000000000000E+00   1.0000000000000000E+00   1.0000000000000000E+00   1.0000000000000000E+00   1.0000000000000000E+00   1.0000000000000000E+00   1.0000000000000000E+00   1.0000000000000000E+00   1.0000000000000000E+00   1.0000000000000000E+00
 1.0000000000000000E+00   1.0000000000000000E+00   1.0000000000000000E+00   1.0000000000000000E+00   1.0000000000000000E+00   1.0000000000000000E+00   1.0000000000000000E+00   1.0000000000000000E+00   1.0000000000000000E+00   1.0000000000000000E+00   1.0000000000000000E+00
 1.0000000000000000E+00   1.0000000000000000E+00   1.0000000000000000E+00   1.0000000000000000E+00   1.0000000000000000E+00   1.0000000000000000E+00   1.0000000000000000E+00   1.0000000000000000E+00   1.0000000000000000E+00   1.0000000000000000E+00   1.0000000000000000E+00
 1.0000000000000000E+00   1.0000000000000000E+00   1.0000000000000000E+00   1.0000000000000000E+00   1.0000000000000000E+00   1.0000000000000000E+00   1.0000000000000000E+00   1.0000000000000000E+00   1.0000000000000000E+00   1.0000000000000000E+00   1.0000000000000000E+00
 1.0000000000000000E+00   1.0000000000000000E+00   1.0000000000000000E+00   1.0000000000000000E+00   1.0000000000000000E+00   1.0000000000000000E+00   1.0000000000000000E+00   1.0000000000000000E+00   1.0000000000000000E+00   1.0000000000000000E+00   1.0000000000000000E+00
 1.0000000000000000E+00   1.0000000000000000E+00   1.0000000000000000E+00   1.0000000000000000E+00   1.0000000000000000E+00   1.0000000000000000E+00   1.0000000000000000E+00   1.0000000000000000E+00   1.0000000000000000E+00   1.0000000000000000E+00   1.0000000000000000E+00
 1.0000000000000000E+00   1.0000000000000000E+00   1.0000000000000000E+00   1.0000000000000000E+00   1.0000000000000000E+00   1.0000000000000000E+00   1.0000000000000000E+00   1.0000000000000000E+00   1.0000000000000000E+00   1.0000000000000000E+00   1.0000000000000000E+00
 1.0000000000000000E+00   1.0000000000000000E+00   1.0000000000000000E+00   1.0000000000000000E+00   1.0000000000000000E+00   1.0000000000000000E+00   1.0000000000000000E+00   1.0000000000000000E+00   1.0000000000000000E+00   1.0000000000000000E+00   1.0000000000000000E+00
 1.0000000000000000E+00   1.0000000000000000E+00   1.0000000000000000E+00   1.0000000000000000E+00   1.0000000000000000E+00   1.0000000000000000E+00   1.0000000000000000E+00   1.0000000000000000E+00   1.0000000000000000E+00   1.0000000000000000E+00   1.0000000000000000E+00
 1.0000000000000000E+00   1.0000000000000000E+00   1.0000000000000000E+00   1.0000000000000000E+00   1.0000000000000000E+00   1.0000000000000000E+00   1.0000000000000000E+00   1.0000000000000000E+00   1.0000000000000000E+00   1.0000000000000000E+00   1.0000000000000000E+00
 1.0000000000000000E+00   1.0000000000000000E+00   1.0000000000000000E+00   1.0000000000000000E+00   1.0000000000000000E+00   1.0000000000000000E+00   1.0000000000000000E+00   1.0000000000000000E+00   1.0000000000000000E+00   1.0000000000000000E+00   1.0000000000000000E+00
 1.0000000000000000E+00   1.0000000000000000E+00   1.0000000000000000E+00   1.0000000000000000E+00   1.0000000000000000E+00   1.0000000000000000E+00   1.0000000000000000E+00   1.0000000000000000E+00   1.0000000000000000E+00   1.0000000000000000E+00   1.0000000000000000E+00
 1.0000000000000000E+00   1.0000000000000000E+00   1.0000000000000000E+00   1.0000000000000000E+00   1.0000000000000000E+00   1.0000000000000000E+00   1.0000000000000000E+00   1.0000000000000000E+00   1.0000000000000000E+00   1.0000000000000000E+00   1.0000000000000000E+00
 1.0000000000000000E+00   1.0000000000000000E+00   1.0000000000000000E+00   1.0000000000000000E+00   1.0000000000000000E+00   1.0000000000000000E+00   1.0000000000000000E+00   1.0000000000000000E+00   1.0000000000000000E+00   1.0000000000000000E+00   1.0000000000000000E+00
 1.0000000000000000E+00   1.0000000000000000E+00   1.0000000000000000E+00   1.0000000000000000E+00   1.0000000000000000E+00   1.0000000000000000E+00   1.0000000000000000E+00   1.0000000000000000E+00   1.0000000000000000E+00   1.0000000000000000E+00   1.0000000000000000E+00
 1.0000000000000000E+00   1.0000000000000000E+00   1.0000000000000000E+00   1.0000000000000000E+00   1.0000000000000000E+00   1.0000000000000000E+00   1.0000000000000000E+00   1.0000000000000000E+00   1.0000000000000000E+00   1.0000000000000000E+00   1.0000000000000000E+00
 1.0000000000000000E+00   1.0000000000000000E+00   1.0000000000000000E+00   1.0000000000000000E+00   1.0000000000000000E+00   1.0000000000000000E+00   1.0000000000000000E+00   1.0000000000000000E+00   1.0000000000000000E+00   1.0000000000000000E+00   1.0000000000000000E+00
 1.0000000000000000E+00   1.0000000000000000E+00   1.0000000000000000E+00   1.0000000000000000E+00   1.0000000000000000E+00   1.0000000000000000E+00   1.0000000000000000E+00   1.0000000000000000E+00   1.0000000000000000E+00   1.0000000000000000E+00   1.0000000000000000E+00
 1.0000000000000000E+00   1.0000000000000000E+00   1.0000000000000000E+00   1.0000000000000000E+00   1.0000000000000000E+00   1.0000000000000000E+00   1.0000000000000000E+00   1.0000000000000000E+00   1.0000000000000000E+00   1.0000000000000000E+00   1.0000000000000000E+00
 1.0000000000000000E+00   1.0000000000000000E+00   1.0000000000000000E+00   1.0000000000000000E+00   1.0000000000000000E+00   1.0000000000000000E+00   1.0000000000000000E+00   1.0000000000000000E+00   1.0000000000000000E+00   1.0000000000000000E+00   1.0000000000000000E+00
 1.0000000000000000E+00   1.0000000000000000E+00   1.0000000000000000E+00   1.0000000000000000E+00   1.0000000000000000E+00   1.0000000000000000E+00   1.0000000000000000E+00   1.0000000000000000E+00   1.0000000000000000E+00   1.0000000000000000E+00   1.0000000000000000E+00
 1.0000000000000000E+00   1.0000000000000000E+00   1.0000000000000000E+00   1.0000000000000000E+00   1.0000000000000000E+00   1.0000000000000000E+00   1.0000000000000000E+00   1.0000000000000000E+00   1.0000000000000000E+00   1.0000000000000000E+00   1.0000000000000000E+00
 1.0000000000000000E+00   1.0000000000000000E+00   1.0000000000000000E+00   1.0000000000000000E+00   1.0000000000000000E+00   1.0000000000000000E+00   1.0000000000000000E+00   1.0000000000000000E+00   1.0000000000000000E+00   1.0000000000000000E+00   1.0000000000000000E+00
 1.0000000000000000E+00   1.0000000000000000E+00   1.0000000000000000E+00   1.0000000000000000E+00   1.0000000000000000E+00   1.0000000000000000E+00   1.0000000000000000E+00   1.0000000000000000E+00   1.0000000000000000E+00   1.0000000000000000E+00   1.0000000000000000E+00
 1.0000000000000000E+00   1.0000000000000000E+00   1.0000000000000000E+00   1.0000000000000000E+00   1.0000000000000000E+00   1.0000000000000000E+00   1.0000000000000000E+00   1.0000000000000000E+00   1.0000000000000000E+00   1.0000000000000000E+00   1.0000000000000000E+00
 1.0000000000000000E+00   1.0000000000000000E+00   1.0000000000000000E+00   1.0000000000000000E+00   1.0000000000000000E+00   1.0000000000000000E+00   1.0000000000000000E+00   1.0000000000000000E+00   1.0000000000000000E+00   1.0000000000000000E+00   1.0000000000000000E+00
 1.0000000000000000E+00   1.0000000000000000E+00   1.0000000000000000E+00   1.0000000000000000E+00   1.0000000000000000E+00   1.0000000000000000E+00   1.0000000000000000E+00   1.0000000000000000E+00   1.0000000000000000E+00   1.0000000000000000E+00   1.0000000000000000E+00
 1.0000000000000000E+00   1.0000000000000000E+00   1.0000000000000000E+00   1.0000000000000000E+00   1.0000000000000000E+00   1.0000000000000000E+00   1.0000000000000000E+00   1.0000000000000000E+00   1.0000000000000000E+00   1.0000000000000000E+00   1.0000000000000000E+00
 1.0000000000000000E+00   1.0000000000000000E+00   1.0000000000000000E+00   1.0000000000000000E+00   1.0000000000000000E+00   1.0000000000000000E+00   1.0000000000000000E+00   1.0000000000000000E+00   1.0000000000000000E+00   1.0000000000000000E+00   1.0000000000000000E+00
 1.0000000000000000E+00   1.0000000000000000E+00   1.0000000000000000E+00   1.0000000000000000E+00   1.0000000000000000E+00   1.0000000000000000E+00   1.0000000000000000E+00   1.0000000000000000E+00   1.0000000000000000E+00   1.0000000000000000E+00   1.0000000000000000E+00
 1.0000000000000000E+00   1.0000000000000000E+00   1.0000000000000000E+00   1.0000000000000000E+00   1.0000000000000000E+00   1.0000000000000000E+00   1.0000000000000000E+00   1.0000000000000000E+00   1.0000000000000000E+00   1.0000000000000000E+00   1.0000000000000000E+00
 1.0000000000000000E+00   1.0000000000000000E+00   1.0000000000000000E+00   1.0000000000000000E+00   1.0000000000000000E+00   1.0000000000000000E+00   1.0000000000000000E+00   1.0000000000000000E+00   1.0000000000000000E+00   1.0000000000000000E+00   1.0000000000000000E+00
 1.0000000000000000E+00   1.0000000000000000E+00   1.0000000000000000E+00   1.0000000000000000E+00   1.0000000000000000E+00   1.0000000000000000E+00   1.0000000000000000E+00   1.0000000000000000E+00   1.0000000000000000E+00   1.0000000000000000E+00   1.0000000000000000E+00
 1.0000000000000000E+00   1.0000000000000000E+00   1.0000000000000000E+00   1.0000000000000000E+00   1.0000000000000000E+00   1.0000000000000000E+00   1.0000000000000000E+00   1.0000000000000000E+00   1.0000000000000000E+00   1.0000000000000000E+00   1.0000000000000000E+00
 1.0000000000000000E+00   1.0000000000000000E+00   1.0000000000000000E+00   1.0000000000000000E+00   1.0000000000000000E+00   1.0000000000000000E+00   1.0000000000000000E+00   1.0000000000000000E+00   1.0000000000000000E+00   1.0000000000000000E+00   1.0000000000000000E+00
 1.0000000000000000E+00   1.0000000000000000E+00   1.0000000000000000E+00   1.0000000000000000E+00   1.0000000000000000E+00   1.0000000000000000E+00   1.0000000000000000E+00   1.0000000000000000E+00   1.0000000000000000E+00   1.0000000000000000E+00   1.0000000000000000E+00
 1.0000000000000000E+00   1.0000000000000000E+00   1.0000000000000000E+00   1.0000000000000000E+00   1.0000000000000000E+00   1.0000000000000000E+00   1.0000000000000000E+00   1.0000000000000000E+00   1.0000000000000000E+00   1.0000000000000000E+00   1.0000000000000000E+00
 1.0000000000000000E+00   1.0000000000000000E+00   1.0000000000000000E+00   1.0000000000000000E+00   1.0000000000000000E+00   1.0000000000000000E+00   1.0000000000000000E+00   1.0000000000000000E+00   1.0000000000000000E+00   1.0000000000000000E+00   1.0000000000000000E+00
 1.0000000000000000E+00   1.0000000000000000E+00   1.0000000000000000E+00   1.0000000000000000E+00   1.0000000000000000E+00   1.0000000000000000E+00   1.0000000000000000E+00   1.0000000000000000E+00   1.0000000000000000E+00   1.0000000000000000E+00   1.0000000000000000E+00
 1.0000000000000000E+00   1.0000000000000000E+00   1.0000000000000000E+00   1.0000000000000000E+00   1.0000000000000000E+00   1.0000000000000000E+00   1.0000000000000000E+00   1.0000000000000000E+00   1.0000000000000000E+00   1.0000000000000000E+00   1.0000000000000000E+00
 1.0000000000000000E+00   1.0000000000000000E+00   1.0000000000000000E+00   1.0000000000000000E+00   1.0000000000000000E+00   1.0000000000000000E+00   1.0000000000000000E+00   1.0000000000000000E+00   1.0000000000000000E+00   1.0000000000000000E+00   1.0000000000000000E+00
 1.0000000000000000E+00   1.0000000000000000E+00   1.0000000000000000E+00   1.0000000000000000E+00   1.0000000000000000E+00   1.0000000000000000E+00   1.0000000000000000E+00   1.0000000000000000E+00   1.0000000000000000E+00   1.0000000000000000E+00   1.0000000000000000E+00
 1.0000000000000000E+00   1.0000000000000000E+00   1.0000000000000000E+00   1.0000000000000000E+00   1.0000000000000000E+00   1.0000000000000000E+00   1.0000000000000000E+00   1.0000000000000000E+00   1.0000000000000000E+00   1.0000000000000000E+00   1.0000000000000000E+00
 1.0000000000000000E+00   1.0000000000000000E+00   1.0000000000000000E+00   1.0000000000000000E+00   1.0000000000000000E+00   1.0000000000000000E+00   1.0000000000000000E+00   1.0000000000000000E+00   1.0000000000000000E+00   1.0000000000000000E+00   1.0000000000000000E+00
 1.0000000000000000E+00   1.0000000000000000E+00   1.0000000000000000E+00   1.0000000000000000E+00   1.0000000000000000E+00   1.0000000000000000E+00   1.0000000000000000E+00   1.0000000000000000E+00   1.0000000000000000E+00   1.0000000000000000E+00   1.0000000000000000E+00
 1.0000000000000000E+00   1.0000000000000000E+00   1.0000000000000000E+00   1.0000000000000000E+00   1.0000000000000000E+00   1.0000000000000000E+00   1.0000000000000000E+00   1.0000000000000000E+00   1.0000000000000000E+00   1.0000000000000000E+00   1.0000000000000000E+00
 1.0000000000000000E+00   1.0000000000000000E+00   1.0000000000000000E+00   1.0000000000000000E+00   1.0000000000000000E+00   1.0000000000000000E+00   1.0000000000000000E+00   1.0000000000000000E+00   1.0000000000000000E+00   1.0000000000000000E+00   1.0000000000000000E+00
 1.0000000000000000E+00   1.0000000000000000E+00   1.0000000000000000E+00   1.0000000000000000E+00   1.0000000000000000E+00   1.0000000000000000E+00   1.0000000000000000E+00   1.0000000000000000E+00   1.0000000000000000E+00   1.0000000000000000E+00   1.0000000000000000E+00
 1.0000000000000000E+00   1.0000000000000000E+00   1.0000000000000000E+00   1.0000000000000000E+00   1.0000000000000000E+00   1.0000000000000000E+00   1.0000000000000000E+00   1.0000000000000000E+00   1.0000000000000000E+00   1.0000000000000000E+00   1.0000000000000000E+00
 1.0000000000000000E+00   1.0000000000000000E+00   1.0000000000000000E+00   1.0000000000000000E+00   1.0000000000000000E+00   1.0000000000000000E+00   1.0000000000000000E+00   1.0000000000000000E+00   1.0000000000000000E+00   1.0000000000000000E+00   1.0000000000000000E+00
 1.0000000000000000E+00   1.0000000000000000E+00   1.0000000000000000E+00   1.0000000000000000E+00   1.0000000000000000E+00   1.0000000000000000E+00   1.0000000000000000E+00   1.0000000000000000E+00   1.0000000000000000E+00   1.0000000000000000E+00   1.0000000000000000E+00
 1.0000000000000000E+00   1.0000000000000000E+00   1.0000000000000000E+00   1.0000000000000000E+00   1.0000000000000000E+00   1.0000000000000000E+00   1.0000000000000000E+00   1.0000000000000000E+00   1.0000000000000000E+00   1.0000000000000000E+00   1.0000000000000000E+00
 1.0000000000000000E+00   1.0000000000000000E+00   1.0000000000000000E+00   1.0000000000000000E+00   1.0000000000000000E+00   1.0000000000000000E+00   1.0000000000000000E+00   1.0000000000000000E+00   1.0000000000000000E+00   1.0000000000000000E+00   1.0000000000000000E+00
 1.0000000000000000E+00   1.0000000000000000E+00   1.0000000000000000E+00   1.0000000000000000E+00   1.0000000000000000E+00   1.0000000000000000E+00   1.0000000000000000E+00   1.0000000000000000E+00   1.0000000000000000E+00   1.0000000000000000E+00   1.0000000000000000E+00
 1.0000000000000000E+00   1.0000000000000000E+00   1.0000000000000000E+00   1.0000000000000000E+00   1.0000000000000000E+00   1.0000000000000000E+00   1.0000000000000000E+00   1.0000000000000000E+00   1.0000000000000000E+00   1.0000000000000000E+00   1.0000000000000000E+00
 1.0000000000000000E+00   1.0000000000000000E+00   1.0000000000000000E+00   1.0000000000000000E+00   1.0000000000000000E+00   1.0000000000000000E+00   1.0000000000000000E+00   1.0000000000000000E+00   1.0000000000000000E+00   1.0000000000000000E+00   1.0000000000000000E+00
 1.0000000000000000E+00   1.0000000000000000E+00   1.0000000000000000E+00   1.0000000000000000E+00   1.0000000000000000E+00   1.0000000000000000E+00   1.0000000000000000E+00   1.0000000000000000E+00   1.0000000000000000E+00   1.0000000000000000E+00   1.0000000000000000E+00
 1.0000000000000000E+00   1.0000000000000000E+00   1.0000000000000000E+00   1.0000000000000000E+00   1.0000000000000000E+00   1.0000000000000000E+00   1.0000000000000000E+00   1.0000000000000000E+00   1.0000000000000000E+00   1.0000000000000000E+00   1.0000000000000000E+00
 1.0000000000000000E+00   1.0000000000000000E+00   1.0000000000000000E+00   1.0000000000000000E+00   1.0000000000000000E+00   1.0000000000000000E+00   1.0000000000000000E+00   1.0000000000000000E+00   1.0000000000000000E+00   1.0000000000000000E+00   1.0000000000000000E+00
 1.0000000000000000E+00   1.0000000000000000E+00   1.0000000000000000E+00   1.0000000000000000E+00   1.0000000000000000E+00   1.0000000000000000E+00   1.0000000000000000E+00   1.0000000000000000E+00   1.0000000000000000E+00   1.0000000000000000E+00   1.0000000000000000E+00
 1.0000000000000000E+00   1.0000000000000000E+00   1.0000000000000000E+00   1.0000000000000000E+00   1.0000000000000000E+00   1.0000000000000000E+00   1.0000000000000000E+00   1.0000000000000000E+00   1.0000000000000000E+00   1.0000000000000000E+00   1.0000000000000000E+00
 1.0000000000000000E+00   1.0000000000000000E+00   1.0000000000000000E+00   1.0000000000000000E+00   1.0000000000000000E+00   1.0000000000000000E+00   1.0000000000000000E+00   1.0000000000000000E+00   1.0000000000000000E+00   1.0000000000000000E+00   1.0000000000000000E+00
 1.0000000000000000E+00   1.0000000000000000E+00   1.0000000000000000E+00   1.0000000000000000E+00   1.0000000000000000E+00   1.0000000000000000E+00   1.0000000000000000E+00   1.0000000000000000E+00   1.0000000000000000E+00   1.0000000000000000E+00   1.0000000000000000E+00
 1.0000000000000000E+00   1.0000000000000000E+00   1.0000000000000000E+00   1.0000000000000000E+00   1.0000000000000000E+00   1.0000000000000000E+00   1.0000000000000000E+00   1.0000000000000000E+00   1.0000000000000000E+00   1.0000000000000000E+00   1.0000000000000000E+00
 1.0000000000000000E+00   1.0000000000000000E+00   1.0000000000000000E+00   1.0000000000000000E+00   1.0000000000000000E+00   1.0000000000000000E+00   1.0000000000000000E+00   1.0000000000000000E+00   1.0000000000000000E+00   1.0000000000000000E+00   1.0000000000000000E+00
 1.0000000000000000E+00   1.0000000000000000E+00   1.0000000000000000E+00   1.0000000000000000E+00   1.0000000000000000E+00   1.0000000000000000E+00   1.0000000000000000E+00   1.0000000000000000E+00   1.0000000000000000E+00   1.0000000000000000E+00   1.0000000000000000E+00
 1.0000000000000000E+00   1.0000000000000000E+00   1.0000000000000000E+00   1.0000000000000000E+00   1.0000000000000000E+00   1.0000000000000000E+00   1.0000000000000000E+00   1.0000000000000000E+00   1.0000000000000000E+00   1.0000000000000000E+00   1.0000000000000000E+00
 1.0000000000000000E+00   1.0000000000000000E+00   1.0000000000000000E+00   1.0000000000000000E+00   1.0000000000000000E+00   1.0000000000000000E+00   1.0000000000000000E+00   1.0000000000000000E+00   1.0000000000000000E+00   1.0000000000000000E+00   1.0000000000000000E+00
 1.0000000000000000E+00   1.0000000000000000E+00   1.0000000000000000E+00   1.0000000000000000E+00   1.0000000000000000E+00   1.0000000000000000E+00   1.0000000000000000E+00   1.0000000000000000E+00   1.0000000000000000E+00   1.0000000000000000E+00   1.0000000000000000E+00
 1.0000000000000000E+00   1.0000000000000000E+00   1.0000000000000000E+00   1.0000000000000000E+00   1.0000000000000000E+00   1.0000000000000000E+00   1.0000000000000000E+00   1.0000000000000000E+00   1.0000000000000000E+00   1.0000000000000000E+00   1.0000000000000000E+00
 1.0000000000000000E+00   1.0000000000000000E+00   1.0000000000000000E+00   1.0000000000000000E+00   1.0000000000000000E+00   1.0000000000000000E+00   1.0000000000000000E+00   1.0000000000000000E+00   1.0000000000000000E+00   1.0000000000000000E+00   1.0000000000000000E+00
 1.0000000000000000E+00   1.0000000000000000E+00   1.0000000000000000E+00   1.0000000000000000E+00   1.0000000000000000E+00   1.0000000000000000E+00   1.0000000000000000E+00   1.0000000000000000E+00   1.0000000000000000E+00   1.0000000000000000E+00   1.0000000000000000E+00
 1.0000000000000000E+00   1.0000000000000000E+00   1.0000000000000000E+00   1.0000000000000000E+00   1.0000000000000000E+00   1.0000000000000000E+00   1.0000000000000000E+00   1.0000000000000000E+00   1.0000000000000000E+00   1.0000000000000000E+00   1.0000000000000000E+00
 1.0000000000000000E+00   1.0000000000000000E+00   1.0000000000000000E+00   1.0000000000000000E+00   1.0000000000000000E+00   1.0000000000000000E+00   1.0000000000000000E+00   1.0000000000000000E+00   1.0000000000000000E+00   1.0000000000000000E+00   1.0000000000000000E+00
 1.0000000000000000E+00   1.0000000000000000E+00   1.0000000000000000E+00   1.0000000000000000E+00   1.0000000000000000E+00   1.0000000000000000E+00   1.0000000000000000E+00   1.0000000000000000E+00   1.0000000000000000E+00   1.0000000000000000E+00   1.0000000000000000E+00
 1.0000000000000000E+00   1.0000000000000000E+00   1.0000000000000000E+00   1.0000000000000000E+00   1.0000000000000000E+00   1.0000000000000000E+00   1.0000000000000000E+00   1.0000000000000000E+00   1.0000000000000000E+00   1.0000000000000000E+00   1.0000000000000000E+00
 1.0000000000000000E+00   1.0000000000000000E+00   1.0000000000000000E+00   1.0000000000000000E+00   1.0000000000000000E+00   1.0000000000000000E+00   1.0000000000000000E+00   1.0000000000000000E+00   1.0000000000000000E+00   1.0000000000000000E+00   1.0000000000000000E+00
 1.0000000000000000E+00   1.0000000000000000E+00   1.0000000000000000E+00   1.0000000000000000E+00   1.0000000000000000E+00   1.0000000000000000E+00   1.0000000000000000E+00   1.0000000000000000E+00   1.0000000000000000E+00   1.0000000000000000E+00   1.0000000000000000E+00
 1.0000000000000000E+00   1.0000000000000000E+00   1.0000000000000000E+00   1.0000000000000000E+00   1.0000000000000000E+00   1.0000000000000000E+00   1.0000000000000000E+00   1.0000000000000000E+00   1.0000000000000000E+00   1.0000000000000000E+00   1.0000000000000000E+00
 1.0000000000000000E+00   1.0000000000000000E+00   1.0000000000000000E+00   1.0000000000000000E+00   1.0000000000000000E+00   1.0000000000000000E+00   1.0000000000000000E+00   1.0000000000000000E+00   1.0000000000000000E+00   1.0000000000000000E+00   1.0000000000000000E+00
 1.0000000000000000E+00   1.0000000000000000E+00   1.0000000000000000E+00   1.0000000000000000E+00   1.0000000000000000E+00   1.0000000000000000E+00   1.0000000000000000E+00   1.0000000000000000E+00   1.0000000000000000E+00   1.0000000000000000E+00   1.0000000000000000E+00
 1.0000000000000000E+00   1.0000000000000000E+00   1.0000000000000000E+00   1.0000000000000000E+00   1.0000000000000000E+00
