 VARIABLES = X, Y, RHO, U, V, T, P, QX, QY, radius, radius-0, RHO-0,error
ZONE I =   41, J =   41, DATAPACKING=BLOCK,VARLOCATION=([3-13]=CELLCENTERED)
 0.0000000000000000E+00   2.5000000000000001E-03   5.0000000000000001E-03   7.4999999999999997E-03   1.0000000000000000E-02   1.2500000000000001E-02   1.4999999999999999E-02   1.7500000000000002E-02   2.0000000000000000E-02   2.2499999999999999E-02   2.5000000000000001E-02
 2.7500000000000000E-02   2.9999999999999999E-02   3.2500000000000001E-02   3.5000000000000003E-02   3.7499999999999999E-02   4.0000000000000001E-02   4.2500000000000003E-02   4.4999999999999998E-02   4.7500000000000001E-02   5.0000000000000003E-02   5.2499999999999998E-02
 5.5000000000000000E-02   5.7500000000000002E-02   5.9999999999999998E-02   6.2500000000000000E-02   6.5000000000000002E-02   6.7500000000000004E-02   7.0000000000000007E-02   7.2499999999999995E-02   7.4999999999999997E-02   7.7499999999999999E-02   8.0000000000000002E-02
 8.2500000000000004E-02   8.5000000000000006E-02   8.7500000000000008E-02   8.9999999999999997E-02   9.2499999999999999E-02   9.5000000000000001E-02   9.7500000000000003E-02   1.0000000000000001E-01   0.0000000000000000E+00   2.5000000000000001E-03   5.0000000000000001E-03
 7.4999999999999997E-03   1.0000000000000000E-02   1.2500000000000001E-02   1.4999999999999999E-02   1.7500000000000002E-02   2.0000000000000000E-02   2.2499999999999999E-02   2.5000000000000001E-02   2.7500000000000000E-02   2.9999999999999999E-02   3.2500000000000001E-02
 3.5000000000000003E-02   3.7499999999999999E-02   4.0000000000000001E-02   4.2500000000000003E-02   4.4999999999999998E-02   4.7500000000000001E-02   5.0000000000000003E-02   5.2499999999999998E-02   5.5000000000000000E-02   5.7500000000000002E-02   5.9999999999999998E-02
 6.2500000000000000E-02   6.5000000000000002E-02   6.7500000000000004E-02   7.0000000000000007E-02   7.2499999999999995E-02   7.4999999999999997E-02   7.7499999999999999E-02   8.0000000000000002E-02   8.2500000000000004E-02   8.5000000000000006E-02   8.7500000000000008E-02
 8.9999999999999997E-02   9.2499999999999999E-02   9.5000000000000001E-02   9.7500000000000003E-02   1.0000000000000001E-01   0.0000000000000000E+00   2.5000000000000001E-03   5.0000000000000001E-03   7.4999999999999997E-03   1.0000000000000000E-02   1.2500000000000001E-02
 1.4999999999999999E-02   1.7500000000000002E-02   2.0000000000000000E-02   2.2499999999999999E-02   2.5000000000000001E-02   2.7500000000000000E-02   2.9999999999999999E-02   3.2500000000000001E-02   3.5000000000000003E-02   3.7499999999999999E-02   4.0000000000000001E-02
 4.2500000000000003E-02   4.4999999999999998E-02   4.7500000000000001E-02   5.0000000000000003E-02   5.2499999999999998E-02   5.5000000000000000E-02   5.7500000000000002E-02   5.9999999999999998E-02   6.2500000000000000E-02   6.5000000000000002E-02   6.7500000000000004E-02
 7.0000000000000007E-02   7.2499999999999995E-02   7.4999999999999997E-02   7.7499999999999999E-02   8.0000000000000002E-02   8.2500000000000004E-02   8.5000000000000006E-02   8.7500000000000008E-02   8.9999999999999997E-02   9.2499999999999999E-02   9.5000000000000001E-02
 9.7500000000000003E-02   1.0000000000000001E-01   0.0000000000000000E+00   2.5000000000000001E-03   5.0000000000000001E-03   7.4999999999999997E-03   1.0000000000000000E-02   1.2500000000000001E-02   1.4999999999999999E-02   1.7500000000000002E-02   2.0000000000000000E-02
 2.2499999999999999E-02   2.5000000000000001E-02   2.7500000000000000E-02   2.9999999999999999E-02   3.2500000000000001E-02   3.5000000000000003E-02   3.7499999999999999E-02   4.0000000000000001E-02   4.2500000000000003E-02   4.4999999999999998E-02   4.7500000000000001E-02
 5.0000000000000003E-02   5.2499999999999998E-02   5.5000000000000000E-02   5.7500000000000002E-02   5.9999999999999998E-02   6.2500000000000000E-02   6.5000000000000002E-02   6.7500000000000004E-02   7.0000000000000007E-02   7.2499999999999995E-02   7.4999999999999997E-02
 7.7499999999999999E-02   8.0000000000000002E-02   8.2500000000000004E-02   8.5000000000000006E-02   8.7500000000000008E-02   8.9999999999999997E-02   9.2499999999999999E-02   9.5000000000000001E-02   9.7500000000000003E-02   1.0000000000000001E-01   0.0000000000000000E+00
 2.5000000000000001E-03   5.0000000000000001E-03   7.4999999999999997E-03   1.0000000000000000E-02   1.2500000000000001E-02   1.4999999999999999E-02   1.7500000000000002E-02   2.0000000000000000E-02   2.2499999999999999E-02   2.5000000000000001E-02   2.7500000000000000E-02
 2.9999999999999999E-02   3.2500000000000001E-02   3.5000000000000003E-02   3.7499999999999999E-02   4.0000000000000001E-02   4.2500000000000003E-02   4.4999999999999998E-02   4.7500000000000001E-02   5.0000000000000003E-02   5.2499999999999998E-02   5.5000000000000000E-02
 5.7500000000000002E-02   5.9999999999999998E-02   6.2500000000000000E-02   6.5000000000000002E-02   6.7500000000000004E-02   7.0000000000000007E-02   7.2499999999999995E-02   7.4999999999999997E-02   7.7499999999999999E-02   8.0000000000000002E-02   8.2500000000000004E-02
 8.5000000000000006E-02   8.7500000000000008E-02   8.9999999999999997E-02   9.2499999999999999E-02   9.5000000000000001E-02   9.7500000000000003E-02   1.0000000000000001E-01   0.0000000000000000E+00   2.5000000000000001E-03   5.0000000000000001E-03   7.4999999999999997E-03
 1.0000000000000000E-02   1.2500000000000001E-02   1.4999999999999999E-02   1.7500000000000002E-02   2.0000000000000000E-02   2.2499999999999999E-02   2.5000000000000001E-02   2.7500000000000000E-02   2.9999999999999999E-02   3.2500000000000001E-02   3.5000000000000003E-02
 3.7499999999999999E-02   4.0000000000000001E-02   4.2500000000000003E-02   4.4999999999999998E-02   4.7500000000000001E-02   5.0000000000000003E-02   5.2499999999999998E-02   5.5000000000000000E-02   5.7500000000000002E-02   5.9999999999999998E-02   6.2500000000000000E-02
 6.5000000000000002E-02   6.7500000000000004E-02   7.0000000000000007E-02   7.2499999999999995E-02   7.4999999999999997E-02   7.7499999999999999E-02   8.0000000000000002E-02   8.2500000000000004E-02   8.5000000000000006E-02   8.7500000000000008E-02   8.9999999999999997E-02
 9.2499999999999999E-02   9.5000000000000001E-02   9.7500000000000003E-02   1.0000000000000001E-01   0.0000000000000000E+00   2.5000000000000001E-03   5.0000000000000001E-03   7.4999999999999997E-03   1.0000000000000000E-02   1.2500000000000001E-02   1.4999999999999999E-02
 1.7500000000000002E-02   2.0000000000000000E-02   2.2499999999999999E-02   2.5000000000000001E-02   2.7500000000000000E-02   2.9999999999999999E-02   3.2500000000000001E-02   3.5000000000000003E-02   3.7499999999999999E-02   4.0000000000000001E-02   4.2500000000000003E-02
 4.4999999999999998E-02   4.7500000000000001E-02   5.0000000000000003E-02   5.2499999999999998E-02   5.5000000000000000E-02   5.7500000000000002E-02   5.9999999999999998E-02   6.2500000000000000E-02   6.5000000000000002E-02   6.7500000000000004E-02   7.0000000000000007E-02
 7.2499999999999995E-02   7.4999999999999997E-02   7.7499999999999999E-02   8.0000000000000002E-02   8.2500000000000004E-02   8.5000000000000006E-02   8.7500000000000008E-02   8.9999999999999997E-02   9.2499999999999999E-02   9.5000000000000001E-02   9.7500000000000003E-02
 1.0000000000000001E-01   0.0000000000000000E+00   2.5000000000000001E-03   5.0000000000000001E-03   7.4999999999999997E-03   1.0000000000000000E-02   1.2500000000000001E-02   1.4999999999999999E-02   1.7500000000000002E-02   2.0000000000000000E-02   2.2499999999999999E-02
 2.5000000000000001E-02   2.7500000000000000E-02   2.9999999999999999E-02   3.2500000000000001E-02   3.5000000000000003E-02   3.7499999999999999E-02   4.0000000000000001E-02   4.2500000000000003E-02   4.4999999999999998E-02   4.7500000000000001E-02   5.0000000000000003E-02
 5.2499999999999998E-02   5.5000000000000000E-02   5.7500000000000002E-02   5.9999999999999998E-02   6.2500000000000000E-02   6.5000000000000002E-02   6.7500000000000004E-02   7.0000000000000007E-02   7.2499999999999995E-02   7.4999999999999997E-02   7.7499999999999999E-02
 8.0000000000000002E-02   8.2500000000000004E-02   8.5000000000000006E-02   8.7500000000000008E-02   8.9999999999999997E-02   9.2499999999999999E-02   9.5000000000000001E-02   9.7500000000000003E-02   1.0000000000000001E-01   0.0000000000000000E+00   2.5000000000000001E-03
 5.0000000000000001E-03   7.4999999999999997E-03   1.0000000000000000E-02   1.2500000000000001E-02   1.4999999999999999E-02   1.7500000000000002E-02   2.0000000000000000E-02   2.2499999999999999E-02   2.5000000000000001E-02   2.7500000000000000E-02   2.9999999999999999E-02
 3.2500000000000001E-02   3.5000000000000003E-02   3.7499999999999999E-02   4.0000000000000001E-02   4.2500000000000003E-02   4.4999999999999998E-02   4.7500000000000001E-02   5.0000000000000003E-02   5.2499999999999998E-02   5.5000000000000000E-02   5.7500000000000002E-02
 5.9999999999999998E-02   6.2500000000000000E-02   6.5000000000000002E-02   6.7500000000000004E-02   7.0000000000000007E-02   7.2499999999999995E-02   7.4999999999999997E-02   7.7499999999999999E-02   8.0000000000000002E-02   8.2500000000000004E-02   8.5000000000000006E-02
 8.7500000000000008E-02   8.9999999999999997E-02   9.2499999999999999E-02   9.5000000000000001E-02   9.7500000000000003E-02   1.0000000000000001E-01   0.0000000000000000E+00   2.5000000000000001E-03   5.0000000000000001E-03   7.4999999999999997E-03   1.0000000000000000E-02
 1.2500000000000001E-02   1.4999999999999999E-02   1.7500000000000002E-02   2.0000000000000000E-02   2.2499999999999999E-02   2.5000000000000001E-02   2.7500000000000000E-02   2.9999999999999999E-02   3.2500000000000001E-02   3.5000000000000003E-02   3.7499999999999999E-02
 4.0000000000000001E-02   4.2500000000000003E-02   4.4999999999999998E-02   4.7500000000000001E-02   5.0000000000000003E-02   5.2499999999999998E-02   5.5000000000000000E-02   5.7500000000000002E-02   5.9999999999999998E-02   6.2500000000000000E-02   6.5000000000000002E-02
 6.7500000000000004E-02   7.0000000000000007E-02   7.2499999999999995E-02   7.4999999999999997E-02   7.7499999999999999E-02   8.0000000000000002E-02   8.2500000000000004E-02   8.5000000000000006E-02   8.7500000000000008E-02   8.9999999999999997E-02   9.2499999999999999E-02
 9.5000000000000001E-02   9.7500000000000003E-02   1.0000000000000001E-01   0.0000000000000000E+00   2.5000000000000001E-03   5.0000000000000001E-03   7.4999999999999997E-03   1.0000000000000000E-02   1.2500000000000001E-02   1.4999999999999999E-02   1.7500000000000002E-02
 2.0000000000000000E-02   2.2499999999999999E-02   2.5000000000000001E-02   2.7500000000000000E-02   2.9999999999999999E-02   3.2500000000000001E-02   3.5000000000000003E-02   3.7499999999999999E-02   4.0000000000000001E-02   4.2500000000000003E-02   4.4999999999999998E-02
 4.7500000000000001E-02   5.0000000000000003E-02   5.2499999999999998E-02   5.5000000000000000E-02   5.7500000000000002E-02   5.9999999999999998E-02   6.2500000000000000E-02   6.5000000000000002E-02   6.7500000000000004E-02   7.0000000000000007E-02   7.2499999999999995E-02
 7.4999999999999997E-02   7.7499999999999999E-02   8.0000000000000002E-02   8.2500000000000004E-02   8.5000000000000006E-02   8.7500000000000008E-02   8.9999999999999997E-02   9.2499999999999999E-02   9.5000000000000001E-02   9.7500000000000003E-02   1.0000000000000001E-01
 0.0000000000000000E+00   2.5000000000000001E-03   5.0000000000000001E-03   7.4999999999999997E-03   1.0000000000000000E-02   1.2500000000000001E-02   1.4999999999999999E-02   1.7500000000000002E-02   2.0000000000000000E-02   2.2499999999999999E-02   2.5000000000000001E-02
 2.7500000000000000E-02   2.9999999999999999E-02   3.2500000000000001E-02   3.5000000000000003E-02   3.7499999999999999E-02   4.0000000000000001E-02   4.2500000000000003E-02   4.4999999999999998E-02   4.7500000000000001E-02   5.0000000000000003E-02   5.2499999999999998E-02
 5.5000000000000000E-02   5.7500000000000002E-02   5.9999999999999998E-02   6.2500000000000000E-02   6.5000000000000002E-02   6.7500000000000004E-02   7.0000000000000007E-02   7.2499999999999995E-02   7.4999999999999997E-02   7.7499999999999999E-02   8.0000000000000002E-02
 8.2500000000000004E-02   8.5000000000000006E-02   8.7500000000000008E-02   8.9999999999999997E-02   9.2499999999999999E-02   9.5000000000000001E-02   9.7500000000000003E-02   1.0000000000000001E-01   0.0000000000000000E+00   2.5000000000000001E-03   5.0000000000000001E-03
 7.4999999999999997E-03   1.0000000000000000E-02   1.2500000000000001E-02   1.4999999999999999E-02   1.7500000000000002E-02   2.0000000000000000E-02   2.2499999999999999E-02   2.5000000000000001E-02   2.7500000000000000E-02   2.9999999999999999E-02   3.2500000000000001E-02
 3.5000000000000003E-02   3.7499999999999999E-02   4.0000000000000001E-02   4.2500000000000003E-02   4.4999999999999998E-02   4.7500000000000001E-02   5.0000000000000003E-02   5.2499999999999998E-02   5.5000000000000000E-02   5.7500000000000002E-02   5.9999999999999998E-02
 6.2500000000000000E-02   6.5000000000000002E-02   6.7500000000000004E-02   7.0000000000000007E-02   7.2499999999999995E-02   7.4999999999999997E-02   7.7499999999999999E-02   8.0000000000000002E-02   8.2500000000000004E-02   8.5000000000000006E-02   8.7500000000000008E-02
 8.9999999999999997E-02   9.2499999999999999E-02   9.5000000000000001E-02   9.7500000000000003E-02   1.0000000000000001E-01   0.0000000000000000E+00   2.5000000000000001E-03   5.0000000000000001E-03   7.4999999999999997E-03   1.0000000000000000E-02   1.2500000000000001E-02
 1.4999999999999999E-02   1.7500000000000002E-02   2.0000000000000000E-02   2.2499999999999999E-02   2.5000000000000001E-02   2.7500000000000000E-02   2.9999999999999999E-02   3.2500000000000001E-02   3.5000000000000003E-02   3.7499999999999999E-02   4.0000000000000001E-02
 4.2500000000000003E-02   4.4999999999999998E-02   4.7500000000000001E-02   5.0000000000000003E-02   5.2499999999999998E-02   5.5000000000000000E-02   5.7500000000000002E-02   5.9999999999999998E-02   6.2500000000000000E-02   6.5000000000000002E-02   6.7500000000000004E-02
 7.0000000000000007E-02   7.2499999999999995E-02   7.4999999999999997E-02   7.7499999999999999E-02   8.0000000000000002E-02   8.2500000000000004E-02   8.5000000000000006E-02   8.7500000000000008E-02   8.9999999999999997E-02   9.2499999999999999E-02   9.5000000000000001E-02
 9.7500000000000003E-02   1.0000000000000001E-01   0.0000000000000000E+00   2.5000000000000001E-03   5.0000000000000001E-03   7.4999999999999997E-03   1.0000000000000000E-02   1.2500000000000001E-02   1.4999999999999999E-02   1.7500000000000002E-02   2.0000000000000000E-02
 2.2499999999999999E-02   2.5000000000000001E-02   2.7500000000000000E-02   2.9999999999999999E-02   3.2500000000000001E-02   3.5000000000000003E-02   3.7499999999999999E-02   4.0000000000000001E-02   4.2500000000000003E-02   4.4999999999999998E-02   4.7500000000000001E-02
 5.0000000000000003E-02   5.2499999999999998E-02   5.5000000000000000E-02   5.7500000000000002E-02   5.9999999999999998E-02   6.2500000000000000E-02   6.5000000000000002E-02   6.7500000000000004E-02   7.0000000000000007E-02   7.2499999999999995E-02   7.4999999999999997E-02
 7.7499999999999999E-02   8.0000000000000002E-02   8.2500000000000004E-02   8.5000000000000006E-02   8.7500000000000008E-02   8.9999999999999997E-02   9.2499999999999999E-02   9.5000000000000001E-02   9.7500000000000003E-02   1.0000000000000001E-01   0.0000000000000000E+00
 2.5000000000000001E-03   5.0000000000000001E-03   7.4999999999999997E-03   1.0000000000000000E-02   1.2500000000000001E-02   1.4999999999999999E-02   1.7500000000000002E-02   2.0000000000000000E-02   2.2499999999999999E-02   2.5000000000000001E-02   2.7500000000000000E-02
 2.9999999999999999E-02   3.2500000000000001E-02   3.5000000000000003E-02   3.7499999999999999E-02   4.0000000000000001E-02   4.2500000000000003E-02   4.4999999999999998E-02   4.7500000000000001E-02   5.0000000000000003E-02   5.2499999999999998E-02   5.5000000000000000E-02
 5.7500000000000002E-02   5.9999999999999998E-02   6.2500000000000000E-02   6.5000000000000002E-02   6.7500000000000004E-02   7.0000000000000007E-02   7.2499999999999995E-02   7.4999999999999997E-02   7.7499999999999999E-02   8.0000000000000002E-02   8.2500000000000004E-02
 8.5000000000000006E-02   8.7500000000000008E-02   8.9999999999999997E-02   9.2499999999999999E-02   9.5000000000000001E-02   9.7500000000000003E-02   1.0000000000000001E-01   0.0000000000000000E+00   2.5000000000000001E-03   5.0000000000000001E-03   7.4999999999999997E-03
 1.0000000000000000E-02   1.2500000000000001E-02   1.4999999999999999E-02   1.7500000000000002E-02   2.0000000000000000E-02   2.2499999999999999E-02   2.5000000000000001E-02   2.7500000000000000E-02   2.9999999999999999E-02   3.2500000000000001E-02   3.5000000000000003E-02
 3.7499999999999999E-02   4.0000000000000001E-02   4.2500000000000003E-02   4.4999999999999998E-02   4.7500000000000001E-02   5.0000000000000003E-02   5.2499999999999998E-02   5.5000000000000000E-02   5.7500000000000002E-02   5.9999999999999998E-02   6.2500000000000000E-02
 6.5000000000000002E-02   6.7500000000000004E-02   7.0000000000000007E-02   7.2499999999999995E-02   7.4999999999999997E-02   7.7499999999999999E-02   8.0000000000000002E-02   8.2500000000000004E-02   8.5000000000000006E-02   8.7500000000000008E-02   8.9999999999999997E-02
 9.2499999999999999E-02   9.5000000000000001E-02   9.7500000000000003E-02   1.0000000000000001E-01   0.0000000000000000E+00   2.5000000000000001E-03   5.0000000000000001E-03   7.4999999999999997E-03   1.0000000000000000E-02   1.2500000000000001E-02   1.4999999999999999E-02
 1.7500000000000002E-02   2.0000000000000000E-02   2.2499999999999999E-02   2.5000000000000001E-02   2.7500000000000000E-02   2.9999999999999999E-02   3.2500000000000001E-02   3.5000000000000003E-02   3.7499999999999999E-02   4.0000000000000001E-02   4.2500000000000003E-02
 4.4999999999999998E-02   4.7500000000000001E-02   5.0000000000000003E-02   5.2499999999999998E-02   5.5000000000000000E-02   5.7500000000000002E-02   5.9999999999999998E-02   6.2500000000000000E-02   6.5000000000000002E-02   6.7500000000000004E-02   7.0000000000000007E-02
 7.2499999999999995E-02   7.4999999999999997E-02   7.7499999999999999E-02   8.0000000000000002E-02   8.2500000000000004E-02   8.5000000000000006E-02   8.7500000000000008E-02   8.9999999999999997E-02   9.2499999999999999E-02   9.5000000000000001E-02   9.7500000000000003E-02
 1.0000000000000001E-01   0.0000000000000000E+00   2.5000000000000001E-03   5.0000000000000001E-03   7.4999999999999997E-03   1.0000000000000000E-02   1.2500000000000001E-02   1.4999999999999999E-02   1.7500000000000002E-02   2.0000000000000000E-02   2.2499999999999999E-02
 2.5000000000000001E-02   2.7500000000000000E-02   2.9999999999999999E-02   3.2500000000000001E-02   3.5000000000000003E-02   3.7499999999999999E-02   4.0000000000000001E-02   4.2500000000000003E-02   4.4999999999999998E-02   4.7500000000000001E-02   5.0000000000000003E-02
 5.2499999999999998E-02   5.5000000000000000E-02   5.7500000000000002E-02   5.9999999999999998E-02   6.2500000000000000E-02   6.5000000000000002E-02   6.7500000000000004E-02   7.0000000000000007E-02   7.2499999999999995E-02   7.4999999999999997E-02   7.7499999999999999E-02
 8.0000000000000002E-02   8.2500000000000004E-02   8.5000000000000006E-02   8.7500000000000008E-02   8.9999999999999997E-02   9.2499999999999999E-02   9.5000000000000001E-02   9.7500000000000003E-02   1.0000000000000001E-01   0.0000000000000000E+00   2.5000000000000001E-03
 5.0000000000000001E-03   7.4999999999999997E-03   1.0000000000000000E-02   1.2500000000000001E-02   1.4999999999999999E-02   1.7500000000000002E-02   2.0000000000000000E-02   2.2499999999999999E-02   2.5000000000000001E-02   2.7500000000000000E-02   2.9999999999999999E-02
 3.2500000000000001E-02   3.5000000000000003E-02   3.7499999999999999E-02   4.0000000000000001E-02   4.2500000000000003E-02   4.4999999999999998E-02   4.7500000000000001E-02   5.0000000000000003E-02   5.2499999999999998E-02   5.5000000000000000E-02   5.7500000000000002E-02
 5.9999999999999998E-02   6.2500000000000000E-02   6.5000000000000002E-02   6.7500000000000004E-02   7.0000000000000007E-02   7.2499999999999995E-02   7.4999999999999997E-02   7.7499999999999999E-02   8.0000000000000002E-02   8.2500000000000004E-02   8.5000000000000006E-02
 8.7500000000000008E-02   8.9999999999999997E-02   9.2499999999999999E-02   9.5000000000000001E-02   9.7500000000000003E-02   1.0000000000000001E-01   0.0000000000000000E+00   2.5000000000000001E-03   5.0000000000000001E-03   7.4999999999999997E-03   1.0000000000000000E-02
 1.2500000000000001E-02   1.4999999999999999E-02   1.7500000000000002E-02   2.0000000000000000E-02   2.2499999999999999E-02   2.5000000000000001E-02   2.7500000000000000E-02   2.9999999999999999E-02   3.2500000000000001E-02   3.5000000000000003E-02   3.7499999999999999E-02
 4.0000000000000001E-02   4.2500000000000003E-02   4.4999999999999998E-02   4.7500000000000001E-02   5.0000000000000003E-02   5.2499999999999998E-02   5.5000000000000000E-02   5.7500000000000002E-02   5.9999999999999998E-02   6.2500000000000000E-02   6.5000000000000002E-02
 6.7500000000000004E-02   7.0000000000000007E-02   7.2499999999999995E-02   7.4999999999999997E-02   7.7499999999999999E-02   8.0000000000000002E-02   8.2500000000000004E-02   8.5000000000000006E-02   8.7500000000000008E-02   8.9999999999999997E-02   9.2499999999999999E-02
 9.5000000000000001E-02   9.7500000000000003E-02   1.0000000000000001E-01   0.0000000000000000E+00   2.5000000000000001E-03   5.0000000000000001E-03   7.4999999999999997E-03   1.0000000000000000E-02   1.2500000000000001E-02   1.4999999999999999E-02   1.7500000000000002E-02
 2.0000000000000000E-02   2.2499999999999999E-02   2.5000000000000001E-02   2.7500000000000000E-02   2.9999999999999999E-02   3.2500000000000001E-02   3.5000000000000003E-02   3.7499999999999999E-02   4.0000000000000001E-02   4.2500000000000003E-02   4.4999999999999998E-02
 4.7500000000000001E-02   5.0000000000000003E-02   5.2499999999999998E-02   5.5000000000000000E-02   5.7500000000000002E-02   5.9999999999999998E-02   6.2500000000000000E-02   6.5000000000000002E-02   6.7500000000000004E-02   7.0000000000000007E-02   7.2499999999999995E-02
 7.4999999999999997E-02   7.7499999999999999E-02   8.0000000000000002E-02   8.2500000000000004E-02   8.5000000000000006E-02   8.7500000000000008E-02   8.9999999999999997E-02   9.2499999999999999E-02   9.5000000000000001E-02   9.7500000000000003E-02   1.0000000000000001E-01
 0.0000000000000000E+00   2.5000000000000001E-03   5.0000000000000001E-03   7.4999999999999997E-03   1.0000000000000000E-02   1.2500000000000001E-02   1.4999999999999999E-02   1.7500000000000002E-02   2.0000000000000000E-02   2.2499999999999999E-02   2.5000000000000001E-02
 2.7500000000000000E-02   2.9999999999999999E-02   3.2500000000000001E-02   3.5000000000000003E-02   3.7499999999999999E-02   4.0000000000000001E-02   4.2500000000000003E-02   4.4999999999999998E-02   4.7500000000000001E-02   5.0000000000000003E-02   5.2499999999999998E-02
 5.5000000000000000E-02   5.7500000000000002E-02   5.9999999999999998E-02   6.2500000000000000E-02   6.5000000000000002E-02   6.7500000000000004E-02   7.0000000000000007E-02   7.2499999999999995E-02   7.4999999999999997E-02   7.7499999999999999E-02   8.0000000000000002E-02
 8.2500000000000004E-02   8.5000000000000006E-02   8.7500000000000008E-02   8.9999999999999997E-02   9.2499999999999999E-02   9.5000000000000001E-02   9.7500000000000003E-02   1.0000000000000001E-01   0.0000000000000000E+00   2.5000000000000001E-03   5.0000000000000001E-03
 7.4999999999999997E-03   1.0000000000000000E-02   1.2500000000000001E-02   1.4999999999999999E-02   1.7500000000000002E-02   2.0000000000000000E-02   2.2499999999999999E-02   2.5000000000000001E-02   2.7500000000000000E-02   2.9999999999999999E-02   3.2500000000000001E-02
 3.5000000000000003E-02   3.7499999999999999E-02   4.0000000000000001E-02   4.2500000000000003E-02   4.4999999999999998E-02   4.7500000000000001E-02   5.0000000000000003E-02   5.2499999999999998E-02   5.5000000000000000E-02   5.7500000000000002E-02   5.9999999999999998E-02
 6.2500000000000000E-02   6.5000000000000002E-02   6.7500000000000004E-02   7.0000000000000007E-02   7.2499999999999995E-02   7.4999999999999997E-02   7.7499999999999999E-02   8.0000000000000002E-02   8.2500000000000004E-02   8.5000000000000006E-02   8.7500000000000008E-02
 8.9999999999999997E-02   9.2499999999999999E-02   9.5000000000000001E-02   9.7500000000000003E-02   1.0000000000000001E-01   0.0000000000000000E+00   2.5000000000000001E-03   5.0000000000000001E-03   7.4999999999999997E-03   1.0000000000000000E-02   1.2500000000000001E-02
 1.4999999999999999E-02   1.7500000000000002E-02   2.0000000000000000E-02   2.2499999999999999E-02   2.5000000000000001E-02   2.7500000000000000E-02   2.9999999999999999E-02   3.2500000000000001E-02   3.5000000000000003E-02   3.7499999999999999E-02   4.0000000000000001E-02
 4.2500000000000003E-02   4.4999999999999998E-02   4.7500000000000001E-02   5.0000000000000003E-02   5.2499999999999998E-02   5.5000000000000000E-02   5.7500000000000002E-02   5.9999999999999998E-02   6.2500000000000000E-02   6.5000000000000002E-02   6.7500000000000004E-02
 7.0000000000000007E-02   7.2499999999999995E-02   7.4999999999999997E-02   7.7499999999999999E-02   8.0000000000000002E-02   8.2500000000000004E-02   8.5000000000000006E-02   8.7500000000000008E-02   8.9999999999999997E-02   9.2499999999999999E-02   9.5000000000000001E-02
 9.7500000000000003E-02   1.0000000000000001E-01   0.0000000000000000E+00   2.5000000000000001E-03   5.0000000000000001E-03   7.4999999999999997E-03   1.0000000000000000E-02   1.2500000000000001E-02   1.4999999999999999E-02   1.7500000000000002E-02   2.0000000000000000E-02
 2.2499999999999999E-02   2.5000000000000001E-02   2.7500000000000000E-02   2.9999999999999999E-02   3.2500000000000001E-02   3.5000000000000003E-02   3.7499999999999999E-02   4.0000000000000001E-02   4.2500000000000003E-02   4.4999999999999998E-02   4.7500000000000001E-02
 5.0000000000000003E-02   5.2499999999999998E-02   5.5000000000000000E-02   5.7500000000000002E-02   5.9999999999999998E-02   6.2500000000000000E-02   6.5000000000000002E-02   6.7500000000000004E-02   7.0000000000000007E-02   7.2499999999999995E-02   7.4999999999999997E-02
 7.7499999999999999E-02   8.0000000000000002E-02   8.2500000000000004E-02   8.5000000000000006E-02   8.7500000000000008E-02   8.9999999999999997E-02   9.2499999999999999E-02   9.5000000000000001E-02   9.7500000000000003E-02   1.0000000000000001E-01   0.0000000000000000E+00
 2.5000000000000001E-03   5.0000000000000001E-03   7.4999999999999997E-03   1.0000000000000000E-02   1.2500000000000001E-02   1.4999999999999999E-02   1.7500000000000002E-02   2.0000000000000000E-02   2.2499999999999999E-02   2.5000000000000001E-02   2.7500000000000000E-02
 2.9999999999999999E-02   3.2500000000000001E-02   3.5000000000000003E-02   3.7499999999999999E-02   4.0000000000000001E-02   4.2500000000000003E-02   4.4999999999999998E-02   4.7500000000000001E-02   5.0000000000000003E-02   5.2499999999999998E-02   5.5000000000000000E-02
 5.7500000000000002E-02   5.9999999999999998E-02   6.2500000000000000E-02   6.5000000000000002E-02   6.7500000000000004E-02   7.0000000000000007E-02   7.2499999999999995E-02   7.4999999999999997E-02   7.7499999999999999E-02   8.0000000000000002E-02   8.2500000000000004E-02
 8.5000000000000006E-02   8.7500000000000008E-02   8.9999999999999997E-02   9.2499999999999999E-02   9.5000000000000001E-02   9.7500000000000003E-02   1.0000000000000001E-01   0.0000000000000000E+00   2.5000000000000001E-03   5.0000000000000001E-03   7.4999999999999997E-03
 1.0000000000000000E-02   1.2500000000000001E-02   1.4999999999999999E-02   1.7500000000000002E-02   2.0000000000000000E-02   2.2499999999999999E-02   2.5000000000000001E-02   2.7500000000000000E-02   2.9999999999999999E-02   3.2500000000000001E-02   3.5000000000000003E-02
 3.7499999999999999E-02   4.0000000000000001E-02   4.2500000000000003E-02   4.4999999999999998E-02   4.7500000000000001E-02   5.0000000000000003E-02   5.2499999999999998E-02   5.5000000000000000E-02   5.7500000000000002E-02   5.9999999999999998E-02   6.2500000000000000E-02
 6.5000000000000002E-02   6.7500000000000004E-02   7.0000000000000007E-02   7.2499999999999995E-02   7.4999999999999997E-02   7.7499999999999999E-02   8.0000000000000002E-02   8.2500000000000004E-02   8.5000000000000006E-02   8.7500000000000008E-02   8.9999999999999997E-02
 9.2499999999999999E-02   9.5000000000000001E-02   9.7500000000000003E-02   1.0000000000000001E-01   0.0000000000000000E+00   2.5000000000000001E-03   5.0000000000000001E-03   7.4999999999999997E-03   1.0000000000000000E-02   1.2500000000000001E-02   1.4999999999999999E-02
 1.7500000000000002E-02   2.0000000000000000E-02   2.2499999999999999E-02   2.5000000000000001E-02   2.7500000000000000E-02   2.9999999999999999E-02   3.2500000000000001E-02   3.5000000000000003E-02   3.7499999999999999E-02   4.0000000000000001E-02   4.2500000000000003E-02
 4.4999999999999998E-02   4.7500000000000001E-02   5.0000000000000003E-02   5.2499999999999998E-02   5.5000000000000000E-02   5.7500000000000002E-02   5.9999999999999998E-02   6.2500000000000000E-02   6.5000000000000002E-02   6.7500000000000004E-02   7.0000000000000007E-02
 7.2499999999999995E-02   7.4999999999999997E-02   7.7499999999999999E-02   8.0000000000000002E-02   8.2500000000000004E-02   8.5000000000000006E-02   8.7500000000000008E-02   8.9999999999999997E-02   9.2499999999999999E-02   9.5000000000000001E-02   9.7500000000000003E-02
 1.0000000000000001E-01   0.0000000000000000E+00   2.5000000000000001E-03   5.0000000000000001E-03   7.4999999999999997E-03   1.0000000000000000E-02   1.2500000000000001E-02   1.4999999999999999E-02   1.7500000000000002E-02   2.0000000000000000E-02   2.2499999999999999E-02
 2.5000000000000001E-02   2.7500000000000000E-02   2.9999999999999999E-02   3.2500000000000001E-02   3.5000000000000003E-02   3.7499999999999999E-02   4.0000000000000001E-02   4.2500000000000003E-02   4.4999999999999998E-02   4.7500000000000001E-02   5.0000000000000003E-02
 5.2499999999999998E-02   5.5000000000000000E-02   5.7500000000000002E-02   5.9999999999999998E-02   6.2500000000000000E-02   6.5000000000000002E-02   6.7500000000000004E-02   7.0000000000000007E-02   7.2499999999999995E-02   7.4999999999999997E-02   7.7499999999999999E-02
 8.0000000000000002E-02   8.2500000000000004E-02   8.5000000000000006E-02   8.7500000000000008E-02   8.9999999999999997E-02   9.2499999999999999E-02   9.5000000000000001E-02   9.7500000000000003E-02   1.0000000000000001E-01   0.0000000000000000E+00   2.5000000000000001E-03
 5.0000000000000001E-03   7.4999999999999997E-03   1.0000000000000000E-02   1.2500000000000001E-02   1.4999999999999999E-02   1.7500000000000002E-02   2.0000000000000000E-02   2.2499999999999999E-02   2.5000000000000001E-02   2.7500000000000000E-02   2.9999999999999999E-02
 3.2500000000000001E-02   3.5000000000000003E-02   3.7499999999999999E-02   4.0000000000000001E-02   4.2500000000000003E-02   4.4999999999999998E-02   4.7500000000000001E-02   5.0000000000000003E-02   5.2499999999999998E-02   5.5000000000000000E-02   5.7500000000000002E-02
 5.9999999999999998E-02   6.2500000000000000E-02   6.5000000000000002E-02   6.7500000000000004E-02   7.0000000000000007E-02   7.2499999999999995E-02   7.4999999999999997E-02   7.7499999999999999E-02   8.0000000000000002E-02   8.2500000000000004E-02   8.5000000000000006E-02
 8.7500000000000008E-02   8.9999999999999997E-02   9.2499999999999999E-02   9.5000000000000001E-02   9.7500000000000003E-02   1.0000000000000001E-01   0.0000000000000000E+00   2.5000000000000001E-03   5.0000000000000001E-03   7.4999999999999997E-03   1.0000000000000000E-02
 1.2500000000000001E-02   1.4999999999999999E-02   1.7500000000000002E-02   2.0000000000000000E-02   2.2499999999999999E-02   2.5000000000000001E-02   2.7500000000000000E-02   2.9999999999999999E-02   3.2500000000000001E-02   3.5000000000000003E-02   3.7499999999999999E-02
 4.0000000000000001E-02   4.2500000000000003E-02   4.4999999999999998E-02   4.7500000000000001E-02   5.0000000000000003E-02   5.2499999999999998E-02   5.5000000000000000E-02   5.7500000000000002E-02   5.9999999999999998E-02   6.2500000000000000E-02   6.5000000000000002E-02
 6.7500000000000004E-02   7.0000000000000007E-02   7.2499999999999995E-02   7.4999999999999997E-02   7.7499999999999999E-02   8.0000000000000002E-02   8.2500000000000004E-02   8.5000000000000006E-02   8.7500000000000008E-02   8.9999999999999997E-02   9.2499999999999999E-02
 9.5000000000000001E-02   9.7500000000000003E-02   1.0000000000000001E-01   0.0000000000000000E+00   2.5000000000000001E-03   5.0000000000000001E-03   7.4999999999999997E-03   1.0000000000000000E-02   1.2500000000000001E-02   1.4999999999999999E-02   1.7500000000000002E-02
 2.0000000000000000E-02   2.2499999999999999E-02   2.5000000000000001E-02   2.7500000000000000E-02   2.9999999999999999E-02   3.2500000000000001E-02   3.5000000000000003E-02   3.7499999999999999E-02   4.0000000000000001E-02   4.2500000000000003E-02   4.4999999999999998E-02
 4.7500000000000001E-02   5.0000000000000003E-02   5.2499999999999998E-02   5.5000000000000000E-02   5.7500000000000002E-02   5.9999999999999998E-02   6.2500000000000000E-02   6.5000000000000002E-02   6.7500000000000004E-02   7.0000000000000007E-02   7.2499999999999995E-02
 7.4999999999999997E-02   7.7499999999999999E-02   8.0000000000000002E-02   8.2500000000000004E-02   8.5000000000000006E-02   8.7500000000000008E-02   8.9999999999999997E-02   9.2499999999999999E-02   9.5000000000000001E-02   9.7500000000000003E-02   1.0000000000000001E-01
 0.0000000000000000E+00   2.5000000000000001E-03   5.0000000000000001E-03   7.4999999999999997E-03   1.0000000000000000E-02   1.2500000000000001E-02   1.4999999999999999E-02   1.7500000000000002E-02   2.0000000000000000E-02   2.2499999999999999E-02   2.5000000000000001E-02
 2.7500000000000000E-02   2.9999999999999999E-02   3.2500000000000001E-02   3.5000000000000003E-02   3.7499999999999999E-02   4.0000000000000001E-02   4.2500000000000003E-02   4.4999999999999998E-02   4.7500000000000001E-02   5.0000000000000003E-02   5.2499999999999998E-02
 5.5000000000000000E-02   5.7500000000000002E-02   5.9999999999999998E-02   6.2500000000000000E-02   6.5000000000000002E-02   6.7500000000000004E-02   7.0000000000000007E-02   7.2499999999999995E-02   7.4999999999999997E-02   7.7499999999999999E-02   8.0000000000000002E-02
 8.2500000000000004E-02   8.5000000000000006E-02   8.7500000000000008E-02   8.9999999999999997E-02   9.2499999999999999E-02   9.5000000000000001E-02   9.7500000000000003E-02   1.0000000000000001E-01   0.0000000000000000E+00   2.5000000000000001E-03   5.0000000000000001E-03
 7.4999999999999997E-03   1.0000000000000000E-02   1.2500000000000001E-02   1.4999999999999999E-02   1.7500000000000002E-02   2.0000000000000000E-02   2.2499999999999999E-02   2.5000000000000001E-02   2.7500000000000000E-02   2.9999999999999999E-02   3.2500000000000001E-02
 3.5000000000000003E-02   3.7499999999999999E-02   4.0000000000000001E-02   4.2500000000000003E-02   4.4999999999999998E-02   4.7500000000000001E-02   5.0000000000000003E-02   5.2499999999999998E-02   5.5000000000000000E-02   5.7500000000000002E-02   5.9999999999999998E-02
 6.2500000000000000E-02   6.5000000000000002E-02   6.7500000000000004E-02   7.0000000000000007E-02   7.2499999999999995E-02   7.4999999999999997E-02   7.7499999999999999E-02   8.0000000000000002E-02   8.2500000000000004E-02   8.5000000000000006E-02   8.7500000000000008E-02
 8.9999999999999997E-02   9.2499999999999999E-02   9.5000000000000001E-02   9.7500000000000003E-02   1.0000000000000001E-01   0.0000000000000000E+00   2.5000000000000001E-03   5.0000000000000001E-03   7.4999999999999997E-03   1.0000000000000000E-02   1.2500000000000001E-02
 1.4999999999999999E-02   1.7500000000000002E-02   2.0000000000000000E-02   2.2499999999999999E-02   2.5000000000000001E-02   2.7500000000000000E-02   2.9999999999999999E-02   3.2500000000000001E-02   3.5000000000000003E-02   3.7499999999999999E-02   4.0000000000000001E-02
 4.2500000000000003E-02   4.4999999999999998E-02   4.7500000000000001E-02   5.0000000000000003E-02   5.2499999999999998E-02   5.5000000000000000E-02   5.7500000000000002E-02   5.9999999999999998E-02   6.2500000000000000E-02   6.5000000000000002E-02   6.7500000000000004E-02
 7.0000000000000007E-02   7.2499999999999995E-02   7.4999999999999997E-02   7.7499999999999999E-02   8.0000000000000002E-02   8.2500000000000004E-02   8.5000000000000006E-02   8.7500000000000008E-02   8.9999999999999997E-02   9.2499999999999999E-02   9.5000000000000001E-02
 9.7500000000000003E-02   1.0000000000000001E-01   0.0000000000000000E+00   2.5000000000000001E-03   5.0000000000000001E-03   7.4999999999999997E-03   1.0000000000000000E-02   1.2500000000000001E-02   1.4999999999999999E-02   1.7500000000000002E-02   2.0000000000000000E-02
 2.2499999999999999E-02   2.5000000000000001E-02   2.7500000000000000E-02   2.9999999999999999E-02   3.2500000000000001E-02   3.5000000000000003E-02   3.7499999999999999E-02   4.0000000000000001E-02   4.2500000000000003E-02   4.4999999999999998E-02   4.7500000000000001E-02
 5.0000000000000003E-02   5.2499999999999998E-02   5.5000000000000000E-02   5.7500000000000002E-02   5.9999999999999998E-02   6.2500000000000000E-02   6.5000000000000002E-02   6.7500000000000004E-02   7.0000000000000007E-02   7.2499999999999995E-02   7.4999999999999997E-02
 7.7499999999999999E-02   8.0000000000000002E-02   8.2500000000000004E-02   8.5000000000000006E-02   8.7500000000000008E-02   8.9999999999999997E-02   9.2499999999999999E-02   9.5000000000000001E-02   9.7500000000000003E-02   1.0000000000000001E-01   0.0000000000000000E+00
 2.5000000000000001E-03   5.0000000000000001E-03   7.4999999999999997E-03   1.0000000000000000E-02   1.2500000000000001E-02   1.4999999999999999E-02   1.7500000000000002E-02   2.0000000000000000E-02   2.2499999999999999E-02   2.5000000000000001E-02   2.7500000000000000E-02
 2.9999999999999999E-02   3.2500000000000001E-02   3.5000000000000003E-02   3.7499999999999999E-02   4.0000000000000001E-02   4.2500000000000003E-02   4.4999999999999998E-02   4.7500000000000001E-02   5.0000000000000003E-02   5.2499999999999998E-02   5.5000000000000000E-02
 5.7500000000000002E-02   5.9999999999999998E-02   6.2500000000000000E-02   6.5000000000000002E-02   6.7500000000000004E-02   7.0000000000000007E-02   7.2499999999999995E-02   7.4999999999999997E-02   7.7499999999999999E-02   8.0000000000000002E-02   8.2500000000000004E-02
 8.5000000000000006E-02   8.7500000000000008E-02   8.9999999999999997E-02   9.2499999999999999E-02   9.5000000000000001E-02   9.7500000000000003E-02   1.0000000000000001E-01   0.0000000000000000E+00   2.5000000000000001E-03   5.0000000000000001E-03   7.4999999999999997E-03
 1.0000000000000000E-02   1.2500000000000001E-02   1.4999999999999999E-02   1.7500000000000002E-02   2.0000000000000000E-02   2.2499999999999999E-02   2.5000000000000001E-02   2.7500000000000000E-02   2.9999999999999999E-02   3.2500000000000001E-02   3.5000000000000003E-02
 3.7499999999999999E-02   4.0000000000000001E-02   4.2500000000000003E-02   4.4999999999999998E-02   4.7500000000000001E-02   5.0000000000000003E-02   5.2499999999999998E-02   5.5000000000000000E-02   5.7500000000000002E-02   5.9999999999999998E-02   6.2500000000000000E-02
 6.5000000000000002E-02   6.7500000000000004E-02   7.0000000000000007E-02   7.2499999999999995E-02   7.4999999999999997E-02   7.7499999999999999E-02   8.0000000000000002E-02   8.2500000000000004E-02   8.5000000000000006E-02   8.7500000000000008E-02   8.9999999999999997E-02
 9.2499999999999999E-02   9.5000000000000001E-02   9.7500000000000003E-02   1.0000000000000001E-01   0.0000000000000000E+00   2.5000000000000001E-03   5.0000000000000001E-03   7.4999999999999997E-03   1.0000000000000000E-02   1.2500000000000001E-02   1.4999999999999999E-02
 1.7500000000000002E-02   2.0000000000000000E-02   2.2499999999999999E-02   2.5000000000000001E-02   2.7500000000000000E-02   2.9999999999999999E-02   3.2500000000000001E-02   3.5000000000000003E-02   3.7499999999999999E-02   4.0000000000000001E-02   4.2500000000000003E-02
 4.4999999999999998E-02   4.7500000000000001E-02   5.0000000000000003E-02   5.2499999999999998E-02   5.5000000000000000E-02   5.7500000000000002E-02   5.9999999999999998E-02   6.2500000000000000E-02   6.5000000000000002E-02   6.7500000000000004E-02   7.0000000000000007E-02
 7.2499999999999995E-02   7.4999999999999997E-02   7.7499999999999999E-02   8.0000000000000002E-02   8.2500000000000004E-02   8.5000000000000006E-02   8.7500000000000008E-02   8.9999999999999997E-02   9.2499999999999999E-02   9.5000000000000001E-02   9.7500000000000003E-02
 1.0000000000000001E-01   0.0000000000000000E+00   2.5000000000000001E-03   5.0000000000000001E-03   7.4999999999999997E-03   1.0000000000000000E-02   1.2500000000000001E-02   1.4999999999999999E-02   1.7500000000000002E-02   2.0000000000000000E-02   2.2499999999999999E-02
 2.5000000000000001E-02   2.7500000000000000E-02   2.9999999999999999E-02   3.2500000000000001E-02   3.5000000000000003E-02   3.7499999999999999E-02   4.0000000000000001E-02   4.2500000000000003E-02   4.4999999999999998E-02   4.7500000000000001E-02   5.0000000000000003E-02
 5.2499999999999998E-02   5.5000000000000000E-02   5.7500000000000002E-02   5.9999999999999998E-02   6.2500000000000000E-02   6.5000000000000002E-02   6.7500000000000004E-02   7.0000000000000007E-02   7.2499999999999995E-02   7.4999999999999997E-02   7.7499999999999999E-02
 8.0000000000000002E-02   8.2500000000000004E-02   8.5000000000000006E-02   8.7500000000000008E-02   8.9999999999999997E-02   9.2499999999999999E-02   9.5000000000000001E-02   9.7500000000000003E-02   1.0000000000000001E-01
 0.0000000000000000E+00   0.0000000000000000E+00   0.0000000000000000E+00   0.0000000000000000E+00   0.0000000000000000E+00   0.0000000000000000E+00   0.0000000000000000E+00   0.0000000000000000E+00   0.0000000000000000E+00   0.0000000000000000E+00   0.0000000000000000E+00
 0.0000000000000000E+00   0.0000000000000000E+00   0.0000000000000000E+00   0.0000000000000000E+00   0.0000000000000000E+00   0.0000000000000000E+00   0.0000000000000000E+00   0.0000000000000000E+00   0.0000000000000000E+00   0.0000000000000000E+00   0.0000000000000000E+00
 0.0000000000000000E+00   0.0000000000000000E+00   0.0000000000000000E+00   0.0000000000000000E+00   0.0000000000000000E+00   0.0000000000000000E+00   0.0000000000000000E+00   0.0000000000000000E+00   0.0000000000000000E+00   0.0000000000000000E+00   0.0000000000000000E+00
 0.0000000000000000E+00   0.0000000000000000E+00   0.0000000000000000E+00   0.0000000000000000E+00   0.0000000000000000E+00   0.0000000000000000E+00   0.0000000000000000E+00   0.0000000000000000E+00   2.5000000000000001E-02   2.5000000000000001E-02   2.5000000000000001E-02
 2.5000000000000001E-02   2.5000000000000001E-02   2.5000000000000001E-02   2.5000000000000001E-02   2.5000000000000001E-02   2.5000000000000001E-02   2.5000000000000001E-02   2.5000000000000001E-02   2.5000000000000001E-02   2.5000000000000001E-02   2.5000000000000001E-02
 2.5000000000000001E-02   2.5000000000000001E-02   2.5000000000000001E-02   2.5000000000000001E-02   2.5000000000000001E-02   2.5000000000000001E-02   2.5000000000000001E-02   2.5000000000000001E-02   2.5000000000000001E-02   2.5000000000000001E-02   2.5000000000000001E-02
 2.5000000000000001E-02   2.5000000000000001E-02   2.5000000000000001E-02   2.5000000000000001E-02   2.5000000000000001E-02   2.5000000000000001E-02   2.5000000000000001E-02   2.5000000000000001E-02   2.5000000000000001E-02   2.5000000000000001E-02   2.5000000000000001E-02
 2.5000000000000001E-02   2.5000000000000001E-02   2.5000000000000001E-02   2.5000000000000001E-02   2.5000000000000001E-02   5.0000000000000003E-02   5.0000000000000003E-02   5.0000000000000003E-02   5.0000000000000003E-02   5.0000000000000003E-02   5.0000000000000003E-02
 5.0000000000000003E-02   5.0000000000000003E-02   5.0000000000000003E-02   5.0000000000000003E-02   5.0000000000000003E-02   5.0000000000000003E-02   5.0000000000000003E-02   5.0000000000000003E-02   5.0000000000000003E-02   5.0000000000000003E-02   5.0000000000000003E-02
 5.0000000000000003E-02   5.0000000000000003E-02   5.0000000000000003E-02   5.0000000000000003E-02   5.0000000000000003E-02   5.0000000000000003E-02   5.0000000000000003E-02   5.0000000000000003E-02   5.0000000000000003E-02   5.0000000000000003E-02   5.0000000000000003E-02
 5.0000000000000003E-02   5.0000000000000003E-02   5.0000000000000003E-02   5.0000000000000003E-02   5.0000000000000003E-02   5.0000000000000003E-02   5.0000000000000003E-02   5.0000000000000003E-02   5.0000000000000003E-02   5.0000000000000003E-02   5.0000000000000003E-02
 5.0000000000000003E-02   5.0000000000000003E-02   7.5000000000000011E-02   7.5000000000000011E-02   7.5000000000000011E-02   7.5000000000000011E-02   7.5000000000000011E-02   7.5000000000000011E-02   7.5000000000000011E-02   7.5000000000000011E-02   7.5000000000000011E-02
 7.5000000000000011E-02   7.5000000000000011E-02   7.5000000000000011E-02   7.5000000000000011E-02   7.5000000000000011E-02   7.5000000000000011E-02   7.5000000000000011E-02   7.5000000000000011E-02   7.5000000000000011E-02   7.5000000000000011E-02   7.5000000000000011E-02
 7.5000000000000011E-02   7.5000000000000011E-02   7.5000000000000011E-02   7.5000000000000011E-02   7.5000000000000011E-02   7.5000000000000011E-02   7.5000000000000011E-02   7.5000000000000011E-02   7.5000000000000011E-02   7.5000000000000011E-02   7.5000000000000011E-02
 7.5000000000000011E-02   7.5000000000000011E-02   7.5000000000000011E-02   7.5000000000000011E-02   7.5000000000000011E-02   7.5000000000000011E-02   7.5000000000000011E-02   7.5000000000000011E-02   7.5000000000000011E-02   7.5000000000000011E-02   1.0000000000000001E-01
 1.0000000000000001E-01   1.0000000000000001E-01   1.0000000000000001E-01   1.0000000000000001E-01   1.0000000000000001E-01   1.0000000000000001E-01   1.0000000000000001E-01   1.0000000000000001E-01   1.0000000000000001E-01   1.0000000000000001E-01   1.0000000000000001E-01
 1.0000000000000001E-01   1.0000000000000001E-01   1.0000000000000001E-01   1.0000000000000001E-01   1.0000000000000001E-01   1.0000000000000001E-01   1.0000000000000001E-01   1.0000000000000001E-01   1.0000000000000001E-01   1.0000000000000001E-01   1.0000000000000001E-01
 1.0000000000000001E-01   1.0000000000000001E-01   1.0000000000000001E-01   1.0000000000000001E-01   1.0000000000000001E-01   1.0000000000000001E-01   1.0000000000000001E-01   1.0000000000000001E-01   1.0000000000000001E-01   1.0000000000000001E-01   1.0000000000000001E-01
 1.0000000000000001E-01   1.0000000000000001E-01   1.0000000000000001E-01   1.0000000000000001E-01   1.0000000000000001E-01   1.0000000000000001E-01   1.0000000000000001E-01   1.2500000000000000E-01   1.2500000000000000E-01   1.2500000000000000E-01   1.2500000000000000E-01
 1.2500000000000000E-01   1.2500000000000000E-01   1.2500000000000000E-01   1.2500000000000000E-01   1.2500000000000000E-01   1.2500000000000000E-01   1.2500000000000000E-01   1.2500000000000000E-01   1.2500000000000000E-01   1.2500000000000000E-01   1.2500000000000000E-01
 1.2500000000000000E-01   1.2500000000000000E-01   1.2500000000000000E-01   1.2500000000000000E-01   1.2500000000000000E-01   1.2500000000000000E-01   1.2500000000000000E-01   1.2500000000000000E-01   1.2500000000000000E-01   1.2500000000000000E-01   1.2500000000000000E-01
 1.2500000000000000E-01   1.2500000000000000E-01   1.2500000000000000E-01   1.2500000000000000E-01   1.2500000000000000E-01   1.2500000000000000E-01   1.2500000000000000E-01   1.2500000000000000E-01   1.2500000000000000E-01   1.2500000000000000E-01   1.2500000000000000E-01
 1.2500000000000000E-01   1.2500000000000000E-01   1.2500000000000000E-01   1.2500000000000000E-01   1.5000000000000002E-01   1.5000000000000002E-01   1.5000000000000002E-01   1.5000000000000002E-01   1.5000000000000002E-01   1.5000000000000002E-01   1.5000000000000002E-01
 1.5000000000000002E-01   1.5000000000000002E-01   1.5000000000000002E-01   1.5000000000000002E-01   1.5000000000000002E-01   1.5000000000000002E-01   1.5000000000000002E-01   1.5000000000000002E-01   1.5000000000000002E-01   1.5000000000000002E-01   1.5000000000000002E-01
 1.5000000000000002E-01   1.5000000000000002E-01   1.5000000000000002E-01   1.5000000000000002E-01   1.5000000000000002E-01   1.5000000000000002E-01   1.5000000000000002E-01   1.5000000000000002E-01   1.5000000000000002E-01   1.5000000000000002E-01   1.5000000000000002E-01
 1.5000000000000002E-01   1.5000000000000002E-01   1.5000000000000002E-01   1.5000000000000002E-01   1.5000000000000002E-01   1.5000000000000002E-01   1.5000000000000002E-01   1.5000000000000002E-01   1.5000000000000002E-01   1.5000000000000002E-01   1.5000000000000002E-01
 1.5000000000000002E-01   1.7500000000000002E-01   1.7500000000000002E-01   1.7500000000000002E-01   1.7500000000000002E-01   1.7500000000000002E-01   1.7500000000000002E-01   1.7500000000000002E-01   1.7500000000000002E-01   1.7500000000000002E-01   1.7500000000000002E-01
 1.7500000000000002E-01   1.7500000000000002E-01   1.7500000000000002E-01   1.7500000000000002E-01   1.7500000000000002E-01   1.7500000000000002E-01   1.7500000000000002E-01   1.7500000000000002E-01   1.7500000000000002E-01   1.7500000000000002E-01   1.7500000000000002E-01
 1.7500000000000002E-01   1.7500000000000002E-01   1.7500000000000002E-01   1.7500000000000002E-01   1.7500000000000002E-01   1.7500000000000002E-01   1.7500000000000002E-01   1.7500000000000002E-01   1.7500000000000002E-01   1.7500000000000002E-01   1.7500000000000002E-01
 1.7500000000000002E-01   1.7500000000000002E-01   1.7500000000000002E-01   1.7500000000000002E-01   1.7500000000000002E-01   1.7500000000000002E-01   1.7500000000000002E-01   1.7500000000000002E-01   1.7500000000000002E-01   2.0000000000000001E-01   2.0000000000000001E-01
 2.0000000000000001E-01   2.0000000000000001E-01   2.0000000000000001E-01   2.0000000000000001E-01   2.0000000000000001E-01   2.0000000000000001E-01   2.0000000000000001E-01   2.0000000000000001E-01   2.0000000000000001E-01   2.0000000000000001E-01   2.0000000000000001E-01
 2.0000000000000001E-01   2.0000000000000001E-01   2.0000000000000001E-01   2.0000000000000001E-01   2.0000000000000001E-01   2.0000000000000001E-01   2.0000000000000001E-01   2.0000000000000001E-01   2.0000000000000001E-01   2.0000000000000001E-01   2.0000000000000001E-01
 2.0000000000000001E-01   2.0000000000000001E-01   2.0000000000000001E-01   2.0000000000000001E-01   2.0000000000000001E-01   2.0000000000000001E-01   2.0000000000000001E-01   2.0000000000000001E-01   2.0000000000000001E-01   2.0000000000000001E-01   2.0000000000000001E-01
 2.0000000000000001E-01   2.0000000000000001E-01   2.0000000000000001E-01   2.0000000000000001E-01   2.0000000000000001E-01   2.0000000000000001E-01   2.2500000000000001E-01   2.2500000000000001E-01   2.2500000000000001E-01   2.2500000000000001E-01   2.2500000000000001E-01
 2.2500000000000001E-01   2.2500000000000001E-01   2.2500000000000001E-01   2.2500000000000001E-01   2.2500000000000001E-01   2.2500000000000001E-01   2.2500000000000001E-01   2.2500000000000001E-01   2.2500000000000001E-01   2.2500000000000001E-01   2.2500000000000001E-01
 2.2500000000000001E-01   2.2500000000000001E-01   2.2500000000000001E-01   2.2500000000000001E-01   2.2500000000000001E-01   2.2500000000000001E-01   2.2500000000000001E-01   2.2500000000000001E-01   2.2500000000000001E-01   2.2500000000000001E-01   2.2500000000000001E-01
 2.2500000000000001E-01   2.2500000000000001E-01   2.2500000000000001E-01   2.2500000000000001E-01   2.2500000000000001E-01   2.2500000000000001E-01   2.2500000000000001E-01   2.2500000000000001E-01   2.2500000000000001E-01   2.2500000000000001E-01   2.2500000000000001E-01
 2.2500000000000001E-01   2.2500000000000001E-01   2.2500000000000001E-01   2.5000000000000000E-01   2.5000000000000000E-01   2.5000000000000000E-01   2.5000000000000000E-01   2.5000000000000000E-01   2.5000000000000000E-01   2.5000000000000000E-01   2.5000000000000000E-01
 2.5000000000000000E-01   2.5000000000000000E-01   2.5000000000000000E-01   2.5000000000000000E-01   2.5000000000000000E-01   2.5000000000000000E-01   2.5000000000000000E-01   2.5000000000000000E-01   2.5000000000000000E-01   2.5000000000000000E-01   2.5000000000000000E-01
 2.5000000000000000E-01   2.5000000000000000E-01   2.5000000000000000E-01   2.5000000000000000E-01   2.5000000000000000E-01   2.5000000000000000E-01   2.5000000000000000E-01   2.5000000000000000E-01   2.5000000000000000E-01   2.5000000000000000E-01   2.5000000000000000E-01
 2.5000000000000000E-01   2.5000000000000000E-01   2.5000000000000000E-01   2.5000000000000000E-01   2.5000000000000000E-01   2.5000000000000000E-01   2.5000000000000000E-01   2.5000000000000000E-01   2.5000000000000000E-01   2.5000000000000000E-01   2.5000000000000000E-01
 2.7500000000000002E-01   2.7500000000000002E-01   2.7500000000000002E-01   2.7500000000000002E-01   2.7500000000000002E-01   2.7500000000000002E-01   2.7500000000000002E-01   2.7500000000000002E-01   2.7500000000000002E-01   2.7500000000000002E-01   2.7500000000000002E-01
 2.7500000000000002E-01   2.7500000000000002E-01   2.7500000000000002E-01   2.7500000000000002E-01   2.7500000000000002E-01   2.7500000000000002E-01   2.7500000000000002E-01   2.7500000000000002E-01   2.7500000000000002E-01   2.7500000000000002E-01   2.7500000000000002E-01
 2.7500000000000002E-01   2.7500000000000002E-01   2.7500000000000002E-01   2.7500000000000002E-01   2.7500000000000002E-01   2.7500000000000002E-01   2.7500000000000002E-01   2.7500000000000002E-01   2.7500000000000002E-01   2.7500000000000002E-01   2.7500000000000002E-01
 2.7500000000000002E-01   2.7500000000000002E-01   2.7500000000000002E-01   2.7500000000000002E-01   2.7500000000000002E-01   2.7500000000000002E-01   2.7500000000000002E-01   2.7500000000000002E-01   3.0000000000000004E-01   3.0000000000000004E-01   3.0000000000000004E-01
 3.0000000000000004E-01   3.0000000000000004E-01   3.0000000000000004E-01   3.0000000000000004E-01   3.0000000000000004E-01   3.0000000000000004E-01   3.0000000000000004E-01   3.0000000000000004E-01   3.0000000000000004E-01   3.0000000000000004E-01   3.0000000000000004E-01
 3.0000000000000004E-01   3.0000000000000004E-01   3.0000000000000004E-01   3.0000000000000004E-01   3.0000000000000004E-01   3.0000000000000004E-01   3.0000000000000004E-01   3.0000000000000004E-01   3.0000000000000004E-01   3.0000000000000004E-01   3.0000000000000004E-01
 3.0000000000000004E-01   3.0000000000000004E-01   3.0000000000000004E-01   3.0000000000000004E-01   3.0000000000000004E-01   3.0000000000000004E-01   3.0000000000000004E-01   3.0000000000000004E-01   3.0000000000000004E-01   3.0000000000000004E-01   3.0000000000000004E-01
 3.0000000000000004E-01   3.0000000000000004E-01   3.0000000000000004E-01   3.0000000000000004E-01   3.0000000000000004E-01   3.2500000000000001E-01   3.2500000000000001E-01   3.2500000000000001E-01   3.2500000000000001E-01   3.2500000000000001E-01   3.2500000000000001E-01
 3.2500000000000001E-01   3.2500000000000001E-01   3.2500000000000001E-01   3.2500000000000001E-01   3.2500000000000001E-01   3.2500000000000001E-01   3.2500000000000001E-01   3.2500000000000001E-01   3.2500000000000001E-01   3.2500000000000001E-01   3.2500000000000001E-01
 3.2500000000000001E-01   3.2500000000000001E-01   3.2500000000000001E-01   3.2500000000000001E-01   3.2500000000000001E-01   3.2500000000000001E-01   3.2500000000000001E-01   3.2500000000000001E-01   3.2500000000000001E-01   3.2500000000000001E-01   3.2500000000000001E-01
 3.2500000000000001E-01   3.2500000000000001E-01   3.2500000000000001E-01   3.2500000000000001E-01   3.2500000000000001E-01   3.2500000000000001E-01   3.2500000000000001E-01   3.2500000000000001E-01   3.2500000000000001E-01   3.2500000000000001E-01   3.2500000000000001E-01
 3.2500000000000001E-01   3.2500000000000001E-01   3.5000000000000003E-01   3.5000000000000003E-01   3.5000000000000003E-01   3.5000000000000003E-01   3.5000000000000003E-01   3.5000000000000003E-01   3.5000000000000003E-01   3.5000000000000003E-01   3.5000000000000003E-01
 3.5000000000000003E-01   3.5000000000000003E-01   3.5000000000000003E-01   3.5000000000000003E-01   3.5000000000000003E-01   3.5000000000000003E-01   3.5000000000000003E-01   3.5000000000000003E-01   3.5000000000000003E-01   3.5000000000000003E-01   3.5000000000000003E-01
 3.5000000000000003E-01   3.5000000000000003E-01   3.5000000000000003E-01   3.5000000000000003E-01   3.5000000000000003E-01   3.5000000000000003E-01   3.5000000000000003E-01   3.5000000000000003E-01   3.5000000000000003E-01   3.5000000000000003E-01   3.5000000000000003E-01
 3.5000000000000003E-01   3.5000000000000003E-01   3.5000000000000003E-01   3.5000000000000003E-01   3.5000000000000003E-01   3.5000000000000003E-01   3.5000000000000003E-01   3.5000000000000003E-01   3.5000000000000003E-01   3.5000000000000003E-01   3.7500000000000000E-01
 3.7500000000000000E-01   3.7500000000000000E-01   3.7500000000000000E-01   3.7500000000000000E-01   3.7500000000000000E-01   3.7500000000000000E-01   3.7500000000000000E-01   3.7500000000000000E-01   3.7500000000000000E-01   3.7500000000000000E-01   3.7500000000000000E-01
 3.7500000000000000E-01   3.7500000000000000E-01   3.7500000000000000E-01   3.7500000000000000E-01   3.7500000000000000E-01   3.7500000000000000E-01   3.7500000000000000E-01   3.7500000000000000E-01   3.7500000000000000E-01   3.7500000000000000E-01   3.7500000000000000E-01
 3.7500000000000000E-01   3.7500000000000000E-01   3.7500000000000000E-01   3.7500000000000000E-01   3.7500000000000000E-01   3.7500000000000000E-01   3.7500000000000000E-01   3.7500000000000000E-01   3.7500000000000000E-01   3.7500000000000000E-01   3.7500000000000000E-01
 3.7500000000000000E-01   3.7500000000000000E-01   3.7500000000000000E-01   3.7500000000000000E-01   3.7500000000000000E-01   3.7500000000000000E-01   3.7500000000000000E-01   4.0000000000000002E-01   4.0000000000000002E-01   4.0000000000000002E-01   4.0000000000000002E-01
 4.0000000000000002E-01   4.0000000000000002E-01   4.0000000000000002E-01   4.0000000000000002E-01   4.0000000000000002E-01   4.0000000000000002E-01   4.0000000000000002E-01   4.0000000000000002E-01   4.0000000000000002E-01   4.0000000000000002E-01   4.0000000000000002E-01
 4.0000000000000002E-01   4.0000000000000002E-01   4.0000000000000002E-01   4.0000000000000002E-01   4.0000000000000002E-01   4.0000000000000002E-01   4.0000000000000002E-01   4.0000000000000002E-01   4.0000000000000002E-01   4.0000000000000002E-01   4.0000000000000002E-01
 4.0000000000000002E-01   4.0000000000000002E-01   4.0000000000000002E-01   4.0000000000000002E-01   4.0000000000000002E-01   4.0000000000000002E-01   4.0000000000000002E-01   4.0000000000000002E-01   4.0000000000000002E-01   4.0000000000000002E-01   4.0000000000000002E-01
 4.0000000000000002E-01   4.0000000000000002E-01   4.0000000000000002E-01   4.0000000000000002E-01   4.2500000000000004E-01   4.2500000000000004E-01   4.2500000000000004E-01   4.2500000000000004E-01   4.2500000000000004E-01   4.2500000000000004E-01   4.2500000000000004E-01
 4.2500000000000004E-01   4.2500000000000004E-01   4.2500000000000004E-01   4.2500000000000004E-01   4.2500000000000004E-01   4.2500000000000004E-01   4.2500000000000004E-01   4.2500000000000004E-01   4.2500000000000004E-01   4.2500000000000004E-01   4.2500000000000004E-01
 4.2500000000000004E-01   4.2500000000000004E-01   4.2500000000000004E-01   4.2500000000000004E-01   4.2500000000000004E-01   4.2500000000000004E-01   4.2500000000000004E-01   4.2500000000000004E-01   4.2500000000000004E-01   4.2500000000000004E-01   4.2500000000000004E-01
 4.2500000000000004E-01   4.2500000000000004E-01   4.2500000000000004E-01   4.2500000000000004E-01   4.2500000000000004E-01   4.2500000000000004E-01   4.2500000000000004E-01   4.2500000000000004E-01   4.2500000000000004E-01   4.2500000000000004E-01   4.2500000000000004E-01
 4.2500000000000004E-01   4.5000000000000001E-01   4.5000000000000001E-01   4.5000000000000001E-01   4.5000000000000001E-01   4.5000000000000001E-01   4.5000000000000001E-01   4.5000000000000001E-01   4.5000000000000001E-01   4.5000000000000001E-01   4.5000000000000001E-01
 4.5000000000000001E-01   4.5000000000000001E-01   4.5000000000000001E-01   4.5000000000000001E-01   4.5000000000000001E-01   4.5000000000000001E-01   4.5000000000000001E-01   4.5000000000000001E-01   4.5000000000000001E-01   4.5000000000000001E-01   4.5000000000000001E-01
 4.5000000000000001E-01   4.5000000000000001E-01   4.5000000000000001E-01   4.5000000000000001E-01   4.5000000000000001E-01   4.5000000000000001E-01   4.5000000000000001E-01   4.5000000000000001E-01   4.5000000000000001E-01   4.5000000000000001E-01   4.5000000000000001E-01
 4.5000000000000001E-01   4.5000000000000001E-01   4.5000000000000001E-01   4.5000000000000001E-01   4.5000000000000001E-01   4.5000000000000001E-01   4.5000000000000001E-01   4.5000000000000001E-01   4.5000000000000001E-01   4.7500000000000003E-01   4.7500000000000003E-01
 4.7500000000000003E-01   4.7500000000000003E-01   4.7500000000000003E-01   4.7500000000000003E-01   4.7500000000000003E-01   4.7500000000000003E-01   4.7500000000000003E-01   4.7500000000000003E-01   4.7500000000000003E-01   4.7500000000000003E-01   4.7500000000000003E-01
 4.7500000000000003E-01   4.7500000000000003E-01   4.7500000000000003E-01   4.7500000000000003E-01   4.7500000000000003E-01   4.7500000000000003E-01   4.7500000000000003E-01   4.7500000000000003E-01   4.7500000000000003E-01   4.7500000000000003E-01   4.7500000000000003E-01
 4.7500000000000003E-01   4.7500000000000003E-01   4.7500000000000003E-01   4.7500000000000003E-01   4.7500000000000003E-01   4.7500000000000003E-01   4.7500000000000003E-01   4.7500000000000003E-01   4.7500000000000003E-01   4.7500000000000003E-01   4.7500000000000003E-01
 4.7500000000000003E-01   4.7500000000000003E-01   4.7500000000000003E-01   4.7500000000000003E-01   4.7500000000000003E-01   4.7500000000000003E-01   5.0000000000000000E-01   5.0000000000000000E-01   5.0000000000000000E-01   5.0000000000000000E-01   5.0000000000000000E-01
 5.0000000000000000E-01   5.0000000000000000E-01   5.0000000000000000E-01   5.0000000000000000E-01   5.0000000000000000E-01   5.0000000000000000E-01   5.0000000000000000E-01   5.0000000000000000E-01   5.0000000000000000E-01   5.0000000000000000E-01   5.0000000000000000E-01
 5.0000000000000000E-01   5.0000000000000000E-01   5.0000000000000000E-01   5.0000000000000000E-01   5.0000000000000000E-01   5.0000000000000000E-01   5.0000000000000000E-01   5.0000000000000000E-01   5.0000000000000000E-01   5.0000000000000000E-01   5.0000000000000000E-01
 5.0000000000000000E-01   5.0000000000000000E-01   5.0000000000000000E-01   5.0000000000000000E-01   5.0000000000000000E-01   5.0000000000000000E-01   5.0000000000000000E-01   5.0000000000000000E-01   5.0000000000000000E-01   5.0000000000000000E-01   5.0000000000000000E-01
 5.0000000000000000E-01   5.0000000000000000E-01   5.0000000000000000E-01   5.2500000000000002E-01   5.2500000000000002E-01   5.2500000000000002E-01   5.2500000000000002E-01   5.2500000000000002E-01   5.2500000000000002E-01   5.2500000000000002E-01   5.2500000000000002E-01
 5.2500000000000002E-01   5.2500000000000002E-01   5.2500000000000002E-01   5.2500000000000002E-01   5.2500000000000002E-01   5.2500000000000002E-01   5.2500000000000002E-01   5.2500000000000002E-01   5.2500000000000002E-01   5.2500000000000002E-01   5.2500000000000002E-01
 5.2500000000000002E-01   5.2500000000000002E-01   5.2500000000000002E-01   5.2500000000000002E-01   5.2500000000000002E-01   5.2500000000000002E-01   5.2500000000000002E-01   5.2500000000000002E-01   5.2500000000000002E-01   5.2500000000000002E-01   5.2500000000000002E-01
 5.2500000000000002E-01   5.2500000000000002E-01   5.2500000000000002E-01   5.2500000000000002E-01   5.2500000000000002E-01   5.2500000000000002E-01   5.2500000000000002E-01   5.2500000000000002E-01   5.2500000000000002E-01   5.2500000000000002E-01   5.2500000000000002E-01
 5.5000000000000004E-01   5.5000000000000004E-01   5.5000000000000004E-01   5.5000000000000004E-01   5.5000000000000004E-01   5.5000000000000004E-01   5.5000000000000004E-01   5.5000000000000004E-01   5.5000000000000004E-01   5.5000000000000004E-01   5.5000000000000004E-01
 5.5000000000000004E-01   5.5000000000000004E-01   5.5000000000000004E-01   5.5000000000000004E-01   5.5000000000000004E-01   5.5000000000000004E-01   5.5000000000000004E-01   5.5000000000000004E-01   5.5000000000000004E-01   5.5000000000000004E-01   5.5000000000000004E-01
 5.5000000000000004E-01   5.5000000000000004E-01   5.5000000000000004E-01   5.5000000000000004E-01   5.5000000000000004E-01   5.5000000000000004E-01   5.5000000000000004E-01   5.5000000000000004E-01   5.5000000000000004E-01   5.5000000000000004E-01   5.5000000000000004E-01
 5.5000000000000004E-01   5.5000000000000004E-01   5.5000000000000004E-01   5.5000000000000004E-01   5.5000000000000004E-01   5.5000000000000004E-01   5.5000000000000004E-01   5.5000000000000004E-01   5.7500000000000007E-01   5.7500000000000007E-01   5.7500000000000007E-01
 5.7500000000000007E-01   5.7500000000000007E-01   5.7500000000000007E-01   5.7500000000000007E-01   5.7500000000000007E-01   5.7500000000000007E-01   5.7500000000000007E-01   5.7500000000000007E-01   5.7500000000000007E-01   5.7500000000000007E-01   5.7500000000000007E-01
 5.7500000000000007E-01   5.7500000000000007E-01   5.7500000000000007E-01   5.7500000000000007E-01   5.7500000000000007E-01   5.7500000000000007E-01   5.7500000000000007E-01   5.7500000000000007E-01   5.7500000000000007E-01   5.7500000000000007E-01   5.7500000000000007E-01
 5.7500000000000007E-01   5.7500000000000007E-01   5.7500000000000007E-01   5.7500000000000007E-01   5.7500000000000007E-01   5.7500000000000007E-01   5.7500000000000007E-01   5.7500000000000007E-01   5.7500000000000007E-01   5.7500000000000007E-01   5.7500000000000007E-01
 5.7500000000000007E-01   5.7500000000000007E-01   5.7500000000000007E-01   5.7500000000000007E-01   5.7500000000000007E-01   6.0000000000000009E-01   6.0000000000000009E-01   6.0000000000000009E-01   6.0000000000000009E-01   6.0000000000000009E-01   6.0000000000000009E-01
 6.0000000000000009E-01   6.0000000000000009E-01   6.0000000000000009E-01   6.0000000000000009E-01   6.0000000000000009E-01   6.0000000000000009E-01   6.0000000000000009E-01   6.0000000000000009E-01   6.0000000000000009E-01   6.0000000000000009E-01   6.0000000000000009E-01
 6.0000000000000009E-01   6.0000000000000009E-01   6.0000000000000009E-01   6.0000000000000009E-01   6.0000000000000009E-01   6.0000000000000009E-01   6.0000000000000009E-01   6.0000000000000009E-01   6.0000000000000009E-01   6.0000000000000009E-01   6.0000000000000009E-01
 6.0000000000000009E-01   6.0000000000000009E-01   6.0000000000000009E-01   6.0000000000000009E-01   6.0000000000000009E-01   6.0000000000000009E-01   6.0000000000000009E-01   6.0000000000000009E-01   6.0000000000000009E-01   6.0000000000000009E-01   6.0000000000000009E-01
 6.0000000000000009E-01   6.0000000000000009E-01   6.2500000000000000E-01   6.2500000000000000E-01   6.2500000000000000E-01   6.2500000000000000E-01   6.2500000000000000E-01   6.2500000000000000E-01   6.2500000000000000E-01   6.2500000000000000E-01   6.2500000000000000E-01
 6.2500000000000000E-01   6.2500000000000000E-01   6.2500000000000000E-01   6.2500000000000000E-01   6.2500000000000000E-01   6.2500000000000000E-01   6.2500000000000000E-01   6.2500000000000000E-01   6.2500000000000000E-01   6.2500000000000000E-01   6.2500000000000000E-01
 6.2500000000000000E-01   6.2500000000000000E-01   6.2500000000000000E-01   6.2500000000000000E-01   6.2500000000000000E-01   6.2500000000000000E-01   6.2500000000000000E-01   6.2500000000000000E-01   6.2500000000000000E-01   6.2500000000000000E-01   6.2500000000000000E-01
 6.2500000000000000E-01   6.2500000000000000E-01   6.2500000000000000E-01   6.2500000000000000E-01   6.2500000000000000E-01   6.2500000000000000E-01   6.2500000000000000E-01   6.2500000000000000E-01   6.2500000000000000E-01   6.2500000000000000E-01   6.5000000000000002E-01
 6.5000000000000002E-01   6.5000000000000002E-01   6.5000000000000002E-01   6.5000000000000002E-01   6.5000000000000002E-01   6.5000000000000002E-01   6.5000000000000002E-01   6.5000000000000002E-01   6.5000000000000002E-01   6.5000000000000002E-01   6.5000000000000002E-01
 6.5000000000000002E-01   6.5000000000000002E-01   6.5000000000000002E-01   6.5000000000000002E-01   6.5000000000000002E-01   6.5000000000000002E-01   6.5000000000000002E-01   6.5000000000000002E-01   6.5000000000000002E-01   6.5000000000000002E-01   6.5000000000000002E-01
 6.5000000000000002E-01   6.5000000000000002E-01   6.5000000000000002E-01   6.5000000000000002E-01   6.5000000000000002E-01   6.5000000000000002E-01   6.5000000000000002E-01   6.5000000000000002E-01   6.5000000000000002E-01   6.5000000000000002E-01   6.5000000000000002E-01
 6.5000000000000002E-01   6.5000000000000002E-01   6.5000000000000002E-01   6.5000000000000002E-01   6.5000000000000002E-01   6.5000000000000002E-01   6.5000000000000002E-01   6.7500000000000004E-01   6.7500000000000004E-01   6.7500000000000004E-01   6.7500000000000004E-01
 6.7500000000000004E-01   6.7500000000000004E-01   6.7500000000000004E-01   6.7500000000000004E-01   6.7500000000000004E-01   6.7500000000000004E-01   6.7500000000000004E-01   6.7500000000000004E-01   6.7500000000000004E-01   6.7500000000000004E-01   6.7500000000000004E-01
 6.7500000000000004E-01   6.7500000000000004E-01   6.7500000000000004E-01   6.7500000000000004E-01   6.7500000000000004E-01   6.7500000000000004E-01   6.7500000000000004E-01   6.7500000000000004E-01   6.7500000000000004E-01   6.7500000000000004E-01   6.7500000000000004E-01
 6.7500000000000004E-01   6.7500000000000004E-01   6.7500000000000004E-01   6.7500000000000004E-01   6.7500000000000004E-01   6.7500000000000004E-01   6.7500000000000004E-01   6.7500000000000004E-01   6.7500000000000004E-01   6.7500000000000004E-01   6.7500000000000004E-01
 6.7500000000000004E-01   6.7500000000000004E-01   6.7500000000000004E-01   6.7500000000000004E-01   7.0000000000000007E-01   7.0000000000000007E-01   7.0000000000000007E-01   7.0000000000000007E-01   7.0000000000000007E-01   7.0000000000000007E-01   7.0000000000000007E-01
 7.0000000000000007E-01   7.0000000000000007E-01   7.0000000000000007E-01   7.0000000000000007E-01   7.0000000000000007E-01   7.0000000000000007E-01   7.0000000000000007E-01   7.0000000000000007E-01   7.0000000000000007E-01   7.0000000000000007E-01   7.0000000000000007E-01
 7.0000000000000007E-01   7.0000000000000007E-01   7.0000000000000007E-01   7.0000000000000007E-01   7.0000000000000007E-01   7.0000000000000007E-01   7.0000000000000007E-01   7.0000000000000007E-01   7.0000000000000007E-01   7.0000000000000007E-01   7.0000000000000007E-01
 7.0000000000000007E-01   7.0000000000000007E-01   7.0000000000000007E-01   7.0000000000000007E-01   7.0000000000000007E-01   7.0000000000000007E-01   7.0000000000000007E-01   7.0000000000000007E-01   7.0000000000000007E-01   7.0000000000000007E-01   7.0000000000000007E-01
 7.0000000000000007E-01   7.2500000000000009E-01   7.2500000000000009E-01   7.2500000000000009E-01   7.2500000000000009E-01   7.2500000000000009E-01   7.2500000000000009E-01   7.2500000000000009E-01   7.2500000000000009E-01   7.2500000000000009E-01   7.2500000000000009E-01
 7.2500000000000009E-01   7.2500000000000009E-01   7.2500000000000009E-01   7.2500000000000009E-01   7.2500000000000009E-01   7.2500000000000009E-01   7.2500000000000009E-01   7.2500000000000009E-01   7.2500000000000009E-01   7.2500000000000009E-01   7.2500000000000009E-01
 7.2500000000000009E-01   7.2500000000000009E-01   7.2500000000000009E-01   7.2500000000000009E-01   7.2500000000000009E-01   7.2500000000000009E-01   7.2500000000000009E-01   7.2500000000000009E-01   7.2500000000000009E-01   7.2500000000000009E-01   7.2500000000000009E-01
 7.2500000000000009E-01   7.2500000000000009E-01   7.2500000000000009E-01   7.2500000000000009E-01   7.2500000000000009E-01   7.2500000000000009E-01   7.2500000000000009E-01   7.2500000000000009E-01   7.2500000000000009E-01   7.5000000000000000E-01   7.5000000000000000E-01
 7.5000000000000000E-01   7.5000000000000000E-01   7.5000000000000000E-01   7.5000000000000000E-01   7.5000000000000000E-01   7.5000000000000000E-01   7.5000000000000000E-01   7.5000000000000000E-01   7.5000000000000000E-01   7.5000000000000000E-01   7.5000000000000000E-01
 7.5000000000000000E-01   7.5000000000000000E-01   7.5000000000000000E-01   7.5000000000000000E-01   7.5000000000000000E-01   7.5000000000000000E-01   7.5000000000000000E-01   7.5000000000000000E-01   7.5000000000000000E-01   7.5000000000000000E-01   7.5000000000000000E-01
 7.5000000000000000E-01   7.5000000000000000E-01   7.5000000000000000E-01   7.5000000000000000E-01   7.5000000000000000E-01   7.5000000000000000E-01   7.5000000000000000E-01   7.5000000000000000E-01   7.5000000000000000E-01   7.5000000000000000E-01   7.5000000000000000E-01
 7.5000000000000000E-01   7.5000000000000000E-01   7.5000000000000000E-01   7.5000000000000000E-01   7.5000000000000000E-01   7.5000000000000000E-01   7.7500000000000002E-01   7.7500000000000002E-01   7.7500000000000002E-01   7.7500000000000002E-01   7.7500000000000002E-01
 7.7500000000000002E-01   7.7500000000000002E-01   7.7500000000000002E-01   7.7500000000000002E-01   7.7500000000000002E-01   7.7500000000000002E-01   7.7500000000000002E-01   7.7500000000000002E-01   7.7500000000000002E-01   7.7500000000000002E-01   7.7500000000000002E-01
 7.7500000000000002E-01   7.7500000000000002E-01   7.7500000000000002E-01   7.7500000000000002E-01   7.7500000000000002E-01   7.7500000000000002E-01   7.7500000000000002E-01   7.7500000000000002E-01   7.7500000000000002E-01   7.7500000000000002E-01   7.7500000000000002E-01
 7.7500000000000002E-01   7.7500000000000002E-01   7.7500000000000002E-01   7.7500000000000002E-01   7.7500000000000002E-01   7.7500000000000002E-01   7.7500000000000002E-01   7.7500000000000002E-01   7.7500000000000002E-01   7.7500000000000002E-01   7.7500000000000002E-01
 7.7500000000000002E-01   7.7500000000000002E-01   7.7500000000000002E-01   8.0000000000000004E-01   8.0000000000000004E-01   8.0000000000000004E-01   8.0000000000000004E-01   8.0000000000000004E-01   8.0000000000000004E-01   8.0000000000000004E-01   8.0000000000000004E-01
 8.0000000000000004E-01   8.0000000000000004E-01   8.0000000000000004E-01   8.0000000000000004E-01   8.0000000000000004E-01   8.0000000000000004E-01   8.0000000000000004E-01   8.0000000000000004E-01   8.0000000000000004E-01   8.0000000000000004E-01   8.0000000000000004E-01
 8.0000000000000004E-01   8.0000000000000004E-01   8.0000000000000004E-01   8.0000000000000004E-01   8.0000000000000004E-01   8.0000000000000004E-01   8.0000000000000004E-01   8.0000000000000004E-01   8.0000000000000004E-01   8.0000000000000004E-01   8.0000000000000004E-01
 8.0000000000000004E-01   8.0000000000000004E-01   8.0000000000000004E-01   8.0000000000000004E-01   8.0000000000000004E-01   8.0000000000000004E-01   8.0000000000000004E-01   8.0000000000000004E-01   8.0000000000000004E-01   8.0000000000000004E-01   8.0000000000000004E-01
 8.2500000000000007E-01   8.2500000000000007E-01   8.2500000000000007E-01   8.2500000000000007E-01   8.2500000000000007E-01   8.2500000000000007E-01   8.2500000000000007E-01   8.2500000000000007E-01   8.2500000000000007E-01   8.2500000000000007E-01   8.2500000000000007E-01
 8.2500000000000007E-01   8.2500000000000007E-01   8.2500000000000007E-01   8.2500000000000007E-01   8.2500000000000007E-01   8.2500000000000007E-01   8.2500000000000007E-01   8.2500000000000007E-01   8.2500000000000007E-01   8.2500000000000007E-01   8.2500000000000007E-01
 8.2500000000000007E-01   8.2500000000000007E-01   8.2500000000000007E-01   8.2500000000000007E-01   8.2500000000000007E-01   8.2500000000000007E-01   8.2500000000000007E-01   8.2500000000000007E-01   8.2500000000000007E-01   8.2500000000000007E-01   8.2500000000000007E-01
 8.2500000000000007E-01   8.2500000000000007E-01   8.2500000000000007E-01   8.2500000000000007E-01   8.2500000000000007E-01   8.2500000000000007E-01   8.2500000000000007E-01   8.2500000000000007E-01   8.5000000000000009E-01   8.5000000000000009E-01   8.5000000000000009E-01
 8.5000000000000009E-01   8.5000000000000009E-01   8.5000000000000009E-01   8.5000000000000009E-01   8.5000000000000009E-01   8.5000000000000009E-01   8.5000000000000009E-01   8.5000000000000009E-01   8.5000000000000009E-01   8.5000000000000009E-01   8.5000000000000009E-01
 8.5000000000000009E-01   8.5000000000000009E-01   8.5000000000000009E-01   8.5000000000000009E-01   8.5000000000000009E-01   8.5000000000000009E-01   8.5000000000000009E-01   8.5000000000000009E-01   8.5000000000000009E-01   8.5000000000000009E-01   8.5000000000000009E-01
 8.5000000000000009E-01   8.5000000000000009E-01   8.5000000000000009E-01   8.5000000000000009E-01   8.5000000000000009E-01   8.5000000000000009E-01   8.5000000000000009E-01   8.5000000000000009E-01   8.5000000000000009E-01   8.5000000000000009E-01   8.5000000000000009E-01
 8.5000000000000009E-01   8.5000000000000009E-01   8.5000000000000009E-01   8.5000000000000009E-01   8.5000000000000009E-01   8.7500000000000000E-01   8.7500000000000000E-01   8.7500000000000000E-01   8.7500000000000000E-01   8.7500000000000000E-01   8.7500000000000000E-01
 8.7500000000000000E-01   8.7500000000000000E-01   8.7500000000000000E-01   8.7500000000000000E-01   8.7500000000000000E-01   8.7500000000000000E-01   8.7500000000000000E-01   8.7500000000000000E-01   8.7500000000000000E-01   8.7500000000000000E-01   8.7500000000000000E-01
 8.7500000000000000E-01   8.7500000000000000E-01   8.7500000000000000E-01   8.7500000000000000E-01   8.7500000000000000E-01   8.7500000000000000E-01   8.7500000000000000E-01   8.7500000000000000E-01   8.7500000000000000E-01   8.7500000000000000E-01   8.7500000000000000E-01
 8.7500000000000000E-01   8.7500000000000000E-01   8.7500000000000000E-01   8.7500000000000000E-01   8.7500000000000000E-01   8.7500000000000000E-01   8.7500000000000000E-01   8.7500000000000000E-01   8.7500000000000000E-01   8.7500000000000000E-01   8.7500000000000000E-01
 8.7500000000000000E-01   8.7500000000000000E-01   9.0000000000000002E-01   9.0000000000000002E-01   9.0000000000000002E-01   9.0000000000000002E-01   9.0000000000000002E-01   9.0000000000000002E-01   9.0000000000000002E-01   9.0000000000000002E-01   9.0000000000000002E-01
 9.0000000000000002E-01   9.0000000000000002E-01   9.0000000000000002E-01   9.0000000000000002E-01   9.0000000000000002E-01   9.0000000000000002E-01   9.0000000000000002E-01   9.0000000000000002E-01   9.0000000000000002E-01   9.0000000000000002E-01   9.0000000000000002E-01
 9.0000000000000002E-01   9.0000000000000002E-01   9.0000000000000002E-01   9.0000000000000002E-01   9.0000000000000002E-01   9.0000000000000002E-01   9.0000000000000002E-01   9.0000000000000002E-01   9.0000000000000002E-01   9.0000000000000002E-01   9.0000000000000002E-01
 9.0000000000000002E-01   9.0000000000000002E-01   9.0000000000000002E-01   9.0000000000000002E-01   9.0000000000000002E-01   9.0000000000000002E-01   9.0000000000000002E-01   9.0000000000000002E-01   9.0000000000000002E-01   9.0000000000000002E-01   9.2500000000000004E-01
 9.2500000000000004E-01   9.2500000000000004E-01   9.2500000000000004E-01   9.2500000000000004E-01   9.2500000000000004E-01   9.2500000000000004E-01   9.2500000000000004E-01   9.2500000000000004E-01   9.2500000000000004E-01   9.2500000000000004E-01   9.2500000000000004E-01
 9.2500000000000004E-01   9.2500000000000004E-01   9.2500000000000004E-01   9.2500000000000004E-01   9.2500000000000004E-01   9.2500000000000004E-01   9.2500000000000004E-01   9.2500000000000004E-01   9.2500000000000004E-01   9.2500000000000004E-01   9.2500000000000004E-01
 9.2500000000000004E-01   9.2500000000000004E-01   9.2500000000000004E-01   9.2500000000000004E-01   9.2500000000000004E-01   9.2500000000000004E-01   9.2500000000000004E-01   9.2500000000000004E-01   9.2500000000000004E-01   9.2500000000000004E-01   9.2500000000000004E-01
 9.2500000000000004E-01   9.2500000000000004E-01   9.2500000000000004E-01   9.2500000000000004E-01   9.2500000000000004E-01   9.2500000000000004E-01   9.2500000000000004E-01   9.5000000000000007E-01   9.5000000000000007E-01   9.5000000000000007E-01   9.5000000000000007E-01
 9.5000000000000007E-01   9.5000000000000007E-01   9.5000000000000007E-01   9.5000000000000007E-01   9.5000000000000007E-01   9.5000000000000007E-01   9.5000000000000007E-01   9.5000000000000007E-01   9.5000000000000007E-01   9.5000000000000007E-01   9.5000000000000007E-01
 9.5000000000000007E-01   9.5000000000000007E-01   9.5000000000000007E-01   9.5000000000000007E-01   9.5000000000000007E-01   9.5000000000000007E-01   9.5000000000000007E-01   9.5000000000000007E-01   9.5000000000000007E-01   9.5000000000000007E-01   9.5000000000000007E-01
 9.5000000000000007E-01   9.5000000000000007E-01   9.5000000000000007E-01   9.5000000000000007E-01   9.5000000000000007E-01   9.5000000000000007E-01   9.5000000000000007E-01   9.5000000000000007E-01   9.5000000000000007E-01   9.5000000000000007E-01   9.5000000000000007E-01
 9.5000000000000007E-01   9.5000000000000007E-01   9.5000000000000007E-01   9.5000000000000007E-01   9.7500000000000009E-01   9.7500000000000009E-01   9.7500000000000009E-01   9.7500000000000009E-01   9.7500000000000009E-01   9.7500000000000009E-01   9.7500000000000009E-01
 9.7500000000000009E-01   9.7500000000000009E-01   9.7500000000000009E-01   9.7500000000000009E-01   9.7500000000000009E-01   9.7500000000000009E-01   9.7500000000000009E-01   9.7500000000000009E-01   9.7500000000000009E-01   9.7500000000000009E-01   9.7500000000000009E-01
 9.7500000000000009E-01   9.7500000000000009E-01   9.7500000000000009E-01   9.7500000000000009E-01   9.7500000000000009E-01   9.7500000000000009E-01   9.7500000000000009E-01   9.7500000000000009E-01   9.7500000000000009E-01   9.7500000000000009E-01   9.7500000000000009E-01
 9.7500000000000009E-01   9.7500000000000009E-01   9.7500000000000009E-01   9.7500000000000009E-01   9.7500000000000009E-01   9.7500000000000009E-01   9.7500000000000009E-01   9.7500000000000009E-01   9.7500000000000009E-01   9.7500000000000009E-01   9.7500000000000009E-01
 9.7500000000000009E-01   1.0000000000000000E+00   1.0000000000000000E+00   1.0000000000000000E+00   1.0000000000000000E+00   1.0000000000000000E+00   1.0000000000000000E+00   1.0000000000000000E+00   1.0000000000000000E+00   1.0000000000000000E+00   1.0000000000000000E+00
 1.0000000000000000E+00   1.0000000000000000E+00   1.0000000000000000E+00   1.0000000000000000E+00   1.0000000000000000E+00   1.0000000000000000E+00   1.0000000000000000E+00   1.0000000000000000E+00   1.0000000000000000E+00   1.0000000000000000E+00   1.0000000000000000E+00
 1.0000000000000000E+00   1.0000000000000000E+00   1.0000000000000000E+00   1.0000000000000000E+00   1.0000000000000000E+00   1.0000000000000000E+00   1.0000000000000000E+00   1.0000000000000000E+00   1.0000000000000000E+00   1.0000000000000000E+00   1.0000000000000000E+00
 1.0000000000000000E+00   1.0000000000000000E+00   1.0000000000000000E+00   1.0000000000000000E+00   1.0000000000000000E+00   1.0000000000000000E+00   1.0000000000000000E+00   1.0000000000000000E+00   1.0000000000000000E+00
 1.0000064307913128E+00   1.0000064307910470E+00   1.0000064307907808E+00   1.0000064307905694E+00   1.0000064307904180E+00   1.0000064307903087E+00   1.0000064307902317E+00   1.0000064307901777E+00   1.0000064307901431E+00   1.0000064307901233E+00   1.0000064307901122E+00
 1.0000064307901106E+00   1.0000064307901133E+00   1.0000064307901202E+00   1.0000064307901282E+00   1.0000064307901373E+00   1.0000064307901448E+00   1.0000064307901524E+00   1.0000064307901586E+00   1.0000064307901644E+00   1.0000064307901686E+00   1.0000064307901722E+00
 1.0000064307901764E+00   1.0000064307901781E+00   1.0000064307901781E+00   1.0000064307901764E+00   1.0000064307901704E+00   1.0000064307901615E+00   1.0000064307901457E+00   1.0000064307901200E+00   1.0000064307900822E+00   1.0000064307900287E+00   1.0000064307899583E+00
 1.0000064307898706E+00   1.0000064307897694E+00   1.0000064307896686E+00   1.0000064307895906E+00   1.0000064307895731E+00   1.0000064307896630E+00   1.0000064307901582E+00   1.0000008187499765E+00   1.0000008187500380E+00   1.0000008187500600E+00   1.0000008187500611E+00
 1.0000008187500486E+00   1.0000008187500264E+00   1.0000008187499969E+00   1.0000008187499669E+00   1.0000008187499378E+00   1.0000008187499112E+00   1.0000008187498868E+00   1.0000008187498666E+00   1.0000008187498490E+00   1.0000008187498324E+00   1.0000008187498213E+00
 1.0000008187498104E+00   1.0000008187498022E+00   1.0000008187497957E+00   1.0000008187497895E+00   1.0000008187497849E+00   1.0000008187497809E+00   1.0000008187497773E+00   1.0000008187497740E+00   1.0000008187497722E+00   1.0000008187497695E+00   1.0000008187497658E+00
 1.0000008187497615E+00   1.0000008187497555E+00   1.0000008187497460E+00   1.0000008187497333E+00   1.0000008187497149E+00   1.0000008187496892E+00   1.0000008187496545E+00   1.0000008187496119E+00   1.0000008187495597E+00   1.0000008187495071E+00   1.0000008187494593E+00
 1.0000008187494305E+00   1.0000008187494376E+00   1.0000008187495488E+00   1.0000000240533276E+00   1.0000000240533493E+00   1.0000000240533586E+00   1.0000000240533633E+00   1.0000000240533617E+00   1.0000000240533566E+00   1.0000000240533511E+00   1.0000000240533446E+00
 1.0000000240533367E+00   1.0000000240533302E+00   1.0000000240533231E+00   1.0000000240533164E+00   1.0000000240533118E+00   1.0000000240533062E+00   1.0000000240533014E+00   1.0000000240532971E+00   1.0000000240532934E+00   1.0000000240532878E+00   1.0000000240532849E+00
 1.0000000240532820E+00   1.0000000240532785E+00   1.0000000240532751E+00   1.0000000240532723E+00   1.0000000240532696E+00   1.0000000240532669E+00   1.0000000240532634E+00   1.0000000240532601E+00   1.0000000240532563E+00   1.0000000240532503E+00   1.0000000240532423E+00
 1.0000000240532303E+00   1.0000000240532156E+00   1.0000000240531968E+00   1.0000000240531721E+00   1.0000000240531441E+00   1.0000000240531126E+00   1.0000000240530842E+00   1.0000000240530635E+00   1.0000000240530613E+00   1.0000000240531108E+00   1.0000000003900220E+00
 1.0000000003900320E+00   1.0000000003900360E+00   1.0000000003900378E+00   1.0000000003900364E+00   1.0000000003900340E+00   1.0000000003900313E+00   1.0000000003900282E+00   1.0000000003900256E+00   1.0000000003900231E+00   1.0000000003900200E+00   1.0000000003900176E+00
 1.0000000003900158E+00   1.0000000003900145E+00   1.0000000003900138E+00   1.0000000003900122E+00   1.0000000003900100E+00   1.0000000003900085E+00   1.0000000003900074E+00   1.0000000003900060E+00   1.0000000003900047E+00   1.0000000003900029E+00   1.0000000003900018E+00
 1.0000000003899998E+00   1.0000000003899978E+00   1.0000000003899967E+00   1.0000000003899947E+00   1.0000000003899918E+00   1.0000000003899880E+00   1.0000000003899829E+00   1.0000000003899774E+00   1.0000000003899669E+00   1.0000000003899552E+00   1.0000000003899405E+00
 1.0000000003899223E+00   1.0000000003899023E+00   1.0000000003898826E+00   1.0000000003898695E+00   1.0000000003898668E+00   1.0000000003898939E+00   1.0000000000197566E+00   1.0000000000197642E+00   1.0000000000197671E+00   1.0000000000197684E+00   1.0000000000197684E+00
 1.0000000000197671E+00   1.0000000000197649E+00   1.0000000000197629E+00   1.0000000000197620E+00   1.0000000000197602E+00   1.0000000000197589E+00   1.0000000000197582E+00   1.0000000000197571E+00   1.0000000000197566E+00   1.0000000000197558E+00   1.0000000000197551E+00
 1.0000000000197546E+00   1.0000000000197538E+00   1.0000000000197538E+00   1.0000000000197538E+00   1.0000000000197524E+00   1.0000000000197518E+00   1.0000000000197506E+00   1.0000000000197500E+00   1.0000000000197491E+00   1.0000000000197484E+00   1.0000000000197469E+00
 1.0000000000197447E+00   1.0000000000197422E+00   1.0000000000197387E+00   1.0000000000197347E+00   1.0000000000197293E+00   1.0000000000197204E+00   1.0000000000197109E+00   1.0000000000196982E+00   1.0000000000196867E+00   1.0000000000196723E+00   1.0000000000196640E+00
 1.0000000000196605E+00   1.0000000000196776E+00   1.0000000000036804E+00   1.0000000000036851E+00   1.0000000000036864E+00   1.0000000000036875E+00   1.0000000000036864E+00   1.0000000000036862E+00   1.0000000000036844E+00   1.0000000000036837E+00   1.0000000000036819E+00
 1.0000000000036819E+00   1.0000000000036811E+00   1.0000000000036806E+00   1.0000000000036804E+00   1.0000000000036802E+00   1.0000000000036802E+00   1.0000000000036799E+00   1.0000000000036799E+00   1.0000000000036795E+00   1.0000000000036791E+00   1.0000000000036791E+00
 1.0000000000036788E+00   1.0000000000036782E+00   1.0000000000036777E+00   1.0000000000036775E+00   1.0000000000036764E+00   1.0000000000036759E+00   1.0000000000036755E+00   1.0000000000036746E+00   1.0000000000036724E+00   1.0000000000036711E+00   1.0000000000036677E+00
 1.0000000000036633E+00   1.0000000000036566E+00   1.0000000000036502E+00   1.0000000000036424E+00   1.0000000000036342E+00   1.0000000000036244E+00   1.0000000000036178E+00   1.0000000000036169E+00   1.0000000000036269E+00   1.0000000000007212E+00   1.0000000000007241E+00
 1.0000000000007256E+00   1.0000000000007261E+00   1.0000000000007256E+00   1.0000000000007252E+00   1.0000000000007245E+00   1.0000000000007236E+00   1.0000000000007228E+00   1.0000000000007230E+00   1.0000000000007228E+00   1.0000000000007221E+00   1.0000000000007216E+00
 1.0000000000007216E+00   1.0000000000007212E+00   1.0000000000007214E+00   1.0000000000007210E+00   1.0000000000007208E+00   1.0000000000007208E+00   1.0000000000007208E+00   1.0000000000007205E+00   1.0000000000007203E+00   1.0000000000007203E+00   1.0000000000007203E+00
 1.0000000000007201E+00   1.0000000000007196E+00   1.0000000000007192E+00   1.0000000000007185E+00   1.0000000000007183E+00   1.0000000000007170E+00   1.0000000000007141E+00   1.0000000000007112E+00   1.0000000000007081E+00   1.0000000000007023E+00   1.0000000000006972E+00
 1.0000000000006903E+00   1.0000000000006850E+00   1.0000000000006795E+00   1.0000000000006788E+00   1.0000000000006855E+00   1.0000000000001292E+00   1.0000000000001308E+00   1.0000000000001317E+00   1.0000000000001317E+00   1.0000000000001321E+00   1.0000000000001312E+00
 1.0000000000001310E+00   1.0000000000001306E+00   1.0000000000001297E+00   1.0000000000001297E+00   1.0000000000001297E+00   1.0000000000001297E+00   1.0000000000001299E+00   1.0000000000001292E+00   1.0000000000001295E+00   1.0000000000001295E+00   1.0000000000001295E+00
 1.0000000000001295E+00   1.0000000000001297E+00   1.0000000000001297E+00   1.0000000000001297E+00   1.0000000000001295E+00   1.0000000000001295E+00   1.0000000000001295E+00   1.0000000000001295E+00   1.0000000000001292E+00   1.0000000000001283E+00   1.0000000000001279E+00
 1.0000000000001275E+00   1.0000000000001261E+00   1.0000000000001246E+00   1.0000000000001219E+00   1.0000000000001206E+00   1.0000000000001164E+00   1.0000000000001121E+00   1.0000000000001084E+00   1.0000000000001041E+00   1.0000000000001008E+00   1.0000000000000995E+00
 1.0000000000001041E+00   1.0000000000000244E+00   1.0000000000000253E+00   1.0000000000000260E+00   1.0000000000000264E+00   1.0000000000000260E+00   1.0000000000000255E+00   1.0000000000000255E+00   1.0000000000000249E+00   1.0000000000000244E+00   1.0000000000000240E+00
 1.0000000000000240E+00   1.0000000000000240E+00   1.0000000000000242E+00   1.0000000000000240E+00   1.0000000000000240E+00   1.0000000000000240E+00   1.0000000000000240E+00   1.0000000000000242E+00   1.0000000000000240E+00   1.0000000000000240E+00   1.0000000000000240E+00
 1.0000000000000242E+00   1.0000000000000242E+00   1.0000000000000244E+00   1.0000000000000240E+00   1.0000000000000242E+00   1.0000000000000235E+00   1.0000000000000231E+00   1.0000000000000226E+00   1.0000000000000220E+00   1.0000000000000211E+00   1.0000000000000193E+00
 1.0000000000000164E+00   1.0000000000000138E+00   1.0000000000000122E+00   1.0000000000000091E+00   1.0000000000000062E+00   1.0000000000000038E+00   1.0000000000000029E+00   1.0000000000000060E+00   1.0000000000000069E+00   1.0000000000000073E+00   1.0000000000000078E+00
 1.0000000000000080E+00   1.0000000000000082E+00   1.0000000000000078E+00   1.0000000000000078E+00   1.0000000000000069E+00   1.0000000000000067E+00   1.0000000000000067E+00   1.0000000000000064E+00   1.0000000000000062E+00   1.0000000000000062E+00   1.0000000000000062E+00
 1.0000000000000060E+00   1.0000000000000062E+00   1.0000000000000060E+00   1.0000000000000062E+00   1.0000000000000062E+00   1.0000000000000062E+00   1.0000000000000062E+00   1.0000000000000062E+00   1.0000000000000062E+00   1.0000000000000067E+00   1.0000000000000062E+00
 1.0000000000000060E+00   1.0000000000000062E+00   1.0000000000000056E+00   1.0000000000000047E+00   1.0000000000000038E+00   1.0000000000000024E+00   1.0000000000000016E+00   1.0000000000000004E+00   9.9999999999999989E-01   9.9999999999999778E-01   9.9999999999999545E-01
 9.9999999999999356E-01   9.9999999999999167E-01   9.9999999999999090E-01   9.9999999999999356E-01   1.0000000000000049E+00   1.0000000000000040E+00   1.0000000000000044E+00   1.0000000000000049E+00   1.0000000000000049E+00   1.0000000000000047E+00   1.0000000000000040E+00
 1.0000000000000038E+00   1.0000000000000031E+00   1.0000000000000029E+00   1.0000000000000024E+00   1.0000000000000024E+00   1.0000000000000020E+00   1.0000000000000022E+00   1.0000000000000022E+00   1.0000000000000020E+00   1.0000000000000018E+00   1.0000000000000020E+00
 1.0000000000000016E+00   1.0000000000000016E+00   1.0000000000000016E+00   1.0000000000000018E+00   1.0000000000000018E+00   1.0000000000000013E+00   1.0000000000000011E+00   1.0000000000000009E+00   1.0000000000000004E+00   1.0000000000000000E+00   1.0000000000000000E+00
 1.0000000000000000E+00   1.0000000000000000E+00   1.0000000000000000E+00   9.9999999999999911E-01   9.9999999999999822E-01   9.9999999999999722E-01   9.9999999999999489E-01   9.9999999999999323E-01   9.9999999999999201E-01   9.9999999999999178E-01   9.9999999999999389E-01
 1.0000000000000036E+00   1.0000000000000029E+00   1.0000000000000027E+00   1.0000000000000031E+00   1.0000000000000031E+00   1.0000000000000024E+00   1.0000000000000018E+00   1.0000000000000018E+00   1.0000000000000011E+00   1.0000000000000004E+00   1.0000000000000004E+00
 1.0000000000000000E+00   1.0000000000000000E+00   1.0000000000000000E+00   1.0000000000000000E+00   1.0000000000000000E+00   1.0000000000000000E+00   1.0000000000000000E+00   1.0000000000000000E+00   1.0000000000000000E+00   1.0000000000000000E+00   1.0000000000000000E+00
 1.0000000000000000E+00   1.0000000000000000E+00   1.0000000000000000E+00   1.0000000000000000E+00   1.0000000000000000E+00   1.0000000000000000E+00   1.0000000000000000E+00   1.0000000000000000E+00   1.0000000000000000E+00   1.0000000000000000E+00   9.9999999999999944E-01
 9.9999999999999856E-01   9.9999999999999767E-01   9.9999999999999667E-01   9.9999999999999578E-01   9.9999999999999489E-01   9.9999999999999356E-01   9.9999999999999523E-01   1.0000000000000024E+00   1.0000000000000013E+00   1.0000000000000011E+00   1.0000000000000009E+00
 1.0000000000000002E+00   1.0000000000000000E+00   1.0000000000000000E+00   1.0000000000000000E+00   1.0000000000000000E+00   1.0000000000000000E+00   1.0000000000000000E+00   1.0000000000000000E+00   1.0000000000000000E+00   1.0000000000000000E+00   1.0000000000000000E+00
 1.0000000000000000E+00   1.0000000000000000E+00   1.0000000000000000E+00   1.0000000000000000E+00   1.0000000000000000E+00   1.0000000000000000E+00   1.0000000000000000E+00   1.0000000000000000E+00   1.0000000000000000E+00   1.0000000000000000E+00   1.0000000000000000E+00
 1.0000000000000000E+00   1.0000000000000000E+00   1.0000000000000000E+00   1.0000000000000000E+00   1.0000000000000000E+00   1.0000000000000000E+00   1.0000000000000000E+00   9.9999999999999900E-01   9.9999999999999811E-01   9.9999999999999700E-01   9.9999999999999611E-01
 9.9999999999999523E-01   9.9999999999999556E-01   9.9999999999999611E-01   1.0000000000000022E+00   1.0000000000000002E+00   1.0000000000000000E+00   1.0000000000000000E+00   1.0000000000000000E+00   1.0000000000000000E+00   1.0000000000000000E+00   1.0000000000000000E+00
 1.0000000000000000E+00   1.0000000000000000E+00   1.0000000000000000E+00   1.0000000000000000E+00   1.0000000000000000E+00   1.0000000000000000E+00   1.0000000000000000E+00   1.0000000000000000E+00   1.0000000000000000E+00   1.0000000000000000E+00   1.0000000000000000E+00
 1.0000000000000000E+00   1.0000000000000000E+00   1.0000000000000000E+00   1.0000000000000000E+00   1.0000000000000000E+00   1.0000000000000000E+00   1.0000000000000000E+00   1.0000000000000000E+00   1.0000000000000000E+00   1.0000000000000000E+00   1.0000000000000000E+00
 1.0000000000000000E+00   1.0000000000000000E+00   1.0000000000000000E+00   9.9999999999999956E-01   9.9999999999999856E-01   9.9999999999999745E-01   9.9999999999999645E-01   9.9999999999999567E-01   9.9999999999999611E-01   9.9999999999999722E-01   1.0000000000000007E+00
 1.0000000000000000E+00   1.0000000000000000E+00   1.0000000000000000E+00   1.0000000000000000E+00   1.0000000000000000E+00   1.0000000000000000E+00   1.0000000000000000E+00   1.0000000000000000E+00   1.0000000000000000E+00   1.0000000000000000E+00   1.0000000000000000E+00
 1.0000000000000000E+00   1.0000000000000000E+00   1.0000000000000000E+00   1.0000000000000000E+00   1.0000000000000000E+00   1.0000000000000000E+00   1.0000000000000000E+00   1.0000000000000000E+00   1.0000000000000000E+00   1.0000000000000000E+00   1.0000000000000000E+00
 1.0000000000000000E+00   1.0000000000000000E+00   1.0000000000000000E+00   1.0000000000000000E+00   1.0000000000000000E+00   1.0000000000000000E+00   1.0000000000000000E+00   1.0000000000000000E+00   1.0000000000000000E+00   1.0000000000000000E+00   1.0000000000000000E+00
 9.9999999999999922E-01   9.9999999999999822E-01   9.9999999999999689E-01   9.9999999999999656E-01   9.9999999999999678E-01   9.9999999999999767E-01   1.0000000000000000E+00   1.0000000000000000E+00   1.0000000000000000E+00   1.0000000000000000E+00   1.0000000000000000E+00
 1.0000000000000000E+00   1.0000000000000000E+00   1.0000000000000000E+00   1.0000000000000000E+00   1.0000000000000000E+00   1.0000000000000000E+00   1.0000000000000000E+00   1.0000000000000000E+00   1.0000000000000000E+00   1.0000000000000000E+00   1.0000000000000000E+00
 1.0000000000000000E+00   1.0000000000000000E+00   1.0000000000000000E+00   1.0000000000000000E+00   1.0000000000000000E+00   1.0000000000000000E+00   1.0000000000000000E+00   1.0000000000000000E+00   1.0000000000000000E+00   1.0000000000000000E+00   1.0000000000000000E+00
 1.0000000000000000E+00   1.0000000000000000E+00   1.0000000000000000E+00   1.0000000000000000E+00   1.0000000000000000E+00   1.0000000000000000E+00   1.0000000000000000E+00   1.0000000000000000E+00   9.9999999999999922E-01   9.9999999999999911E-01   9.9999999999999756E-01
 9.9999999999999734E-01   9.9999999999999767E-01   1.0000000000000000E+00   1.0000000000000000E+00   1.0000000000000000E+00   1.0000000000000000E+00   1.0000000000000000E+00   1.0000000000000000E+00   1.0000000000000000E+00   1.0000000000000000E+00   1.0000000000000000E+00
 1.0000000000000000E+00   1.0000000000000000E+00   1.0000000000000000E+00   1.0000000000000000E+00   1.0000000000000000E+00   1.0000000000000000E+00   1.0000000000000000E+00   1.0000000000000000E+00   1.0000000000000000E+00   1.0000000000000000E+00   1.0000000000000000E+00
 1.0000000000000000E+00   1.0000000000000000E+00   1.0000000000000000E+00   1.0000000000000000E+00   1.0000000000000000E+00   1.0000000000000000E+00   1.0000000000000000E+00   1.0000000000000000E+00   1.0000000000000000E+00   1.0000000000000000E+00   1.0000000000000000E+00
 1.0000000000000000E+00   1.0000000000000000E+00   1.0000000000000000E+00   1.0000000000000000E+00   1.0000000000000000E+00   1.0000000000000000E+00   9.9999999999999878E-01   9.9999999999999833E-01   9.9999999999999811E-01   1.0000000000000000E+00   1.0000000000000000E+00
 1.0000000000000000E+00   1.0000000000000000E+00   1.0000000000000000E+00   1.0000000000000000E+00   1.0000000000000000E+00   1.0000000000000000E+00   1.0000000000000000E+00   1.0000000000000000E+00   1.0000000000000000E+00   1.0000000000000000E+00   1.0000000000000000E+00
 1.0000000000000000E+00   1.0000000000000000E+00   1.0000000000000000E+00   1.0000000000000000E+00   1.0000000000000000E+00   1.0000000000000000E+00   1.0000000000000000E+00   1.0000000000000000E+00   1.0000000000000000E+00   1.0000000000000000E+00   1.0000000000000000E+00
 1.0000000000000000E+00   1.0000000000000000E+00   1.0000000000000000E+00   1.0000000000000000E+00   1.0000000000000000E+00   1.0000000000000000E+00   1.0000000000000000E+00   1.0000000000000000E+00   1.0000000000000000E+00   1.0000000000000000E+00   1.0000000000000000E+00
 1.0000000000000000E+00   1.0000000000000000E+00   1.0000000000000000E+00   9.9999999999999978E-01   9.9999999999999822E-01   1.0000000000000000E+00   1.0000000000000000E+00   1.0000000000000000E+00   1.0000000000000000E+00   1.0000000000000000E+00   1.0000000000000000E+00
 1.0000000000000000E+00   1.0000000000000000E+00   1.0000000000000000E+00   1.0000000000000000E+00   1.0000000000000000E+00   1.0000000000000000E+00   1.0000000000000000E+00   1.0000000000000000E+00   1.0000000000000000E+00   1.0000000000000000E+00   1.0000000000000000E+00
 1.0000000000000000E+00   1.0000000000000000E+00   1.0000000000000000E+00   1.0000000000000000E+00   1.0000000000000000E+00   1.0000000000000000E+00   1.0000000000000000E+00   1.0000000000000000E+00   1.0000000000000000E+00   1.0000000000000000E+00   1.0000000000000000E+00
 1.0000000000000000E+00   1.0000000000000000E+00   1.0000000000000000E+00   1.0000000000000000E+00   1.0000000000000000E+00   1.0000000000000000E+00   1.0000000000000000E+00   1.0000000000000000E+00   1.0000000000000000E+00   1.0000000000000000E+00   1.0000000000000000E+00
 9.9999999999999856E-01   1.0000000000000000E+00   1.0000000000000000E+00   1.0000000000000000E+00   1.0000000000000000E+00   1.0000000000000000E+00   1.0000000000000000E+00   1.0000000000000000E+00   1.0000000000000000E+00   1.0000000000000000E+00   1.0000000000000000E+00
 1.0000000000000000E+00   1.0000000000000000E+00   1.0000000000000000E+00   1.0000000000000000E+00   1.0000000000000000E+00   1.0000000000000000E+00   1.0000000000000000E+00   1.0000000000000000E+00   1.0000000000000000E+00   1.0000000000000000E+00   1.0000000000000000E+00
 1.0000000000000000E+00   1.0000000000000000E+00   1.0000000000000000E+00   1.0000000000000000E+00   1.0000000000000000E+00   1.0000000000000000E+00   1.0000000000000000E+00   1.0000000000000000E+00   1.0000000000000000E+00   1.0000000000000000E+00   1.0000000000000000E+00
 1.0000000000000000E+00   1.0000000000000000E+00   1.0000000000000000E+00   1.0000000000000000E+00   1.0000000000000000E+00   1.0000000000000000E+00   1.0000000000000000E+00   9.9999999999999911E-01   1.0000000000000000E+00   1.0000000000000000E+00   1.0000000000000000E+00
 1.0000000000000000E+00   1.0000000000000000E+00   1.0000000000000000E+00   1.0000000000000000E+00   1.0000000000000000E+00   1.0000000000000000E+00   1.0000000000000000E+00   1.0000000000000000E+00   1.0000000000000000E+00   1.0000000000000000E+00   1.0000000000000000E+00
 1.0000000000000000E+00   1.0000000000000000E+00   1.0000000000000000E+00   1.0000000000000000E+00   1.0000000000000000E+00   1.0000000000000000E+00   1.0000000000000000E+00   1.0000000000000000E+00   1.0000000000000000E+00   1.0000000000000000E+00   1.0000000000000000E+00
 1.0000000000000000E+00   1.0000000000000000E+00   1.0000000000000000E+00   1.0000000000000000E+00   1.0000000000000000E+00   1.0000000000000000E+00   1.0000000000000000E+00   1.0000000000000000E+00   1.0000000000000000E+00   1.0000000000000000E+00   1.0000000000000000E+00
 1.0000000000000000E+00   1.0000000000000000E+00   1.0000000000000000E+00   1.0000000000000000E+00   1.0000000000000000E+00   1.0000000000000000E+00   1.0000000000000000E+00   1.0000000000000000E+00   1.0000000000000000E+00   1.0000000000000000E+00   1.0000000000000000E+00
 1.0000000000000000E+00   1.0000000000000000E+00   1.0000000000000000E+00   1.0000000000000000E+00   1.0000000000000000E+00   1.0000000000000000E+00   1.0000000000000000E+00   1.0000000000000000E+00   1.0000000000000000E+00   1.0000000000000000E+00   1.0000000000000000E+00
 1.0000000000000000E+00   1.0000000000000000E+00   1.0000000000000000E+00   1.0000000000000000E+00   1.0000000000000000E+00   1.0000000000000000E+00   1.0000000000000000E+00   1.0000000000000000E+00   1.0000000000000000E+00   1.0000000000000000E+00   1.0000000000000000E+00
 1.0000000000000000E+00   1.0000000000000000E+00   1.0000000000000000E+00   1.0000000000000000E+00   1.0000000000000000E+00   1.0000000000000000E+00   1.0000000000000000E+00   1.0000000000000000E+00   1.0000000000000000E+00   1.0000000000000000E+00   1.0000000000000000E+00
 1.0000000000000000E+00   1.0000000000000000E+00   1.0000000000000000E+00   1.0000000000000000E+00   1.0000000000000000E+00   1.0000000000000000E+00   1.0000000000000000E+00   1.0000000000000000E+00   1.0000000000000000E+00   1.0000000000000000E+00   1.0000000000000000E+00
 1.0000000000000000E+00   1.0000000000000000E+00   1.0000000000000000E+00   1.0000000000000000E+00   1.0000000000000000E+00   1.0000000000000000E+00   1.0000000000000000E+00   1.0000000000000000E+00   1.0000000000000000E+00   1.0000000000000000E+00   1.0000000000000000E+00
 1.0000000000000000E+00   1.0000000000000000E+00   1.0000000000000000E+00   1.0000000000000000E+00   1.0000000000000000E+00   1.0000000000000000E+00   1.0000000000000000E+00   1.0000000000000000E+00   1.0000000000000000E+00   1.0000000000000000E+00   1.0000000000000000E+00
 1.0000000000000000E+00   1.0000000000000000E+00   1.0000000000000000E+00   1.0000000000000000E+00   1.0000000000000000E+00   1.0000000000000000E+00   1.0000000000000000E+00   1.0000000000000000E+00   1.0000000000000000E+00   1.0000000000000000E+00   1.0000000000000000E+00
 1.0000000000000000E+00   1.0000000000000000E+00   1.0000000000000000E+00   1.0000000000000000E+00   1.0000000000000000E+00   1.0000000000000000E+00   1.0000000000000000E+00   1.0000000000000000E+00   1.0000000000000000E+00   1.0000000000000000E+00   1.0000000000000000E+00
 1.0000000000000000E+00   1.0000000000000000E+00   1.0000000000000000E+00   1.0000000000000000E+00   1.0000000000000000E+00   1.0000000000000000E+00   1.0000000000000000E+00   1.0000000000000000E+00   1.0000000000000000E+00   1.0000000000000000E+00   1.0000000000000000E+00
 1.0000000000000000E+00   1.0000000000000000E+00   1.0000000000000000E+00   1.0000000000000000E+00   1.0000000000000000E+00   1.0000000000000000E+00   1.0000000000000000E+00   1.0000000000000000E+00   1.0000000000000000E+00   1.0000000000000000E+00   1.0000000000000000E+00
 1.0000000000000000E+00   1.0000000000000000E+00   1.0000000000000000E+00   1.0000000000000000E+00   1.0000000000000000E+00   1.0000000000000000E+00   1.0000000000000000E+00   1.0000000000000000E+00   1.0000000000000000E+00   1.0000000000000000E+00   1.0000000000000000E+00
 1.0000000000000000E+00   1.0000000000000000E+00   1.0000000000000000E+00   1.0000000000000000E+00   1.0000000000000000E+00   1.0000000000000000E+00   1.0000000000000000E+00   1.0000000000000000E+00   1.0000000000000000E+00   1.0000000000000000E+00   1.0000000000000000E+00
 1.0000000000000000E+00   1.0000000000000000E+00   1.0000000000000000E+00   1.0000000000000000E+00   1.0000000000000000E+00   1.0000000000000000E+00   1.0000000000000000E+00   1.0000000000000000E+00   1.0000000000000000E+00   1.0000000000000000E+00   1.0000000000000000E+00
 1.0000000000000000E+00   1.0000000000000000E+00   1.0000000000000000E+00   1.0000000000000000E+00   1.0000000000000000E+00   1.0000000000000000E+00   1.0000000000000000E+00   1.0000000000000000E+00   1.0000000000000000E+00   1.0000000000000000E+00   1.0000000000000000E+00
 1.0000000000000000E+00   1.0000000000000000E+00   1.0000000000000000E+00   1.0000000000000000E+00   1.0000000000000000E+00   1.0000000000000000E+00   1.0000000000000000E+00   1.0000000000000000E+00   1.0000000000000000E+00   1.0000000000000000E+00   1.0000000000000000E+00
 1.0000000000000000E+00   1.0000000000000000E+00   1.0000000000000000E+00   1.0000000000000000E+00   1.0000000000000000E+00   1.0000000000000000E+00   1.0000000000000000E+00   1.0000000000000000E+00   1.0000000000000000E+00   1.0000000000000000E+00   1.0000000000000000E+00
 1.0000000000000000E+00   1.0000000000000000E+00   1.0000000000000000E+00   1.0000000000000000E+00   1.0000000000000000E+00   1.0000000000000000E+00   1.0000000000000000E+00   1.0000000000000000E+00   1.0000000000000000E+00   1.0000000000000000E+00   1.0000000000000000E+00
 1.0000000000000000E+00   1.0000000000000000E+00   1.0000000000000000E+00   1.0000000000000000E+00   1.0000000000000000E+00   1.0000000000000000E+00   1.0000000000000000E+00   1.0000000000000000E+00   1.0000000000000000E+00   1.0000000000000000E+00   1.0000000000000000E+00
 1.0000000000000000E+00   1.0000000000000000E+00   1.0000000000000000E+00   1.0000000000000000E+00   1.0000000000000000E+00   1.0000000000000000E+00   1.0000000000000000E+00   1.0000000000000000E+00   1.0000000000000000E+00   1.0000000000000000E+00   1.0000000000000000E+00
 1.0000000000000000E+00   1.0000000000000000E+00   1.0000000000000000E+00   1.0000000000000000E+00   1.0000000000000000E+00   1.0000000000000000E+00   1.0000000000000000E+00   1.0000000000000000E+00   1.0000000000000000E+00   1.0000000000000000E+00   1.0000000000000000E+00
 1.0000000000000000E+00   1.0000000000000000E+00   1.0000000000000000E+00   1.0000000000000000E+00   1.0000000000000000E+00   1.0000000000000000E+00   1.0000000000000000E+00   1.0000000000000000E+00   1.0000000000000000E+00   1.0000000000000000E+00   1.0000000000000000E+00
 1.0000000000000000E+00   1.0000000000000000E+00   1.0000000000000000E+00   1.0000000000000000E+00   1.0000000000000000E+00   1.0000000000000000E+00   1.0000000000000000E+00   1.0000000000000000E+00   1.0000000000000000E+00   1.0000000000000000E+00   1.0000000000000000E+00
 1.0000000000000000E+00   1.0000000000000000E+00   1.0000000000000000E+00   1.0000000000000000E+00   1.0000000000000000E+00   1.0000000000000000E+00   1.0000000000000000E+00   1.0000000000000000E+00   1.0000000000000000E+00   1.0000000000000000E+00   1.0000000000000000E+00
 1.0000000000000000E+00   1.0000000000000000E+00   1.0000000000000000E+00   1.0000000000000000E+00   1.0000000000000000E+00   1.0000000000000000E+00   1.0000000000000000E+00   1.0000000000000000E+00   1.0000000000000000E+00   1.0000000000000000E+00   1.0000000000000000E+00
 1.0000000000000000E+00   1.0000000000000000E+00   1.0000000000000000E+00   1.0000000000000000E+00   1.0000000000000000E+00   1.0000000000000000E+00   1.0000000000000000E+00   1.0000000000000000E+00   1.0000000000000000E+00   1.0000000000000000E+00   1.0000000000000000E+00
 1.0000000000000000E+00   1.0000000000000000E+00   1.0000000000000000E+00   1.0000000000000000E+00   1.0000000000000000E+00   1.0000000000000000E+00   1.0000000000000000E+00   1.0000000000000000E+00   1.0000000000000000E+00   1.0000000000000000E+00   1.0000000000000000E+00
 1.0000000000000000E+00   1.0000000000000000E+00   1.0000000000000000E+00   1.0000000000000000E+00   1.0000000000000000E+00   1.0000000000000000E+00   1.0000000000000000E+00   1.0000000000000000E+00   1.0000000000000000E+00   1.0000000000000000E+00   1.0000000000000000E+00
 1.0000000000000000E+00   1.0000000000000000E+00   1.0000000000000000E+00   1.0000000000000000E+00   1.0000000000000000E+00   1.0000000000000000E+00   1.0000000000000000E+00   1.0000000000000000E+00   1.0000000000000000E+00   1.0000000000000000E+00   1.0000000000000000E+00
 1.0000000000000000E+00   1.0000000000000000E+00   1.0000000000000000E+00   1.0000000000000000E+00   1.0000000000000000E+00   1.0000000000000000E+00   1.0000000000000000E+00   1.0000000000000000E+00   1.0000000000000000E+00   1.0000000000000000E+00   1.0000000000000000E+00
 1.0000000000000000E+00   1.0000000000000000E+00   1.0000000000000000E+00   1.0000000000000000E+00   1.0000000000000000E+00   1.0000000000000000E+00   1.0000000000000000E+00   1.0000000000000000E+00   1.0000000000000000E+00   1.0000000000000000E+00   1.0000000000000000E+00
 1.0000000000000000E+00   1.0000000000000000E+00   1.0000000000000000E+00   1.0000000000000000E+00   1.0000000000000000E+00   1.0000000000000000E+00   1.0000000000000000E+00   1.0000000000000000E+00   1.0000000000000000E+00   1.0000000000000000E+00   1.0000000000000000E+00
 1.0000000000000000E+00   1.0000000000000000E+00   1.0000000000000000E+00   1.0000000000000000E+00   1.0000000000000000E+00   1.0000000000000000E+00   1.0000000000000000E+00   1.0000000000000000E+00   1.0000000000000000E+00   1.0000000000000000E+00   1.0000000000000000E+00
 1.0000000000000000E+00   9.9999999999999767E-01   9.9999999999999767E-01   9.9999999999999767E-01   9.9999999999999767E-01   9.9999999999999767E-01   9.9999999999999767E-01   9.9999999999999767E-01   9.9999999999999767E-01   9.9999999999999767E-01   9.9999999999999767E-01
 9.9999999999999767E-01   9.9999999999999767E-01   9.9999999999999767E-01   9.9999999999999767E-01   9.9999999999999767E-01   9.9999999999999767E-01   9.9999999999999767E-01   9.9999999999999767E-01   9.9999999999999767E-01   9.9999999999999767E-01   9.9999999999999767E-01
 9.9999999999999767E-01   9.9999999999999767E-01   9.9999999999999767E-01   9.9999999999999767E-01   9.9999999999999767E-01   9.9999999999999767E-01   9.9999999999999767E-01   9.9999999999999767E-01   9.9999999999999767E-01   9.9999999999999767E-01   9.9999999999999767E-01
 9.9999999999999756E-01   9.9999999999999745E-01   9.9999999999999745E-01   9.9999999999999734E-01   9.9999999999999734E-01   9.9999999999999722E-01   9.9999999999999734E-01   9.9999999999999767E-01   9.9999999999998013E-01   9.9999999999998013E-01   9.9999999999998013E-01
 9.9999999999998024E-01   9.9999999999998013E-01   9.9999999999998024E-01   9.9999999999998024E-01   9.9999999999998013E-01   9.9999999999998002E-01   9.9999999999998013E-01   9.9999999999998013E-01   9.9999999999998013E-01   9.9999999999998002E-01   9.9999999999998013E-01
 9.9999999999998013E-01   9.9999999999998002E-01   9.9999999999998013E-01   9.9999999999998002E-01   9.9999999999998013E-01   9.9999999999998013E-01   9.9999999999998002E-01   9.9999999999998013E-01   9.9999999999998013E-01   9.9999999999998013E-01   9.9999999999998002E-01
 9.9999999999998013E-01   9.9999999999998002E-01   9.9999999999998002E-01   9.9999999999998013E-01   9.9999999999998002E-01   9.9999999999998002E-01   9.9999999999998002E-01   9.9999999999998002E-01   9.9999999999998002E-01   9.9999999999997990E-01   9.9999999999997979E-01
 9.9999999999997968E-01   9.9999999999997979E-01   9.9999999999997979E-01   9.9999999999998002E-01   9.9999999999986788E-01   9.9999999999986766E-01   9.9999999999986788E-01   9.9999999999986788E-01   9.9999999999986788E-01   9.9999999999986788E-01   9.9999999999986788E-01
 9.9999999999986777E-01   9.9999999999986777E-01   9.9999999999986788E-01   9.9999999999986788E-01   9.9999999999986777E-01   9.9999999999986777E-01   9.9999999999986777E-01   9.9999999999986777E-01   9.9999999999986777E-01   9.9999999999986766E-01   9.9999999999986777E-01
 9.9999999999986777E-01   9.9999999999986788E-01   9.9999999999986777E-01   9.9999999999986788E-01   9.9999999999986777E-01   9.9999999999986777E-01   9.9999999999986777E-01   9.9999999999986777E-01   9.9999999999986777E-01   9.9999999999986777E-01   9.9999999999986777E-01
 9.9999999999986777E-01   9.9999999999986777E-01   9.9999999999986777E-01   9.9999999999986766E-01   9.9999999999986755E-01   9.9999999999986755E-01   9.9999999999986755E-01   9.9999999999986744E-01   9.9999999999986733E-01   9.9999999999986755E-01   9.9999999999986744E-01
 9.9999999999920830E-01   9.9999999999920841E-01   9.9999999999920830E-01   9.9999999999920830E-01   9.9999999999920841E-01   9.9999999999920830E-01   9.9999999999920841E-01   9.9999999999920830E-01   9.9999999999920830E-01   9.9999999999920830E-01   9.9999999999920841E-01
 9.9999999999920830E-01   9.9999999999920830E-01   9.9999999999920830E-01   9.9999999999920841E-01   9.9999999999920830E-01   9.9999999999920830E-01   9.9999999999920830E-01   9.9999999999920830E-01   9.9999999999920841E-01   9.9999999999920841E-01   9.9999999999920830E-01
 9.9999999999920841E-01   9.9999999999920841E-01   9.9999999999920841E-01   9.9999999999920819E-01   9.9999999999920830E-01   9.9999999999920830E-01   9.9999999999920830E-01   9.9999999999920830E-01   9.9999999999920841E-01   9.9999999999920830E-01   9.9999999999920819E-01
 9.9999999999920830E-01   9.9999999999920819E-01   9.9999999999920808E-01   9.9999999999920819E-01   9.9999999999920819E-01   9.9999999999920830E-01   9.9999999999920830E-01   9.9999999999564682E-01   9.9999999999564693E-01   9.9999999999564693E-01   9.9999999999564704E-01
 9.9999999999564704E-01   9.9999999999564693E-01   9.9999999999564693E-01   9.9999999999564693E-01   9.9999999999564693E-01   9.9999999999564693E-01   9.9999999999564693E-01   9.9999999999564693E-01   9.9999999999564693E-01   9.9999999999564693E-01   9.9999999999564693E-01
 9.9999999999564693E-01   9.9999999999564704E-01   9.9999999999564693E-01   9.9999999999564693E-01   9.9999999999564693E-01   9.9999999999564693E-01   9.9999999999564704E-01   9.9999999999564693E-01   9.9999999999564693E-01   9.9999999999564704E-01   9.9999999999564682E-01
 9.9999999999564693E-01   9.9999999999564693E-01   9.9999999999564693E-01   9.9999999999564693E-01   9.9999999999564693E-01   9.9999999999564693E-01   9.9999999999564693E-01   9.9999999999564704E-01   9.9999999999564693E-01   9.9999999999564693E-01   9.9999999999564670E-01
 9.9999999999564659E-01   9.9999999999564648E-01   9.9999999999564648E-01   9.9999999996995859E-01   9.9999999996995836E-01   9.9999999996995825E-01   9.9999999996995836E-01   9.9999999996995825E-01   9.9999999996995825E-01   9.9999999996995825E-01   9.9999999996995825E-01
 9.9999999996995836E-01   9.9999999996995825E-01   9.9999999996995814E-01   9.9999999996995836E-01   9.9999999996995836E-01   9.9999999996995825E-01   9.9999999996995825E-01   9.9999999996995825E-01   9.9999999996995814E-01   9.9999999996995836E-01   9.9999999996995825E-01
 9.9999999996995814E-01   9.9999999996995825E-01   9.9999999996995825E-01   9.9999999996995836E-01   9.9999999996995814E-01   9.9999999996995859E-01   9.9999999996995825E-01   9.9999999996995836E-01   9.9999999996995825E-01   9.9999999996995825E-01   9.9999999996995825E-01
 9.9999999996995836E-01   9.9999999996995825E-01   9.9999999996995814E-01   9.9999999996995814E-01   9.9999999996995825E-01   9.9999999996995814E-01   9.9999999996995825E-01   9.9999999996995781E-01   9.9999999996995781E-01   9.9999999996995770E-01   9.9999999935819617E-01
 9.9999999935819628E-01   9.9999999935819628E-01   9.9999999935819628E-01   9.9999999935819628E-01   9.9999999935819628E-01   9.9999999935819628E-01   9.9999999935819628E-01   9.9999999935819628E-01   9.9999999935819617E-01   9.9999999935819628E-01   9.9999999935819628E-01
 9.9999999935819628E-01   9.9999999935819628E-01   9.9999999935819628E-01   9.9999999935819628E-01   9.9999999935819628E-01   9.9999999935819628E-01   9.9999999935819628E-01   9.9999999935819628E-01   9.9999999935819628E-01   9.9999999935819628E-01   9.9999999935819628E-01
 9.9999999935819628E-01   9.9999999935819628E-01   9.9999999935819628E-01   9.9999999935819628E-01   9.9999999935819628E-01   9.9999999935819628E-01   9.9999999935819628E-01   9.9999999935819628E-01   9.9999999935819617E-01   9.9999999935819617E-01   9.9999999935819606E-01
 9.9999999935819617E-01   9.9999999935819595E-01   9.9999999935819583E-01   9.9999999935819583E-01   9.9999999935819595E-01   9.9999999935819572E-01   9.9999997504795701E-01   9.9999997504795690E-01   9.9999997504795690E-01   9.9999997504795690E-01   9.9999997504795690E-01
 9.9999997504795690E-01   9.9999997504795701E-01   9.9999997504795690E-01   9.9999997504795690E-01   9.9999997504795690E-01   9.9999997504795690E-01   9.9999997504795690E-01   9.9999997504795690E-01   9.9999997504795690E-01   9.9999997504795690E-01   9.9999997504795690E-01
 9.9999997504795690E-01   9.9999997504795690E-01   9.9999997504795701E-01   9.9999997504795690E-01   9.9999997504795701E-01   9.9999997504795690E-01   9.9999997504795690E-01   9.9999997504795701E-01   9.9999997504795690E-01   9.9999997504795690E-01   9.9999997504795690E-01
 9.9999997504795690E-01   9.9999997504795690E-01   9.9999997504795690E-01   9.9999997504795690E-01   9.9999997504795690E-01   9.9999997504795690E-01   9.9999997504795690E-01   9.9999997504795690E-01   9.9999997504795690E-01   9.9999997504795690E-01   9.9999997504795690E-01
 9.9999997504795668E-01   9.9999997504795668E-01   9.9999918593397441E-01   9.9999918593397441E-01   9.9999918593397441E-01   9.9999918593397441E-01   9.9999918593397441E-01   9.9999918593397441E-01   9.9999918593397441E-01   9.9999918593397441E-01   9.9999918593397441E-01
 9.9999918593397441E-01   9.9999918593397430E-01   9.9999918593397430E-01   9.9999918593397430E-01   9.9999918593397430E-01   9.9999918593397441E-01   9.9999918593397441E-01   9.9999918593397441E-01   9.9999918593397430E-01   9.9999918593397441E-01   9.9999918593397441E-01
 9.9999918593397430E-01   9.9999918593397430E-01   9.9999918593397441E-01   9.9999918593397430E-01   9.9999918593397430E-01   9.9999918593397430E-01   9.9999918593397430E-01   9.9999918593397441E-01   9.9999918593397419E-01   9.9999918593397430E-01   9.9999918593397430E-01
 9.9999918593397430E-01   9.9999918593397430E-01   9.9999918593397430E-01   9.9999918593397430E-01   9.9999918593397430E-01   9.9999918593397430E-01   9.9999918593397430E-01   9.9999918593397430E-01   9.9999918593397430E-01   9.9999356568774789E-01   9.9999356568774844E-01
 9.9999356568774844E-01   9.9999356568774878E-01   9.9999356568774878E-01   9.9999356568774878E-01   9.9999356568774889E-01   9.9999356568774889E-01   9.9999356568774878E-01   9.9999356568774889E-01   9.9999356568774878E-01   9.9999356568774889E-01   9.9999356568774889E-01
 9.9999356568774878E-01   9.9999356568774878E-01   9.9999356568774889E-01   9.9999356568774878E-01   9.9999356568774878E-01   9.9999356568774878E-01   9.9999356568774878E-01   9.9999356568774878E-01   9.9999356568774878E-01   9.9999356568774878E-01   9.9999356568774878E-01
 9.9999356568774878E-01   9.9999356568774878E-01   9.9999356568774878E-01   9.9999356568774878E-01   9.9999356568774878E-01   9.9999356568774878E-01   9.9999356568774866E-01   9.9999356568774889E-01   9.9999356568774878E-01   9.9999356568774878E-01   9.9999356568774878E-01
 9.9999356568774878E-01   9.9999356568774878E-01   9.9999356568774878E-01   9.9999356568774889E-01   9.9999356568774922E-01
 9.1227010851642292E-04   9.1227010823324601E-04   9.1227010822860161E-04   9.1227010835766254E-04   9.1227010851585284E-04   9.1227010865795760E-04   9.1227010876978394E-04   9.1227010885900663E-04   9.1227010893128106E-04   9.1227010899319486E-04   9.1227010904979455E-04
 9.1227010910307441E-04   9.1227010915083504E-04   9.1227010919479466E-04   9.1227010923508362E-04   9.1227010926904657E-04   9.1227010929996184E-04   9.1227010932517746E-04   9.1227010934611698E-04   9.1227010936466009E-04   9.1227010938032095E-04   9.1227010939431551E-04
 9.1227010940737310E-04   9.1227010942016495E-04   9.1227010943572618E-04   9.1227010945363297E-04   9.1227010947904905E-04   9.1227010951324111E-04   9.1227010956226190E-04   9.1227010962938952E-04   9.1227010972073832E-04   9.1227010984028484E-04   9.1227010998825610E-04
 9.1227011016027973E-04   9.1227011034376176E-04   9.1227011051590173E-04   9.1227011064117717E-04   9.1227011067309392E-04   9.1227011055916053E-04   9.1227011001045362E-04   9.7957326944101124E-04   9.7957326931354984E-04   9.7957326922792735E-04   9.7957326915553192E-04
 9.7957326909422983E-04   9.7957326904210139E-04   9.7957326899940442E-04   9.7957326896670966E-04   9.7957326894312739E-04   9.7957326893002676E-04   9.7957326892399686E-04   9.7957326892505288E-04   9.7957326893145119E-04   9.7957326894164225E-04   9.7957326895340520E-04
 9.7957326896684583E-04   9.7957326898126399E-04   9.7957326899596707E-04   9.7957326900934092E-04   9.7957326902205297E-04   9.7957326903447251E-04   9.7957326904621680E-04   9.7957326905757079E-04   9.7957326906898440E-04   9.7957326908024796E-04   9.7957326909375625E-04
 9.7957326910955980E-04   9.7957326913038971E-04   9.7957326915684446E-04   9.7957326919348030E-04   9.7957326924239885E-04   9.7957326930486798E-04   9.7957326938406266E-04   9.7957326947850859E-04   9.7957326958526630E-04   9.7957326969399161E-04   9.7957326979484800E-04
 9.7957326986984725E-04   9.7957326990215582E-04   9.7957326984920577E-04   9.8517796642222421E-04   9.8517796635397108E-04   9.8517796631182467E-04   9.8517796627411460E-04   9.8517796623986465E-04   9.8517796620816453E-04   9.8517796618037882E-04   9.8517796615645720E-04
 9.8517796613764651E-04   9.8517796612146934E-04   9.8517796611045580E-04   9.8517796610248019E-04   9.8517796609773074E-04   9.8517796609501112E-04   9.8517796609503064E-04   9.8517796609605044E-04   9.8517796609884703E-04   9.8517796610108005E-04   9.8517796610500638E-04
 9.8517796610986990E-04   9.8517796611413341E-04   9.8517796611925041E-04   9.8517796612451595E-04   9.8517796613011477E-04   9.8517796613715341E-04   9.8517796614502906E-04   9.8517796615369660E-04   9.8517796616623410E-04   9.8517796618111651E-04   9.8517796620268432E-04
 9.8517796622978764E-04   9.8517796626524387E-04   9.8517796631068365E-04   9.8517796636439178E-04   9.8517796642635328E-04   9.8517796649154441E-04   9.8517796655516799E-04   9.8517796660696185E-04   9.8517796663951935E-04   9.8517796663551475E-04   9.8527217025685758E-04
 9.8527217021581338E-04   9.8527217019204420E-04   9.8527217017084501E-04   9.8527217015134563E-04   9.8527217013358987E-04   9.8527217011785875E-04   9.8527217010331114E-04   9.8527217009164946E-04   9.8527217008137881E-04   9.8527217007379460E-04   9.8527217006763590E-04
 9.8527217006323838E-04   9.8527217005971559E-04   9.8527217005758101E-04   9.8527217005608481E-04   9.8527217005528055E-04   9.8527217005490628E-04   9.8527217005557545E-04   9.8527217005623204E-04   9.8527217005723363E-04   9.8527217005883543E-04   9.8527217006045349E-04
 9.8527217006320325E-04   9.8527217006526215E-04   9.8527217006929516E-04   9.8527217007440718E-04   9.8527217008144647E-04   9.8527217008975601E-04   9.8527217010219875E-04   9.8527217011867103E-04   9.8527217013998710E-04   9.8527217016802240E-04   9.8527217020057773E-04
 9.8527217023958755E-04   9.8527217028106001E-04   9.8527217032124748E-04   9.8527217035625702E-04   9.8527217037987854E-04   9.8527217038223277E-04   9.8527288844023472E-04   9.8527288841612055E-04   9.8527288840216101E-04   9.8527288838949774E-04   9.8527288837833675E-04
 9.8527288836756564E-04   9.8527288835736416E-04   9.8527288834825144E-04   9.8527288834055881E-04   9.8527288833415985E-04   9.8527288832871173E-04   9.8527288832499921E-04   9.8527288832074090E-04   9.8527288831805771E-04   9.8527288831560958E-04   9.8527288831398285E-04
 9.8527288831261740E-04   9.8527288831162514E-04   9.8527288831058322E-04   9.8527288831050928E-04   9.8527288830996176E-04   9.8527288830961243E-04   9.8527288831017795E-04   9.8527288831011246E-04   9.8527288831206880E-04   9.8527288831317035E-04   9.8527288831565469E-04
 9.8527288831920371E-04   9.8527288832485197E-04   9.8527288833174468E-04   9.8527288834208623E-04   9.8527288835591220E-04   9.8527288837423435E-04   9.8527288839499855E-04   9.8527288842058659E-04   9.8527288844825933E-04   9.8527288847476482E-04   9.8527288849857130E-04
 9.8527288851454767E-04   9.8527288851742167E-04   9.8527293137112360E-04   9.8527293135457087E-04   9.8527293134619475E-04   9.8527293133759725E-04   9.8527293133033093E-04   9.8527293132347226E-04   9.8527293131719777E-04   9.8527293131136519E-04   9.8527293130618531E-04
 9.8527293130198446E-04   9.8527293129826218E-04   9.8527293129509978E-04   9.8527293129281298E-04   9.8527293129068209E-04   9.8527293128891765E-04   9.8527293128776450E-04   9.8527293128615164E-04   9.8527293128551955E-04   9.8527293128441106E-04   9.8527293128386549E-04
 9.8527293128302155E-04   9.8527293128284092E-04   9.8527293128271819E-04   9.8527293128213380E-04   9.8527293128242805E-04   9.8527293128337001E-04   9.8527293128415584E-04   9.8527293128699948E-04   9.8527293128964646E-04   9.8527293129465460E-04   9.8527293130144604E-04
 9.8527293131037944E-04   9.8527293132154477E-04   9.8527293133659935E-04   9.8527293135416559E-04   9.8527293137221951E-04   9.8527293139137194E-04   9.8527293140708268E-04   9.8527293141925610E-04   9.8527293142157803E-04   9.8527293971009070E-04   9.8527293969954488E-04
 9.8527293969359934E-04   9.8527293968822234E-04   9.8527293968354488E-04   9.8527293967849944E-04   9.8527293967429837E-04   9.8527293967044316E-04   9.8527293966721788E-04   9.8527293966409277E-04   9.8527293966199658E-04   9.8527293965986200E-04   9.8527293965795597E-04
 9.8527293965640058E-04   9.8527293965546556E-04   9.8527293965376293E-04   9.8527293965318548E-04   9.8527293965259958E-04   9.8527293965222380E-04   9.8527293965070440E-04   9.8527293965048387E-04   9.8527293965001896E-04   9.8527293964958138E-04   9.8527293964971604E-04
 9.8527293964982879E-04   9.8527293964933353E-04   9.8527293965034487E-04   9.8527293965161014E-04   9.8527293965311132E-04   9.8527293965671196E-04   9.8527293966080287E-04   9.8527293966731546E-04   9.8527293967501264E-04   9.8527293968495326E-04   9.8527293969725613E-04
 9.8527293970983722E-04   9.8527293972320586E-04   9.8527293973448720E-04   9.8527293974254586E-04   9.8527293974441893E-04   9.8527294118353685E-04   9.8527294117613587E-04   9.8527294117204626E-04   9.8527294116788596E-04   9.8527294116491698E-04   9.8527294116123221E-04
 9.8527294115880251E-04   9.8527294115627567E-04   9.8527294115341988E-04   9.8527294115156763E-04   9.8527294114943609E-04   9.8527294114834430E-04   9.8527294114715384E-04   9.8527294114596664E-04   9.8527294114545056E-04   9.8527294114434750E-04   9.8527294114344219E-04
 9.8527294114317959E-04   9.8527294114273160E-04   9.8527294114228209E-04   9.8527294114149799E-04   9.8527294114144682E-04   9.8527294114072127E-04   9.8527294114024704E-04   9.8527294114046692E-04   9.8527294114021668E-04   9.8527294114094483E-04   9.8527294114145658E-04
 9.8527294114274808E-04   9.8527294114504659E-04   9.8527294114817863E-04   9.8527294115262581E-04   9.8527294115822116E-04   9.8527294116468626E-04   9.8527294117368752E-04   9.8527294118252551E-04   9.8527294119179045E-04   9.8527294120013252E-04   9.8527294120579509E-04
 9.8527294120837137E-04   9.8527294141126528E-04   9.8527294140609732E-04   9.8527294140303813E-04   9.8527294140054252E-04   9.8527294139780230E-04   9.8527294139547908E-04   9.8527294139364114E-04   9.8527294139143956E-04   9.8527294138981087E-04   9.8527294138851850E-04
 9.8527294138731829E-04   9.8527294138622042E-04   9.8527294138503149E-04   9.8527294138419340E-04   9.8527294138396116E-04   9.8527294138314541E-04   9.8527294138287132E-04   9.8527294138243829E-04   9.8527294138176067E-04   9.8527294138144885E-04   9.8527294138100259E-04
 9.8527294138074152E-04   9.8527294138013805E-04   9.8527294138031629E-04   9.8527294138009750E-04   9.8527294138025406E-04   9.8527294138034340E-04   9.8527294138065478E-04   9.8527294138162319E-04   9.8527294138286048E-04   9.8527294138536390E-04   9.8527294138883508E-04
 9.8527294139250316E-04   9.8527294139743086E-04   9.8527294140406184E-04   9.8527294140997920E-04   9.8527294141742528E-04   9.8527294142354430E-04   9.8527294142773105E-04   9.8527294142916914E-04   9.8527294143951048E-04   9.8527294143638429E-04   9.8527294143340642E-04
 9.8527294143184712E-04   9.8527294142984807E-04   9.8527294142846376E-04   9.8527294142668740E-04   9.8527294142525647E-04   9.8527294142417140E-04   9.8527294142271684E-04   9.8527294142195074E-04   9.8527294142127506E-04   9.8527294142048338E-04   9.8527294141978103E-04
 9.8527294141930052E-04   9.8527294141869835E-04   9.8527294141858299E-04   9.8527294141830327E-04   9.8527294141778198E-04   9.8527294141782448E-04   9.8527294141738039E-04   9.8527294141692221E-04   9.8527294141677801E-04   9.8527294141699615E-04   9.8527294141635018E-04
 9.8527294141636645E-04   9.8527294141645448E-04   9.8527294141697403E-04   9.8527294141746605E-04   9.8527294141885556E-04   9.8527294142029213E-04   9.8527294142237184E-04   9.8527294142513482E-04   9.8527294142948096E-04   9.8527294143397910E-04   9.8527294143933245E-04
 9.8527294144426622E-04   9.8527294144842023E-04   9.8527294145217266E-04   9.8527294145377533E-04   9.8527294144087267E-04   9.8527294143790521E-04   9.8527294143585758E-04   9.8527294143473413E-04   9.8527294143314469E-04   9.8527294143222811E-04   9.8527294143049967E-04
 9.8527294142962169E-04   9.8527294142869881E-04   9.8527294142780391E-04   9.8527294142713865E-04   9.8527294142653626E-04   9.8527294142585430E-04   9.8527294142558021E-04   9.8527294142514198E-04   9.8527294142497588E-04   9.8527294142462286E-04   9.8527294142402113E-04
 9.8527294142420393E-04   9.8527294142381318E-04   9.8527294142376439E-04   9.8527294142299916E-04   9.8527294142311214E-04   9.8527294142314488E-04   9.8527294142293086E-04   9.8527294142272226E-04   9.8527294142262034E-04   9.8527294142361586E-04   9.8527294142343892E-04
 9.8527294142445741E-04   9.8527294142573959E-04   9.8527294142734508E-04   9.8527294142967416E-04   9.8527294143268087E-04   9.8527294143617677E-04   9.8527294143967593E-04   9.8527294144414761E-04   9.8527294144747091E-04   9.8527294144988803E-04   9.8527294145132872E-04
 9.8527294143915334E-04   9.8527294143632574E-04   9.8527294143534801E-04   9.8527294143395503E-04   9.8527294143292829E-04   9.8527294143194513E-04   9.8527294143084098E-04   9.8527294143015620E-04   9.8527294142938425E-04   9.8527294142878815E-04   9.8527294142861056E-04
 9.8527294142774038E-04   9.8527294142757753E-04   9.8527294142701006E-04   9.8527294142683117E-04   9.8527294142658592E-04   9.8527294142599958E-04   9.8527294142589919E-04   9.8527294142589507E-04   9.8527294142573807E-04   9.8527294142526515E-04   9.8527294142531719E-04
 9.8527294142495159E-04   9.8527294142490562E-04   9.8527294142487874E-04   9.8527294142486030E-04   9.8527294142518535E-04   9.8527294142516887E-04   9.8527294142555484E-04   9.8527294142603341E-04   9.8527294142710894E-04   9.8527294142812397E-04   9.8527294143043115E-04
 9.8527294143234217E-04   9.8527294143508498E-04   9.8527294143813918E-04   9.8527294144117972E-04   9.8527294144382170E-04   9.8527294144615555E-04   9.8527294144665992E-04   9.8527294143749972E-04   9.8527294143532546E-04   9.8527294143440519E-04   9.8527294143330884E-04
 9.8527294143262623E-04   9.8527294143144250E-04   9.8527294143092902E-04   9.8527294143048449E-04   9.8527294142977413E-04   9.8527294142936668E-04   9.8527294142859451E-04   9.8527294142840196E-04   9.8527294142820854E-04   9.8527294142779697E-04   9.8527294142747063E-04
 9.8527294142726333E-04   9.8527294142723210E-04   9.8527294142688039E-04   9.8527294142648813E-04   9.8527294142682358E-04   9.8527294142646644E-04   9.8527294142654667E-04   9.8527294142618802E-04   9.8527294142601086E-04   9.8527294142604664E-04   9.8527294142593388E-04
 9.8527294142641765E-04   9.8527294142589225E-04   9.8527294142637624E-04   9.8527294142726485E-04   9.8527294142773843E-04   9.8527294142864070E-04   9.8527294143014969E-04   9.8527294143183888E-04   9.8527294143409901E-04   9.8527294143637128E-04   9.8527294143887969E-04
 9.8527294144115239E-04   9.8527294144277371E-04   9.8527294144330128E-04   9.8527294143624594E-04   9.8527294143412178E-04   9.8527294143345282E-04   9.8527294143265940E-04   9.8527294143222399E-04   9.8527294143158756E-04   9.8527294143093227E-04   9.8527294143049122E-04
 9.8527294142990727E-04   9.8527294142927236E-04   9.8527294142915093E-04   9.8527294142885516E-04   9.8527294142833929E-04   9.8527294142821504E-04   9.8527294142815888E-04   9.8527294142788826E-04   9.8527294142765863E-04   9.8527294142748212E-04   9.8527294142762480E-04
 9.8527294142731125E-04   9.8527294142728371E-04   9.8527294142747952E-04   9.8527294142680558E-04   9.8527294142683008E-04   9.8527294142692246E-04   9.8527294142685545E-04   9.8527294142694934E-04   9.8527294142698122E-04   9.8527294142722040E-04   9.8527294142735310E-04
 9.8527294142826231E-04   9.8527294142918779E-04   9.8527294142987235E-04   9.8527294143143773E-04   9.8527294143347884E-04   9.8527294143504747E-04   9.8527294143724515E-04   9.8527294143903885E-04   9.8527294144056280E-04   9.8527294144080805E-04   9.8527294143506590E-04
 9.8527294143368896E-04   9.8527294143293609E-04   9.8527294143238293E-04   9.8527294143177600E-04   9.8527294143129548E-04   9.8527294143101640E-04   9.8527294143039169E-04   9.8527294142998988E-04   9.8527294142960933E-04   9.8527294142936560E-04   9.8527294142907959E-04
 9.8527294142888942E-04   9.8527294142869925E-04   9.8527294142852339E-04   9.8527294142830460E-04   9.8527294142824757E-04   9.8527294142824844E-04   9.8527294142793857E-04   9.8527294142796850E-04   9.8527294142766579E-04   9.8527294142751573E-04   9.8527294142759553E-04
 9.8527294142752701E-04   9.8527294142758122E-04   9.8527294142738866E-04   9.8527294142762936E-04   9.8527294142764280E-04   9.8527294142764584E-04   9.8527294142806737E-04   9.8527294142855158E-04   9.8527294142923029E-04   9.8527294142987257E-04   9.8527294143123910E-04
 9.8527294143263273E-04   9.8527294143432561E-04   9.8527294143572943E-04   9.8527294143756542E-04   9.8527294143868974E-04   9.8527294143862382E-04   9.8527294143421437E-04   9.8527294143303475E-04   9.8527294143267653E-04   9.8527294143191369E-04   9.8527294143166671E-04
 9.8527294143123368E-04   9.8527294143058663E-04   9.8527294143054911E-04   9.8527294143028739E-04   9.8527294142962537E-04   9.8527294142953061E-04   9.8527294142931052E-04   9.8527294142906766E-04   9.8527294142893886E-04   9.8527294142893669E-04   9.8527294142849195E-04
 9.8527294142880051E-04   9.8527294142851342E-04   9.8527294142843514E-04   9.8527294142847265E-04   9.8527294142828465E-04   9.8527294142783796E-04   9.8527294142816018E-04   9.8527294142798324E-04   9.8527294142779329E-04   9.8527294142800969E-04   9.8527294142790258E-04
 9.8527294142785032E-04   9.8527294142833821E-04   9.8527294142855700E-04   9.8527294142877839E-04   9.8527294142939704E-04   9.8527294142985891E-04   9.8527294143120744E-04   9.8527294143212576E-04   9.8527294143343179E-04   9.8527294143511729E-04   9.8527294143623207E-04
 9.8527294143698841E-04   9.8527294143710789E-04   9.8527294143364971E-04   9.8527294143275677E-04   9.8527294143192410E-04   9.8527294143179725E-04   9.8527294143178640E-04   9.8527294143060549E-04   9.8527294143082103E-04   9.8527294143045457E-04   9.8527294142993047E-04
 9.8527294142986108E-04   9.8527294142968565E-04   9.8527294142943477E-04   9.8527294142906939E-04   9.8527294142940116E-04   9.8527294142917261E-04   9.8527294142880615E-04   9.8527294142890394E-04   9.8527294142883759E-04   9.8527294142882089E-04   9.8527294142859386E-04
 9.8527294142855136E-04   9.8527294142836618E-04   9.8527294142855505E-04   9.8527294142851342E-04   9.8527294142836206E-04   9.8527294142844034E-04   9.8527294142823586E-04   9.8527294142854594E-04   9.8527294142855613E-04   9.8527294142851385E-04   9.8527294142916177E-04
 9.8527294142930575E-04   9.8527294143007879E-04   9.8527294143095114E-04   9.8527294143165543E-04   9.8527294143273898E-04   9.8527294143416406E-04   9.8527294143515762E-04   9.8527294143610608E-04   9.8527294143645259E-04   9.8527294143296190E-04   9.8527294143209388E-04
 9.8527294143187878E-04   9.8527294143158886E-04   9.8527294143121590E-04   9.8527294143098756E-04   9.8527294143056147E-04   9.8527294143041446E-04   9.8527294143041467E-04   9.8527294142983462E-04   9.8527294142968587E-04   9.8527294142952237E-04   9.8527294142953387E-04
 9.8527294142929122E-04   9.8527294142930510E-04   9.8527294142919516E-04   9.8527294142916892E-04   9.8527294142905877E-04   9.8527294142899177E-04   9.8527294142896162E-04   9.8527294142889440E-04   9.8527294142875324E-04   9.8527294142857717E-04   9.8527294142869599E-04
 9.8527294142867258E-04   9.8527294142871703E-04   9.8527294142868797E-04   9.8527294142857803E-04   9.8527294142875628E-04   9.8527294142866412E-04   9.8527294142925761E-04   9.8527294142950307E-04   9.8527294143021670E-04   9.8527294143083838E-04   9.8527294143143339E-04
 9.8527294143254188E-04   9.8527294143331383E-04   9.8527294143461661E-04   9.8527294143516022E-04   9.8527294143529076E-04   9.8527294143273031E-04   9.8527294143192128E-04   9.8527294143183237E-04   9.8527294143155916E-04   9.8527294143094636E-04   9.8527294143081257E-04
 9.8527294143063477E-04   9.8527294143028609E-04   9.8527294143009700E-04   9.8527294142993502E-04   9.8527294142992006E-04   9.8527294142953929E-04   9.8527294142960889E-04   9.8527294142959436E-04   9.8527294142944756E-04   9.8527294142944735E-04   9.8527294142928298E-04
 9.8527294142928060E-04   9.8527294142916914E-04   9.8527294142915353E-04   9.8527294142911189E-04   9.8527294142895555E-04   9.8527294142905053E-04   9.8527294142887792E-04   9.8527294142881005E-04   9.8527294142871399E-04   9.8527294142881092E-04   9.8527294142898743E-04
 9.8527294142901020E-04   9.8527294142914117E-04   9.8527294142937232E-04   9.8527294142964337E-04   9.8527294142979624E-04   9.8527294143079826E-04   9.8527294143143339E-04   9.8527294143228362E-04   9.8527294143292915E-04   9.8527294143376204E-04   9.8527294143425990E-04
 9.8527294143456695E-04   9.8527294143232699E-04   9.8527294143180440E-04   9.8527294143141431E-04   9.8527294143147372E-04   9.8527294143104243E-04   9.8527294143069158E-04   9.8527294143065493E-04   9.8527294143031623E-04   9.8527294143012692E-04   9.8527294143000289E-04
 9.8527294142992223E-04   9.8527294142965269E-04   9.8527294142973314E-04   9.8527294142942219E-04   9.8527294142955707E-04   9.8527294142955707E-04   9.8527294142939531E-04   9.8527294142946426E-04   9.8527294142924872E-04   9.8527294142927908E-04   9.8527294142937297E-04
 9.8527294142915179E-04   9.8527294142928754E-04   9.8527294142914897E-04   9.8527294142910756E-04   9.8527294142901193E-04   9.8527294142907547E-04   9.8527294142918302E-04   9.8527294142895750E-04   9.8527294142920210E-04   9.8527294142949006E-04   9.8527294142966571E-04
 9.8527294143036783E-04   9.8527294143045305E-04   9.8527294143115236E-04   9.8527294143192323E-04   9.8527294143250263E-04   9.8527294143299984E-04   9.8527294143372149E-04   9.8527294143417815E-04   9.8527294143223093E-04   9.8527294143185753E-04   9.8527294143154094E-04
 9.8527294143120961E-04   9.8527294143094398E-04   9.8527294143062327E-04   9.8527294143057123E-04   9.8527294143035504E-04   9.8527294143012627E-04   9.8527294143007206E-04   9.8527294142985544E-04   9.8527294142978605E-04   9.8527294142988168E-04   9.8527294142962667E-04
 9.8527294142962494E-04   9.8527294142981424E-04   9.8527294142949006E-04   9.8527294142958656E-04   9.8527294142942566E-04   9.8527294142939639E-04   9.8527294142938229E-04   9.8527294142924742E-04   9.8527294142923463E-04   9.8527294142942263E-04   9.8527294142935497E-04
 9.8527294142924525E-04   9.8527294142919299E-04   9.8527294142912252E-04   9.8527294142945754E-04   9.8527294142931941E-04   9.8527294142947966E-04   9.8527294142972577E-04   9.8527294143018656E-04   9.8527294143053372E-04   9.8527294143088738E-04   9.8527294143172504E-04
 9.8527294143199522E-04   9.8527294143287234E-04   9.8527294143315207E-04   9.8527294143324834E-04   9.8527294143204163E-04   9.8527294143151254E-04   9.8527294143122110E-04   9.8527294143107647E-04   9.8527294143080607E-04   9.8527294143062110E-04   9.8527294143033986E-04
 9.8527294143028544E-04   9.8527294143009483E-04   9.8527294143002566E-04   9.8527294142987799E-04   9.8527294142988059E-04   9.8527294142975808E-04   9.8527294142972946E-04   9.8527294142977347E-04   9.8527294142967633E-04   9.8527294142955360E-04   9.8527294142976740E-04
 9.8527294142946795E-04   9.8527294142953517E-04   9.8527294142942740E-04   9.8527294142959068E-04   9.8527294142953365E-04   9.8527294142918475E-04   9.8527294142957593E-04   9.8527294142927995E-04   9.8527294142937297E-04   9.8527294142937427E-04   9.8527294142921554E-04
 9.8527294142955490E-04   9.8527294142969021E-04   9.8527294142973054E-04   9.8527294143021973E-04   9.8527294143043809E-04   9.8527294143106107E-04   9.8527294143135901E-04   9.8527294143198134E-04   9.8527294143241199E-04   9.8527294143285348E-04   9.8527294143327133E-04
 9.8527294143194643E-04   9.8527294143137116E-04   9.8527294143106519E-04   9.8527294143074405E-04   9.8527294143078807E-04   9.8527294143051377E-04   9.8527294143033639E-04   9.8527294143018894E-04   9.8527294143020325E-04   9.8527294143007163E-04   9.8527294143009657E-04
 9.8527294142978128E-04   9.8527294142994565E-04   9.8527294142970148E-04   9.8527294142982053E-04   9.8527294142959090E-04   9.8527294142972599E-04   9.8527294142968761E-04   9.8527294142969975E-04   9.8527294142960911E-04   9.8527294142958244E-04   9.8527294142950026E-04
 9.8527294142958569E-04   9.8527294142954167E-04   9.8527294142947554E-04   9.8527294142952975E-04   9.8527294142947640E-04   9.8527294142959848E-04   9.8527294142955251E-04   9.8527294142952801E-04   9.8527294142987973E-04   9.8527294142982638E-04   9.8527294143019154E-04
 9.8527294143069201E-04   9.8527294143089476E-04   9.8527294143115150E-04   9.8527294143191759E-04   9.8527294143205962E-04   9.8527294143254101E-04   9.8527294143266916E-04   9.8527294143176906E-04   9.8527294143114673E-04   9.8527294143069244E-04   9.8527294143104785E-04
 9.8527294143062869E-04   9.8527294143050965E-04   9.8527294143025291E-04   9.8527294143043007E-04   9.8527294143018764E-04   9.8527294143010459E-04   9.8527294143001157E-04   9.8527294142989209E-04   9.8527294142999856E-04   9.8527294142984763E-04   9.8527294142972750E-04
 9.8527294142981034E-04   9.8527294142978345E-04   9.8527294142974160E-04   9.8527294142968826E-04   9.8527294142979147E-04   9.8527294142973878E-04   9.8527294142965768E-04   9.8527294142961475E-04   9.8527294142957615E-04   9.8527294142962906E-04   9.8527294142962797E-04
 9.8527294142949137E-04   9.8527294142954774E-04   9.8527294142942892E-04   9.8527294142976372E-04   9.8527294142973661E-04   9.8527294142994998E-04   9.8527294143013755E-04   9.8527294143046064E-04   9.8527294143078634E-04   9.8527294143116364E-04   9.8527294143165240E-04
 9.8527294143173610E-04   9.8527294143236537E-04   9.8527294143248897E-04   9.8527294143157954E-04   9.8527294143104698E-04   9.8527294143082103E-04   9.8527294143067575E-04   9.8527294143067943E-04   9.8527294143035352E-04   9.8527294143036567E-04   9.8527294143028544E-04
 9.8527294143023166E-04   9.8527294143008377E-04   9.8527294143002848E-04   9.8527294143006816E-04   9.8527294142993415E-04   9.8527294142997796E-04   9.8527294142991073E-04   9.8527294142985587E-04   9.8527294142986802E-04   9.8527294142978844E-04   9.8527294142985457E-04
 9.8527294142976458E-04   9.8527294142966766E-04   9.8527294142966614E-04   9.8527294142971016E-04   9.8527294142969389E-04   9.8527294142951760E-04   9.8527294142965161E-04   9.8527294142955967E-04   9.8527294142961301E-04   9.8527294142970647E-04   9.8527294142974876E-04
 9.8527294142986954E-04   9.8527294143001894E-04   9.8527294143014514E-04   9.8527294143040318E-04   9.8527294143076617E-04   9.8527294143089107E-04   9.8527294143141517E-04   9.8527294143194969E-04   9.8527294143204076E-04   9.8527294143224567E-04   9.8527294143137029E-04
 9.8527294143097043E-04   9.8527294143081084E-04   9.8527294143048883E-04   9.8527294143065168E-04   9.8527294143055909E-04   9.8527294143039993E-04   9.8527294143035959E-04   9.8527294143008659E-04   9.8527294143019415E-04   9.8527294142997861E-04   9.8527294143004713E-04
 9.8527294143010155E-04   9.8527294142998793E-04   9.8527294142998554E-04   9.8527294142987908E-04   9.8527294142986650E-04   9.8527294142989447E-04   9.8527294142989404E-04   9.8527294142978757E-04   9.8527294142990553E-04   9.8527294142969151E-04   9.8527294142979581E-04
 9.8527294142959523E-04   9.8527294142966224E-04   9.8527294142977282E-04   9.8527294142973054E-04   9.8527294142953950E-04   9.8527294142975808E-04   9.8527294142974398E-04   9.8527294142997687E-04   9.8527294142992201E-04   9.8527294143002935E-04   9.8527294143047539E-04
 9.8527294143054391E-04   9.8527294143119074E-04   9.8527294143131174E-04   9.8527294143159558E-04   9.8527294143179920E-04   9.8527294143192562E-04   9.8527294143131803E-04   9.8527294143072519E-04   9.8527294143083643E-04   9.8527294143075468E-04   9.8527294143049946E-04
 9.8527294143041923E-04   9.8527294143035244E-04   9.8527294143023166E-04   9.8527294143020477E-04   9.8527294143011001E-04   9.8527294143005645E-04   9.8527294142990965E-04   9.8527294143008356E-04   9.8527294142995085E-04   9.8527294142993849E-04   9.8527294142982768E-04
 9.8527294142992396E-04   9.8527294142982573E-04   9.8527294142984330E-04   9.8527294142986607E-04   9.8527294142975916E-04   9.8527294142987951E-04   9.8527294142993502E-04   9.8527294142981186E-04   9.8527294142966440E-04   9.8527294142986650E-04   9.8527294142977174E-04
 9.8527294142966310E-04   9.8527294142978410E-04   9.8527294142988059E-04   9.8527294142989382E-04   9.8527294143002761E-04   9.8527294143024142E-04   9.8527294143041901E-04   9.8527294143060939E-04   9.8527294143078590E-04   9.8527294143121980E-04   9.8527294143157130E-04
 9.8527294143175279E-04   9.8527294143189938E-04   9.8527294143131998E-04   9.8527294143065255E-04   9.8527294143070611E-04   9.8527294143080477E-04   9.8527294143053480E-04   9.8527294143037282E-04   9.8527294143035656E-04   9.8527294143031427E-04   9.8527294143016639E-04
 9.8527294143013907E-04   9.8527294143008573E-04   9.8527294143009743E-04   9.8527294143001785E-04   9.8527294143003130E-04   9.8527294142988298E-04   9.8527294142997774E-04   9.8527294142987040E-04   9.8527294142993806E-04   9.8527294142986823E-04   9.8527294142982595E-04
 9.8527294142977543E-04   9.8527294142985934E-04   9.8527294142994088E-04   9.8527294142996906E-04   9.8527294142989946E-04   9.8527294142961648E-04   9.8527294142999378E-04   9.8527294142967243E-04   9.8527294142987170E-04   9.8527294142987149E-04   9.8527294142985913E-04
 9.8527294143006252E-04   9.8527294143022732E-04   9.8527294143025486E-04   9.8527294143055215E-04   9.8527294143083773E-04   9.8527294143115995E-04   9.8527294143116993E-04   9.8527294143135988E-04   9.8527294143183433E-04   9.8527294143115865E-04   9.8527294143052765E-04
 9.8527294143057231E-04   9.8527294143049165E-04   9.8527294143036957E-04   9.8527294143033032E-04   9.8527294143022190E-04   9.8527294143020846E-04   9.8527294143022017E-04   9.8527294143008638E-04   9.8527294143003282E-04   9.8527294143008681E-04   9.8527294142992418E-04
 9.8527294142996516E-04   9.8527294143001850E-04   9.8527294143000701E-04   9.8527294142996364E-04   9.8527294142980535E-04   9.8527294142982942E-04   9.8527294142975136E-04   9.8527294142982964E-04   9.8527294142992396E-04   9.8527294142976198E-04   9.8527294142986954E-04
 9.8527294142973661E-04   9.8527294142981663E-04   9.8527294142968349E-04   9.8527294142988363E-04   9.8527294142983571E-04   9.8527294142971233E-04   9.8527294142995237E-04   9.8527294143018352E-04   9.8527294143014080E-04   9.8527294143034420E-04   9.8527294143055974E-04
 9.8527294143069310E-04   9.8527294143096653E-04   9.8527294143116798E-04   9.8527294143121850E-04   9.8527294143152490E-04   9.8527294143053437E-04   9.8527294143010719E-04   9.8527294142997622E-04   9.8527294143007293E-04   9.8527294142976328E-04   9.8527294142964532E-04
 9.8527294142976502E-04   9.8527294142968500E-04   9.8527294142963209E-04   9.8527294142965681E-04   9.8527294142953365E-04   9.8527294142962884E-04   9.8527294142930510E-04   9.8527294142947987E-04   9.8527294142947944E-04   9.8527294142944236E-04   9.8527294142931963E-04
 9.8527294142946860E-04   9.8527294142929708E-04   9.8527294142947142E-04   9.8527294142936191E-04   9.8527294142926715E-04   9.8527294142929296E-04   9.8527294142936018E-04   9.8527294142938620E-04   9.8527294142927626E-04   9.8527294142915396E-04   9.8527294142919668E-04
 9.8527294142936733E-04   9.8527294142939574E-04   9.8527294142950719E-04   9.8527294142961540E-04   9.8527294142957810E-04   9.8527294142961800E-04   9.8527294143012931E-04   9.8527294143010329E-04   9.8527294143026332E-04   9.8527294143065515E-04   9.8527294143051529E-04
 9.8527294143107408E-04   9.8527294142606529E-04   9.8527294142546529E-04   9.8527294142541021E-04   9.8527294142546854E-04   9.8527294142534668E-04   9.8527294142516974E-04   9.8527294142532066E-04   9.8527294142526775E-04   9.8527294142514523E-04   9.8527294142505199E-04
 9.8527294142502619E-04   9.8527294142513461E-04   9.8527294142501144E-04   9.8527294142497241E-04   9.8527294142502597E-04   9.8527294142491451E-04   9.8527294142496916E-04   9.8527294142491473E-04   9.8527294142487266E-04   9.8527294142487266E-04   9.8527294142490172E-04
 9.8527294142500776E-04   9.8527294142489934E-04   9.8527294142480740E-04   9.8527294142481954E-04   9.8527294142476750E-04   9.8527294142499887E-04   9.8527294142487527E-04   9.8527294142480913E-04   9.8527294142487505E-04   9.8527294142500017E-04   9.8527294142502510E-04
 9.8527294142509146E-04   9.8527294142536446E-04   9.8527294142540718E-04   9.8527294142547093E-04   9.8527294142588726E-04   9.8527294142579380E-04   9.8527294142604707E-04   9.8527294142617718E-04   9.8527294139081137E-04   9.8527294139046985E-04   9.8527294139047678E-04
 9.8527294139049977E-04   9.8527294139040978E-04   9.8527294139039352E-04   9.8527294139035600E-04   9.8527294139017950E-04   9.8527294139016562E-04   9.8527294139024737E-04   9.8527294139017993E-04   9.8527294139016497E-04   9.8527294139008474E-04   9.8527294139004571E-04
 9.8527294139007194E-04   9.8527294139004245E-04   9.8527294139011423E-04   9.8527294139007346E-04   9.8527294139008409E-04   9.8527294139002164E-04   9.8527294138992644E-04   9.8527294138999453E-04   9.8527294138999345E-04   9.8527294138995181E-04   9.8527294138998239E-04
 9.8527294138998152E-04   9.8527294138992601E-04   9.8527294139008821E-04   9.8527294138996699E-04   9.8527294138999627E-04   9.8527294139019359E-04   9.8527294138996439E-04   9.8527294139012377E-04   9.8527294139050194E-04   9.8527294139055593E-04   9.8527294139059930E-04
 9.8527294139084520E-04   9.8527294139089659E-04   9.8527294139093779E-04   9.8527294139120298E-04   9.8527294114615659E-04   9.8527294114560690E-04   9.8527294114582223E-04   9.8527294114555660E-04   9.8527294114564897E-04   9.8527294114559736E-04   9.8527294114557026E-04
 9.8527294114552776E-04   9.8527294114546054E-04   9.8527294114537879E-04   9.8527294114542953E-04   9.8527294114532349E-04   9.8527294114532371E-04   9.8527294114541739E-04   9.8527294114533889E-04   9.8527294114529986E-04   9.8527294114521312E-04   9.8527294114543191E-04
 9.8527294114518884E-04   9.8527294114545685E-04   9.8527294114518602E-04   9.8527294114528078E-04   9.8527294114514720E-04   9.8527294114523936E-04   9.8527294114512942E-04   9.8527294114522418E-04   9.8527294114530658E-04   9.8527294114514547E-04   9.8527294114537532E-04
 9.8527294114524109E-04   9.8527294114520141E-04   9.8527294114541977E-04   9.8527294114542216E-04   9.8527294114563986E-04   9.8527294114569299E-04   9.8527294114569256E-04   9.8527294114593433E-04   9.8527294114636606E-04   9.8527294114620343E-04   9.8527294114620300E-04
 9.8527293960981675E-04   9.8527293960984862E-04   9.8527293960970030E-04   9.8527293960968274E-04   9.8527293960960294E-04   9.8527293960956283E-04   9.8527293960958928E-04   9.8527293960960576E-04   9.8527293960945636E-04   9.8527293960945896E-04   9.8527293960940540E-04
 9.8527293960937743E-04   9.8527293960937678E-04   9.8527293960937829E-04   9.8527293960936420E-04   9.8527293960929720E-04   9.8527293960942058E-04   9.8527293960928028E-04   9.8527293960925383E-04   9.8527293960923908E-04   9.8527293960924038E-04   9.8527293960920092E-04
 9.8527293960930956E-04   9.8527293960933710E-04   9.8527293960924017E-04   9.8527293960920070E-04   9.8527293960918834E-04   9.8527293960933666E-04   9.8527293960928115E-04   9.8527293960937244E-04   9.8527293960925144E-04   9.8527293960938588E-04   9.8527293960941256E-04
 9.8527293960961378E-04   9.8527293960976340E-04   9.8527293960965347E-04   9.8527293961004725E-04   9.8527293961014287E-04   9.8527293961015155E-04   9.8527293961030377E-04   9.8527293104345211E-04   9.8527293104339292E-04   9.8527293104345927E-04   9.8527293104331334E-04
 9.8527293104328515E-04   9.8527293104321793E-04   9.8527293104323202E-04   9.8527293104323137E-04   9.8527293104307156E-04   9.8527293104306896E-04   9.8527293104309563E-04   9.8527293104302863E-04   9.8527293104299024E-04   9.8527293104312252E-04   9.8527293104305400E-04
 9.8527293104299827E-04   9.8527293104296314E-04   9.8527293104293668E-04   9.8527293104304619E-04   9.8527293104309910E-04   9.8527293104296401E-04   9.8527293104285559E-04   9.8527293104293365E-04   9.8527293104294883E-04   9.8527293104289483E-04   9.8527293104296227E-04
 9.8527293104283564E-04   9.8527293104293256E-04   9.8527293104288291E-04   9.8527293104297875E-04   9.8527293104302884E-04   9.8527293104307199E-04   9.8527293104316502E-04   9.8527293104317521E-04   9.8527293104324763E-04   9.8527293104330098E-04   9.8527293104363686E-04
 9.8527293104358200E-04   9.8527293104375027E-04   9.8527293104414210E-04   9.8527288866526196E-04   9.8527288866487599E-04   9.8527288866487837E-04   9.8527288866470382E-04   9.8527288866483978E-04   9.8527288866466283E-04   9.8527288866458325E-04   9.8527288866466262E-04
 9.8527288866461947E-04   9.8527288866455029E-04   9.8527288866460559E-04   9.8527288866463334E-04   9.8527288866445749E-04   9.8527288866444556E-04   9.8527288866452688E-04   9.8527288866447245E-04   9.8527288866442800E-04   9.8527288866446963E-04   9.8527288866449565E-04
 9.8527288866439113E-04   9.8527288866445619E-04   9.8527288866444209E-04   9.8527288866432261E-04   9.8527288866449890E-04   9.8527288866448546E-04   9.8527288866430917E-04   9.8527288866441780E-04   9.8527288866447115E-04   9.8527288866440241E-04   9.8527288866452514E-04
 9.8527288866440414E-04   9.8527288866453967E-04   9.8527288866450085E-04   9.8527288866474784E-04   9.8527288866481202E-04   9.8527288866469406E-04   9.8527288866494386E-04   9.8527288866504339E-04   9.8527288866522402E-04   9.8527288866538730E-04   9.8527221048062765E-04
 9.8527221048077878E-04   9.8527221048053440E-04   9.8527221048062895E-04   9.8527221048065584E-04   9.8527221048046697E-04   9.8527221048039953E-04   9.8527221048057625E-04   9.8527221048044160E-04   9.8527221048044507E-04   9.8527221048037568E-04   9.8527221048053766E-04
 9.8527221048033188E-04   9.8527221048035941E-04   9.8527221048048215E-04   9.8527221048033448E-04   9.8527221048028135E-04   9.8527221048041644E-04   9.8527221048037633E-04   9.8527221048036072E-04   9.8527221048045634E-04   9.8527221048023950E-04   9.8527221048034792E-04
 9.8527221048023928E-04   9.8527221048040278E-04   9.8527221048033448E-04   9.8527221048029349E-04   9.8527221048042902E-04   9.8527221048025446E-04   9.8527221048036006E-04   9.8527221048046914E-04   9.8527221048033491E-04   9.8527221048049624E-04   9.8527221048059404E-04
 9.8527221048054004E-04   9.8527221048096852E-04   9.8527221048092428E-04   9.8527221048087853E-04   9.8527221048094553E-04   9.8527221048103639E-04   9.8517803272089475E-04   9.8517803272062218E-04   9.8517803272045934E-04   9.8517803272059551E-04   9.8517803272056689E-04
 9.8517803272046367E-04   9.8517803272047798E-04   9.8517803272031904E-04   9.8517803272040079E-04   9.8517803272034745E-04   9.8517803272036393E-04   9.8517803272044437E-04   9.8517803272035699E-04   9.8517803272033075E-04   9.8517803272020997E-04   9.8517803272038821E-04
 9.8517803272024033E-04   9.8517803272034072E-04   9.8517803272031731E-04   9.8517803272034875E-04   9.8517803272029671E-04   9.8517803272031666E-04   9.8517803272026635E-04   9.8517803272035157E-04   9.8517803272023361E-04   9.8517803272032056E-04   9.8517803272021843E-04
 9.8517803272045608E-04   9.8517803272037737E-04   9.8517803272040014E-04   9.8517803272040816E-04   9.8517803272037303E-04   9.8517803272055605E-04   9.8517803272052049E-04   9.8517803272058337E-04   9.8517803272081257E-04   9.8517803272087329E-04   9.8517803272100556E-04
 9.8517803272109251E-04   9.8517803272107169E-04   9.7961094589775195E-04   9.7961094589759561E-04   9.7961094589752253E-04   9.7961094589765828E-04   9.7961094589759236E-04   9.7961094589755918E-04   9.7961094589759496E-04   9.7961094589750324E-04   9.7961094589744881E-04
 9.7961094589751408E-04   9.7961094589741758E-04   9.7961094589732478E-04   9.7961094589753229E-04   9.7961094589762445E-04   9.7961094589734234E-04   9.7961094589757241E-04   9.7961094589748220E-04   9.7961094589753923E-04   9.7961094589743493E-04   9.7961094589756113E-04
 9.7961094589751560E-04   9.7961094589761556E-04   9.7961094589762553E-04   9.7961094589764743E-04   9.7961094589751364E-04   9.7961094589780920E-04   9.7961094589758151E-04   9.7961094589759149E-04   9.7961094589777212E-04   9.7961094589778209E-04   9.7961094589776973E-04
 9.7961094589798896E-04   9.7961094589791371E-04   9.7961094589806333E-04   9.7961094589803601E-04   9.7961094589830251E-04   9.7961094589825849E-04   9.7961094589841245E-04   9.7961094589828148E-04   9.7961094589824721E-04   9.1223496389843638E-04   9.1223496389939221E-04
 9.1223496389992499E-04   9.1223496390015570E-04   9.1223496390034826E-04   9.1223496390048617E-04   9.1223496390047825E-04   9.1223496390057909E-04   9.1223496390047121E-04   9.1223496390059578E-04   9.1223496390051360E-04   9.1223496390053691E-04   9.1223496390040507E-04
 9.1223496390048921E-04   9.1223496390048411E-04   9.1223496390035856E-04   9.1223496390039228E-04   9.1223496390045028E-04   9.1223496390031931E-04   9.1223496390026900E-04   9.1223496390036452E-04   9.1223496390018942E-04   9.1223496390019940E-04   9.1223496390015939E-04
 9.1223496390012383E-04   9.1223496390008577E-04   9.1223496390011320E-04   9.1223496390006853E-04   9.1223496389998895E-04   9.1223496389998548E-04   9.1223496390002723E-04   9.1223496389986254E-04   9.1223496389989192E-04   9.1223496389972961E-04   9.1223496389994765E-04
 9.1223496389980150E-04   9.1223496389958899E-04   9.1223496389959636E-04   9.1223496389923836E-04   9.1223496389839951E-04
 7.3374582279527831E-06   7.3374588474503182E-06   7.3374593856094995E-06   7.3374598660382727E-06   7.3374602253704724E-06   7.3374604651791582E-06   7.3374606128886141E-06   7.3374606982092434E-06   7.3374607441505749E-06   7.3374607664766710E-06   7.3374607749444865E-06
 7.3374607758618282E-06   7.3374607724753931E-06   7.3374607670941767E-06   7.3374607605593005E-06   7.3374607537864022E-06   7.3374607468881549E-06   7.3374607404532312E-06   7.3374607342792021E-06   7.3374607284778692E-06   7.3374607230297567E-06   7.3374607180813961E-06
 7.3374607133896798E-06   7.3374607092282205E-06   7.3374607054504781E-06   7.3374607019641260E-06   7.3374606990580187E-06   7.3374606966559137E-06   7.3374606949916202E-06   7.3374606944082076E-06   7.3374606952555116E-06   7.3374606983992236E-06   7.3374607050997277E-06
 7.3374607175448990E-06   7.3374607386688140E-06   7.3374607739211445E-06   7.3374608307648844E-06   7.3374609202526218E-06   7.3374610567555253E-06   7.3374614292025893E-06   1.2088878473077928E-06   1.2088880568778976E-06   1.2088881525552462E-06   1.2088882252390826E-06
 1.2088882808213541E-06   1.2088883241919734E-06   1.2088883590007996E-06   1.2088883877330169E-06   1.2088884118277316E-06   1.2088884324894215E-06   1.2088884501805667E-06   1.2088884650781944E-06   1.2088884777100076E-06   1.2088884882267803E-06   1.2088884968055363E-06
 1.2088885035750313E-06   1.2088885090011298E-06   1.2088885129957417E-06   1.2088885160586179E-06   1.2088885180491493E-06   1.2088885195467072E-06   1.2088885202853235E-06   1.2088885205419783E-06   1.2088885203725741E-06   1.2088885198067596E-06   1.2088885188487709E-06
 1.2088885174943713E-06   1.2088885157342456E-06   1.2088885134133888E-06   1.2088885105241770E-06   1.2088885070979538E-06   1.2088885031736846E-06   1.2088884994357731E-06   1.2088884967134630E-06   1.2088884968888617E-06   1.2088885028215391E-06   1.2088885189804312E-06
 1.2088885497192665E-06   1.2088885994298870E-06   1.2088887227280025E-06   4.8000690180640643E-08   4.8000779481627017E-08   4.8000818567960978E-08   4.8000848102304850E-08   4.8000870059092452E-08   4.8000886629597847E-08   4.8000899602754421E-08   4.8000910160173128E-08
 4.8000919050631115E-08   4.8000926868745337E-08   4.8000933993139628E-08   4.8000940776179629E-08   4.8000947090810317E-08   4.8000952920938225E-08   4.8000958466463030E-08   4.8000963740937265E-08   4.8000968513120956E-08   4.8000973063382108E-08   4.8000977066459856E-08
 4.8000980812039602E-08   4.8000984228123564E-08   4.8000987222385119E-08   4.8000989928655458E-08   4.8000992297806684E-08   4.8000994423012428E-08   4.8000996209405040E-08   4.8000997738299635E-08   4.8000998978356022E-08   4.8001000041382629E-08   4.8001000678351776E-08
 4.8001001272969468E-08   4.8001001727826849E-08   4.8001002445264648E-08   4.8001004111379594E-08   4.8001007605391765E-08   4.8001014568003935E-08   4.8001027004142732E-08   4.8001047450671542E-08   4.8001078458006007E-08   4.8001153169695911E-08   9.1532734233863628E-10
 9.1537729271854017E-10   9.1539884716593685E-10   9.1541508817565954E-10   9.1542695087208243E-10   9.1543543136594930E-10   9.1544159353064058E-10   9.1544611753361300E-10   9.1544958952166483E-10   9.1545251178533400E-10   9.1545504102571636E-10   9.1545725262874298E-10
 9.1545918555792955E-10   9.1546123707172821E-10   9.1546310308531091E-10   9.1546499535691570E-10   9.1546679021973227E-10   9.1546854273090087E-10   9.1547022239723568E-10   9.1547189359324113E-10   9.1547343265210692E-10   9.1547500305119216E-10   9.1547636338610597E-10
 9.1547770423926271E-10   9.1547884434561116E-10   9.1548011658909846E-10   9.1548121010863470E-10   9.1548218080839453E-10   9.1548324637584528E-10   9.1548430177890180E-10   9.1548537073448589E-10   9.1548689369973405E-10   9.1548893674321275E-10   9.1549185138359656E-10
 9.1549620767405928E-10   9.1550307711127712E-10   9.1551361504818787E-10   9.1552929871024513E-10   9.1555145116290846E-10   9.1560215031992181E-10   5.4639714416680686E-11   5.4671816118347630E-11   5.4685787926812157E-11   5.4696246242611622E-11   5.4703576465737018E-11
 5.4708824681878173E-11   5.4712412713442794E-11   5.4715008022393240E-11   5.4716922316854047E-11   5.4718325003414765E-11   5.4719426146246247E-11   5.4720434115453499E-11   5.4721376863123832E-11   5.4722273023982040E-11   5.4723159020444894E-11   5.4723974713173119E-11
 5.4724822593153334E-11   5.4725656920606412E-11   5.4726381133776295E-11   5.4727331504743095E-11   5.4728157361866726E-11   5.4728874798773076E-11   5.4729741313478156E-11   5.4730433339396088E-11   5.4731124518281080E-11   5.4731891083098371E-11   5.4732490782425098E-11
 5.4733179420211326E-11   5.4733803683493569E-11   5.4734551613586175E-11   5.4735287685217546E-11   5.4736360875961989E-11   5.4737694952854373E-11   5.4739639740501753E-11   5.4742789009000272E-11   5.4747612861635428E-11   5.4754743184986061E-11   5.4765206582983739E-11
 5.4779863641102930E-11   5.4812683626708616E-11   1.0895855750810638E-11   1.0916750359553380E-11   1.0925811918023058E-11   1.0932528889294747E-11   1.0937372223687142E-11   1.0940739179652467E-11   1.0943011769049961E-11   1.0944622825715641E-11   1.0945821377336020E-11
 1.0946712455996528E-11   1.0947388388288445E-11   1.0947980464318578E-11   1.0948487837053985E-11   1.0949002833085915E-11   1.0949590673951308E-11   1.0950105669983239E-11   1.0950572385137174E-11   1.0951112792157526E-11   1.0951676069067453E-11   1.0952292709053051E-11
 1.0952734013218572E-11   1.0953253244415244E-11   1.0953852096708956E-11   1.0954300177138053E-11   1.0954828725697150E-11   1.0955281888323934E-11   1.0955804507652393E-11   1.0956265293575708E-11   1.0956759960816927E-11   1.0957154678170360E-11   1.0957709484750847E-11
 1.0958321042538810E-11   1.0959229061858336E-11   1.0960440318972976E-11   1.0962346990137325E-11   1.0965298899958585E-11   1.0970016026441935E-11   1.0976955767378836E-11   1.0986864358795791E-11   1.1009119302451760E-11   2.1989974809583536E-12   2.2130412872238137E-12
 2.2192754497155973E-12   2.2238485805978188E-12   2.2270944108516961E-12   2.2294025756329633E-12   2.2309484107617028E-12   2.2319834850232487E-12   2.2327720726971441E-12   2.2333582194966429E-12   2.2337402313558549E-12   2.2341374898081184E-12   2.2344364924385000E-12
 2.2347083900145682E-12   2.2350895548408335E-12   2.2354004159324750E-12   2.2358129209777886E-12   2.2361517341566908E-12   2.2364634422812799E-12   2.2367836207353417E-12   2.2371588563309757E-12   2.2374824229168273E-12   2.2378314004910956E-12   2.2381964716913618E-12
 2.2385793305835212E-12   2.2388707099173775E-12   2.2391299019992381E-12   2.2394975142983477E-12   2.2398287041807245E-12   2.2401488826347891E-12   2.2405800224049480E-12   2.2410162443727900E-12   2.2416599894127097E-12   2.2425044812611348E-12   2.2439529076009497E-12
 2.2460984420563590E-12   2.2492968384652009E-12   2.2541317025281378E-12   2.2610545028060439E-12   2.2766043336517125E-12   3.7012629289576930E-13   3.8009587068495050E-13   3.8437169300268935E-13   3.8757855974099367E-13   3.8984945507258200E-13   3.9146474690299605E-13
 3.9258621852516069E-13   3.9333414861758634E-13   3.9380171080447102E-13   3.9421336881683651E-13   3.9442766815249184E-13   3.9472582374992531E-13   3.9492995869021349E-13   3.9515018725649986E-13   3.9531535868121430E-13   3.9552457581918611E-13   3.9572955779242160E-13
 3.9592691646913185E-13   3.9611665184931672E-13   3.9634704481096984E-13   3.9658675513504275E-13   3.9678241974585860E-13   3.9703907072887660E-13   3.9729826281073636E-13   3.9752018544291699E-13   3.9770314455952397E-13   3.9795640741075331E-13   3.9819357663598467E-13
 3.9838839421385331E-13   3.9874838321643689E-13   3.9908211419765564E-13   3.9934723551014729E-13   3.9985122011376406E-13   4.0050682361494050E-13   4.0153003941522526E-13   4.0308688597228003E-13   4.0545095492806824E-13   4.0903221022906039E-13   4.1405342154038393E-13
 4.2503774480037462E-13   3.9082100186312465E-14   4.6234446392927562E-14   4.9457406757230055E-14   5.1761336373761670E-14   5.3449473037639472E-14   5.4592967516432771E-14   5.5378167058537488E-14   5.5882151662153822E-14   5.6307362201675494E-14   5.6562319118799057E-14
 5.6765607026140083E-14   5.6908755594226059E-14   5.7096796908516501E-14   5.7166253610191354E-14   5.7344130529114757E-14   5.7450856680468799E-14   5.7616875138130642E-14   5.7686331839805469E-14   5.7889619747146514E-14   5.8042085677652288E-14   5.8205563036472355E-14
 5.8367346329397914E-14   5.8516424128114671E-14   5.8626538411257717E-14   5.8774769177027233E-14   5.8932317305216520E-14   5.9048360818990397E-14   5.9259272022856743E-14   5.9421902348729581E-14   5.9599779267653022E-14   5.9755633329947864E-14   6.0065647388643039E-14
 6.0438341885435095E-14   6.0931315060737262E-14   6.1717361635789328E-14   6.2938783145730219E-14   6.4741269257487534E-14   6.7359448097450728E-14   7.1016936363694847E-14   7.9150146723230361E-14  -1.0119502620847057E-14  -4.7349141751515042E-15  -2.3632219228394794E-15
-6.3527471044072023E-16   5.6751207466037659E-16   1.4628258999081652E-15   2.0337261063575593E-15   2.4445370857758938E-15   2.6834003769016057E-15   2.8553480651942275E-15   3.0095080615945098E-15   3.1602799262057748E-15   3.2602298139817819E-15   3.3500153063907369E-15
 3.4338715681689131E-15   3.4923168415294586E-15   3.5787142021493976E-15   3.6566412332967917E-15   3.7532029892837811E-15   3.7989427684355134E-15   3.9598790284138296E-15   4.0589818832425820E-15   4.1928130889087606E-15   4.2546464940583222E-15   4.4223590176146745E-15
 4.5240029712851913E-15   4.6281880237974687E-15   4.7510078011493446E-15   4.8772157102902385E-15   5.0517044974246283E-15   5.1787594395127797E-15   5.3837414127483243E-15   5.6005818472454315E-15   6.0249453538198391E-15   6.6246446804758979E-15   7.5656982848754453E-15
 8.9251861652186195E-15   1.0996181721255419E-14   1.3807484073192476E-14   1.9957790303205954E-14  -1.3879481873708898E-14  -9.8408287812004219E-15  -8.0510481636520884E-15  -6.6695374266803285E-15  -5.7039198668104309E-15  -5.0474693326883521E-15  -4.5494139597028290E-15
-4.2919159437375233E-15  -4.0581348502953403E-15  -3.8988926562115334E-15  -3.8184245262223765E-15  -3.7100043089738268E-15  -3.6795111228726736E-15  -3.6295361789846691E-15  -3.6151366188813460E-15  -3.4448829964832328E-15  -3.4406478317469621E-15  -3.3771203607028887E-15
-3.3178280543950893E-15  -3.2356658585114222E-15  -3.1882320134651813E-15  -3.1128460811595482E-15  -3.0882821256891735E-15  -3.0069669627527623E-15  -2.9078641079240099E-15  -2.8621243287722785E-15  -2.7511630126819663E-15  -2.6656126850092832E-15  -2.5427929076574096E-15
-2.4911238978748973E-15  -2.3437401650526490E-15  -2.1658632461292460E-15  -1.8668606157484795E-15  -1.5814105125237815E-15  -1.1146953585866624E-15  -4.1758724299637219E-16   7.0134328032656541E-16   2.2217674206480475E-15   4.3808544031992776E-15   9.1174626442453441E-15
-1.1860155327454671E-14  -8.6956402365126220E-15  -7.3497048833255451E-15  -6.2519501836839711E-15  -5.5184196513617494E-15  -5.0042706523783946E-15  -4.6891743959997980E-15  -4.4452289071905603E-15  -4.3071625367881125E-15  -4.1580847380713588E-15  -4.0979453988163035E-15
-4.0030777087238234E-15  -3.9751256214644315E-15  -3.8955045244225273E-15  -3.8463766134817778E-15  -3.7820021094904510E-15  -3.7515089233892962E-15  -3.7057691442375640E-15  -3.6600293650858318E-15  -3.5981959599362678E-15  -3.5321273900504324E-15  -3.5041753027910405E-15
-3.4677528860591056E-15  -3.3999902502787616E-15  -3.3432390428127234E-15  -3.2941111318719740E-15  -3.2314306937751558E-15  -3.1475744319969801E-15  -3.0577889395880242E-15  -2.9849441061241544E-15  -2.9485216893922195E-15  -2.7875854294139024E-15  -2.6215669717520611E-15
-2.3759274170483160E-15  -1.9490228116321498E-15  -1.4221683184399750E-15  -5.6158284402960349E-16   6.0732262318133640E-16   2.3581397251559871E-15   6.0410389798176992E-15  -9.7476551570024646E-15  -7.1853804915582203E-15  -6.0579796387627489E-15  -5.2507572400294031E-15
-4.6756218688437371E-15  -4.2639638564781479E-15  -3.9607260613611084E-15  -3.7836961753849596E-15  -3.6676526616111205E-15  -3.5719379385713845E-15  -3.5236570605778894E-15  -3.4491181612195110E-15  -3.4287893704854078E-15  -3.3949080525952358E-15  -3.3906728878589643E-15
-3.3500153063907578E-15  -3.2966522307137369E-15  -3.2915700330302111E-15  -3.2687001434543450E-15  -3.1636680579948118E-15  -3.1162342129485709E-15  -3.0975994881089763E-15  -3.0688003679023301E-15  -3.0476245442209726E-15  -3.0357660829594124E-15  -2.9680034471790684E-15
-2.9078641079240131E-15  -2.8629713617195351E-15  -2.8011379565699712E-15  -2.7088113653192525E-15  -2.6224140046993138E-15  -2.5809093902838531E-15  -2.3793155488373297E-15  -2.2124500582282349E-15  -1.9473287457376400E-15  -1.4297916149652633E-15  -7.9197580568277387E-16
 2.2022856628611915E-16   1.6127507315721949E-15   4.5934596729600889E-15  -8.0214020104982069E-15  -6.0249453538198367E-15  -5.1431840557281117E-15  -4.4689458297136886E-15  -3.9835959509369745E-15  -3.6346183766682028E-15  -3.4135427774348304E-15  -3.2195722325135956E-15
-3.1263986083156226E-15  -3.0637181702188043E-15  -3.0179783910670721E-15  -2.9663093812845598E-15  -2.9459805905504566E-15  -2.9095581738185217E-15  -2.8849942183481470E-15  -2.8849942183481470E-15  -2.8782179547701126E-15  -2.8197726814095658E-15  -2.8019849895172255E-15
-2.7782680669941051E-15  -2.7587863092072562E-15  -2.7418456502621702E-15  -2.6605304873257574E-15  -2.6376605977498913E-15  -2.6503660919587058E-15  -2.6080144445959907E-15  -2.6097085104904993E-15  -2.5326285122903580E-15  -2.5470280723936811E-15  -2.4682540082990312E-15
-2.3869388453626184E-15  -2.2471784090656588E-15  -2.2116030252809782E-15  -1.9998447884674039E-15  -1.7736869915505075E-15  -1.3806637040245131E-15  -8.2585712357294579E-16   1.7787691892340384E-17   1.1121542597449007E-15   3.3813555254391764E-15  -6.7466174248804975E-15
-5.0923620788928536E-15  -4.3452790194145607E-15  -3.8074130979080800E-15  -3.3593326688105551E-15  -3.1052227846342650E-15  -2.8968526796097072E-15  -2.7774210340468508E-15  -2.7443867491039331E-15  -2.6994940028994552E-15  -2.6723889485873176E-15  -2.6164847740685337E-15
-2.6105555434377536E-15  -2.5868386209146332E-15  -2.5766742255475816E-15  -2.5292403805013408E-15  -2.4741832389298113E-15  -2.4826535684023543E-15  -2.5165348862925263E-15  -2.4979001614529317E-15  -2.4640188435627597E-15  -2.4521603823011995E-15  -2.4106557678857388E-15
-2.4225142291472990E-15  -2.3869388453626184E-15  -2.3242584072658001E-15  -2.2759775292723050E-15  -2.2175322559117583E-15  -2.2404021454876244E-15  -2.1938153333886379E-15  -2.1751806085490433E-15  -2.1277467635028025E-15  -2.0481256664608982E-15  -1.8965067689023785E-15
-1.6889836968250763E-15  -1.3976043629695981E-15  -8.7159690272467771E-16  -2.3293406049493338E-16   7.3437756526948076E-16   2.6503660919587121E-15  -5.6844381090236096E-15  -4.3444319864673064E-15  -3.7532029892838048E-15  -3.2814056376631595E-15  -2.9569920188647625E-15
-2.7545511444709847E-15  -2.6063203787014821E-15  -2.5004412602946946E-15  -2.4098087349384845E-15  -2.3657630216812608E-15  -2.3581397251559721E-15  -2.3352698355801060E-15  -2.3234113743185458E-15  -2.2785186281140679E-15  -2.2564957714854561E-15  -2.2759775292723050E-15
-2.2548017055909475E-15  -2.1895801686523664E-15  -2.1988975310721637E-15  -2.1709454438127718E-15  -2.1650162131819917E-15  -2.1387581918171084E-15  -2.1133472033994793E-15  -2.0930184126653761E-15  -2.0642192924587299E-15  -2.0523608311971697E-15  -2.0413494028828638E-15
-2.0362672051993380E-15  -2.0040799532036746E-15  -1.9507168775266537E-15  -1.9312351197398048E-15  -1.8566962203814263E-15  -1.8278971001747801E-15  -1.7076184216646695E-15  -1.5153419426379433E-15  -1.2112571145736505E-15  -8.0637536578609461E-16  -3.2102548700938062E-16
 4.8619691172396968E-16   2.0201735792015110E-15  -4.8585809854506667E-15  -3.7125454078155984E-15  -3.2127959689355612E-15  -2.8129964178315314E-15  -2.5724390608113101E-15  -2.4131968667275017E-15  -2.2581898373799647E-15  -2.1514636860259229E-15  -2.1345230270808369E-15
-2.1006417091906648E-15  -2.0650663254059842E-15  -2.0303379745685579E-15  -2.0032329202564203E-15  -2.0040799532036746E-15  -1.9845981954168257E-15  -1.9625753387882139E-15  -1.9676575364717397E-15  -1.9778219318387913E-15  -1.9329291856343134E-15  -1.9159885266892274E-15
-1.9142944607947188E-15  -1.8990478677441414E-15  -1.8541551215396634E-15  -1.8660135828012236E-15  -1.8329792978583059E-15  -1.8482258909088833E-15  -1.8185797377549828E-15  -1.7626755632361990E-15  -1.7237120476625012E-15  -1.7160887511372125E-15  -1.7059243557701609E-15
-1.6695019390382260E-15  -1.5576935900006583E-15  -1.4636729328554310E-15  -1.3357709578200316E-15  -1.1519648082658485E-15  -8.2331602473117993E-16  -3.4220131069073773E-16   3.1086109164232872E-16   1.6915247956668409E-15  -4.2012834183813297E-15  -3.1916201452542037E-15
-2.7782680669941051E-15  -2.4496192834594366E-15  -2.2361669807513529E-15  -2.0303379745685579E-15  -1.9447876468958736E-15  -1.8914245712188527E-15  -1.8355203967000688E-15  -1.7923217163900995E-15  -1.7550522667109103E-15  -1.7660636950252162E-15  -1.7999450129153882E-15
-1.7626755632361990E-15  -1.7745340244977592E-15  -1.7482760031328759E-15  -1.7389586407130786E-15  -1.7237120476625012E-15  -1.7406527066075872E-15  -1.7059243557701609E-15  -1.6779722685107690E-15  -1.6940658945086007E-15  -1.6542553459876486E-15  -1.7008421580866351E-15
-1.6906777627195835E-15  -1.6669608401964631E-15  -1.6373146870425626E-15  -1.6373146870425626E-15  -1.6093625997831706E-15  -1.6093625997831706E-15  -1.5678579853677099E-15  -1.5492232605281153E-15  -1.4806135918005170E-15  -1.3899810664443069E-15  -1.2578439266726360E-15
-1.0664144805931641E-15  -8.1653976115314553E-16  -3.9132922163148676E-16   1.1689054672109347E-16   1.3518645838178657E-15  -3.6668056286638662E-15  -2.8426425709854319E-15  -2.4470781846176737E-15  -2.1870390698106035E-15  -2.0066210520454375E-15  -1.9007419336386500E-15
-1.7821573210230479E-15  -1.7220179817679926E-15  -1.6618786425129373E-15  -1.6644197413547002E-15  -1.6567964448294115E-15  -1.6246091928337481E-15  -1.5864927102073045E-15  -1.6051274350468991E-15  -1.5687050183149642E-15  -1.5898808419963217E-15  -1.5695520512622185E-15
-1.5737872159984900E-15  -1.5670109524204556E-15  -1.5458351287390981E-15  -1.5788694136820158E-15  -1.4890839212730600E-15  -1.4653669987499396E-15  -1.4280975490707504E-15  -1.4535085374883794E-15  -1.4535085374883794E-15  -1.4069217253893929E-15  -1.4077687583366472E-15
-1.3984513959168499E-15  -1.3450883202398289E-15  -1.3781226051827467E-15  -1.3264535954002343E-15  -1.3069718376133854E-15  -1.2324329382550070E-15  -1.1290949186899824E-15  -9.3004217608522177E-16  -6.4967427054404836E-16  -3.3966021184897444E-16   1.2959604092990795E-16
 1.0503208545953340E-15  -3.1467273990497258E-15  -2.4064206031494673E-15  -2.1184294010830051E-15  -1.8643195169067150E-15  -1.6898307297723292E-15  -1.5890338090490674E-15  -1.5305885356885207E-15  -1.4662140316971939E-15  -1.4331797467542762E-15  -1.3942162311805784E-15
-1.3865929346552897E-15  -1.3865929346552897E-15  -1.3908280993915612E-15  -1.3611819462376606E-15  -1.3518645838178633E-15  -1.3450883202398289E-15  -1.3798166710772553E-15  -1.3433942543453203E-15  -1.3628760121321692E-15  -1.3391590896090488E-15  -1.3027366728771139E-15
-1.3594878803431520E-15  -1.3374650237145402E-15  -1.3069718376133854E-15  -1.3145951341386741E-15  -1.2790197503539935E-15  -1.2942663434045709E-15  -1.2925722775100623E-15  -1.2722434867759591E-15  -1.2747845856177220E-15  -1.2485265642528387E-15  -1.2146452463626667E-15
-1.1663643683691716E-15  -1.0892843701690302E-15  -1.0223687673359405E-15  -8.7922019924996375E-16  -6.7677932485618597E-16  -3.8455295805345235E-16   1.1011428314305904E-17   8.2839822241470642E-16  -2.7808091658358680E-15  -2.2039797287556895E-15  -1.9193766584782446E-15
-1.7143946852427039E-15  -1.5729401830512357E-15  -1.4772254600114998E-15  -1.4069217253893929E-15  -1.3840518358135268E-15  -1.3501705179233547E-15  -1.3273006283474886E-15  -1.3256065624529800E-15  -1.3069718376133854E-15  -1.2841019480375193E-15  -1.3018896399298596E-15
-1.2832549150902650E-15  -1.2942663434045709E-15  -1.2985015081408424E-15  -1.2866430468792822E-15  -1.3061248046661311E-15  -1.2993485410880967E-15  -1.2544557948836188E-15  -1.2798667833012478E-15  -1.2603850255143989E-15  -1.2476795313055844E-15  -1.2629261243561618E-15
-1.2485265642528387E-15  -1.2476795313055844E-15  -1.2171863452044296E-15  -1.2366681029912785E-15  -1.2307388723604984E-15  -1.2010927192065979E-15  -1.1833050273142576E-15  -1.1265538198482195E-15  -1.1180834903756764E-15  -1.0138984378633975E-15  -8.8514942988074385E-16
-7.1404877453537519E-16  -4.4130416551949048E-16  -5.7598240413292423E-17   7.0811954390459508E-16  -2.5241581828178150E-15  -1.9676575364717397E-15  -1.7601344643944361E-15  -1.5559995241061497E-15  -1.4272505161234961E-15  -1.3484764520288461E-15  -1.2680083220396876E-15
-1.2485265642528387E-15  -1.2222685428879554E-15  -1.2239626087824640E-15  -1.1917753567868006E-15  -1.1917753567868006E-15  -1.1646703024746630E-15  -1.1578940388966286E-15  -1.1629762365801544E-15  -1.1561999730021200E-15  -1.1553529400548657E-15  -1.1307889845844910E-15
-1.1248597539537109E-15  -1.1367182152152711E-15  -1.1070720620613705E-15  -1.1121542597448963E-15  -1.1002957984833361E-15  -1.0901314031162845E-15  -1.0875903042745216E-15  -1.1180834903756764E-15  -1.0909784360635388E-15  -1.0774259089074700E-15  -1.0630263488041469E-15
-1.0274509650194663E-15  -1.0325331627029921E-15  -9.9272261418204000E-16  -9.9526371302380290E-16  -9.3343030787423897E-16  -8.7922019924996375E-16  -7.6910591610690471E-16  -6.0562855728682474E-16  -3.7862372742267225E-16  -5.0821976835258020E-17   5.9377009602526454E-16
-2.1878861027578578E-15  -1.7567463326054189E-15  -1.4924720530620772E-15  -1.3832048028662725E-15  -1.3052777717188768E-15  -1.1909283238395463E-15  -1.1299419516372367E-15  -1.1138483256394049E-15  -1.0892843701690302E-15  -1.0537089863843496E-15  -1.0587911840678754E-15
-1.0240628332304491E-15  -1.0257568991249577E-15  -1.0477797557535695E-15  -1.0274509650194663E-15  -1.0621793158568926E-15  -1.0316861297557378E-15  -1.0189806355469233E-15  -1.0299920638612292E-15  -1.0435445910172980E-15  -1.0503208545953324E-15  -1.0401564592282808E-15
-1.0469327228063152E-15  -1.0130514049161432E-15  -1.0418505251227894E-15  -1.0325331627029921E-15  -1.0249098661777034E-15  -1.0105103060743803E-15  -1.0062751413381088E-15  -9.9018151534027710E-16  -9.7069975755342819E-16  -9.7578195523695399E-16  -9.4867690092481638E-16
-8.9531382524779546E-16  -8.2331602473117993E-16  -7.1320174158812089E-16  -6.1325185381211345E-16  -3.9810548520952116E-16  -1.4399560103323106E-16   4.3113977015243887E-16  -1.9634223717354682E-15  -1.5534584252643868E-15  -1.4255564502289875E-15  -1.2934193104573166E-15
-1.1943164556285635E-15  -1.1163894244811678E-15  -1.0672615135404184E-15  -1.0460856898590609E-15  -1.0401564592282808E-15  -1.0198276684941776E-15  -9.9526371302380290E-16  -1.0079692072326174E-15  -1.0172865696524147E-15  -9.8001711997322549E-16  -9.9949887776007440E-16
-9.7917008702597119E-16  -9.8764041649851420E-16  -1.0062751413381088E-15  -9.7917008702597119E-16  -9.7493492228969969E-16  -9.5630019745010508E-16  -9.2919514313796747E-16  -9.2750107724345887E-16  -9.4020657145227338E-16  -9.2919514313796747E-16  -9.2750107724345887E-16
-9.1987778071817017E-16  -9.0039602293132126E-16  -8.9277272640603256E-16  -9.0378415472033846E-16  -8.7413800156643795E-16  -8.6905580388291215E-16  -8.2839822241470573E-16  -7.8435250915748211E-16  -7.6232965252887031E-16  -6.6153273180560856E-16  -5.1584306487786891E-16
-3.7100043089738355E-16  -8.7244393567192935E-17   3.4135427774348304E-16  -1.7279472123987727E-15  -1.3874399676025440E-15  -1.2112571145736495E-15  -1.1028368973250990E-15  -1.0282979979667206E-15  -9.4782986797756208E-16  -8.9192569345877826E-16  -8.6312657325213205E-16
-8.5973844146311484E-16  -8.5973844146311484E-16  -8.3771558483450304E-16  -8.5719734262135194E-16  -8.4787998020155464E-16  -8.3093932125646863E-16  -8.2839822241470573E-16  -8.3856261778175734E-16  -8.3517448599274013E-16  -8.1145756346961972E-16  -8.1484569525863693E-16
-8.0976349757511112E-16  -8.0976349757511112E-16  -8.0552833283883962E-16  -8.1569272820589123E-16  -8.1992789294216273E-16  -7.9790503631355092E-16  -8.0383426694433102E-16  -8.2839822241470573E-16  -7.9028173978826222E-16  -8.1315162936412833E-16  -7.9366987157727942E-16
-7.8858767389375362E-16  -7.5047119126731010E-16  -7.5555338895083590E-16  -6.8609668727598327E-16  -6.7423822601442307E-16  -5.8529976655272153E-16  -4.5824482446457648E-16  -3.2187251995663413E-16  -5.4210108624275222E-17   3.4643647542700884E-16  -1.6279973246227653E-15
-1.3010426069826053E-15  -1.1350241493207625E-15  -1.0604852499623840E-15  -9.8764041649851420E-16  -9.1310151714013577E-16  -9.0039602293132126E-16  -8.7074986977742075E-16  -8.4449184841253744E-16  -8.5635030967409764E-16  -8.2585712357294283E-16  -8.0891646462785682E-16
-8.1315162936412833E-16  -8.2755118946745143E-16  -8.2585712357294283E-16  -8.1569272820589123E-16  -8.1399866231138263E-16  -8.2501009062568853E-16  -8.0298723399707672E-16  -8.0552833283883962E-16  -8.0129316810256812E-16  -7.9451690452453372E-16  -7.8943470684100792E-16
-7.9875206926080522E-16  -8.0214020104982242E-16  -8.0129316810256812E-16  -7.8011734442121061E-16  -7.4793009242554720E-16  -7.7927031147395631E-16  -7.5301229010907300E-16  -7.6571778431788751E-16  -7.2167207106066389E-16  -6.9033185201225478E-16  -6.9371998380127198E-16
-6.4543910580777686E-16  -5.5819471224058392E-16  -4.6247998920084799E-16  -3.3711911300721153E-16  -1.6432439176733427E-16   2.1260526976082939E-16  -1.4314856808597676E-15  -1.1748346978417146E-15  -1.0130514049161432E-15  -9.0209008882582986E-16  -8.6482063914664065E-16
-7.7334108084317621E-16  -7.5640042189809020E-16  -7.2506020284968109E-16  -7.1658987337713809E-16  -7.2336613695517249E-16  -7.0727251095734078E-16  -7.3353053232222409E-16  -7.1997800516615529E-16  -7.1828393927164669E-16  -7.1066064274635798E-16  -6.7000306127815157E-16
-6.9964921443205208E-16  -6.6830899538364297E-16  -6.8609668727598327E-16  -6.8186152253971177E-16  -6.9033185201225478E-16  -6.9371998380127198E-16  -7.0642547801008648E-16  -6.6407383064737147E-16  -6.6322679770011717E-16  -6.9287295085401768E-16  -6.6153273180560856E-16
-6.6576789654188007E-16  -6.7000306127815157E-16  -6.6661492948913437E-16  -6.3950987517699676E-16  -6.5136833643855696E-16  -6.2595734802092795E-16  -5.9885229370879034E-16  -5.8106460181645003E-16  -5.1330196603610601E-16  -4.2859867131067597E-16  -2.9900263038076802E-16
-1.1180834903756764E-16   2.2869889575866109E-16  -1.3162892000331827E-15  -1.0655674476459098E-15  -9.7239382344793679E-16  -8.7498503451369225E-16  -7.8689360799924501E-16  -7.6317668547612461E-16  -7.4030679590025850E-16  -7.0557844506283218E-16  -6.9795514853754348E-16
-6.8016745664520317E-16  -6.7423822601442307E-16  -6.7932042369794887E-16  -6.6915602833089727E-16  -6.6237976475286287E-16  -6.8016745664520317E-16  -6.6830899538364297E-16  -7.0049624737930638E-16  -6.5983866591109996E-16  -6.8101448959245747E-16  -6.8186152253971177E-16
-6.8016745664520317E-16  -6.5645053412208276E-16  -6.4798020464953976E-16  -6.4459207286052256E-16  -6.5899163296384566E-16  -6.4628613875503116E-16  -6.5306240233306556E-16  -6.5814460001659136E-16  -6.3188657865170805E-16  -6.4205097401875966E-16  -6.4459207286052256E-16
-6.4289800696601396E-16  -6.0901668907584194E-16  -5.7344130529116133E-16  -5.2092526256139471E-16  -4.6925625277888239E-16  -4.0742284762931846E-16  -2.9053230090822502E-16  -1.3044307387716225E-16   1.9142944607947188E-16  -1.0672615135404184E-15  -8.2924525536196003E-16
-7.3183646642771549E-16  -6.5390943528031986E-16  -5.5819471224058392E-16  -5.5650064634607532E-16  -5.3871295445373502E-16  -5.1076086719434310E-16  -4.8704394467122269E-16  -4.9297317530200280E-16  -4.7603251635691679E-16  -4.4808042909752488E-16  -4.8365581288220549E-16
-4.7603251635691679E-16  -4.9043207646023990E-16  -4.6925625277888239E-16  -4.4469229730850768E-16  -4.9297317530200280E-16  -4.5739779151732218E-16  -4.6078592330633938E-16  -4.5993889035908508E-16  -4.6417405509535659E-16  -4.5485669267555928E-16  -4.8196174698769689E-16
-4.6925625277888239E-16  -4.5824482446457648E-16  -4.5316262678105068E-16  -4.5993889035908508E-16  -4.3961009962498188E-16  -4.3283383604694747E-16  -4.1758724299637007E-16  -4.0488174878755556E-16  -4.0488174878755556E-16  -3.6930636500287495E-16  -3.2610768469290563E-16
-2.5919208185981590E-16  -2.1514636860259229E-16  -1.2536087619363645E-16   8.4703294725430034E-19   3.2102548700937983E-16   1.8804131429045468E-16   3.8624702394796095E-16   4.8365581288220549E-16   5.5311251455705812E-16   5.8784086539448444E-16   6.1833405149563925E-16
 6.4205097401875966E-16   6.8948481906500048E-16   6.8186152253971177E-16   6.9964921443205208E-16   6.9202591790676338E-16   7.0134328032656068E-16   6.8101448959245747E-16   6.9964921443205208E-16   6.9880218148479778E-16   7.0727251095734078E-16   7.1235470864086659E-16
 7.0473141211557788E-16   7.0219031327381498E-16   6.8355558843422037E-16   7.0981360979910368E-16   7.2167207106066389E-16   7.1489580748262949E-16   7.0473141211557788E-16   6.8863778611774618E-16   7.0388437916832358E-16   6.9287295085401768E-16   7.0727251095734078E-16
 7.2675426874418969E-16   7.1489580748262949E-16   6.9202591790676338E-16   7.2844833463869829E-16   7.4538899358378430E-16   7.4454196063653000E-16   7.5047119126731010E-16   8.0214020104982242E-16   8.6312657325213205E-16   9.6477052692264809E-16   1.1214716221646936E-15
 1.3789696381300010E-15   9.0048072622604874E-15   9.1691316540278233E-15   9.2707756076983393E-15   9.3088920903247828E-15   9.3910542862084499E-15   9.4020657145227559E-15   9.4198534064150962E-15   9.4291707688348935E-15   9.4342529665184193E-15   9.4494995595689967E-15
 9.4893101080899488E-15   9.4579698890415397E-15   9.4622050537778112E-15   9.4859219763009316E-15   9.4605109878833026E-15   9.4808397786174058E-15   9.4774516468283886E-15   9.4876160421954402E-15   9.4893101080899488E-15   9.4782986797756429E-15   9.4749105479866257E-15
 9.4969334046152375E-15   9.5096388988240520E-15   9.4918512069317117E-15   9.5062507670350348E-15   9.4910041739844574E-15   9.5181092282965950E-15   9.5104859317713063E-15   9.4850749433536773E-15   9.5240384589273751E-15   9.5223443930328665E-15   9.5486024143977498E-15
 9.5401320849252084E-15   9.5587668097648030E-15   9.5841777981824336E-15   9.6121298854418255E-15   9.6934450483782383E-15   9.7722191124728898E-15   9.8594635060400828E-15   1.0122890752636167E-14   6.9881912214375675E-14   7.0008967156463820E-14   7.0075035726349655E-14
 7.0172444515283900E-14   7.0183455943598219E-14   7.0238513085169735E-14   7.0229195722749938E-14   7.0269006271270903E-14   7.0273241436007174E-14   7.0299499457372058E-14   7.0316440116317144E-14   7.0281711765479717E-14   7.0278323633690700E-14   7.0296111325583040E-14
 7.0287640996110497E-14   7.0286793963163243E-14   7.0304581655055583E-14   7.0299499457372058E-14   7.0279170666637954E-14   7.0291876160846769E-14   7.0284252864321480E-14   7.0274088468954429E-14   7.0285946930215989E-14   7.0290182094952260E-14   7.0317287149264398E-14
 7.0299499457372058E-14   7.0280017699585209E-14   7.0296958358530295E-14   7.0305428688002838E-14   7.0277476600743446E-14   7.0320675281053415E-14   7.0293570226741278E-14   7.0356250664838096E-14   7.0328298577578704E-14   7.0352015500101837E-14   7.0387590883886530E-14
 7.0441800992510805E-14   7.0506175496502132E-14   7.0596808021858342E-14   7.0832283181195025E-14   4.4859542512951477E-13   4.4871062161034145E-13   4.4880464226748658E-13   4.4885207611253287E-13   4.4887071083737246E-13   4.4892830907778576E-13   4.4889781589168460E-13
 4.4894355567083638E-13   4.4893593237431110E-13   4.4893000314368026E-13   4.4895541413209789E-13   4.4895795523093971E-13   4.4894779083557266E-13   4.4895287303325618E-13   4.4896642556041225E-13   4.4894270863788913E-13   4.4898844841704091E-13   4.4894694380262540E-13
 4.4895964929683422E-13   4.4898421325230454E-13   4.4898336621935734E-13   4.4895541413209789E-13   4.4898506028525184E-13   4.4901131830661673E-13   4.4897828402167381E-13   4.4898590731819910E-13   4.4900030687830242E-13   4.4899098951588263E-13   4.4900623610893320E-13
 4.4900623610893320E-13   4.4898082512051557E-13   4.4898929544998812E-13   4.4897574292283210E-13   4.4906552841524110E-13   4.4905028182219053E-13   4.4908077500829168E-13   4.4914938467701933E-13   4.4921968841164149E-13   4.4930862687110314E-13   4.4947718642760680E-13
 2.5617833863368790E-12   2.5619180645754924E-12   2.5619909094089567E-12   2.5620315669904249E-12   2.5620569779788421E-12   2.5620866241319964E-12   2.5621281287464115E-12   2.5621018707250470E-12   2.5621086469886251E-12   2.5621086469886251E-12   2.5621298228123060E-12
 2.5621094940215723E-12   2.5621196584169394E-12   2.5621077999556778E-12   2.5621188113839917E-12   2.5621205054498866E-12   2.5621382931417790E-12   2.5621128821533613E-12   2.5621162702851503E-12   2.5621145762192554E-12   2.5621586219325131E-12   2.5620984825932580E-12
 2.5621281287464115E-12   2.5621094940215719E-12   2.5621323639111478E-12   2.5621315168782013E-12   2.5621027177579943E-12   2.5620993296262053E-12   2.5621188113839921E-12   2.5621205054498866E-12   2.5621221995157807E-12   2.5621306698452537E-12   2.5621357520429376E-12
 2.5621687863278801E-12   2.5621764096244058E-12   2.5622229964365052E-12   2.5622484074249224E-12   2.5623187111595445E-12   2.5623712272022743E-12   2.5625626566483538E-12   1.3329311951668694E-11   1.3329448323973200E-11   1.3329529639136137E-11   1.3329548273860976E-11
 1.3329600789903706E-11   1.3329609260233180E-11   1.3329623659793284E-11   1.3329643988584018E-11   1.3329625353859178E-11   1.3329666858473594E-11   1.3329666858473594E-11   1.3329662623308857E-11   1.3329665164407699E-11   1.3329655000012332E-11   1.3329666858473594E-11
 1.3329660082210016E-11   1.3329649070781700E-11   1.3329658388144121E-11   1.3329677869901908E-11   1.3329643141551071E-11   1.3329650764847596E-11   1.3329650764847594E-11   1.3329660929242963E-11   1.3329649917814649E-11   1.3329687187264326E-11   1.3329655847045281E-11
 1.3329676175836013E-11   1.3329680411000750E-11   1.3329653305946438E-11   1.3329678716934855E-11   1.3329677869901908E-11   1.3329684646165486E-11   1.3329689728363170E-11   1.3329703280890324E-11   1.3329706669022115E-11   1.3329721915615165E-11   1.3329747326603586E-11
 1.3329817630338210E-11   1.3329893863303464E-11   1.3330055646596390E-11   8.2267632006313941E-11   8.2267782778178578E-11   8.2267828517957743E-11   8.2267886963231091E-11   8.2267886116198156E-11   8.2267930161911413E-11   8.2267933550043202E-11   8.2267949643669200E-11
 8.2267968278394027E-11   8.2267969972459934E-11   8.2267979289822367E-11   8.2267983524987078E-11   8.2267999618613075E-11   8.2267981830921196E-11   8.2267965737295198E-11   8.2267985219052985E-11   8.2267971666525842E-11   8.2267984372020025E-11   8.2267991995316563E-11
 8.2268001312678996E-11   8.2267978442789407E-11   8.2267976748723512E-11   8.2267988607184761E-11   8.2268020794436783E-11   8.2267975901690539E-11   8.2268022488502664E-11   8.2267978442789394E-11   8.2268025876634453E-11   8.2268025029601506E-11   8.2267997924547194E-11
 8.2268010630041390E-11   8.2268000465646036E-11   8.2268014018173205E-11   8.2268011477074363E-11   8.2268049593556976E-11   8.2268101262566772E-11   8.2268140226082333E-11   8.2268131755752899E-11   8.2268227470475938E-11   8.2268329114429622E-11   1.4067035517808316E-09
 1.4067036068379729E-09   1.4067036593540159E-09   1.4067036890001690E-09   1.4067036991645644E-09   1.4067037559157719E-09   1.4067037576098377E-09   1.4067037465984094E-09   1.4067037559157719E-09   1.4067037525276403E-09   1.4067037677742331E-09   1.4067037491395083E-09
 1.4067037491395083E-09   1.4067037813267603E-09   1.4067037584568707E-09   1.4067037813267603E-09   1.4067037745504967E-09   1.4067037508335742E-09   1.4067037660801672E-09   1.4067037669272002E-09   1.4067037779386285E-09   1.4067037796326944E-09   1.4067037906441227E-09
 1.4067037457513765E-09   1.4067037508335742E-09   1.4067037652331343E-09   1.4067037440573106E-09   1.4067037923381886E-09   1.4067037737034637E-09   1.4067037491395083E-09   1.4067037889500568E-09   1.4067037830208264E-09   1.4067038169021443E-09   1.4067037931852219E-09
 1.4067038296076385E-09   1.4067038431601658E-09   1.4067038956762088E-09   1.4067039566625812E-09   1.4067040430599416E-09   1.4067041726559829E-09   4.9387485163103172E-08   4.9387485316416142E-08   4.9387485414671964E-08   4.9387485422295260E-08   4.9387485456176585E-08
 4.9387485529868451E-08   4.9387485506151522E-08   4.9387485519704056E-08   4.9387485495140101E-08   4.9387485525633287E-08   4.9387485540032847E-08   4.9387485522245155E-08   4.9387485545115044E-08   4.9387485507845595E-08   4.9387485527327353E-08   4.9387485510386694E-08
 4.9387485534103616E-08   4.9387485538338781E-08   4.9387485508692621E-08   4.9387485509539661E-08   4.9387485526480313E-08   4.9387485514621858E-08   4.9387485523092188E-08   4.9387485530715478E-08   4.9387485509539661E-08   4.9387485501069331E-08   4.9387485552738341E-08
 4.9387485517162957E-08   4.9387485498528232E-08   4.9387485530715484E-08   4.9387485521398122E-08   4.9387485524786254E-08   4.9387485544268011E-08   4.9387485568831967E-08   4.9387485551891308E-08   4.9387485567984934E-08   4.9387485576455263E-08   4.9387485593395922E-08
 4.9387485635747583E-08   4.9387485716215713E-08   1.2132125654859282E-06   1.2132125656858282E-06   1.2132125658128832E-06   1.2132125658111891E-06   1.2132125658781047E-06   1.2132125659052097E-06   1.2132125658992805E-06   1.2132125659229974E-06   1.2132125659450205E-06
 1.2132125659492557E-06   1.2132125659780548E-06   1.2132125659755137E-06   1.2132125659433264E-06   1.2132125659916073E-06   1.2132125660043128E-06   1.2132125660153242E-06   1.2132125660381941E-06   1.2132125660551350E-06   1.2132125660381941E-06   1.2132125660373471E-06
 1.2132125660949456E-06   1.2132125661110392E-06   1.2132125660898631E-06   1.2132125661254387E-06   1.2132125661322150E-06   1.2132125661423794E-06   1.2132125661500027E-06   1.2132125661872719E-06   1.2132125661915075E-06   1.2132125662008247E-06   1.2132125662186124E-06
 1.2132125662440233E-06   1.2132125662338590E-06   1.2132125662347060E-06   1.2132125662457174E-06   1.2132125662685873E-06   1.2132125662626581E-06   1.2132125662973864E-06   1.2132125662482585E-06   1.2132125660686875E-06   7.2002726776018603E-06   7.2002726769606479E-06
 7.2002726768022519E-06   7.2002726766904410E-06   7.2002726766489356E-06   7.2002726765921843E-06   7.2002726765964187E-06   7.2002726765760899E-06   7.2002726765964195E-06   7.2002726766269118E-06   7.2002726766218305E-06   7.2002726766430055E-06   7.2002726766396173E-06
 7.2002726766438534E-06   7.2002726766768876E-06   7.2002726766853580E-06   7.2002726766828169E-06   7.2002726767361808E-06   7.2002726767158520E-06   7.2002726767268634E-06   7.2002726767641329E-06   7.2002726767412630E-06   7.2002726767692151E-06   7.2002726768107197E-06
 7.2002726768014023E-06   7.2002726768098727E-06   7.2002726768124138E-06   7.2002726768420608E-06   7.2002726768361315E-06   7.2002726768454489E-06   7.2002726768462968E-06   7.2002726768581535E-06   7.2002726769064353E-06   7.2002726768869535E-06   7.2002726768708599E-06
 7.2002726768962709E-06   7.2002726768827183E-06   7.2002726769055882E-06   7.2002726769072814E-06   7.2002726769335378E-06
 2.0000024173853164E+00   2.0000024173822277E+00   2.0000024173796711E+00   2.0000024173774396E+00   2.0000024173758018E+00   2.0000024173747342E+00   2.0000024173740880E+00   2.0000024173737243E+00   2.0000024173735458E+00   2.0000024173734730E+00   2.0000024173734676E+00
 2.0000024173734943E+00   2.0000024173735413E+00   2.0000024173735942E+00   2.0000024173736453E+00   2.0000024173736941E+00   2.0000024173737394E+00   2.0000024173737776E+00   2.0000024173738113E+00   2.0000024173738353E+00   2.0000024173738589E+00   2.0000024173738713E+00
 2.0000024173738824E+00   2.0000024173738868E+00   2.0000024173738868E+00   2.0000024173738726E+00   2.0000024173738469E+00   2.0000024173737989E+00   2.0000024173737287E+00   2.0000024173736302E+00   2.0000024173734952E+00   2.0000024173733184E+00   2.0000024173731026E+00
 2.0000024173728397E+00   2.0000024173725559E+00   2.0000024173722428E+00   2.0000024173719240E+00   2.0000024173715936E+00   2.0000024173712694E+00   2.0000024173706832E+00   2.0000008346695628E+00   2.0000008346689828E+00   2.0000008346687168E+00   2.0000008346684832E+00
 2.0000008346682665E+00   2.0000008346680778E+00   2.0000008346679077E+00   2.0000008346677549E+00   2.0000008346676230E+00   2.0000008346675116E+00   2.0000008346674183E+00   2.0000008346673388E+00   2.0000008346672744E+00   2.0000008346672287E+00   2.0000008346671869E+00
 2.0000008346671598E+00   2.0000008346671376E+00   2.0000008346671168E+00   2.0000008346671043E+00   2.0000008346670963E+00   2.0000008346670883E+00   2.0000008346670843E+00   2.0000008346670795E+00   2.0000008346670706E+00   2.0000008346670644E+00   2.0000008346670546E+00
 2.0000008346670359E+00   2.0000008346670120E+00   2.0000008346669738E+00   2.0000008346669222E+00   2.0000008346668476E+00   2.0000008346667522E+00   2.0000008346666314E+00   2.0000008346664835E+00   2.0000008346663156E+00   2.0000008346661224E+00   2.0000008346659133E+00
 2.0000008346656912E+00   2.0000008346654594E+00   2.0000008346650224E+00   2.0000000545682850E+00   2.0000000545679848E+00   2.0000000545678516E+00   2.0000000545677428E+00   2.0000000545676553E+00   2.0000000545675811E+00   2.0000000545675198E+00   2.0000000545674665E+00
 2.0000000545674244E+00   2.0000000545673848E+00   2.0000000545673515E+00   2.0000000545673271E+00   2.0000000545673005E+00   2.0000000545672787E+00   2.0000000545672609E+00   2.0000000545672449E+00   2.0000000545672285E+00   2.0000000545672201E+00   2.0000000545672050E+00
 2.0000000545671934E+00   2.0000000545671859E+00   2.0000000545671770E+00   2.0000000545671694E+00   2.0000000545671588E+00   2.0000000545671472E+00   2.0000000545671401E+00   2.0000000545671264E+00   2.0000000545671091E+00   2.0000000545670837E+00   2.0000000545670531E+00
 2.0000000545670154E+00   2.0000000545669590E+00   2.0000000545668897E+00   2.0000000545668040E+00   2.0000000545667054E+00   2.0000000545665948E+00   2.0000000545664665E+00   2.0000000545663328E+00   2.0000000545661880E+00   2.0000000545659216E+00   2.0000000012330612E+00
 2.0000000012328849E+00   2.0000000012328050E+00   2.0000000012327348E+00   2.0000000012326833E+00   2.0000000012326455E+00   2.0000000012326105E+00   2.0000000012325856E+00   2.0000000012325638E+00   2.0000000012325465E+00   2.0000000012325350E+00   2.0000000012325234E+00
 2.0000000012325136E+00   2.0000000012325034E+00   2.0000000012324950E+00   2.0000000012324866E+00   2.0000000012324826E+00   2.0000000012324781E+00   2.0000000012324710E+00   2.0000000012324639E+00   2.0000000012324621E+00   2.0000000012324550E+00   2.0000000012324488E+00
 2.0000000012324461E+00   2.0000000012324390E+00   2.0000000012324319E+00   2.0000000012324239E+00   2.0000000012324097E+00   2.0000000012323973E+00   2.0000000012323733E+00   2.0000000012323449E+00   2.0000000012323129E+00   2.0000000012322703E+00   2.0000000012322179E+00
 2.0000000012321557E+00   2.0000000012320864E+00   2.0000000012320087E+00   2.0000000012319203E+00   2.0000000012318253E+00   2.0000000012316628E+00   2.0000000000971196E+00   2.0000000000970060E+00   2.0000000000969562E+00   2.0000000000969140E+00   2.0000000000968816E+00
 2.0000000000968581E+00   2.0000000000968408E+00   2.0000000000968239E+00   2.0000000000968106E+00   2.0000000000968017E+00   2.0000000000967946E+00   2.0000000000967875E+00   2.0000000000967830E+00   2.0000000000967804E+00   2.0000000000967768E+00   2.0000000000967746E+00
 2.0000000000967733E+00   2.0000000000967719E+00   2.0000000000967701E+00   2.0000000000967662E+00   2.0000000000967630E+00   2.0000000000967626E+00   2.0000000000967613E+00   2.0000000000967564E+00   2.0000000000967546E+00   2.0000000000967466E+00   2.0000000000967422E+00
 2.0000000000967368E+00   2.0000000000967262E+00   2.0000000000967137E+00   2.0000000000966938E+00   2.0000000000966685E+00   2.0000000000966436E+00   2.0000000000966072E+00   2.0000000000965672E+00   2.0000000000965206E+00   2.0000000000964677E+00   2.0000000000964091E+00
 2.0000000000963474E+00   2.0000000000962359E+00   2.0000000000219060E+00   2.0000000000218341E+00   2.0000000000218021E+00   2.0000000000217719E+00   2.0000000000217559E+00   2.0000000000217355E+00   2.0000000000217275E+00   2.0000000000217169E+00   2.0000000000217106E+00
 2.0000000000217044E+00   2.0000000000217000E+00   2.0000000000216973E+00   2.0000000000216929E+00   2.0000000000216920E+00   2.0000000000216911E+00   2.0000000000216889E+00   2.0000000000216880E+00   2.0000000000216880E+00   2.0000000000216884E+00   2.0000000000216875E+00
 2.0000000000216867E+00   2.0000000000216867E+00   2.0000000000216849E+00   2.0000000000216831E+00   2.0000000000216827E+00   2.0000000000216791E+00   2.0000000000216751E+00   2.0000000000216724E+00   2.0000000000216658E+00   2.0000000000216565E+00   2.0000000000216458E+00
 2.0000000000216316E+00   2.0000000000216129E+00   2.0000000000215872E+00   2.0000000000215596E+00   2.0000000000215232E+00   2.0000000000214859E+00   2.0000000000214451E+00   2.0000000000213980E+00   2.0000000000213225E+00   2.0000000000048690E+00   2.0000000000048210E+00
 2.0000000000047979E+00   2.0000000000047784E+00   2.0000000000047651E+00   2.0000000000047553E+00   2.0000000000047451E+00   2.0000000000047393E+00   2.0000000000047340E+00   2.0000000000047287E+00   2.0000000000047260E+00   2.0000000000047251E+00   2.0000000000047251E+00
 2.0000000000047233E+00   2.0000000000047251E+00   2.0000000000047229E+00   2.0000000000047247E+00   2.0000000000047233E+00   2.0000000000047242E+00   2.0000000000047242E+00   2.0000000000047224E+00   2.0000000000047233E+00   2.0000000000047224E+00   2.0000000000047216E+00
 2.0000000000047202E+00   2.0000000000047189E+00   2.0000000000047176E+00   2.0000000000047136E+00   2.0000000000047069E+00   2.0000000000047007E+00   2.0000000000046949E+00   2.0000000000046838E+00   2.0000000000046692E+00   2.0000000000046549E+00   2.0000000000046336E+00
 2.0000000000046105E+00   2.0000000000045821E+00   2.0000000000045564E+00   2.0000000000045226E+00   2.0000000000044666E+00   2.0000000000010090E+00   2.0000000000009797E+00   2.0000000000009601E+00   2.0000000000009504E+00   2.0000000000009384E+00   2.0000000000009317E+00
 2.0000000000009246E+00   2.0000000000009210E+00   2.0000000000009193E+00   2.0000000000009157E+00   2.0000000000009122E+00   2.0000000000009122E+00   2.0000000000009095E+00   2.0000000000009122E+00   2.0000000000009095E+00   2.0000000000009086E+00   2.0000000000009086E+00
 2.0000000000009077E+00   2.0000000000009104E+00   2.0000000000009095E+00   2.0000000000009086E+00   2.0000000000009082E+00   2.0000000000009082E+00   2.0000000000009073E+00   2.0000000000009055E+00   2.0000000000009059E+00   2.0000000000009068E+00   2.0000000000009042E+00
 2.0000000000009006E+00   2.0000000000008971E+00   2.0000000000008904E+00   2.0000000000008855E+00   2.0000000000008726E+00   2.0000000000008633E+00   2.0000000000008500E+00   2.0000000000008296E+00   2.0000000000008074E+00   2.0000000000007887E+00   2.0000000000007621E+00
 2.0000000000007256E+00   2.0000000000002389E+00   2.0000000000002185E+00   2.0000000000002052E+00   2.0000000000001963E+00   2.0000000000001878E+00   2.0000000000001825E+00   2.0000000000001763E+00   2.0000000000001776E+00   2.0000000000001732E+00   2.0000000000001705E+00
 2.0000000000001714E+00   2.0000000000001696E+00   2.0000000000001688E+00   2.0000000000001688E+00   2.0000000000001696E+00   2.0000000000001696E+00   2.0000000000001688E+00   2.0000000000001656E+00   2.0000000000001661E+00   2.0000000000001661E+00   2.0000000000001661E+00
 2.0000000000001679E+00   2.0000000000001679E+00   2.0000000000001643E+00   2.0000000000001661E+00   2.0000000000001670E+00   2.0000000000001652E+00   2.0000000000001652E+00   2.0000000000001599E+00   2.0000000000001572E+00   2.0000000000001541E+00   2.0000000000001492E+00
 2.0000000000001448E+00   2.0000000000001350E+00   2.0000000000001217E+00   2.0000000000001030E+00   2.0000000000000915E+00   2.0000000000000742E+00   2.0000000000000564E+00   2.0000000000000275E+00   2.0000000000000933E+00   2.0000000000000790E+00   2.0000000000000675E+00
 2.0000000000000631E+00   2.0000000000000546E+00   2.0000000000000511E+00   2.0000000000000471E+00   2.0000000000000471E+00   2.0000000000000462E+00   2.0000000000000444E+00   2.0000000000000417E+00   2.0000000000000417E+00   2.0000000000000417E+00   2.0000000000000417E+00
 2.0000000000000413E+00   2.0000000000000417E+00   2.0000000000000413E+00   2.0000000000000426E+00   2.0000000000000426E+00   2.0000000000000426E+00   2.0000000000000426E+00   2.0000000000000435E+00   2.0000000000000426E+00   2.0000000000000409E+00   2.0000000000000417E+00
 2.0000000000000400E+00   2.0000000000000400E+00   2.0000000000000386E+00   2.0000000000000391E+00   2.0000000000000355E+00   2.0000000000000342E+00   2.0000000000000320E+00   2.0000000000000231E+00   2.0000000000000151E+00   2.0000000000000018E+00   1.9999999999999907E+00
 1.9999999999999791E+00   1.9999999999999680E+00   1.9999999999999543E+00   1.9999999999999294E+00   2.0000000000000551E+00   2.0000000000000471E+00   2.0000000000000409E+00   2.0000000000000346E+00   2.0000000000000302E+00   2.0000000000000275E+00   2.0000000000000258E+00
 2.0000000000000231E+00   2.0000000000000231E+00   2.0000000000000222E+00   2.0000000000000218E+00   2.0000000000000213E+00   2.0000000000000209E+00   2.0000000000000213E+00   2.0000000000000213E+00   2.0000000000000218E+00   2.0000000000000222E+00   2.0000000000000218E+00
 2.0000000000000235E+00   2.0000000000000235E+00   2.0000000000000226E+00   2.0000000000000231E+00   2.0000000000000231E+00   2.0000000000000240E+00   2.0000000000000235E+00   2.0000000000000249E+00   2.0000000000000231E+00   2.0000000000000231E+00   2.0000000000000213E+00
 2.0000000000000213E+00   2.0000000000000115E+00   2.0000000000000098E+00   2.0000000000000080E+00   1.9999999999999969E+00   1.9999999999999849E+00   1.9999999999999782E+00   1.9999999999999694E+00   1.9999999999999623E+00   1.9999999999999538E+00   1.9999999999999334E+00
 2.0000000000000453E+00   2.0000000000000369E+00   2.0000000000000329E+00   2.0000000000000275E+00   2.0000000000000249E+00   2.0000000000000235E+00   2.0000000000000231E+00   2.0000000000000213E+00   2.0000000000000204E+00   2.0000000000000213E+00   2.0000000000000195E+00
 2.0000000000000195E+00   2.0000000000000195E+00   2.0000000000000187E+00   2.0000000000000187E+00   2.0000000000000178E+00   2.0000000000000178E+00   2.0000000000000187E+00   2.0000000000000187E+00   2.0000000000000187E+00   2.0000000000000187E+00   2.0000000000000187E+00
 2.0000000000000187E+00   2.0000000000000187E+00   2.0000000000000187E+00   2.0000000000000187E+00   2.0000000000000187E+00   2.0000000000000187E+00   2.0000000000000160E+00   2.0000000000000124E+00   2.0000000000000098E+00   2.0000000000000071E+00   2.0000000000000018E+00
 1.9999999999999938E+00   1.9999999999999867E+00   1.9999999999999809E+00   1.9999999999999756E+00   1.9999999999999667E+00   1.9999999999999587E+00   1.9999999999999489E+00   2.0000000000000386E+00   2.0000000000000346E+00   2.0000000000000315E+00   2.0000000000000284E+00
 2.0000000000000258E+00   2.0000000000000240E+00   2.0000000000000222E+00   2.0000000000000204E+00   2.0000000000000178E+00   2.0000000000000169E+00   2.0000000000000160E+00   2.0000000000000151E+00   2.0000000000000151E+00   2.0000000000000151E+00   2.0000000000000160E+00
 2.0000000000000160E+00   2.0000000000000160E+00   2.0000000000000169E+00   2.0000000000000160E+00   2.0000000000000169E+00   2.0000000000000169E+00   2.0000000000000169E+00   2.0000000000000169E+00   2.0000000000000169E+00   2.0000000000000169E+00   2.0000000000000178E+00
 2.0000000000000169E+00   2.0000000000000151E+00   2.0000000000000124E+00   2.0000000000000098E+00   2.0000000000000071E+00   2.0000000000000036E+00   1.9999999999999996E+00   1.9999999999999964E+00   1.9999999999999920E+00   1.9999999999999876E+00   1.9999999999999791E+00
 1.9999999999999751E+00   1.9999999999999702E+00   1.9999999999999596E+00   2.0000000000000355E+00   2.0000000000000320E+00   2.0000000000000293E+00   2.0000000000000266E+00   2.0000000000000231E+00   2.0000000000000195E+00   2.0000000000000169E+00   2.0000000000000151E+00
 2.0000000000000133E+00   2.0000000000000124E+00   2.0000000000000124E+00   2.0000000000000124E+00   2.0000000000000124E+00   2.0000000000000124E+00   2.0000000000000133E+00   2.0000000000000142E+00   2.0000000000000142E+00   2.0000000000000142E+00   2.0000000000000142E+00
 2.0000000000000151E+00   2.0000000000000142E+00   2.0000000000000151E+00   2.0000000000000142E+00   2.0000000000000160E+00   2.0000000000000151E+00   2.0000000000000151E+00   2.0000000000000142E+00   2.0000000000000115E+00   2.0000000000000089E+00   2.0000000000000062E+00
 2.0000000000000027E+00   1.9999999999999996E+00   1.9999999999999996E+00   1.9999999999999991E+00   1.9999999999999947E+00   1.9999999999999893E+00   1.9999999999999853E+00   1.9999999999999822E+00   1.9999999999999765E+00   1.9999999999999685E+00   2.0000000000000338E+00
 2.0000000000000293E+00   2.0000000000000249E+00   2.0000000000000213E+00   2.0000000000000178E+00   2.0000000000000151E+00   2.0000000000000133E+00   2.0000000000000133E+00   2.0000000000000124E+00   2.0000000000000107E+00   2.0000000000000107E+00   2.0000000000000107E+00
 2.0000000000000107E+00   2.0000000000000107E+00   2.0000000000000115E+00   2.0000000000000107E+00   2.0000000000000107E+00   2.0000000000000115E+00   2.0000000000000115E+00   2.0000000000000115E+00   2.0000000000000124E+00   2.0000000000000124E+00   2.0000000000000124E+00
 2.0000000000000124E+00   2.0000000000000124E+00   2.0000000000000124E+00   2.0000000000000098E+00   2.0000000000000062E+00   2.0000000000000044E+00   2.0000000000000009E+00   2.0000000000000000E+00   1.9999999999999996E+00   1.9999999999999996E+00   1.9999999999999996E+00
 1.9999999999999987E+00   1.9999999999999942E+00   1.9999999999999876E+00   1.9999999999999845E+00   1.9999999999999756E+00   1.9999999999999765E+00   2.0000000000000320E+00   2.0000000000000231E+00   2.0000000000000187E+00   2.0000000000000160E+00   2.0000000000000151E+00
 2.0000000000000142E+00   2.0000000000000124E+00   2.0000000000000115E+00   2.0000000000000107E+00   2.0000000000000098E+00   2.0000000000000089E+00   2.0000000000000080E+00   2.0000000000000080E+00   2.0000000000000080E+00   2.0000000000000071E+00   2.0000000000000080E+00
 2.0000000000000080E+00   2.0000000000000080E+00   2.0000000000000089E+00   2.0000000000000089E+00   2.0000000000000089E+00   2.0000000000000080E+00   2.0000000000000089E+00   2.0000000000000089E+00   2.0000000000000089E+00   2.0000000000000053E+00   2.0000000000000027E+00
 2.0000000000000000E+00   2.0000000000000000E+00   2.0000000000000000E+00   2.0000000000000000E+00   2.0000000000000000E+00   1.9999999999999996E+00   1.9999999999999996E+00   1.9999999999999996E+00   1.9999999999999987E+00   1.9999999999999960E+00   1.9999999999999862E+00
 1.9999999999999889E+00   1.9999999999999849E+00   2.0000000000000249E+00   2.0000000000000187E+00   2.0000000000000169E+00   2.0000000000000151E+00   2.0000000000000133E+00   2.0000000000000124E+00   2.0000000000000107E+00   2.0000000000000098E+00   2.0000000000000080E+00
 2.0000000000000080E+00   2.0000000000000071E+00   2.0000000000000062E+00   2.0000000000000044E+00   2.0000000000000044E+00   2.0000000000000036E+00   2.0000000000000036E+00   2.0000000000000044E+00   2.0000000000000036E+00   2.0000000000000036E+00   2.0000000000000036E+00
 2.0000000000000044E+00   2.0000000000000027E+00   2.0000000000000036E+00   2.0000000000000044E+00   2.0000000000000009E+00   2.0000000000000000E+00   2.0000000000000000E+00   2.0000000000000000E+00   2.0000000000000000E+00   2.0000000000000000E+00   2.0000000000000000E+00
 2.0000000000000000E+00   1.9999999999999996E+00   1.9999999999999996E+00   1.9999999999999996E+00   1.9999999999999996E+00   1.9999999999999996E+00   1.9999999999999996E+00   1.9999999999999960E+00   1.9999999999999885E+00   2.0000000000000213E+00   2.0000000000000178E+00
 2.0000000000000151E+00   2.0000000000000142E+00   2.0000000000000124E+00   2.0000000000000107E+00   2.0000000000000098E+00   2.0000000000000080E+00   2.0000000000000062E+00   2.0000000000000053E+00   2.0000000000000044E+00   2.0000000000000044E+00   2.0000000000000027E+00
 2.0000000000000027E+00   2.0000000000000018E+00   2.0000000000000000E+00   2.0000000000000000E+00   2.0000000000000000E+00   2.0000000000000000E+00   2.0000000000000000E+00   2.0000000000000000E+00   2.0000000000000000E+00   2.0000000000000000E+00   2.0000000000000000E+00
 2.0000000000000000E+00   2.0000000000000000E+00   2.0000000000000000E+00   2.0000000000000000E+00   2.0000000000000000E+00   2.0000000000000000E+00   2.0000000000000000E+00   2.0000000000000000E+00   2.0000000000000000E+00   1.9999999999999996E+00   1.9999999999999996E+00
 1.9999999999999996E+00   1.9999999999999996E+00   1.9999999999999996E+00   1.9999999999999840E+00   1.9999999999999822E+00   2.0000000000000204E+00   2.0000000000000169E+00   2.0000000000000142E+00   2.0000000000000124E+00   2.0000000000000107E+00   2.0000000000000089E+00
 2.0000000000000080E+00   2.0000000000000062E+00   2.0000000000000053E+00   2.0000000000000036E+00   2.0000000000000027E+00   2.0000000000000018E+00   2.0000000000000000E+00   2.0000000000000000E+00   2.0000000000000000E+00   2.0000000000000000E+00   2.0000000000000000E+00
 2.0000000000000000E+00   2.0000000000000000E+00   2.0000000000000000E+00   2.0000000000000000E+00   2.0000000000000000E+00   2.0000000000000000E+00   2.0000000000000000E+00   2.0000000000000000E+00   2.0000000000000000E+00   2.0000000000000000E+00   2.0000000000000000E+00
 2.0000000000000000E+00   2.0000000000000000E+00   2.0000000000000000E+00   2.0000000000000000E+00   2.0000000000000000E+00   1.9999999999999996E+00   1.9999999999999996E+00   1.9999999999999996E+00   1.9999999999999996E+00   1.9999999999999996E+00   1.9999999999999996E+00
 1.9999999999999853E+00   2.0000000000000178E+00   2.0000000000000142E+00   2.0000000000000133E+00   2.0000000000000107E+00   2.0000000000000098E+00   2.0000000000000071E+00   2.0000000000000053E+00   2.0000000000000044E+00   2.0000000000000027E+00   2.0000000000000009E+00
 2.0000000000000000E+00   2.0000000000000000E+00   2.0000000000000000E+00   2.0000000000000000E+00   2.0000000000000000E+00   2.0000000000000000E+00   2.0000000000000000E+00   2.0000000000000000E+00   2.0000000000000000E+00   2.0000000000000000E+00   2.0000000000000000E+00
 2.0000000000000000E+00   2.0000000000000000E+00   2.0000000000000000E+00   2.0000000000000000E+00   2.0000000000000000E+00   2.0000000000000000E+00   2.0000000000000000E+00   2.0000000000000000E+00   2.0000000000000000E+00   2.0000000000000000E+00   2.0000000000000000E+00
 2.0000000000000000E+00   2.0000000000000000E+00   1.9999999999999996E+00   1.9999999999999996E+00   1.9999999999999996E+00   1.9999999999999996E+00   1.9999999999999996E+00   1.9999999999999996E+00   2.0000000000000178E+00   2.0000000000000133E+00   2.0000000000000115E+00
 2.0000000000000089E+00   2.0000000000000071E+00   2.0000000000000053E+00   2.0000000000000036E+00   2.0000000000000018E+00   2.0000000000000009E+00   2.0000000000000000E+00   2.0000000000000000E+00   2.0000000000000000E+00   2.0000000000000000E+00   2.0000000000000000E+00
 2.0000000000000000E+00   2.0000000000000000E+00   2.0000000000000000E+00   2.0000000000000000E+00   2.0000000000000000E+00   2.0000000000000000E+00   2.0000000000000000E+00   2.0000000000000000E+00   2.0000000000000000E+00   2.0000000000000000E+00   2.0000000000000000E+00
 2.0000000000000000E+00   2.0000000000000000E+00   2.0000000000000000E+00   2.0000000000000000E+00   2.0000000000000000E+00   2.0000000000000000E+00   2.0000000000000000E+00   2.0000000000000000E+00   2.0000000000000000E+00   2.0000000000000000E+00   1.9999999999999996E+00
 1.9999999999999996E+00   1.9999999999999996E+00   1.9999999999999996E+00   1.9999999999999996E+00   2.0000000000000151E+00   2.0000000000000115E+00   2.0000000000000089E+00   2.0000000000000071E+00   2.0000000000000044E+00   2.0000000000000036E+00   2.0000000000000018E+00
 2.0000000000000000E+00   2.0000000000000000E+00   2.0000000000000000E+00   2.0000000000000000E+00   2.0000000000000000E+00   2.0000000000000000E+00   2.0000000000000000E+00   2.0000000000000000E+00   2.0000000000000000E+00   2.0000000000000000E+00   2.0000000000000000E+00
 2.0000000000000000E+00   2.0000000000000000E+00   2.0000000000000000E+00   2.0000000000000000E+00   2.0000000000000000E+00   2.0000000000000000E+00   2.0000000000000000E+00   2.0000000000000000E+00   2.0000000000000000E+00   2.0000000000000000E+00   2.0000000000000000E+00
 2.0000000000000000E+00   2.0000000000000000E+00   2.0000000000000000E+00   2.0000000000000000E+00   2.0000000000000000E+00   2.0000000000000000E+00   2.0000000000000000E+00   1.9999999999999996E+00   1.9999999999999996E+00   1.9999999999999996E+00   1.9999999999999996E+00
 2.0000000000000133E+00   2.0000000000000089E+00   2.0000000000000071E+00   2.0000000000000053E+00   2.0000000000000027E+00   2.0000000000000009E+00   2.0000000000000000E+00   2.0000000000000000E+00   2.0000000000000000E+00   2.0000000000000000E+00   2.0000000000000000E+00
 2.0000000000000000E+00   2.0000000000000000E+00   2.0000000000000000E+00   2.0000000000000000E+00   2.0000000000000000E+00   2.0000000000000000E+00   2.0000000000000000E+00   2.0000000000000000E+00   2.0000000000000000E+00   2.0000000000000000E+00   2.0000000000000000E+00
 2.0000000000000000E+00   2.0000000000000000E+00   2.0000000000000000E+00   2.0000000000000000E+00   2.0000000000000000E+00   2.0000000000000000E+00   2.0000000000000000E+00   2.0000000000000000E+00   2.0000000000000000E+00   2.0000000000000000E+00   2.0000000000000000E+00
 2.0000000000000000E+00   2.0000000000000000E+00   2.0000000000000000E+00   2.0000000000000000E+00   1.9999999999999996E+00   1.9999999999999996E+00   1.9999999999999996E+00   2.0000000000000115E+00   2.0000000000000071E+00   2.0000000000000044E+00   2.0000000000000027E+00
 2.0000000000000000E+00   2.0000000000000000E+00   2.0000000000000000E+00   2.0000000000000000E+00   2.0000000000000000E+00   2.0000000000000000E+00   2.0000000000000000E+00   2.0000000000000000E+00   2.0000000000000000E+00   2.0000000000000000E+00   2.0000000000000000E+00
 2.0000000000000000E+00   2.0000000000000000E+00   2.0000000000000000E+00   2.0000000000000000E+00   2.0000000000000000E+00   2.0000000000000000E+00   2.0000000000000000E+00   2.0000000000000000E+00   2.0000000000000000E+00   2.0000000000000000E+00   2.0000000000000000E+00
 2.0000000000000000E+00   2.0000000000000000E+00   2.0000000000000000E+00   2.0000000000000000E+00   2.0000000000000000E+00   2.0000000000000000E+00   2.0000000000000000E+00   2.0000000000000000E+00   2.0000000000000000E+00   2.0000000000000000E+00   2.0000000000000000E+00
 2.0000000000000000E+00   1.9999999999999996E+00   1.9999999999999996E+00   2.0000000000000089E+00   2.0000000000000044E+00   2.0000000000000018E+00   2.0000000000000000E+00   2.0000000000000000E+00   2.0000000000000000E+00   2.0000000000000000E+00   2.0000000000000000E+00
 2.0000000000000000E+00   2.0000000000000000E+00   2.0000000000000000E+00   2.0000000000000000E+00   2.0000000000000000E+00   2.0000000000000000E+00   2.0000000000000000E+00   2.0000000000000000E+00   2.0000000000000000E+00   2.0000000000000000E+00   2.0000000000000000E+00
 2.0000000000000000E+00   2.0000000000000000E+00   2.0000000000000000E+00   2.0000000000000000E+00   2.0000000000000000E+00   2.0000000000000000E+00   2.0000000000000000E+00   2.0000000000000000E+00   2.0000000000000000E+00   2.0000000000000000E+00   2.0000000000000000E+00
 2.0000000000000000E+00   2.0000000000000000E+00   2.0000000000000000E+00   2.0000000000000000E+00   2.0000000000000000E+00   2.0000000000000000E+00   2.0000000000000000E+00   2.0000000000000000E+00   1.9999999999999996E+00   1.9999999999999996E+00   2.0000000000000071E+00
 2.0000000000000027E+00   2.0000000000000000E+00   2.0000000000000000E+00   2.0000000000000000E+00   2.0000000000000000E+00   2.0000000000000000E+00   2.0000000000000000E+00   2.0000000000000000E+00   2.0000000000000000E+00   2.0000000000000000E+00   2.0000000000000000E+00
 2.0000000000000000E+00   2.0000000000000000E+00   2.0000000000000000E+00   2.0000000000000000E+00   2.0000000000000000E+00   2.0000000000000000E+00   2.0000000000000000E+00   2.0000000000000000E+00   2.0000000000000000E+00   2.0000000000000000E+00   2.0000000000000000E+00
 2.0000000000000000E+00   2.0000000000000000E+00   2.0000000000000000E+00   2.0000000000000000E+00   2.0000000000000000E+00   2.0000000000000000E+00   2.0000000000000000E+00   2.0000000000000000E+00   2.0000000000000000E+00   2.0000000000000000E+00   2.0000000000000000E+00
 2.0000000000000000E+00   2.0000000000000000E+00   2.0000000000000000E+00   2.0000000000000000E+00   2.0000000000000000E+00   1.9999999999999996E+00   2.0000000000000036E+00   2.0000000000000000E+00   2.0000000000000000E+00   2.0000000000000000E+00   2.0000000000000000E+00
 2.0000000000000000E+00   2.0000000000000000E+00   2.0000000000000000E+00   2.0000000000000000E+00   2.0000000000000000E+00   2.0000000000000000E+00   2.0000000000000000E+00   2.0000000000000000E+00   2.0000000000000000E+00   2.0000000000000000E+00   2.0000000000000000E+00
 2.0000000000000000E+00   2.0000000000000000E+00   2.0000000000000000E+00   2.0000000000000000E+00   2.0000000000000000E+00   2.0000000000000000E+00   2.0000000000000000E+00   2.0000000000000000E+00   2.0000000000000000E+00   2.0000000000000000E+00   2.0000000000000000E+00
 2.0000000000000000E+00   2.0000000000000000E+00   2.0000000000000000E+00   2.0000000000000000E+00   2.0000000000000000E+00   2.0000000000000000E+00   2.0000000000000000E+00   2.0000000000000000E+00   2.0000000000000000E+00   2.0000000000000000E+00   2.0000000000000000E+00
 2.0000000000000000E+00   1.9999999999999996E+00   2.0000000000000000E+00   2.0000000000000000E+00   2.0000000000000000E+00   2.0000000000000000E+00   2.0000000000000000E+00   2.0000000000000000E+00   2.0000000000000000E+00   2.0000000000000000E+00   2.0000000000000000E+00
 2.0000000000000000E+00   2.0000000000000000E+00   2.0000000000000000E+00   2.0000000000000000E+00   2.0000000000000000E+00   2.0000000000000000E+00   2.0000000000000000E+00   2.0000000000000000E+00   2.0000000000000000E+00   2.0000000000000000E+00   2.0000000000000000E+00
 2.0000000000000000E+00   2.0000000000000000E+00   2.0000000000000000E+00   2.0000000000000000E+00   2.0000000000000000E+00   2.0000000000000000E+00   2.0000000000000000E+00   2.0000000000000000E+00   2.0000000000000000E+00   2.0000000000000000E+00   2.0000000000000000E+00
 2.0000000000000000E+00   2.0000000000000000E+00   2.0000000000000000E+00   2.0000000000000000E+00   2.0000000000000000E+00   2.0000000000000000E+00   2.0000000000000000E+00   2.0000000000000000E+00   1.9999999999999996E+00   2.0000000000000000E+00   2.0000000000000000E+00
 2.0000000000000000E+00   2.0000000000000000E+00   2.0000000000000000E+00   2.0000000000000000E+00   2.0000000000000000E+00   2.0000000000000000E+00   2.0000000000000000E+00   2.0000000000000000E+00   2.0000000000000000E+00   2.0000000000000000E+00   2.0000000000000000E+00
 2.0000000000000000E+00   2.0000000000000000E+00   2.0000000000000000E+00   2.0000000000000000E+00   2.0000000000000000E+00   2.0000000000000000E+00   2.0000000000000000E+00   2.0000000000000000E+00   2.0000000000000000E+00   2.0000000000000000E+00   2.0000000000000000E+00
 2.0000000000000000E+00   2.0000000000000000E+00   2.0000000000000000E+00   2.0000000000000000E+00   2.0000000000000000E+00   2.0000000000000000E+00   2.0000000000000000E+00   2.0000000000000000E+00   2.0000000000000000E+00   2.0000000000000000E+00   2.0000000000000000E+00
 2.0000000000000000E+00   2.0000000000000000E+00   2.0000000000000000E+00   2.0000000000000000E+00   2.0000000000000000E+00   1.9999999999999996E+00   1.9999999999999991E+00   1.9999999999999991E+00   1.9999999999999991E+00   1.9999999999999991E+00   1.9999999999999991E+00
 1.9999999999999991E+00   1.9999999999999991E+00   1.9999999999999991E+00   1.9999999999999991E+00   1.9999999999999991E+00   1.9999999999999991E+00   1.9999999999999991E+00   1.9999999999999987E+00   1.9999999999999991E+00   1.9999999999999987E+00   1.9999999999999987E+00
 1.9999999999999991E+00   1.9999999999999987E+00   1.9999999999999991E+00   1.9999999999999987E+00   1.9999999999999987E+00   1.9999999999999987E+00   1.9999999999999987E+00   1.9999999999999987E+00   1.9999999999999987E+00   1.9999999999999987E+00   1.9999999999999987E+00
 1.9999999999999987E+00   1.9999999999999987E+00   1.9999999999999987E+00   1.9999999999999987E+00   1.9999999999999987E+00   1.9999999999999982E+00   1.9999999999999982E+00   1.9999999999999982E+00   1.9999999999999982E+00   1.9999999999999982E+00   1.9999999999999982E+00
 1.9999999999999982E+00   1.9999999999999787E+00   1.9999999999999787E+00   1.9999999999999787E+00   1.9999999999999787E+00   1.9999999999999787E+00   1.9999999999999787E+00   1.9999999999999778E+00   1.9999999999999778E+00   1.9999999999999778E+00   1.9999999999999778E+00
 1.9999999999999778E+00   1.9999999999999778E+00   1.9999999999999778E+00   1.9999999999999778E+00   1.9999999999999774E+00   1.9999999999999774E+00   1.9999999999999765E+00   1.9999999999999769E+00   1.9999999999999774E+00   1.9999999999999765E+00   1.9999999999999774E+00
 1.9999999999999765E+00   1.9999999999999765E+00   1.9999999999999765E+00   1.9999999999999765E+00   1.9999999999999765E+00   1.9999999999999765E+00   1.9999999999999765E+00   1.9999999999999765E+00   1.9999999999999765E+00   1.9999999999999765E+00   1.9999999999999765E+00
 1.9999999999999769E+00   1.9999999999999778E+00   1.9999999999999778E+00   1.9999999999999778E+00   1.9999999999999778E+00   1.9999999999999765E+00   1.9999999999999765E+00   1.9999999999999765E+00   1.9999999999998388E+00   1.9999999999998379E+00   1.9999999999998379E+00
 1.9999999999998379E+00   1.9999999999998375E+00   1.9999999999998379E+00   1.9999999999998379E+00   1.9999999999998375E+00   1.9999999999998379E+00   1.9999999999998379E+00   1.9999999999998375E+00   1.9999999999998375E+00   1.9999999999998379E+00   1.9999999999998375E+00
 1.9999999999998375E+00   1.9999999999998379E+00   1.9999999999998375E+00   1.9999999999998379E+00   1.9999999999998375E+00   1.9999999999998375E+00   1.9999999999998379E+00   1.9999999999998375E+00   1.9999999999998375E+00   1.9999999999998375E+00   1.9999999999998379E+00
 1.9999999999998375E+00   1.9999999999998379E+00   1.9999999999998379E+00   1.9999999999998375E+00   1.9999999999998375E+00   1.9999999999998375E+00   1.9999999999998370E+00   1.9999999999998370E+00   1.9999999999998361E+00   1.9999999999998357E+00   1.9999999999998357E+00
 1.9999999999998361E+00   1.9999999999998348E+00   1.9999999999998348E+00   1.9999999999998344E+00   1.9999999999990035E+00   1.9999999999990048E+00   1.9999999999990030E+00   1.9999999999990026E+00   1.9999999999990017E+00   1.9999999999990017E+00   1.9999999999990017E+00
 1.9999999999990017E+00   1.9999999999990026E+00   1.9999999999990017E+00   1.9999999999990017E+00   1.9999999999990017E+00   1.9999999999990017E+00   1.9999999999990017E+00   1.9999999999990017E+00   1.9999999999990017E+00   1.9999999999990021E+00   1.9999999999990017E+00
 1.9999999999990017E+00   1.9999999999990017E+00   1.9999999999990017E+00   1.9999999999990017E+00   1.9999999999990017E+00   1.9999999999990017E+00   1.9999999999990017E+00   1.9999999999990008E+00   1.9999999999990008E+00   1.9999999999990008E+00   1.9999999999990008E+00
 1.9999999999990008E+00   1.9999999999990008E+00   1.9999999999990017E+00   1.9999999999990012E+00   1.9999999999990004E+00   1.9999999999989999E+00   1.9999999999989995E+00   1.9999999999989995E+00   1.9999999999989977E+00   1.9999999999989977E+00   1.9999999999989972E+00
 1.9999999999945968E+00   1.9999999999945959E+00   1.9999999999945968E+00   1.9999999999945968E+00   1.9999999999945950E+00   1.9999999999945959E+00   1.9999999999945950E+00   1.9999999999945950E+00   1.9999999999945945E+00   1.9999999999945945E+00   1.9999999999945937E+00
 1.9999999999945945E+00   1.9999999999945945E+00   1.9999999999945945E+00   1.9999999999945937E+00   1.9999999999945941E+00   1.9999999999945941E+00   1.9999999999945941E+00   1.9999999999945941E+00   1.9999999999945945E+00   1.9999999999945937E+00   1.9999999999945941E+00
 1.9999999999945945E+00   1.9999999999945937E+00   1.9999999999945945E+00   1.9999999999945941E+00   1.9999999999945941E+00   1.9999999999945941E+00   1.9999999999945941E+00   1.9999999999945941E+00   1.9999999999945928E+00   1.9999999999945941E+00   1.9999999999945941E+00
 1.9999999999945928E+00   1.9999999999945941E+00   1.9999999999945937E+00   1.9999999999945914E+00   1.9999999999945914E+00   1.9999999999945905E+00   1.9999999999945897E+00   1.9999999999738454E+00   1.9999999999738427E+00   1.9999999999738427E+00   1.9999999999738436E+00
 1.9999999999738431E+00   1.9999999999738418E+00   1.9999999999738418E+00   1.9999999999738418E+00   1.9999999999738418E+00   1.9999999999738418E+00   1.9999999999738418E+00   1.9999999999738418E+00   1.9999999999738418E+00   1.9999999999738418E+00   1.9999999999738436E+00
 1.9999999999738414E+00   1.9999999999738431E+00   1.9999999999738418E+00   1.9999999999738418E+00   1.9999999999738418E+00   1.9999999999738418E+00   1.9999999999738431E+00   1.9999999999738418E+00   1.9999999999738418E+00   1.9999999999738431E+00   1.9999999999738418E+00
 1.9999999999738418E+00   1.9999999999738418E+00   1.9999999999738418E+00   1.9999999999738418E+00   1.9999999999738414E+00   1.9999999999738427E+00   1.9999999999738414E+00   1.9999999999738423E+00   1.9999999999738405E+00   1.9999999999738396E+00   1.9999999999738409E+00
 1.9999999999738405E+00   1.9999999999738387E+00   1.9999999999738387E+00   1.9999999998657589E+00   1.9999999998657603E+00   1.9999999998657594E+00   1.9999999998657603E+00   1.9999999998657585E+00   1.9999999998657594E+00   1.9999999998657594E+00   1.9999999998657594E+00
 1.9999999998657603E+00   1.9999999998657594E+00   1.9999999998657589E+00   1.9999999998657603E+00   1.9999999998657594E+00   1.9999999998657594E+00   1.9999999998657585E+00   1.9999999998657594E+00   1.9999999998657589E+00   1.9999999998657594E+00   1.9999999998657594E+00
 1.9999999998657589E+00   1.9999999998657594E+00   1.9999999998657594E+00   1.9999999998657603E+00   1.9999999998657589E+00   1.9999999998657572E+00   1.9999999998657594E+00   1.9999999998657594E+00   1.9999999998657594E+00   1.9999999998657594E+00   1.9999999998657594E+00
 1.9999999998657594E+00   1.9999999998657576E+00   1.9999999998657580E+00   1.9999999998657580E+00   1.9999999998657576E+00   1.9999999998657580E+00   1.9999999998657576E+00   1.9999999998657576E+00   1.9999999998657585E+00   1.9999999998657572E+00   1.9999999984048347E+00
 1.9999999984048338E+00   1.9999999984048338E+00   1.9999999984048338E+00   1.9999999984048329E+00   1.9999999984048329E+00   1.9999999984048329E+00   1.9999999984048329E+00   1.9999999984048329E+00   1.9999999984048338E+00   1.9999999984048329E+00   1.9999999984048329E+00
 1.9999999984048329E+00   1.9999999984048329E+00   1.9999999984048329E+00   1.9999999984048329E+00   1.9999999984048329E+00   1.9999999984048329E+00   1.9999999984048329E+00   1.9999999984048329E+00   1.9999999984048329E+00   1.9999999984048329E+00   1.9999999984048329E+00
 1.9999999984048329E+00   1.9999999984048329E+00   1.9999999984048329E+00   1.9999999984048329E+00   1.9999999984048329E+00   1.9999999984048320E+00   1.9999999984048320E+00   1.9999999984048320E+00   1.9999999984048338E+00   1.9999999984048338E+00   1.9999999984048342E+00
 1.9999999984048338E+00   1.9999999984048338E+00   1.9999999984048342E+00   1.9999999984048311E+00   1.9999999984048307E+00   1.9999999984048329E+00   1.9999999446165815E+00   1.9999999446165819E+00   1.9999999446165819E+00   1.9999999446165815E+00   1.9999999446165815E+00
 1.9999999446165815E+00   1.9999999446165806E+00   1.9999999446165815E+00   1.9999999446165815E+00   1.9999999446165815E+00   1.9999999446165815E+00   1.9999999446165815E+00   1.9999999446165815E+00   1.9999999446165815E+00   1.9999999446165815E+00   1.9999999446165815E+00
 1.9999999446165815E+00   1.9999999446165815E+00   1.9999999446165797E+00   1.9999999446165815E+00   1.9999999446165806E+00   1.9999999446165815E+00   1.9999999446165815E+00   1.9999999446165806E+00   1.9999999446165815E+00   1.9999999446165815E+00   1.9999999446165815E+00
 1.9999999446165815E+00   1.9999999446165815E+00   1.9999999446165815E+00   1.9999999446165815E+00   1.9999999446165815E+00   1.9999999446165806E+00   1.9999999446165806E+00   1.9999999446165797E+00   1.9999999446165797E+00   1.9999999446165797E+00   1.9999999446165797E+00
 1.9999999446165770E+00   1.9999999446165770E+00   1.9999991447898242E+00   1.9999991447898242E+00   1.9999991447898242E+00   1.9999991447898242E+00   1.9999991447898242E+00   1.9999991447898242E+00   1.9999991447898233E+00   1.9999991447898233E+00   1.9999991447898233E+00
 1.9999991447898224E+00   1.9999991447898233E+00   1.9999991447898224E+00   1.9999991447898224E+00   1.9999991447898224E+00   1.9999991447898224E+00   1.9999991447898224E+00   1.9999991447898224E+00   1.9999991447898224E+00   1.9999991447898224E+00   1.9999991447898224E+00
 1.9999991447898215E+00   1.9999991447898215E+00   1.9999991447898224E+00   1.9999991447898215E+00   1.9999991447898215E+00   1.9999991447898215E+00   1.9999991447898215E+00   1.9999991447898215E+00   1.9999991447898224E+00   1.9999991447898215E+00   1.9999991447898215E+00
 1.9999991447898215E+00   1.9999991447898215E+00   1.9999991447898207E+00   1.9999991447898207E+00   1.9999991447898207E+00   1.9999991447898207E+00   1.9999991447898198E+00   1.9999991447898198E+00   1.9999991447898220E+00   1.9999976142451203E+00   1.9999976142451230E+00
 1.9999976142451248E+00   1.9999976142451257E+00   1.9999976142451257E+00   1.9999976142451266E+00   1.9999976142451257E+00   1.9999976142451257E+00   1.9999976142451266E+00   1.9999976142451257E+00   1.9999976142451266E+00   1.9999976142451257E+00   1.9999976142451257E+00
 1.9999976142451266E+00   1.9999976142451266E+00   1.9999976142451257E+00   1.9999976142451266E+00   1.9999976142451266E+00   1.9999976142451266E+00   1.9999976142451266E+00   1.9999976142451266E+00   1.9999976142451266E+00   1.9999976142451266E+00   1.9999976142451266E+00
 1.9999976142451266E+00   1.9999976142451266E+00   1.9999976142451266E+00   1.9999976142451266E+00   1.9999976142451266E+00   1.9999976142451266E+00   1.9999976142451275E+00   1.9999976142451239E+00   1.9999976142451266E+00   1.9999976142451257E+00   1.9999976142451257E+00
 1.9999976142451266E+00   1.9999976142451266E+00   1.9999976142451266E+00   1.9999976142451266E+00   1.9999976142451266E+00
 1.0000076394917439E+00   1.0000076394899338E+00   1.0000076394883892E+00   1.0000076394870621E+00   1.0000076394860917E+00   1.0000076394854487E+00   1.0000076394850486E+00   1.0000076394848127E+00   1.0000076394846888E+00   1.0000076394846327E+00   1.0000076394846189E+00
 1.0000076394846307E+00   1.0000076394846569E+00   1.0000076394846902E+00   1.0000076394847237E+00   1.0000076394847572E+00   1.0000076394847874E+00   1.0000076394848141E+00   1.0000076394848372E+00   1.0000076394848549E+00   1.0000076394848709E+00   1.0000076394848807E+00
 1.0000076394848905E+00   1.0000076394848945E+00   1.0000076394848945E+00   1.0000076394848856E+00   1.0000076394848667E+00   1.0000076394848338E+00   1.0000076394847830E+00   1.0000076394847079E+00   1.0000076394846027E+00   1.0000076394844608E+00   1.0000076394842825E+00
 1.0000076394840633E+00   1.0000076394838202E+00   1.0000076394835629E+00   1.0000076394833255E+00   1.0000076394831428E+00   1.0000076394830706E+00   1.0000076394832726E+00   1.0000012360850996E+00   1.0000012360848711E+00   1.0000012360847601E+00   1.0000012360846444E+00
 1.0000012360845236E+00   1.0000012360844071E+00   1.0000012360842925E+00   1.0000012360841861E+00   1.0000012360840911E+00   1.0000012360840087E+00   1.0000012360839377E+00   1.0000012360838777E+00   1.0000012360838280E+00   1.0000012360837884E+00   1.0000012360837565E+00
 1.0000012360837320E+00   1.0000012360837127E+00   1.0000012360836958E+00   1.0000012360836834E+00   1.0000012360836747E+00   1.0000012360836668E+00   1.0000012360836612E+00   1.0000012360836554E+00   1.0000012360836492E+00   1.0000012360836434E+00   1.0000012360836348E+00
 1.0000012360836212E+00   1.0000012360836033E+00   1.0000012360835746E+00   1.0000012360835362E+00   1.0000012360834805E+00   1.0000012360834070E+00   1.0000012360833119E+00   1.0000012360831954E+00   1.0000012360830592E+00   1.0000012360829100E+00   1.0000012360827577E+00
 1.0000012360826178E+00   1.0000012360825090E+00   1.0000012360824018E+00   1.0000000513374707E+00   1.0000000513373424E+00   1.0000000513372851E+00   1.0000000513372354E+00   1.0000000513371901E+00   1.0000000513371479E+00   1.0000000513371117E+00   1.0000000513370786E+00
 1.0000000513370495E+00   1.0000000513370233E+00   1.0000000513369995E+00   1.0000000513369807E+00   1.0000000513369627E+00   1.0000000513369462E+00   1.0000000513369325E+00   1.0000000513369203E+00   1.0000000513369083E+00   1.0000000513368985E+00   1.0000000513368881E+00
 1.0000000513368794E+00   1.0000000513368721E+00   1.0000000513368643E+00   1.0000000513368577E+00   1.0000000513368497E+00   1.0000000513368412E+00   1.0000000513368341E+00   1.0000000513368239E+00   1.0000000513368115E+00   1.0000000513367928E+00   1.0000000513367695E+00
 1.0000000513367386E+00   1.0000000513366958E+00   1.0000000513366423E+00   1.0000000513365748E+00   1.0000000513364975E+00   1.0000000513364107E+00   1.0000000513363181E+00   1.0000000513362306E+00   1.0000000513361560E+00   1.0000000513360723E+00   1.0000000010065526E+00
 1.0000000010064745E+00   1.0000000010064385E+00   1.0000000010064052E+00   1.0000000010063781E+00   1.0000000010063568E+00   1.0000000010063366E+00   1.0000000010063210E+00   1.0000000010063075E+00   1.0000000010062964E+00   1.0000000010062875E+00   1.0000000010062793E+00
 1.0000000010062726E+00   1.0000000010062662E+00   1.0000000010062613E+00   1.0000000010062555E+00   1.0000000010062513E+00   1.0000000010062475E+00   1.0000000010062429E+00   1.0000000010062380E+00   1.0000000010062358E+00   1.0000000010062304E+00   1.0000000010062262E+00
 1.0000000010062229E+00   1.0000000010062173E+00   1.0000000010062127E+00   1.0000000010062067E+00   1.0000000010061967E+00   1.0000000010061867E+00   1.0000000010061696E+00   1.0000000010061498E+00   1.0000000010061234E+00   1.0000000010060903E+00   1.0000000010060495E+00
 1.0000000010060002E+00   1.0000000010059455E+00   1.0000000010058869E+00   1.0000000010058296E+00   1.0000000010057795E+00   1.0000000010057253E+00   1.0000000000683165E+00   1.0000000000682672E+00   1.0000000000682452E+00   1.0000000000682254E+00   1.0000000000682092E+00
 1.0000000000681961E+00   1.0000000000681852E+00   1.0000000000681748E+00   1.0000000000681672E+00   1.0000000000681610E+00   1.0000000000681561E+00   1.0000000000681519E+00   1.0000000000681486E+00   1.0000000000681468E+00   1.0000000000681442E+00   1.0000000000681424E+00
 1.0000000000681413E+00   1.0000000000681397E+00   1.0000000000681388E+00   1.0000000000681368E+00   1.0000000000681339E+00   1.0000000000681331E+00   1.0000000000681313E+00   1.0000000000681282E+00   1.0000000000681264E+00   1.0000000000681217E+00   1.0000000000681180E+00
 1.0000000000681131E+00   1.0000000000681053E+00   1.0000000000680955E+00   1.0000000000680815E+00   1.0000000000680636E+00   1.0000000000680422E+00   1.0000000000680145E+00   1.0000000000679818E+00   1.0000000000679470E+00   1.0000000000679061E+00   1.0000000000678686E+00
 1.0000000000678342E+00   1.0000000000677955E+00   1.0000000000146334E+00   1.0000000000146021E+00   1.0000000000145874E+00   1.0000000000145735E+00   1.0000000000145643E+00   1.0000000000145539E+00   1.0000000000145481E+00   1.0000000000145421E+00   1.0000000000145373E+00
 1.0000000000145342E+00   1.0000000000145310E+00   1.0000000000145293E+00   1.0000000000145268E+00   1.0000000000145262E+00   1.0000000000145257E+00   1.0000000000145244E+00   1.0000000000145239E+00   1.0000000000145235E+00   1.0000000000145233E+00   1.0000000000145228E+00
 1.0000000000145222E+00   1.0000000000145215E+00   1.0000000000145202E+00   1.0000000000145191E+00   1.0000000000145177E+00   1.0000000000145155E+00   1.0000000000145131E+00   1.0000000000145108E+00   1.0000000000145053E+00   1.0000000000144993E+00   1.0000000000144906E+00
 1.0000000000144791E+00   1.0000000000144631E+00   1.0000000000144438E+00   1.0000000000144222E+00   1.0000000000143958E+00   1.0000000000143674E+00   1.0000000000143403E+00   1.0000000000143159E+00   1.0000000000142881E+00   1.0000000000031557E+00   1.0000000000031346E+00
 1.0000000000031246E+00   1.0000000000031153E+00   1.0000000000031082E+00   1.0000000000031029E+00   1.0000000000030971E+00   1.0000000000030933E+00   1.0000000000030898E+00   1.0000000000030873E+00   1.0000000000030858E+00   1.0000000000030846E+00   1.0000000000030842E+00
 1.0000000000030833E+00   1.0000000000030838E+00   1.0000000000030829E+00   1.0000000000030833E+00   1.0000000000030824E+00   1.0000000000030829E+00   1.0000000000030829E+00   1.0000000000030818E+00   1.0000000000030820E+00   1.0000000000030815E+00   1.0000000000030811E+00
 1.0000000000030802E+00   1.0000000000030791E+00   1.0000000000030780E+00   1.0000000000030753E+00   1.0000000000030718E+00   1.0000000000030673E+00   1.0000000000030616E+00   1.0000000000030531E+00   1.0000000000030427E+00   1.0000000000030298E+00   1.0000000000030140E+00
 1.0000000000029956E+00   1.0000000000029761E+00   1.0000000000029576E+00   1.0000000000029401E+00   1.0000000000029188E+00   1.0000000000006337E+00   1.0000000000006206E+00   1.0000000000006117E+00   1.0000000000006068E+00   1.0000000000006013E+00   1.0000000000005971E+00
 1.0000000000005933E+00   1.0000000000005911E+00   1.0000000000005893E+00   1.0000000000005875E+00   1.0000000000005858E+00   1.0000000000005858E+00   1.0000000000005846E+00   1.0000000000005853E+00   1.0000000000005842E+00   1.0000000000005838E+00   1.0000000000005838E+00
 1.0000000000005833E+00   1.0000000000005849E+00   1.0000000000005844E+00   1.0000000000005840E+00   1.0000000000005835E+00   1.0000000000005835E+00   1.0000000000005831E+00   1.0000000000005822E+00   1.0000000000005822E+00   1.0000000000005818E+00   1.0000000000005800E+00
 1.0000000000005778E+00   1.0000000000005747E+00   1.0000000000005698E+00   1.0000000000005647E+00   1.0000000000005569E+00   1.0000000000005480E+00   1.0000000000005371E+00   1.0000000000005231E+00   1.0000000000005078E+00   1.0000000000004952E+00   1.0000000000004805E+00
 1.0000000000004670E+00   1.0000000000001439E+00   1.0000000000001346E+00   1.0000000000001286E+00   1.0000000000001246E+00   1.0000000000001199E+00   1.0000000000001168E+00   1.0000000000001137E+00   1.0000000000001137E+00   1.0000000000001110E+00   1.0000000000001092E+00
 1.0000000000001097E+00   1.0000000000001088E+00   1.0000000000001086E+00   1.0000000000001084E+00   1.0000000000001088E+00   1.0000000000001088E+00   1.0000000000001084E+00   1.0000000000001070E+00   1.0000000000001070E+00   1.0000000000001070E+00   1.0000000000001070E+00
 1.0000000000001081E+00   1.0000000000001081E+00   1.0000000000001066E+00   1.0000000000001070E+00   1.0000000000001077E+00   1.0000000000001061E+00   1.0000000000001057E+00   1.0000000000001026E+00   1.0000000000001006E+00   1.0000000000000981E+00   1.0000000000000939E+00
 1.0000000000000888E+00   1.0000000000000813E+00   1.0000000000000731E+00   1.0000000000000606E+00   1.0000000000000520E+00   1.0000000000000409E+00   1.0000000000000311E+00   1.0000000000000198E+00   1.0000000000000535E+00   1.0000000000000469E+00   1.0000000000000415E+00
 1.0000000000000395E+00   1.0000000000000355E+00   1.0000000000000333E+00   1.0000000000000313E+00   1.0000000000000304E+00   1.0000000000000298E+00   1.0000000000000289E+00   1.0000000000000273E+00   1.0000000000000271E+00   1.0000000000000271E+00   1.0000000000000271E+00
 1.0000000000000266E+00   1.0000000000000271E+00   1.0000000000000266E+00   1.0000000000000275E+00   1.0000000000000275E+00   1.0000000000000275E+00   1.0000000000000275E+00   1.0000000000000280E+00   1.0000000000000275E+00   1.0000000000000271E+00   1.0000000000000271E+00
 1.0000000000000260E+00   1.0000000000000262E+00   1.0000000000000249E+00   1.0000000000000242E+00   1.0000000000000215E+00   1.0000000000000195E+00   1.0000000000000175E+00   1.0000000000000120E+00   1.0000000000000075E+00   9.9999999999999867E-01   9.9999999999999079E-01
 9.9999999999998312E-01   9.9999999999997569E-01   9.9999999999996803E-01   9.9999999999995826E-01   1.0000000000000324E+00   1.0000000000000275E+00   1.0000000000000249E+00   1.0000000000000222E+00   1.0000000000000200E+00   1.0000000000000184E+00   1.0000000000000169E+00
 1.0000000000000153E+00   1.0000000000000147E+00   1.0000000000000140E+00   1.0000000000000133E+00   1.0000000000000131E+00   1.0000000000000124E+00   1.0000000000000129E+00   1.0000000000000129E+00   1.0000000000000129E+00   1.0000000000000129E+00   1.0000000000000129E+00
 1.0000000000000133E+00   1.0000000000000133E+00   1.0000000000000129E+00   1.0000000000000133E+00   1.0000000000000133E+00   1.0000000000000133E+00   1.0000000000000129E+00   1.0000000000000133E+00   1.0000000000000120E+00   1.0000000000000115E+00   1.0000000000000107E+00
 1.0000000000000107E+00   1.0000000000000058E+00   1.0000000000000049E+00   1.0000000000000031E+00   9.9999999999999667E-01   9.9999999999998967E-01   9.9999999999998401E-01   9.9999999999997791E-01   9.9999999999997313E-01   9.9999999999996869E-01   9.9999999999996059E-01
 1.0000000000000262E+00   1.0000000000000213E+00   1.0000000000000191E+00   1.0000000000000169E+00   1.0000000000000155E+00   1.0000000000000142E+00   1.0000000000000133E+00   1.0000000000000124E+00   1.0000000000000113E+00   1.0000000000000111E+00   1.0000000000000102E+00
 1.0000000000000098E+00   1.0000000000000098E+00   1.0000000000000093E+00   1.0000000000000093E+00   1.0000000000000089E+00   1.0000000000000089E+00   1.0000000000000093E+00   1.0000000000000093E+00   1.0000000000000093E+00   1.0000000000000093E+00   1.0000000000000093E+00
 1.0000000000000093E+00   1.0000000000000093E+00   1.0000000000000093E+00   1.0000000000000093E+00   1.0000000000000093E+00   1.0000000000000093E+00   1.0000000000000080E+00   1.0000000000000062E+00   1.0000000000000049E+00   1.0000000000000036E+00   1.0000000000000004E+00
 9.9999999999999545E-01   9.9999999999999101E-01   9.9999999999998712E-01   9.9999999999998357E-01   9.9999999999997824E-01   9.9999999999997291E-01   9.9999999999996969E-01   1.0000000000000218E+00   1.0000000000000187E+00   1.0000000000000169E+00   1.0000000000000151E+00
 1.0000000000000131E+00   1.0000000000000120E+00   1.0000000000000111E+00   1.0000000000000102E+00   1.0000000000000089E+00   1.0000000000000084E+00   1.0000000000000080E+00   1.0000000000000075E+00   1.0000000000000075E+00   1.0000000000000075E+00   1.0000000000000080E+00
 1.0000000000000080E+00   1.0000000000000080E+00   1.0000000000000084E+00   1.0000000000000080E+00   1.0000000000000084E+00   1.0000000000000084E+00   1.0000000000000084E+00   1.0000000000000084E+00   1.0000000000000084E+00   1.0000000000000084E+00   1.0000000000000089E+00
 1.0000000000000084E+00   1.0000000000000075E+00   1.0000000000000062E+00   1.0000000000000049E+00   1.0000000000000036E+00   1.0000000000000018E+00   9.9999999999999978E-01   9.9999999999999722E-01   9.9999999999999412E-01   9.9999999999999079E-01   9.9999999999998568E-01
 9.9999999999998279E-01   9.9999999999998068E-01   9.9999999999997591E-01   1.0000000000000200E+00   1.0000000000000162E+00   1.0000000000000147E+00   1.0000000000000133E+00   1.0000000000000115E+00   1.0000000000000098E+00   1.0000000000000084E+00   1.0000000000000075E+00
 1.0000000000000067E+00   1.0000000000000062E+00   1.0000000000000062E+00   1.0000000000000062E+00   1.0000000000000062E+00   1.0000000000000062E+00   1.0000000000000067E+00   1.0000000000000071E+00   1.0000000000000071E+00   1.0000000000000071E+00   1.0000000000000071E+00
 1.0000000000000075E+00   1.0000000000000071E+00   1.0000000000000075E+00   1.0000000000000071E+00   1.0000000000000080E+00   1.0000000000000075E+00   1.0000000000000075E+00   1.0000000000000071E+00   1.0000000000000058E+00   1.0000000000000044E+00   1.0000000000000031E+00
 1.0000000000000013E+00   9.9999999999999978E-01   9.9999999999999978E-01   9.9999999999999911E-01   9.9999999999999589E-01   9.9999999999999212E-01   9.9999999999998912E-01   9.9999999999998679E-01   9.9999999999998435E-01   9.9999999999998146E-01   1.0000000000000175E+00
 1.0000000000000147E+00   1.0000000000000124E+00   1.0000000000000107E+00   1.0000000000000089E+00   1.0000000000000075E+00   1.0000000000000067E+00   1.0000000000000067E+00   1.0000000000000062E+00   1.0000000000000053E+00   1.0000000000000053E+00   1.0000000000000053E+00
 1.0000000000000053E+00   1.0000000000000053E+00   1.0000000000000058E+00   1.0000000000000053E+00   1.0000000000000053E+00   1.0000000000000058E+00   1.0000000000000058E+00   1.0000000000000058E+00   1.0000000000000062E+00   1.0000000000000062E+00   1.0000000000000062E+00
 1.0000000000000062E+00   1.0000000000000062E+00   1.0000000000000062E+00   1.0000000000000049E+00   1.0000000000000031E+00   1.0000000000000022E+00   1.0000000000000004E+00   1.0000000000000000E+00   9.9999999999999978E-01   9.9999999999999978E-01   9.9999999999999978E-01
 9.9999999999999856E-01   9.9999999999999534E-01   9.9999999999999067E-01   9.9999999999998879E-01   9.9999999999998457E-01   9.9999999999998590E-01   1.0000000000000160E+00   1.0000000000000115E+00   1.0000000000000093E+00   1.0000000000000080E+00   1.0000000000000075E+00
 1.0000000000000071E+00   1.0000000000000062E+00   1.0000000000000058E+00   1.0000000000000053E+00   1.0000000000000049E+00   1.0000000000000044E+00   1.0000000000000040E+00   1.0000000000000040E+00   1.0000000000000040E+00   1.0000000000000036E+00   1.0000000000000040E+00
 1.0000000000000040E+00   1.0000000000000040E+00   1.0000000000000044E+00   1.0000000000000044E+00   1.0000000000000044E+00   1.0000000000000040E+00   1.0000000000000044E+00   1.0000000000000044E+00   1.0000000000000044E+00   1.0000000000000027E+00   1.0000000000000013E+00
 1.0000000000000000E+00   1.0000000000000000E+00   1.0000000000000000E+00   1.0000000000000000E+00   1.0000000000000000E+00   9.9999999999999978E-01   9.9999999999999978E-01   9.9999999999999978E-01   9.9999999999999856E-01   9.9999999999999711E-01   9.9999999999999067E-01
 9.9999999999999178E-01   9.9999999999999012E-01   1.0000000000000124E+00   1.0000000000000093E+00   1.0000000000000084E+00   1.0000000000000075E+00   1.0000000000000067E+00   1.0000000000000062E+00   1.0000000000000053E+00   1.0000000000000049E+00   1.0000000000000040E+00
 1.0000000000000040E+00   1.0000000000000036E+00   1.0000000000000031E+00   1.0000000000000022E+00   1.0000000000000022E+00   1.0000000000000018E+00   1.0000000000000018E+00   1.0000000000000022E+00   1.0000000000000018E+00   1.0000000000000018E+00   1.0000000000000018E+00
 1.0000000000000022E+00   1.0000000000000013E+00   1.0000000000000018E+00   1.0000000000000022E+00   1.0000000000000004E+00   1.0000000000000000E+00   1.0000000000000000E+00   1.0000000000000000E+00   1.0000000000000000E+00   1.0000000000000000E+00   1.0000000000000000E+00
 1.0000000000000000E+00   9.9999999999999978E-01   9.9999999999999978E-01   9.9999999999999978E-01   9.9999999999999978E-01   9.9999999999999978E-01   9.9999999999999856E-01   9.9999999999999634E-01   9.9999999999999234E-01   1.0000000000000107E+00   1.0000000000000089E+00
 1.0000000000000075E+00   1.0000000000000071E+00   1.0000000000000062E+00   1.0000000000000053E+00   1.0000000000000049E+00   1.0000000000000040E+00   1.0000000000000031E+00   1.0000000000000027E+00   1.0000000000000022E+00   1.0000000000000022E+00   1.0000000000000013E+00
 1.0000000000000013E+00   1.0000000000000009E+00   1.0000000000000000E+00   1.0000000000000000E+00   1.0000000000000000E+00   1.0000000000000000E+00   1.0000000000000000E+00   1.0000000000000000E+00   1.0000000000000000E+00   1.0000000000000000E+00   1.0000000000000000E+00
 1.0000000000000000E+00   1.0000000000000000E+00   1.0000000000000000E+00   1.0000000000000000E+00   1.0000000000000000E+00   1.0000000000000000E+00   1.0000000000000000E+00   1.0000000000000000E+00   1.0000000000000000E+00   9.9999999999999978E-01   9.9999999999999978E-01
 9.9999999999999978E-01   9.9999999999999978E-01   9.9999999999999978E-01   9.9999999999999178E-01   9.9999999999998934E-01   1.0000000000000102E+00   1.0000000000000084E+00   1.0000000000000071E+00   1.0000000000000062E+00   1.0000000000000053E+00   1.0000000000000044E+00
 1.0000000000000040E+00   1.0000000000000031E+00   1.0000000000000027E+00   1.0000000000000018E+00   1.0000000000000013E+00   1.0000000000000009E+00   1.0000000000000000E+00   1.0000000000000000E+00   1.0000000000000000E+00   1.0000000000000000E+00   1.0000000000000000E+00
 1.0000000000000000E+00   1.0000000000000000E+00   1.0000000000000000E+00   1.0000000000000000E+00   1.0000000000000000E+00   1.0000000000000000E+00   1.0000000000000000E+00   1.0000000000000000E+00   1.0000000000000000E+00   1.0000000000000000E+00   1.0000000000000000E+00
 1.0000000000000000E+00   1.0000000000000000E+00   1.0000000000000000E+00   1.0000000000000000E+00   1.0000000000000000E+00   9.9999999999999978E-01   9.9999999999999978E-01   9.9999999999999978E-01   9.9999999999999978E-01   9.9999999999999978E-01   9.9999999999999978E-01
 9.9999999999999123E-01   1.0000000000000089E+00   1.0000000000000071E+00   1.0000000000000067E+00   1.0000000000000053E+00   1.0000000000000049E+00   1.0000000000000036E+00   1.0000000000000027E+00   1.0000000000000022E+00   1.0000000000000013E+00   1.0000000000000004E+00
 1.0000000000000000E+00   1.0000000000000000E+00   1.0000000000000000E+00   1.0000000000000000E+00   1.0000000000000000E+00   1.0000000000000000E+00   1.0000000000000000E+00   1.0000000000000000E+00   1.0000000000000000E+00   1.0000000000000000E+00   1.0000000000000000E+00
 1.0000000000000000E+00   1.0000000000000000E+00   1.0000000000000000E+00   1.0000000000000000E+00   1.0000000000000000E+00   1.0000000000000000E+00   1.0000000000000000E+00   1.0000000000000000E+00   1.0000000000000000E+00   1.0000000000000000E+00   1.0000000000000000E+00
 1.0000000000000000E+00   1.0000000000000000E+00   9.9999999999999978E-01   9.9999999999999978E-01   9.9999999999999978E-01   9.9999999999999978E-01   9.9999999999999978E-01   9.9999999999999889E-01   1.0000000000000089E+00   1.0000000000000067E+00   1.0000000000000058E+00
 1.0000000000000044E+00   1.0000000000000036E+00   1.0000000000000027E+00   1.0000000000000018E+00   1.0000000000000009E+00   1.0000000000000004E+00   1.0000000000000000E+00   1.0000000000000000E+00   1.0000000000000000E+00   1.0000000000000000E+00   1.0000000000000000E+00
 1.0000000000000000E+00   1.0000000000000000E+00   1.0000000000000000E+00   1.0000000000000000E+00   1.0000000000000000E+00   1.0000000000000000E+00   1.0000000000000000E+00   1.0000000000000000E+00   1.0000000000000000E+00   1.0000000000000000E+00   1.0000000000000000E+00
 1.0000000000000000E+00   1.0000000000000000E+00   1.0000000000000000E+00   1.0000000000000000E+00   1.0000000000000000E+00   1.0000000000000000E+00   1.0000000000000000E+00   1.0000000000000000E+00   1.0000000000000000E+00   1.0000000000000000E+00   9.9999999999999978E-01
 9.9999999999999978E-01   9.9999999999999978E-01   9.9999999999999978E-01   9.9999999999999978E-01   1.0000000000000075E+00   1.0000000000000058E+00   1.0000000000000044E+00   1.0000000000000036E+00   1.0000000000000022E+00   1.0000000000000018E+00   1.0000000000000009E+00
 1.0000000000000000E+00   1.0000000000000000E+00   1.0000000000000000E+00   1.0000000000000000E+00   1.0000000000000000E+00   1.0000000000000000E+00   1.0000000000000000E+00   1.0000000000000000E+00   1.0000000000000000E+00   1.0000000000000000E+00   1.0000000000000000E+00
 1.0000000000000000E+00   1.0000000000000000E+00   1.0000000000000000E+00   1.0000000000000000E+00   1.0000000000000000E+00   1.0000000000000000E+00   1.0000000000000000E+00   1.0000000000000000E+00   1.0000000000000000E+00   1.0000000000000000E+00   1.0000000000000000E+00
 1.0000000000000000E+00   1.0000000000000000E+00   1.0000000000000000E+00   1.0000000000000000E+00   1.0000000000000000E+00   1.0000000000000000E+00   1.0000000000000000E+00   9.9999999999999978E-01   9.9999999999999978E-01   9.9999999999999978E-01   9.9999999999999978E-01
 1.0000000000000067E+00   1.0000000000000044E+00   1.0000000000000036E+00   1.0000000000000027E+00   1.0000000000000013E+00   1.0000000000000004E+00   1.0000000000000000E+00   1.0000000000000000E+00   1.0000000000000000E+00   1.0000000000000000E+00   1.0000000000000000E+00
 1.0000000000000000E+00   1.0000000000000000E+00   1.0000000000000000E+00   1.0000000000000000E+00   1.0000000000000000E+00   1.0000000000000000E+00   1.0000000000000000E+00   1.0000000000000000E+00   1.0000000000000000E+00   1.0000000000000000E+00   1.0000000000000000E+00
 1.0000000000000000E+00   1.0000000000000000E+00   1.0000000000000000E+00   1.0000000000000000E+00   1.0000000000000000E+00   1.0000000000000000E+00   1.0000000000000000E+00   1.0000000000000000E+00   1.0000000000000000E+00   1.0000000000000000E+00   1.0000000000000000E+00
 1.0000000000000000E+00   1.0000000000000000E+00   1.0000000000000000E+00   1.0000000000000000E+00   9.9999999999999978E-01   9.9999999999999978E-01   9.9999999999999978E-01   1.0000000000000058E+00   1.0000000000000036E+00   1.0000000000000022E+00   1.0000000000000013E+00
 1.0000000000000000E+00   1.0000000000000000E+00   1.0000000000000000E+00   1.0000000000000000E+00   1.0000000000000000E+00   1.0000000000000000E+00   1.0000000000000000E+00   1.0000000000000000E+00   1.0000000000000000E+00   1.0000000000000000E+00   1.0000000000000000E+00
 1.0000000000000000E+00   1.0000000000000000E+00   1.0000000000000000E+00   1.0000000000000000E+00   1.0000000000000000E+00   1.0000000000000000E+00   1.0000000000000000E+00   1.0000000000000000E+00   1.0000000000000000E+00   1.0000000000000000E+00   1.0000000000000000E+00
 1.0000000000000000E+00   1.0000000000000000E+00   1.0000000000000000E+00   1.0000000000000000E+00   1.0000000000000000E+00   1.0000000000000000E+00   1.0000000000000000E+00   1.0000000000000000E+00   1.0000000000000000E+00   1.0000000000000000E+00   1.0000000000000000E+00
 1.0000000000000000E+00   9.9999999999999978E-01   9.9999999999999978E-01   1.0000000000000044E+00   1.0000000000000022E+00   1.0000000000000009E+00   1.0000000000000000E+00   1.0000000000000000E+00   1.0000000000000000E+00   1.0000000000000000E+00   1.0000000000000000E+00
 1.0000000000000000E+00   1.0000000000000000E+00   1.0000000000000000E+00   1.0000000000000000E+00   1.0000000000000000E+00   1.0000000000000000E+00   1.0000000000000000E+00   1.0000000000000000E+00   1.0000000000000000E+00   1.0000000000000000E+00   1.0000000000000000E+00
 1.0000000000000000E+00   1.0000000000000000E+00   1.0000000000000000E+00   1.0000000000000000E+00   1.0000000000000000E+00   1.0000000000000000E+00   1.0000000000000000E+00   1.0000000000000000E+00   1.0000000000000000E+00   1.0000000000000000E+00   1.0000000000000000E+00
 1.0000000000000000E+00   1.0000000000000000E+00   1.0000000000000000E+00   1.0000000000000000E+00   1.0000000000000000E+00   1.0000000000000000E+00   1.0000000000000000E+00   1.0000000000000000E+00   9.9999999999999978E-01   9.9999999999999978E-01   1.0000000000000036E+00
 1.0000000000000013E+00   1.0000000000000000E+00   1.0000000000000000E+00   1.0000000000000000E+00   1.0000000000000000E+00   1.0000000000000000E+00   1.0000000000000000E+00   1.0000000000000000E+00   1.0000000000000000E+00   1.0000000000000000E+00   1.0000000000000000E+00
 1.0000000000000000E+00   1.0000000000000000E+00   1.0000000000000000E+00   1.0000000000000000E+00   1.0000000000000000E+00   1.0000000000000000E+00   1.0000000000000000E+00   1.0000000000000000E+00   1.0000000000000000E+00   1.0000000000000000E+00   1.0000000000000000E+00
 1.0000000000000000E+00   1.0000000000000000E+00   1.0000000000000000E+00   1.0000000000000000E+00   1.0000000000000000E+00   1.0000000000000000E+00   1.0000000000000000E+00   1.0000000000000000E+00   1.0000000000000000E+00   1.0000000000000000E+00   1.0000000000000000E+00
 1.0000000000000000E+00   1.0000000000000000E+00   1.0000000000000000E+00   1.0000000000000000E+00   1.0000000000000000E+00   9.9999999999999978E-01   1.0000000000000018E+00   1.0000000000000000E+00   1.0000000000000000E+00   1.0000000000000000E+00   1.0000000000000000E+00
 1.0000000000000000E+00   1.0000000000000000E+00   1.0000000000000000E+00   1.0000000000000000E+00   1.0000000000000000E+00   1.0000000000000000E+00   1.0000000000000000E+00   1.0000000000000000E+00   1.0000000000000000E+00   1.0000000000000000E+00   1.0000000000000000E+00
 1.0000000000000000E+00   1.0000000000000000E+00   1.0000000000000000E+00   1.0000000000000000E+00   1.0000000000000000E+00   1.0000000000000000E+00   1.0000000000000000E+00   1.0000000000000000E+00   1.0000000000000000E+00   1.0000000000000000E+00   1.0000000000000000E+00
 1.0000000000000000E+00   1.0000000000000000E+00   1.0000000000000000E+00   1.0000000000000000E+00   1.0000000000000000E+00   1.0000000000000000E+00   1.0000000000000000E+00   1.0000000000000000E+00   1.0000000000000000E+00   1.0000000000000000E+00   1.0000000000000000E+00
 1.0000000000000000E+00   9.9999999999999978E-01   1.0000000000000000E+00   1.0000000000000000E+00   1.0000000000000000E+00   1.0000000000000000E+00   1.0000000000000000E+00   1.0000000000000000E+00   1.0000000000000000E+00   1.0000000000000000E+00   1.0000000000000000E+00
 1.0000000000000000E+00   1.0000000000000000E+00   1.0000000000000000E+00   1.0000000000000000E+00   1.0000000000000000E+00   1.0000000000000000E+00   1.0000000000000000E+00   1.0000000000000000E+00   1.0000000000000000E+00   1.0000000000000000E+00   1.0000000000000000E+00
 1.0000000000000000E+00   1.0000000000000000E+00   1.0000000000000000E+00   1.0000000000000000E+00   1.0000000000000000E+00   1.0000000000000000E+00   1.0000000000000000E+00   1.0000000000000000E+00   1.0000000000000000E+00   1.0000000000000000E+00   1.0000000000000000E+00
 1.0000000000000000E+00   1.0000000000000000E+00   1.0000000000000000E+00   1.0000000000000000E+00   1.0000000000000000E+00   1.0000000000000000E+00   1.0000000000000000E+00   1.0000000000000000E+00   9.9999999999999978E-01   1.0000000000000000E+00   1.0000000000000000E+00
 1.0000000000000000E+00   1.0000000000000000E+00   1.0000000000000000E+00   1.0000000000000000E+00   1.0000000000000000E+00   1.0000000000000000E+00   1.0000000000000000E+00   1.0000000000000000E+00   1.0000000000000000E+00   1.0000000000000000E+00   1.0000000000000000E+00
 1.0000000000000000E+00   1.0000000000000000E+00   1.0000000000000000E+00   1.0000000000000000E+00   1.0000000000000000E+00   1.0000000000000000E+00   1.0000000000000000E+00   1.0000000000000000E+00   1.0000000000000000E+00   1.0000000000000000E+00   1.0000000000000000E+00
 1.0000000000000000E+00   1.0000000000000000E+00   1.0000000000000000E+00   1.0000000000000000E+00   1.0000000000000000E+00   1.0000000000000000E+00   1.0000000000000000E+00   1.0000000000000000E+00   1.0000000000000000E+00   1.0000000000000000E+00   1.0000000000000000E+00
 1.0000000000000000E+00   1.0000000000000000E+00   1.0000000000000000E+00   1.0000000000000000E+00   1.0000000000000000E+00   9.9999999999999978E-01   9.9999999999999956E-01   9.9999999999999956E-01   9.9999999999999956E-01   9.9999999999999956E-01   9.9999999999999956E-01
 9.9999999999999956E-01   9.9999999999999956E-01   9.9999999999999956E-01   9.9999999999999956E-01   9.9999999999999956E-01   9.9999999999999956E-01   9.9999999999999956E-01   9.9999999999999933E-01   9.9999999999999956E-01   9.9999999999999933E-01   9.9999999999999933E-01
 9.9999999999999956E-01   9.9999999999999933E-01   9.9999999999999956E-01   9.9999999999999933E-01   9.9999999999999933E-01   9.9999999999999933E-01   9.9999999999999933E-01   9.9999999999999933E-01   9.9999999999999933E-01   9.9999999999999933E-01   9.9999999999999933E-01
 9.9999999999999933E-01   9.9999999999999933E-01   9.9999999999999933E-01   9.9999999999999933E-01   9.9999999999999933E-01   9.9999999999999911E-01   9.9999999999999911E-01   9.9999999999999911E-01   9.9999999999999911E-01   9.9999999999999911E-01   9.9999999999999911E-01
 9.9999999999999911E-01   9.9999999999998701E-01   9.9999999999998701E-01   9.9999999999998701E-01   9.9999999999998701E-01   9.9999999999998701E-01   9.9999999999998701E-01   9.9999999999998657E-01   9.9999999999998657E-01   9.9999999999998657E-01   9.9999999999998657E-01
 9.9999999999998657E-01   9.9999999999998657E-01   9.9999999999998657E-01   9.9999999999998657E-01   9.9999999999998634E-01   9.9999999999998634E-01   9.9999999999998590E-01   9.9999999999998612E-01   9.9999999999998634E-01   9.9999999999998590E-01   9.9999999999998634E-01
 9.9999999999998590E-01   9.9999999999998590E-01   9.9999999999998590E-01   9.9999999999998590E-01   9.9999999999998590E-01   9.9999999999998590E-01   9.9999999999998590E-01   9.9999999999998590E-01   9.9999999999998590E-01   9.9999999999998590E-01   9.9999999999998590E-01
 9.9999999999998601E-01   9.9999999999998634E-01   9.9999999999998634E-01   9.9999999999998623E-01   9.9999999999998623E-01   9.9999999999998546E-01   9.9999999999998557E-01   9.9999999999998590E-01   9.9999999999989952E-01   9.9999999999989908E-01   9.9999999999989908E-01
 9.9999999999989919E-01   9.9999999999989886E-01   9.9999999999989919E-01   9.9999999999989919E-01   9.9999999999989886E-01   9.9999999999989897E-01   9.9999999999989908E-01   9.9999999999989886E-01   9.9999999999989886E-01   9.9999999999989897E-01   9.9999999999989886E-01
 9.9999999999989886E-01   9.9999999999989897E-01   9.9999999999989886E-01   9.9999999999989897E-01   9.9999999999989886E-01   9.9999999999989886E-01   9.9999999999989897E-01   9.9999999999989886E-01   9.9999999999989886E-01   9.9999999999989886E-01   9.9999999999989897E-01
 9.9999999999989886E-01   9.9999999999989897E-01   9.9999999999989897E-01   9.9999999999989886E-01   9.9999999999989875E-01   9.9999999999989875E-01   9.9999999999989853E-01   9.9999999999989853E-01   9.9999999999989808E-01   9.9999999999989775E-01   9.9999999999989764E-01
 9.9999999999989775E-01   9.9999999999989719E-01   9.9999999999989719E-01   9.9999999999989719E-01   9.9999999999936962E-01   9.9999999999937006E-01   9.9999999999936939E-01   9.9999999999936917E-01   9.9999999999936873E-01   9.9999999999936873E-01   9.9999999999936873E-01
 9.9999999999936862E-01   9.9999999999936906E-01   9.9999999999936873E-01   9.9999999999936873E-01   9.9999999999936862E-01   9.9999999999936862E-01   9.9999999999936862E-01   9.9999999999936862E-01   9.9999999999936862E-01   9.9999999999936873E-01   9.9999999999936862E-01
 9.9999999999936862E-01   9.9999999999936873E-01   9.9999999999936862E-01   9.9999999999936873E-01   9.9999999999936862E-01   9.9999999999936862E-01   9.9999999999936862E-01   9.9999999999936817E-01   9.9999999999936817E-01   9.9999999999936817E-01   9.9999999999936817E-01
 9.9999999999936817E-01   9.9999999999936817E-01   9.9999999999936862E-01   9.9999999999936828E-01   9.9999999999936773E-01   9.9999999999936751E-01   9.9999999999936728E-01   9.9999999999936717E-01   9.9999999999936617E-01   9.9999999999936640E-01   9.9999999999936606E-01
 9.9999999999650668E-01   9.9999999999650635E-01   9.9999999999650668E-01   9.9999999999650668E-01   9.9999999999650591E-01   9.9999999999650624E-01   9.9999999999650591E-01   9.9999999999650580E-01   9.9999999999650557E-01   9.9999999999650557E-01   9.9999999999650524E-01
 9.9999999999650557E-01   9.9999999999650557E-01   9.9999999999650557E-01   9.9999999999650524E-01   9.9999999999650535E-01   9.9999999999650535E-01   9.9999999999650535E-01   9.9999999999650535E-01   9.9999999999650568E-01   9.9999999999650524E-01   9.9999999999650535E-01
 9.9999999999650568E-01   9.9999999999650524E-01   9.9999999999650568E-01   9.9999999999650524E-01   9.9999999999650535E-01   9.9999999999650535E-01   9.9999999999650535E-01   9.9999999999650535E-01   9.9999999999650480E-01   9.9999999999650535E-01   9.9999999999650524E-01
 9.9999999999650468E-01   9.9999999999650524E-01   9.9999999999650491E-01   9.9999999999650391E-01   9.9999999999650391E-01   9.9999999999650357E-01   9.9999999999650313E-01   9.9999999998256950E-01   9.9999999998256828E-01   9.9999999998256828E-01   9.9999999998256883E-01
 9.9999999998256861E-01   9.9999999998256783E-01   9.9999999998256783E-01   9.9999999998256783E-01   9.9999999998256783E-01   9.9999999998256783E-01   9.9999999998256783E-01   9.9999999998256783E-01   9.9999999998256783E-01   9.9999999998256783E-01   9.9999999998256872E-01
 9.9999999998256761E-01   9.9999999998256861E-01   9.9999999998256783E-01   9.9999999998256783E-01   9.9999999998256783E-01   9.9999999998256783E-01   9.9999999998256861E-01   9.9999999998256783E-01   9.9999999998256783E-01   9.9999999998256861E-01   9.9999999998256772E-01
 9.9999999998256783E-01   9.9999999998256783E-01   9.9999999998256783E-01   9.9999999998256783E-01   9.9999999998256761E-01   9.9999999998256828E-01   9.9999999998256761E-01   9.9999999998256817E-01   9.9999999998256717E-01   9.9999999998256672E-01   9.9999999998256717E-01
 9.9999999998256683E-01   9.9999999998256583E-01   9.9999999998256583E-01   9.9999999990283805E-01   9.9999999990283850E-01   9.9999999990283794E-01   9.9999999990283850E-01   9.9999999990283750E-01   9.9999999990283794E-01   9.9999999990283794E-01   9.9999999990283794E-01
 9.9999999990283850E-01   9.9999999990283794E-01   9.9999999990283761E-01   9.9999999990283850E-01   9.9999999990283805E-01   9.9999999990283794E-01   9.9999999990283750E-01   9.9999999990283794E-01   9.9999999990283761E-01   9.9999999990283805E-01   9.9999999990283794E-01
 9.9999999990283761E-01   9.9999999990283794E-01   9.9999999990283794E-01   9.9999999990283850E-01   9.9999999990283761E-01   9.9999999990283717E-01   9.9999999990283794E-01   9.9999999990283805E-01   9.9999999990283794E-01   9.9999999990283794E-01   9.9999999990283794E-01
 9.9999999990283805E-01   9.9999999990283706E-01   9.9999999990283717E-01   9.9999999990283717E-01   9.9999999990283706E-01   9.9999999990283717E-01   9.9999999990283706E-01   9.9999999990283661E-01   9.9999999990283706E-01   9.9999999990283628E-01   9.9999999856061350E-01
 9.9999999856061317E-01   9.9999999856061317E-01   9.9999999856061317E-01   9.9999999856061272E-01   9.9999999856061272E-01   9.9999999856061272E-01   9.9999999856061272E-01   9.9999999856061272E-01   9.9999999856061306E-01   9.9999999856061272E-01   9.9999999856061272E-01
 9.9999999856061272E-01   9.9999999856061272E-01   9.9999999856061272E-01   9.9999999856061272E-01   9.9999999856061272E-01   9.9999999856061272E-01   9.9999999856061272E-01   9.9999999856061272E-01   9.9999999856061272E-01   9.9999999856061272E-01   9.9999999856061272E-01
 9.9999999856061272E-01   9.9999999856061272E-01   9.9999999856061272E-01   9.9999999856061272E-01   9.9999999856061272E-01   9.9999999856061228E-01   9.9999999856061228E-01   9.9999999856061228E-01   9.9999999856061306E-01   9.9999999856061306E-01   9.9999999856061317E-01
 9.9999999856061306E-01   9.9999999856061283E-01   9.9999999856061295E-01   9.9999999856061139E-01   9.9999999856061128E-01   9.9999999856061217E-01   9.9999994735624842E-01   9.9999994735624853E-01   9.9999994735624853E-01   9.9999994735624831E-01   9.9999994735624831E-01
 9.9999994735624831E-01   9.9999994735624798E-01   9.9999994735624831E-01   9.9999994735624831E-01   9.9999994735624831E-01   9.9999994735624831E-01   9.9999994735624831E-01   9.9999994735624831E-01   9.9999994735624831E-01   9.9999994735624831E-01   9.9999994735624831E-01
 9.9999994735624831E-01   9.9999994735624831E-01   9.9999994735624753E-01   9.9999994735624831E-01   9.9999994735624798E-01   9.9999994735624831E-01   9.9999994735624831E-01   9.9999994735624798E-01   9.9999994735624831E-01   9.9999994735624831E-01   9.9999994735624831E-01
 9.9999994735624831E-01   9.9999994735624831E-01   9.9999994735624831E-01   9.9999994735624831E-01   9.9999994735624831E-01   9.9999994735624786E-01   9.9999994735624786E-01   9.9999994735624742E-01   9.9999994735624742E-01   9.9999994735624742E-01   9.9999994735624742E-01
 9.9999994735624587E-01   9.9999994735624587E-01   9.9999875832923457E-01   9.9999875832923457E-01   9.9999875832923457E-01   9.9999875832923457E-01   9.9999875832923457E-01   9.9999875832923457E-01   9.9999875832923413E-01   9.9999875832923413E-01   9.9999875832923413E-01
 9.9999875832923368E-01   9.9999875832923402E-01   9.9999875832923357E-01   9.9999875832923357E-01   9.9999875832923357E-01   9.9999875832923368E-01   9.9999875832923368E-01   9.9999875832923368E-01   9.9999875832923357E-01   9.9999875832923368E-01   9.9999875832923368E-01
 9.9999875832923313E-01   9.9999875832923313E-01   9.9999875832923368E-01   9.9999875832923313E-01   9.9999875832923313E-01   9.9999875832923313E-01   9.9999875832923313E-01   9.9999875832923324E-01   9.9999875832923346E-01   9.9999875832923313E-01   9.9999875832923313E-01
 9.9999875832923313E-01   9.9999875832923313E-01   9.9999875832923268E-01   9.9999875832923268E-01   9.9999875832923268E-01   9.9999875832923268E-01   9.9999875832923224E-01   9.9999875832923224E-01   9.9999875832923335E-01   9.9999237281798337E-01   9.9999237281798525E-01
 9.9999237281798614E-01   9.9999237281798692E-01   9.9999237281798692E-01   9.9999237281798736E-01   9.9999237281798703E-01   9.9999237281798703E-01   9.9999237281798736E-01   9.9999237281798703E-01   9.9999237281798736E-01   9.9999237281798703E-01   9.9999237281798703E-01
 9.9999237281798736E-01   9.9999237281798736E-01   9.9999237281798703E-01   9.9999237281798736E-01   9.9999237281798736E-01   9.9999237281798736E-01   9.9999237281798736E-01   9.9999237281798736E-01   9.9999237281798736E-01   9.9999237281798736E-01   9.9999237281798736E-01
 9.9999237281798736E-01   9.9999237281798736E-01   9.9999237281798736E-01   9.9999237281798736E-01   9.9999237281798736E-01   9.9999237281798736E-01   9.9999237281798770E-01   9.9999237281798614E-01   9.9999237281798736E-01   9.9999237281798692E-01   9.9999237281798692E-01
 9.9999237281798736E-01   9.9999237281798736E-01   9.9999237281798736E-01   9.9999237281798747E-01   9.9999237281798781E-01
 1.4056764377833207E-04   1.4056764143843424E-04   1.4056763988278901E-04   1.4056763877106710E-04   1.4056763809205464E-04   1.4056763774559879E-04   1.4056763763156029E-04   1.4056763765410668E-04   1.4056763775701297E-04   1.4056763790068049E-04   1.4056763805777022E-04
 1.4056763821388677E-04   1.4056763836599399E-04   1.4056763850470042E-04   1.4056763862675925E-04   1.4056763873705104E-04   1.4056763882824280E-04   1.4056763890867669E-04   1.4056763897772007E-04   1.4056763903416965E-04   1.4056763908356122E-04   1.4056763912699669E-04
 1.4056763916814826E-04   1.4056763921149954E-04   1.4056763925747174E-04   1.4056763931630728E-04   1.4056763938718856E-04   1.4056763948125863E-04   1.4056763959874227E-04   1.4056763974773219E-04   1.4056763992574154E-04   1.4056764013086509E-04   1.4056764035873484E-04
 1.4056764059916993E-04   1.4056764084312292E-04   1.4056764108252818E-04   1.4056764132035256E-04   1.4056764157252574E-04   1.4056764186707023E-04   1.4056764255811097E-04   1.6591744809895181E-04   1.6591744739959070E-04   1.6591744695723014E-04   1.6591744656767077E-04
 1.6591744623418200E-04   1.6591744595779642E-04   1.6591744573435358E-04   1.6591744555791995E-04   1.6591744542502951E-04   1.6591744532521859E-04   1.6591744525845935E-04   1.6591744521598557E-04   1.6591744519293917E-04   1.6591744518567697E-04   1.6591744519237769E-04
 1.6591744520624117E-04   1.6591744522472687E-04   1.6591744524573890E-04   1.6591744527063838E-04   1.6591744529604636E-04   1.6591744532094469E-04   1.6591744534652137E-04   1.6591744537268853E-04   1.6591744540029045E-04   1.6591744543274057E-04   1.6591744546900513E-04
 1.6591744551396501E-04   1.6591744556886402E-04   1.6591744564061126E-04   1.6591744572669952E-04   1.6591744583135574E-04   1.6591744595737640E-04   1.6591744609972993E-04   1.6591744625673539E-04   1.6591744642237012E-04   1.6591744659804808E-04   1.6591744677656886E-04
 1.6591744696493080E-04   1.6591744716969905E-04   1.6591744758174913E-04   1.7086830785765846E-04   1.7086830753535186E-04   1.7086830734444494E-04   1.7086830717138977E-04   1.7086830701765866E-04   1.7086830688498153E-04   1.7086830676963123E-04   1.7086830667158626E-04
 1.7086830658626274E-04   1.7086830651808185E-04   1.7086830645895404E-04   1.7086830641181318E-04   1.7086830637345036E-04   1.7086830634393586E-04   1.7086830631911676E-04   1.7086830630099733E-04   1.7086830628636147E-04   1.7086830627865117E-04   1.7086830627166888E-04
 1.7086830626611161E-04   1.7086830626530410E-04   1.7086830626540970E-04   1.7086830626848642E-04   1.7086830627468158E-04   1.7086830628220215E-04   1.7086830629446710E-04   1.7086830631435538E-04   1.7086830633834344E-04   1.7086830637458989E-04   1.7086830641723942E-04
 1.7086830647445331E-04   1.7086830654340502E-04   1.7086830662252063E-04   1.7086830671387949E-04   1.7086830681268311E-04   1.7086830692048227E-04   1.7086830703283553E-04   1.7086830715614385E-04   1.7086830728876983E-04   1.7086830754638947E-04   1.7104992962896386E-04
 1.7104992944718135E-04   1.7104992934372689E-04   1.7104992925052136E-04   1.7104992916879941E-04   1.7104992909736065E-04   1.7104992903489559E-04   1.7104992898299041E-04   1.7104992893657582E-04   1.7104992889820135E-04   1.7104992886412436E-04   1.7104992883556756E-04
 1.7104992881053767E-04   1.7104992879024713E-04   1.7104992877178978E-04   1.7104992875648323E-04   1.7104992874350237E-04   1.7104992873248189E-04   1.7104992872191106E-04   1.7104992871340110E-04   1.7104992870689266E-04   1.7104992870101395E-04   1.7104992869735138E-04
 1.7104992869380886E-04   1.7104992869589652E-04   1.7104992869799998E-04   1.7104992870396895E-04   1.7104992871420232E-04   1.7104992873266005E-04   1.7104992875551710E-04   1.7104992878612743E-04   1.7104992882502844E-04   1.7104992886974159E-04   1.7104992892478165E-04
 1.7104992898280916E-04   1.7104992904761436E-04   1.7104992911914043E-04   1.7104992919591641E-04   1.7104992927988652E-04   1.7104992944006912E-04   1.7105313724965129E-04   1.7105313713741406E-04   1.7105313707509875E-04   1.7105313701890239E-04   1.7105313696813600E-04
 1.7105313692465583E-04   1.7105313688784386E-04   1.7105313685600510E-04   1.7105313682803550E-04   1.7105313680370888E-04   1.7105313678307275E-04   1.7105313676360798E-04   1.7105313674939033E-04   1.7105313673546318E-04   1.7105313672402116E-04   1.7105313671270840E-04
 1.7105313670321131E-04   1.7105313669448470E-04   1.7105313668702680E-04   1.7105313667901549E-04   1.7105313667336542E-04   1.7105313666833120E-04   1.7105313666280843E-04   1.7105313666061420E-04   1.7105313665642197E-04   1.7105313665727529E-04   1.7105313665925390E-04
 1.7105313666462173E-04   1.7105313667286517E-04   1.7105313668761926E-04   1.7105313670610133E-04   1.7105313672974572E-04   1.7105313675722133E-04   1.7105313679327216E-04   1.7105313683062894E-04   1.7105313687169736E-04   1.7105313691884126E-04   1.7105313696832105E-04
 1.7105313702448990E-04   1.7105313712888930E-04   1.7105347633956664E-04   1.7105347626902428E-04   1.7105347622720454E-04   1.7105347619198391E-04   1.7105347615905636E-04   1.7105347613117309E-04   1.7105347610686352E-04   1.7105347608634507E-04   1.7105347606894593E-04
 1.7105347605290912E-04   1.7105347603960983E-04   1.7105347602835939E-04   1.7105347601744164E-04   1.7105347600845797E-04   1.7105347600011460E-04   1.7105347599202602E-04   1.7105347598632582E-04   1.7105347597903150E-04   1.7105347597380638E-04   1.7105347596785934E-04
 1.7105347596364849E-04   1.7105347595815852E-04   1.7105347595362157E-04   1.7105347595155779E-04   1.7105347594867680E-04   1.7105347594685566E-04   1.7105347594791582E-04   1.7105347594875510E-04   1.7105347595510744E-04   1.7105347596249636E-04   1.7105347597373764E-04
 1.7105347598935427E-04   1.7105347601005505E-04   1.7105347603153784E-04   1.7105347605623407E-04   1.7105347608604955E-04   1.7105347611557546E-04   1.7105347615128147E-04   1.7105347618781024E-04   1.7105347625926426E-04   1.7105354399093214E-04   1.7105354394269197E-04
 1.7105354391611286E-04   1.7105354389193396E-04   1.7105354386978439E-04   1.7105354385227962E-04   1.7105354383596663E-04   1.7105354382201030E-04   1.7105354380950925E-04   1.7105354379975555E-04   1.7105354378992005E-04   1.7105354378230182E-04   1.7105354377560070E-04
 1.7105354376975343E-04   1.7105354376353149E-04   1.7105354376000228E-04   1.7105354375442257E-04   1.7105354374919438E-04   1.7105354374413398E-04   1.7105354374223532E-04   1.7105354373779378E-04   1.7105354373408383E-04   1.7105354373091639E-04   1.7105354372726645E-04
 1.7105354372445430E-04   1.7105354372495531E-04   1.7105354372350462E-04   1.7105354372449444E-04   1.7105354372859980E-04   1.7105354373228592E-04   1.7105354374044742E-04   1.7105354374953583E-04   1.7105354376307689E-04   1.7105354377844103E-04   1.7105354379460093E-04
 1.7105354381497648E-04   1.7105354383531305E-04   1.7105354385952125E-04   1.7105354388622843E-04   1.7105354393551244E-04   1.7105355616343505E-04   1.7105355612975233E-04   1.7105355611123589E-04   1.7105355609547216E-04   1.7105355607957323E-04   1.7105355606774790E-04
 1.7105355605527288E-04   1.7105355604529415E-04   1.7105355603832596E-04   1.7105355603083919E-04   1.7105355602557726E-04   1.7105355601913048E-04   1.7105355601435590E-04   1.7105355601040360E-04   1.7105355600573763E-04   1.7105355600285398E-04   1.7105355600001423E-04
 1.7105355599597390E-04   1.7105355599262716E-04   1.7105355598958548E-04   1.7105355598732687E-04   1.7105355598374578E-04   1.7105355598205808E-04   1.7105355598044447E-04   1.7105355597780294E-04   1.7105355597700364E-04   1.7105355597570829E-04   1.7105355597686145E-04
 1.7105355597872454E-04   1.7105355598132836E-04   1.7105355598605849E-04   1.7105355599249581E-04   1.7105355600149642E-04   1.7105355601326441E-04   1.7105355602424751E-04   1.7105355603882371E-04   1.7105355605350758E-04   1.7105355606993048E-04   1.7105355608957755E-04
 1.7105355612239388E-04   1.7105355807911043E-04   1.7105355805451748E-04   1.7105355804144880E-04   1.7105355802888444E-04   1.7105355801908366E-04   1.7105355801005294E-04   1.7105355800124949E-04   1.7105355799503703E-04   1.7105355798890197E-04   1.7105355798317375E-04
 1.7105355797873343E-04   1.7105355797488353E-04   1.7105355797206962E-04   1.7105355796934198E-04   1.7105355796547634E-04   1.7105355796358655E-04   1.7105355796062242E-04   1.7105355795825198E-04   1.7105355795634180E-04   1.7105355795390240E-04   1.7105355795182759E-04
 1.7105355794957882E-04   1.7105355794847925E-04   1.7105355794596087E-04   1.7105355794437771E-04   1.7105355794319889E-04   1.7105355794305474E-04   1.7105355794370882E-04   1.7105355794456544E-04   1.7105355794736385E-04   1.7105355795004609E-04   1.7105355795405200E-04
 1.7105355796098211E-04   1.7105355796917347E-04   1.7105355797678563E-04   1.7105355798880154E-04   1.7105355799787466E-04   1.7105355800987445E-04   1.7105355802426905E-04   1.7105355804934938E-04   1.7105355832391461E-04   1.7105355830405726E-04   1.7105355829623469E-04
 1.7105355828645589E-04   1.7105355827882148E-04   1.7105355827130796E-04   1.7105355826580886E-04   1.7105355826066152E-04   1.7105355825601903E-04   1.7105355825300120E-04   1.7105355824943892E-04   1.7105355824608727E-04   1.7105355824380633E-04   1.7105355824206732E-04
 1.7105355823996066E-04   1.7105355823838540E-04   1.7105355823601175E-04   1.7105355823381806E-04   1.7105355823265943E-04   1.7105355823000430E-04   1.7105355822877517E-04   1.7105355822776396E-04   1.7105355822611489E-04   1.7105355822362605E-04   1.7105355822385080E-04
 1.7105355822298268E-04   1.7105355822246777E-04   1.7105355822208992E-04   1.7105355822322411E-04   1.7105355822410751E-04   1.7105355822686269E-04   1.7105355823089294E-04   1.7105355823631736E-04   1.7105355824073023E-04   1.7105355824747692E-04   1.7105355825408353E-04
 1.7105355826240294E-04   1.7105355827253289E-04   1.7105355828203234E-04   1.7105355829930488E-04   1.7105355833041950E-04   1.7105355831691603E-04   1.7105355831051642E-04   1.7105355830272139E-04   1.7105355829733664E-04   1.7105355829134287E-04   1.7105355828802183E-04
 1.7105355828375601E-04   1.7105355828022010E-04   1.7105355827772866E-04   1.7105355827495586E-04   1.7105355827271894E-04   1.7105355827111481E-04   1.7105355826926548E-04   1.7105355826764343E-04   1.7105355826569550E-04   1.7105355826461577E-04   1.7105355826401648E-04
 1.7105355826154786E-04   1.7105355826061330E-04   1.7105355825899044E-04   1.7105355825910298E-04   1.7105355825709282E-04   1.7105355825547587E-04   1.7105355825496423E-04   1.7105355825455478E-04   1.7105355825461924E-04   1.7105355825275501E-04   1.7105355825496532E-04
 1.7105355825568948E-04   1.7105355825733549E-04   1.7105355826050375E-04   1.7105355826402461E-04   1.7105355826816746E-04   1.7105355827297416E-04   1.7105355827913834E-04   1.7105355828399291E-04   1.7105355829122635E-04   1.7105355829976992E-04   1.7105355831315694E-04
 1.7105355831210421E-04   1.7105355830310126E-04   1.7105355829670030E-04   1.7105355829211445E-04   1.7105355828714628E-04   1.7105355828307356E-04   1.7105355828011119E-04   1.7105355827658463E-04   1.7105355827406286E-04   1.7105355827188592E-04   1.7105355826900414E-04
 1.7105355826833093E-04   1.7105355826615531E-04   1.7105355826537539E-04   1.7105355826384672E-04   1.7105355826244487E-04   1.7105355826238825E-04   1.7105355826093572E-04   1.7105355825937295E-04   1.7105355825832493E-04   1.7105355825800198E-04   1.7105355825651995E-04
 1.7105355825601507E-04   1.7105355825499773E-04   1.7105355825410381E-04   1.7105355825354078E-04   1.7105355825266933E-04   1.7105355825312307E-04   1.7105355825364275E-04   1.7105355825488029E-04   1.7105355825603136E-04   1.7105355825881941E-04   1.7105355826029246E-04
 1.7105355826439853E-04   1.7105355826783434E-04   1.7105355827190058E-04   1.7105355827692876E-04   1.7105355828266579E-04   1.7105355828791552E-04   1.7105355829967635E-04   1.7105355829527590E-04   1.7105355828794509E-04   1.7105355828326909E-04   1.7105355827938285E-04
 1.7105355827554179E-04   1.7105355827324421E-04   1.7105355826989432E-04   1.7105355826697914E-04   1.7105355826514288E-04   1.7105355826301229E-04   1.7105355826239392E-04   1.7105355826066136E-04   1.7105355825927128E-04   1.7105355825853914E-04   1.7105355825777763E-04
 1.7105355825674273E-04   1.7105355825539301E-04   1.7105355825508208E-04   1.7105355825466581E-04   1.7105355825272961E-04   1.7105355825257018E-04   1.7105355825117836E-04   1.7105355825087050E-04   1.7105355825046721E-04   1.7105355824949571E-04   1.7105355824936400E-04
 1.7105355824812004E-04   1.7105355824960312E-04   1.7105355824965988E-04   1.7105355824940930E-04   1.7105355825125835E-04   1.7105355825303058E-04   1.7105355825440194E-04   1.7105355825729066E-04   1.7105355825996549E-04   1.7105355826354775E-04   1.7105355826745470E-04
 1.7105355827151927E-04   1.7105355827633746E-04   1.7105355828559026E-04   1.7105355828132417E-04   1.7105355827640295E-04   1.7105355827216927E-04   1.7105355826912351E-04   1.7105355826577373E-04   1.7105355826296071E-04   1.7105355826107173E-04   1.7105355825881532E-04
 1.7105355825751666E-04   1.7105355825650740E-04   1.7105355825476124E-04   1.7105355825357938E-04   1.7105355825332817E-04   1.7105355825214008E-04   1.7105355825101456E-04   1.7105355825050521E-04   1.7105355824985794E-04   1.7105355824919717E-04   1.7105355824802125E-04
 1.7105355824786688E-04   1.7105355824707728E-04   1.7105355824540872E-04   1.7105355824631279E-04   1.7105355824550581E-04   1.7105355824453781E-04   1.7105355824441944E-04   1.7105355824399032E-04   1.7105355824432170E-04   1.7105355824460240E-04   1.7105355824600620E-04
 1.7105355824587894E-04   1.7105355824672974E-04   1.7105355824908300E-04   1.7105355825081935E-04   1.7105355825259696E-04   1.7105355825617951E-04   1.7105355825874756E-04   1.7105355826231130E-04   1.7105355826587328E-04   1.7105355827353390E-04   1.7105355827044371E-04
 1.7105355826551211E-04   1.7105355826251657E-04   1.7105355825975296E-04   1.7105355825773475E-04   1.7105355825553867E-04   1.7105355825322533E-04   1.7105355825213018E-04   1.7105355825082545E-04   1.7105355824977220E-04   1.7105355824839299E-04   1.7105355824776974E-04
 1.7105355824676238E-04   1.7105355824604962E-04   1.7105355824542008E-04   1.7105355824524620E-04   1.7105355824449509E-04   1.7105355824371357E-04   1.7105355824346475E-04   1.7105355824259606E-04   1.7105355824248089E-04   1.7105355824209719E-04   1.7105355824109046E-04
 1.7105355824070849E-04   1.7105355824015121E-04   1.7105355824030734E-04   1.7105355823956132E-04   1.7105355823966378E-04   1.7105355824023301E-04   1.7105355824041784E-04   1.7105355824085472E-04   1.7105355824182194E-04   1.7105355824355441E-04   1.7105355824474392E-04
 1.7105355824705883E-04   1.7105355824909160E-04   1.7105355825249092E-04   1.7105355825450575E-04   1.7105355825726529E-04   1.7105355826426942E-04   1.7105355826124415E-04   1.7105355825716240E-04   1.7105355825431867E-04   1.7105355825281242E-04   1.7105355825017786E-04
 1.7105355824847263E-04   1.7105355824747210E-04   1.7105355824554089E-04   1.7105355824416653E-04   1.7105355824428883E-04   1.7105355824308642E-04   1.7105355824218040E-04   1.7105355824189309E-04   1.7105355824104075E-04   1.7105355824023258E-04   1.7105355824046243E-04
 1.7105355823923717E-04   1.7105355823906078E-04   1.7105355823861389E-04   1.7105355823772851E-04   1.7105355823779079E-04   1.7105355823814541E-04   1.7105355823677555E-04   1.7105355823658375E-04   1.7105355823683049E-04   1.7105355823591366E-04   1.7105355823612926E-04
 1.7105355823627484E-04   1.7105355823549885E-04   1.7105355823562965E-04   1.7105355823668667E-04   1.7105355823715627E-04   1.7105355823897431E-04   1.7105355823924257E-04   1.7105355824158393E-04   1.7105355824352809E-04   1.7105355824514017E-04   1.7105355824799555E-04
 1.7105355825076523E-04   1.7105355825632163E-04   1.7105355825315543E-04   1.7105355824950622E-04   1.7105355824829287E-04   1.7105355824601439E-04   1.7105355824342951E-04   1.7105355824377871E-04   1.7105355824129673E-04   1.7105355824039770E-04   1.7105355823989954E-04
 1.7105355823852906E-04   1.7105355823800685E-04   1.7105355823738476E-04   1.7105355823763559E-04   1.7105355823585558E-04   1.7105355823577770E-04   1.7105355823587086E-04   1.7105355823517602E-04   1.7105355823466710E-04   1.7105355823410733E-04   1.7105355823412695E-04
 1.7105355823356639E-04   1.7105355823347632E-04   1.7105355823253304E-04   1.7105355823224225E-04   1.7105355823216932E-04   1.7105355823178377E-04   1.7105355823229427E-04   1.7105355823137671E-04   1.7105355823175027E-04   1.7105355823256922E-04   1.7105355823226313E-04
 1.7105355823352581E-04   1.7105355823420187E-04   1.7105355823505690E-04   1.7105355823691004E-04   1.7105355823864604E-04   1.7105355823964605E-04   1.7105355824195419E-04   1.7105355824426850E-04   1.7105355824848152E-04   1.7105355824630720E-04   1.7105355824371965E-04
 1.7105355824181356E-04   1.7105355824004745E-04   1.7105355823872351E-04   1.7105355823746643E-04   1.7105355823672077E-04   1.7105355823561670E-04   1.7105355823421895E-04   1.7105355823425104E-04   1.7105355823380117E-04   1.7105355823332231E-04   1.7105355823242128E-04
 1.7105355823227112E-04   1.7105355823156913E-04   1.7105355823144369E-04   1.7105355823100656E-04   1.7105355823083523E-04   1.7105355823030733E-04   1.7105355822996394E-04   1.7105355822965895E-04   1.7105355822972951E-04   1.7105355822960962E-04   1.7105355822893265E-04
 1.7105355822883236E-04   1.7105355822837182E-04   1.7105355822838634E-04   1.7105355822857746E-04   1.7105355822846115E-04   1.7105355822932375E-04   1.7105355822870149E-04   1.7105355822973748E-04   1.7105355822990943E-04   1.7105355823109726E-04   1.7105355823270684E-04
 1.7105355823356750E-04   1.7105355823556712E-04   1.7105355823661885E-04   1.7105355823897071E-04   1.7105355824276379E-04   1.7105355824039743E-04   1.7105355823821678E-04   1.7105355823638174E-04   1.7105355823483613E-04   1.7105355823451832E-04   1.7105355823309644E-04
 1.7105355823192583E-04   1.7105355823129927E-04   1.7105355823066566E-04   1.7105355823009995E-04   1.7105355822928252E-04   1.7105355822954807E-04   1.7105355822870423E-04   1.7105355822822005E-04   1.7105355822797546E-04   1.7105355822749578E-04   1.7105355822752958E-04
 1.7105355822707573E-04   1.7105355822704828E-04   1.7105355822663289E-04   1.7105355822643717E-04   1.7105355822624873E-04   1.7105355822574821E-04   1.7105355822572807E-04   1.7105355822557471E-04   1.7105355822568234E-04   1.7105355822521099E-04   1.7105355822479132E-04
 1.7105355822502524E-04   1.7105355822525116E-04   1.7105355822548209E-04   1.7105355822614871E-04   1.7105355822746746E-04   1.7105355822715691E-04   1.7105355822827128E-04   1.7105355822930298E-04   1.7105355823078796E-04   1.7105355823228343E-04   1.7105355823437797E-04
 1.7105355823769571E-04   1.7105355823593507E-04   1.7105355823339051E-04   1.7105355823227166E-04   1.7105355823019948E-04   1.7105355822963193E-04   1.7105355822909587E-04   1.7105355822771064E-04   1.7105355822728154E-04   1.7105355822690264E-04   1.7105355822632731E-04
 1.7105355822576943E-04   1.7105355822582538E-04   1.7105355822493639E-04   1.7105355822520267E-04   1.7105355822467168E-04   1.7105355822429530E-04   1.7105355822409429E-04   1.7105355822364892E-04   1.7105355822389818E-04   1.7105355822337153E-04   1.7105355822274429E-04
 1.7105355822307728E-04   1.7105355822244166E-04   1.7105355822253287E-04   1.7105355822244039E-04   1.7105355822241017E-04   1.7105355822227161E-04   1.7105355822200072E-04   1.7105355822262159E-04   1.7105355822248319E-04   1.7105355822251658E-04   1.7105355822321234E-04
 1.7105355822282523E-04   1.7105355822453729E-04   1.7105355822490006E-04   1.7105355822562640E-04   1.7105355822696764E-04   1.7105355822857987E-04   1.7105355822963236E-04   1.7105355823205794E-04   1.7105355823100982E-04   1.7105355822874698E-04   1.7105355822756783E-04
 1.7105355822668545E-04   1.7105355822594103E-04   1.7105355822529073E-04   1.7105355822430392E-04   1.7105355822368649E-04   1.7105355822343875E-04   1.7105355822279606E-04   1.7105355822273976E-04   1.7105355822237938E-04   1.7105355822159029E-04   1.7105355822198524E-04
 1.7105355822160279E-04   1.7105355822066880E-04   1.7105355822124831E-04   1.7105355822073540E-04   1.7105355822061549E-04   1.7105355822042583E-04   1.7105355822015107E-04   1.7105355822034495E-04   1.7105355822005555E-04   1.7105355821927178E-04   1.7105355821931198E-04
 1.7105355821942403E-04   1.7105355821943959E-04   1.7105355821962092E-04   1.7105355821894411E-04   1.7105355821958016E-04   1.7105355821995434E-04   1.7105355822018129E-04   1.7105355822028833E-04   1.7105355822109121E-04   1.7105355822229370E-04   1.7105355822239298E-04
 1.7105355822402313E-04   1.7105355822429717E-04   1.7105355822608453E-04   1.7105355822875720E-04   1.7105355822674952E-04   1.7105355822525286E-04   1.7105355822436840E-04   1.7105355822326948E-04   1.7105355822261524E-04   1.7105355822174325E-04   1.7105355822139419E-04
 1.7105355822060830E-04   1.7105355822044605E-04   1.7105355822015557E-04   1.7105355821978941E-04   1.7105355821931041E-04   1.7105355821928373E-04   1.7105355821897970E-04   1.7105355821856328E-04   1.7105355821869518E-04   1.7105355821868713E-04   1.7105355821772628E-04
 1.7105355821818847E-04   1.7105355821795079E-04   1.7105355821777371E-04   1.7105355821723972E-04   1.7105355821715854E-04   1.7105355821775547E-04   1.7105355821671979E-04   1.7105355821707245E-04   1.7105355821663582E-04   1.7105355821666834E-04   1.7105355821736909E-04
 1.7105355821694560E-04   1.7105355821718941E-04   1.7105355821765806E-04   1.7105355821753212E-04   1.7105355821852550E-04   1.7105355821867284E-04   1.7105355821981521E-04   1.7105355822035655E-04   1.7105355822155210E-04   1.7105355822259456E-04   1.7105355822413961E-04
 1.7105355822293180E-04   1.7105355822179694E-04   1.7105355822106264E-04   1.7105355822056423E-04   1.7105355821927230E-04   1.7105355821897363E-04   1.7105355821842198E-04   1.7105355821812635E-04   1.7105355821741392E-04   1.7105355821736375E-04   1.7105355821676250E-04
 1.7105355821712476E-04   1.7105355821645223E-04   1.7105355821651864E-04   1.7105355821596862E-04   1.7105355821640163E-04   1.7105355821580540E-04   1.7105355821584313E-04   1.7105355821532358E-04   1.7105355821552128E-04   1.7105355821544444E-04   1.7105355821531404E-04
 1.7105355821482867E-04   1.7105355821479571E-04   1.7105355821471678E-04   1.7105355821446126E-04   1.7105355821449316E-04   1.7105355821418891E-04   1.7105355821451747E-04   1.7105355821477435E-04   1.7105355821421124E-04   1.7105355821504019E-04   1.7105355821520448E-04
 1.7105355821519374E-04   1.7105355821625420E-04   1.7105355821707809E-04   1.7105355821714374E-04   1.7105355821878186E-04   1.7105355821941612E-04   1.7105355822170237E-04   1.7105355821985899E-04   1.7105355821872765E-04   1.7105355821871784E-04   1.7105355821660529E-04
 1.7105355821656984E-04   1.7105355821607301E-04   1.7105355821577743E-04   1.7105355821493229E-04   1.7105355821489125E-04   1.7105355821470802E-04   1.7105355821459207E-04   1.7105355821431557E-04   1.7105355821391233E-04   1.7105355821383020E-04   1.7105355821391138E-04
 1.7105355821340866E-04   1.7105355821339310E-04   1.7105355821322969E-04   1.7105355821335372E-04   1.7105355821276426E-04   1.7105355821262776E-04   1.7105355821280134E-04   1.7105355821269160E-04   1.7105355821269103E-04   1.7105355821242358E-04   1.7105355821228632E-04
 1.7105355821244006E-04   1.7105355821236064E-04   1.7105355821253609E-04   1.7105355821203243E-04   1.7105355821250804E-04   1.7105355821278684E-04   1.7105355821290540E-04   1.7105355821352109E-04   1.7105355821378312E-04   1.7105355821434937E-04   1.7105355821475722E-04
 1.7105355821643285E-04   1.7105355821639515E-04   1.7105355821824331E-04   1.7105355821695164E-04   1.7105355821600869E-04   1.7105355821549906E-04   1.7105355821469257E-04   1.7105355821377810E-04   1.7105355821378949E-04   1.7105355821319767E-04   1.7105355821272491E-04
 1.7105355821242496E-04   1.7105355821238837E-04   1.7105355821212431E-04   1.7105355821181570E-04   1.7105355821185877E-04   1.7105355821149979E-04   1.7105355821138711E-04   1.7105355821131688E-04   1.7105355821101553E-04   1.7105355821117450E-04   1.7105355821078297E-04
 1.7105355821078272E-04   1.7105355821102778E-04   1.7105355821082986E-04   1.7105355821040453E-04   1.7105355821027258E-04   1.7105355821076090E-04   1.7105355821039723E-04   1.7105355821055331E-04   1.7105355821038458E-04   1.7105355821006045E-04   1.7105355821024699E-04
 1.7105355821021718E-04   1.7105355821063045E-04   1.7105355821080910E-04   1.7105355821126633E-04   1.7105355821138483E-04   1.7105355821253593E-04   1.7105355821266357E-04   1.7105355821285412E-04   1.7105355821411816E-04   1.7105355821586077E-04   1.7105355821445405E-04
 1.7105355821342034E-04   1.7105355821274212E-04   1.7105355821264067E-04   1.7105355821140663E-04   1.7105355821106405E-04   1.7105355821093630E-04   1.7105355821046633E-04   1.7105355821067758E-04   1.7105355820991723E-04   1.7105355821028711E-04   1.7105355820980681E-04
 1.7105355820951361E-04   1.7105355820962124E-04   1.7105355820939657E-04   1.7105355820930729E-04   1.7105355820915721E-04   1.7105355820901187E-04   1.7105355820883349E-04   1.7105355820902298E-04   1.7105355820854675E-04   1.7105355820904916E-04   1.7105355820850584E-04
 1.7105355820886417E-04   1.7105355820862516E-04   1.7105355820816050E-04   1.7105355820820495E-04   1.7105355820882707E-04   1.7105355820819590E-04   1.7105355820841938E-04   1.7105355820829692E-04   1.7105355820888553E-04   1.7105355820918274E-04   1.7105355820893158E-04
 1.7105355820986608E-04   1.7105355820935434E-04   1.7105355821048825E-04   1.7105355821104456E-04   1.7105355821220839E-04   1.7105355821338711E-04   1.7105355821183323E-04   1.7105355821137811E-04   1.7105355821031589E-04   1.7105355820954386E-04   1.7105355820965166E-04
 1.7105355820923462E-04   1.7105355820881495E-04   1.7105355820860757E-04   1.7105355820825908E-04   1.7105355820829391E-04   1.7105355820812963E-04   1.7105355820819096E-04   1.7105355820750946E-04   1.7105355820777509E-04   1.7105355820760238E-04   1.7105355820755126E-04
 1.7105355820729758E-04   1.7105355820720946E-04   1.7105355820707613E-04   1.7105355820683257E-04   1.7105355820697343E-04   1.7105355820655450E-04   1.7105355820642645E-04   1.7105355820638880E-04   1.7105355820691009E-04   1.7105355820609637E-04   1.7105355820636167E-04
 1.7105355820678250E-04   1.7105355820648337E-04   1.7105355820631852E-04   1.7105355820657835E-04   1.7105355820668447E-04   1.7105355820681224E-04   1.7105355820716599E-04   1.7105355820749884E-04   1.7105355820821154E-04   1.7105355820825350E-04   1.7105355820873838E-04
 1.7105355820960430E-04   1.7105355821091052E-04   1.7105355820918797E-04   1.7105355820912221E-04   1.7105355820809677E-04   1.7105355820729655E-04   1.7105355820731623E-04   1.7105355820723966E-04   1.7105355820677394E-04   1.7105355820640076E-04   1.7105355820639778E-04
 1.7105355820611407E-04   1.7105355820608525E-04   1.7105355820587001E-04   1.7105355820599177E-04   1.7105355820562536E-04   1.7105355820583399E-04   1.7105355820553958E-04   1.7105355820557253E-04   1.7105355820539356E-04   1.7105355820533032E-04   1.7105355820527145E-04
 1.7105355820540646E-04   1.7105355820506388E-04   1.7105355820484110E-04   1.7105355820470780E-04   1.7105355820464419E-04   1.7105355820533715E-04   1.7105355820431128E-04   1.7105355820518295E-04   1.7105355820456634E-04   1.7105355820468064E-04   1.7105355820505456E-04
 1.7105355820495785E-04   1.7105355820500994E-04   1.7105355820546121E-04   1.7105355820572717E-04   1.7105355820600139E-04   1.7105355820609669E-04   1.7105355820727430E-04   1.7105355820797789E-04   1.7105355820844741E-04   1.7105355820650113E-04   1.7105355820670978E-04
 1.7105355820595171E-04   1.7105355820534586E-04   1.7105355820516132E-04   1.7105355820474044E-04   1.7105355820458699E-04   1.7105355820420281E-04   1.7105355820388457E-04   1.7105355820406742E-04   1.7105355820392815E-04   1.7105355820358508E-04   1.7105355820387663E-04
 1.7105355820365561E-04   1.7105355820344376E-04   1.7105355820330663E-04   1.7105355820329026E-04   1.7105355820326809E-04   1.7105355820316805E-04   1.7105355820323426E-04   1.7105355820295831E-04   1.7105355820269710E-04   1.7105355820291345E-04   1.7105355820251213E-04
 1.7105355820280587E-04   1.7105355820242436E-04   1.7105355820299392E-04   1.7105355820232261E-04   1.7105355820252246E-04   1.7105355820293752E-04   1.7105355820274548E-04   1.7105355820238484E-04   1.7105355820293272E-04   1.7105355820314365E-04   1.7105355820332721E-04
 1.7105355820365187E-04   1.7105355820422143E-04   1.7105355820453831E-04   1.7105355820546246E-04   1.7105355820605541E-04   1.7105355820008861E-04   1.7105355819992105E-04   1.7105355819956356E-04   1.7105355819876057E-04   1.7105355819890114E-04   1.7105355819888114E-04
 1.7105355819808352E-04   1.7105355819811070E-04   1.7105355819792040E-04   1.7105355819759652E-04   1.7105355819767309E-04   1.7105355819735865E-04   1.7105355819775956E-04   1.7105355819726237E-04   1.7105355819716176E-04   1.7105355819703837E-04   1.7105355819727625E-04
 1.7105355819680378E-04   1.7105355819711988E-04   1.7105355819659661E-04   1.7105355819668595E-04   1.7105355819683145E-04   1.7105355819678253E-04   1.7105355819658341E-04   1.7105355819627252E-04   1.7105355819650787E-04   1.7105355819684151E-04   1.7105355819670493E-04
 1.7105355819629279E-04   1.7105355819640533E-04   1.7105355819651825E-04   1.7105355819656992E-04   1.7105355819716151E-04   1.7105355819753949E-04   1.7105355819689699E-04   1.7105355819766065E-04   1.7105355819792942E-04   1.7105355819797827E-04   1.7105355819936049E-04
 1.7105355819909979E-04   1.7105355815901280E-04   1.7105355815933413E-04   1.7105355815879734E-04   1.7105355815816929E-04   1.7105355815798934E-04   1.7105355815805987E-04   1.7105355815729494E-04   1.7105355815702063E-04   1.7105355815717570E-04   1.7105355815719524E-04
 1.7105355815699993E-04   1.7105355815674736E-04   1.7105355815671619E-04   1.7105355815667594E-04   1.7105355815643148E-04   1.7105355815660381E-04   1.7105355815637133E-04   1.7105355815642898E-04   1.7105355815629687E-04   1.7105355815626871E-04   1.7105355815615327E-04
 1.7105355815583617E-04   1.7105355815600251E-04   1.7105355815625074E-04   1.7105355815595118E-04   1.7105355815617243E-04   1.7105355815557043E-04   1.7105355815575415E-04   1.7105355815594066E-04   1.7105355815592440E-04   1.7105355815589935E-04   1.7105355815612552E-04
 1.7105355815644481E-04   1.7105355815608852E-04   1.7105355815664854E-04   1.7105355815728759E-04   1.7105355815692707E-04   1.7105355815807632E-04   1.7105355815823264E-04   1.7105355815889606E-04   1.7105355785692494E-04   1.7105355785699918E-04   1.7105355785650386E-04
 1.7105355785603917E-04   1.7105355785579588E-04   1.7105355785543505E-04   1.7105355785516211E-04   1.7105355785525592E-04   1.7105355785527164E-04   1.7105355785474165E-04   1.7105355785467600E-04   1.7105355785476022E-04   1.7105355785469088E-04   1.7105355785478648E-04
 1.7105355785448670E-04   1.7105355785464611E-04   1.7105355785422690E-04   1.7105355785420492E-04   1.7105355785411778E-04   1.7105355785425276E-04   1.7105355785426214E-04   1.7105355785419362E-04   1.7105355785410349E-04   1.7105355785403220E-04   1.7105355785400133E-04
 1.7105355785391855E-04   1.7105355785398637E-04   1.7105355785362446E-04   1.7105355785400011E-04   1.7105355785410669E-04   1.7105355785364642E-04   1.7105355785453761E-04   1.7105355785458664E-04   1.7105355785425457E-04   1.7105355785457493E-04   1.7105355785514823E-04
 1.7105355785508906E-04   1.7105355785568027E-04   1.7105355785636205E-04   1.7105355785629802E-04   1.7105355577930331E-04   1.7105355577974010E-04   1.7105355577894121E-04   1.7105355577918616E-04   1.7105355577857052E-04   1.7105355577833764E-04   1.7105355577819669E-04
 1.7105355577803479E-04   1.7105355577808800E-04   1.7105355577801853E-04   1.7105355577783207E-04   1.7105355577794103E-04   1.7105355577785603E-04   1.7105355577751172E-04   1.7105355577762770E-04   1.7105355577761426E-04   1.7105355577761997E-04   1.7105355577714618E-04
 1.7105355577754701E-04   1.7105355577693861E-04   1.7105355577735809E-04   1.7105355577715434E-04   1.7105355577720800E-04   1.7105355577702906E-04   1.7105355577730987E-04   1.7105355577692207E-04   1.7105355577686881E-04   1.7105355577705925E-04   1.7105355577662362E-04
 1.7105355577708796E-04   1.7105355577722145E-04   1.7105355577712805E-04   1.7105355577745217E-04   1.7105355577728796E-04   1.7105355577767611E-04   1.7105355577828551E-04   1.7105355577831620E-04   1.7105355577782437E-04   1.7105355577886315E-04   1.7105355577941753E-04
 1.7105354296410635E-04   1.7105354296338815E-04   1.7105354296363174E-04   1.7105354296336251E-04   1.7105354296314811E-04   1.7105354296285922E-04   1.7105354296261324E-04   1.7105354296234628E-04   1.7105354296248747E-04   1.7105354296233555E-04   1.7105354296224646E-04
 1.7105354296208377E-04   1.7105354296198202E-04   1.7105354296193513E-04   1.7105354296210356E-04   1.7105354296208060E-04   1.7105354296167281E-04   1.7105354296197711E-04   1.7105354296204398E-04   1.7105354296197858E-04   1.7105354296195210E-04   1.7105354296194808E-04
 1.7105354296161794E-04   1.7105354296140593E-04   1.7105354296164321E-04   1.7105354296168522E-04   1.7105354296172084E-04   1.7105354296133882E-04   1.7105354296153026E-04   1.7105354296126344E-04   1.7105354296194611E-04   1.7105354296155189E-04   1.7105354296193724E-04
 1.7105354296193922E-04   1.7105354296204723E-04   1.7105354296291579E-04   1.7105354296250580E-04   1.7105354296287345E-04   1.7105354296319394E-04   1.7105354296325384E-04   1.7105347262475151E-04   1.7105347262433041E-04   1.7105347262380232E-04   1.7105347262401689E-04
 1.7105347262364216E-04   1.7105347262361879E-04   1.7105347262323152E-04   1.7105347262296177E-04   1.7105347262314394E-04   1.7105347262299879E-04   1.7105347262288248E-04   1.7105347262288772E-04   1.7105347262297556E-04   1.7105347262261561E-04   1.7105347262268096E-04
 1.7105347262275883E-04   1.7105347262267738E-04   1.7105347262264822E-04   1.7105347262233073E-04   1.7105347262215520E-04   1.7105347262244151E-04   1.7105347262265749E-04   1.7105347262234748E-04   1.7105347262221491E-04   1.7105347262223251E-04   1.7105347262204475E-04
 1.7105347262235743E-04   1.7105347262210045E-04   1.7105347262240213E-04   1.7105347262223275E-04   1.7105347262221990E-04   1.7105347262229233E-04   1.7105347262258053E-04   1.7105347262281475E-04   1.7105347262300215E-04   1.7105347262337935E-04   1.7105347262310228E-04
 1.7105347262386857E-04   1.7105347262392630E-04   1.7105347262351257E-04   1.7105312390462609E-04   1.7105312390491633E-04   1.7105312390451659E-04   1.7105312390469640E-04   1.7105312390403306E-04   1.7105312390430915E-04   1.7105312390413750E-04   1.7105312390391171E-04
 1.7105312390380419E-04   1.7105312390369249E-04   1.7105312390351915E-04   1.7105312390337519E-04   1.7105312390351638E-04   1.7105312390365738E-04   1.7105312390316865E-04   1.7105312390333169E-04   1.7105312390343209E-04   1.7105312390315093E-04   1.7105312390307501E-04
 1.7105312390330093E-04   1.7105312390312512E-04   1.7105312390313271E-04   1.7105312390347142E-04   1.7105312390289137E-04   1.7105312390276785E-04   1.7105312390325037E-04   1.7105312390289722E-04   1.7105312390267588E-04   1.7105312390296320E-04   1.7105312390273817E-04
 1.7105312390320983E-04   1.7105312390299342E-04   1.7105312390337219E-04   1.7105312390308135E-04   1.7105312390315258E-04   1.7105312390392738E-04   1.7105312390378410E-04   1.7105312390417273E-04   1.7105312390441142E-04   1.7105312390460164E-04   1.7104987054268606E-04
 1.7104987054187450E-04   1.7104987054221096E-04   1.7104987054163058E-04   1.7104987054139580E-04   1.7104987054167704E-04   1.7104987054159779E-04   1.7104987054108453E-04   1.7104987054131508E-04   1.7104987054117563E-04   1.7104987054113090E-04   1.7104987054074100E-04
 1.7104987054109653E-04   1.7104987054093670E-04   1.7104987054067261E-04   1.7104987054089306E-04   1.7104987054080686E-04   1.7104987054065320E-04   1.7104987054061233E-04   1.7104987054054668E-04   1.7104987054036307E-04   1.7104987054074092E-04   1.7104987054040956E-04
 1.7104987054065342E-04   1.7104987054033475E-04   1.7104987054034952E-04   1.7104987054035600E-04   1.7104987054026191E-04   1.7104987054057414E-04   1.7104987054035746E-04   1.7104987054029932E-04   1.7104987054073425E-04   1.7104987054075038E-04   1.7104987054079293E-04
 1.7104987054129923E-04   1.7104987054073715E-04   1.7104987054140786E-04   1.7104987054199089E-04   1.7104987054208958E-04   1.7104987054215981E-04   1.7086804692399875E-04   1.7086804692409413E-04   1.7086804692399943E-04   1.7086804692347920E-04   1.7086804692321612E-04
 1.7086804692323276E-04   1.7086804692293295E-04   1.7086804692333421E-04   1.7086804692289281E-04   1.7086804692307040E-04   1.7086804692267822E-04   1.7086804692252394E-04   1.7086804692282992E-04   1.7086804692278959E-04   1.7086804692302977E-04   1.7086804692241202E-04
 1.7086804692289742E-04   1.7086804692259913E-04   1.7086804692249688E-04   1.7086804692242183E-04   1.7086804692253532E-04   1.7086804692244506E-04   1.7086804692250315E-04   1.7086804692235876E-04   1.7086804692262534E-04   1.7086804692235664E-04   1.7086804692264417E-04
 1.7086804692201534E-04   1.7086804692222486E-04   1.7086804692229137E-04   1.7086804692240839E-04   1.7086804692268030E-04   1.7086804692250030E-04   1.7086804692289251E-04   1.7086804692319319E-04   1.7086804692291699E-04   1.7086804692325702E-04   1.7086804692347703E-04
 1.7086804692378614E-04   1.7086804692413194E-04   1.6589048610820379E-04   1.6589048610839204E-04   1.6589048610833812E-04   1.6589048610775997E-04   1.6589048610794797E-04   1.6589048610776599E-04   1.6589048610765440E-04   1.6589048610761683E-04   1.6589048610751009E-04
 1.6589048610731659E-04   1.6589048610747960E-04   1.6589048610764293E-04   1.6589048610727328E-04   1.6589048610704334E-04   1.6589048610756875E-04   1.6589048610711097E-04   1.6589048610712853E-04   1.6589048610717047E-04   1.6589048610736795E-04   1.6589048610716068E-04
 1.6589048610720733E-04   1.6589048610700805E-04   1.6589048610697807E-04   1.6589048610695766E-04   1.6589048610723102E-04   1.6589048610652062E-04   1.6589048610728198E-04   1.6589048610732510E-04   1.6589048610672781E-04   1.6589048610689931E-04   1.6589048610708503E-04
 1.6589048610692186E-04   1.6589048610712214E-04   1.6589048610713425E-04   1.6589048610765307E-04   1.6589048610713057E-04   1.6589048610763277E-04   1.6589048610760347E-04   1.6589048610769747E-04   1.6589048610750158E-04   1.4061263910197263E-04   1.4061263910264903E-04
 1.4061263910267660E-04   1.4061263910292881E-04   1.4061263910308391E-04   1.4061263910316080E-04   1.4061263910332617E-04   1.4061263910327771E-04   1.4061263910355464E-04   1.4061263910296155E-04   1.4061263910327172E-04   1.4061263910306206E-04   1.4061263910331593E-04
 1.4061263910297044E-04   1.4061263910287690E-04   1.4061263910303617E-04   1.4061263910294055E-04   1.4061263910269628E-04   1.4061263910269866E-04   1.4061263910267337E-04   1.4061263910236606E-04   1.4061263910260713E-04   1.4061263910240490E-04   1.4061263910234781E-04
 1.4061263910249811E-04   1.4061263910231637E-04   1.4061263910220050E-04   1.4061263910217141E-04   1.4061263910226943E-04   1.4061263910213387E-04   1.4061263910182948E-04   1.4061263910199585E-04   1.4061263910182355E-04   1.4061263910215908E-04   1.4061263910150913E-04
 1.4061263910158139E-04   1.4061263910166845E-04   1.4061263910108767E-04   1.4061263910128334E-04   1.4061263910144505E-04
 9.1859336683935684E-05   9.1859335931231565E-05   9.1859334581148285E-05   9.1859333172535814E-05   9.1859331960608974E-05   9.1859331008133883E-05   9.1859330286817186E-05   9.1859329741961752E-05   9.1859329323855623E-05   9.1859328997187379E-05   9.1859328736822773E-05
 9.1859328525308631E-05   9.1859328348890289E-05   9.1859328199730552E-05   9.1859328072592600E-05   9.1859327965013304E-05   9.1859327870944861E-05   9.1859327787407368E-05   9.1859327715095677E-05   9.1859327650959887E-05   9.1859327593591511E-05   9.1859327543163507E-05
 9.1859327498184133E-05   9.1859327457004237E-05   9.1859327420627234E-05   9.1859327387396695E-05   9.1859327357941091E-05   9.1859327333715515E-05   9.1859327313669782E-05   9.1859327297698115E-05   9.1859327288423701E-05   9.1859327285820531E-05   9.1859327292810288E-05
 9.1859327308982112E-05   9.1859327337796845E-05   9.1859327380819275E-05   9.1859327437105413E-05   9.1859327510513110E-05   9.1859327600028040E-05   9.1859327820323000E-05   9.4868768080886992E-05   9.4868768072492882E-05   9.4868768039870228E-05   9.4868767983525556E-05
 9.4868767906836087E-05   9.4868767813192055E-05   9.4868767706389142E-05   9.4868767590828166E-05   9.4868767469688536E-05   9.4868767346283642E-05   9.4868767223295664E-05   9.4868767103146263E-05   9.4868766987888362E-05   9.4868766877557415E-05   9.4868766775109864E-05
 9.4868766677535057E-05   9.4868766587863745E-05   9.4868766503313431E-05   9.4868766424674296E-05   9.4868766352276194E-05   9.4868766285236138E-05   9.4868766222663294E-05   9.4868766166193559E-05   9.4868766112473726E-05   9.4868766063015879E-05   9.4868766016450534E-05
 9.4868765973055505E-05   9.4868765931203282E-05   9.4868765891361712E-05   9.4868765852843586E-05   9.4868765814549864E-05   9.4868765777770487E-05   9.4868765742335467E-05   9.4868765707237200E-05   9.4868765676603027E-05   9.4868765648922342E-05   9.4868765623644196E-05
 9.4868765603596498E-05   9.4868765588971248E-05   9.4868765590198768E-05   9.4753964790953094E-05   9.4753964799660173E-05   9.4753964795199304E-05   9.4753964783561207E-05   9.4753964765658061E-05   9.4753964742354626E-05   9.4753964712192122E-05   9.4753964677752575E-05
 9.4753964639155222E-05   9.4753964597199200E-05   9.4753964552417435E-05   9.4753964506055338E-05   9.4753964457232968E-05   9.4753964408098051E-05   9.4753964359519180E-05   9.4753964309664474E-05   9.4753964260303609E-05   9.4753964212039332E-05   9.4753964164441339E-05
 9.4753964117928172E-05   9.4753964072972609E-05   9.4753964030735942E-05   9.4753963989533725E-05   9.4753963948861886E-05   9.4753963909838157E-05   9.4753963873421161E-05   9.4753963837646406E-05   9.4753963803517781E-05   9.4753963769373653E-05   9.4753963738442029E-05
 9.4753963707490781E-05   9.4753963676904584E-05   9.4753963648440984E-05   9.4753963620481971E-05   9.4753963595215534E-05   9.4753963570214374E-05   9.4753963547450086E-05   9.4753963527834171E-05   9.4753963509604342E-05   9.4753963500783788E-05   9.4705114663942968E-05
 9.4705114671733408E-05   9.4705114672554298E-05   9.4705114670682911E-05   9.4705114664586035E-05   9.4705114656961316E-05   9.4705114645625562E-05   9.4705114631239067E-05   9.4705114615414634E-05   9.4705114595560616E-05   9.4705114574701637E-05   9.4705114550966215E-05
 9.4705114527218257E-05   9.4705114500526962E-05   9.4705114474165033E-05   9.4705114447476963E-05   9.4705114419226679E-05   9.4705114391186352E-05   9.4705114362208406E-05   9.4705114333911000E-05   9.4705114305840748E-05   9.4705114277445060E-05   9.4705114249001083E-05
 9.4705114221354660E-05   9.4705114194127104E-05   9.4705114166873541E-05   9.4705114141020063E-05   9.4705114115802984E-05   9.4705114091577991E-05   9.4705114067176422E-05   9.4705114044601069E-05   9.4705114022022017E-05   9.4705114000671732E-05   9.4705113980402260E-05
 9.4705113962713000E-05   9.4705113946404824E-05   9.4705113931446385E-05   9.4705113918369687E-05   9.4705113907383656E-05   9.4705113904854118E-05   9.4703608912928994E-05   9.4703608917913343E-05   9.4703608919212840E-05   9.4703608918006882E-05   9.4703608916111860E-05
 9.4703608912356387E-05   9.4703608908127578E-05   9.4703608901471959E-05   9.4703608892294865E-05   9.4703608882198856E-05   9.4703608872469795E-05   9.4703608860179415E-05   9.4703608847550573E-05   9.4703608834608601E-05   9.4703608819783397E-05   9.4703608804844975E-05
 9.4703608789380105E-05   9.4703608774297348E-05   9.4703608757156681E-05   9.4703608740029431E-05   9.4703608723495253E-05   9.4703608706199070E-05   9.4703608687990220E-05   9.4703608671182918E-05   9.4703608653218664E-05   9.4703608635689148E-05   9.4703608617424678E-05
 9.4703608600446167E-05   9.4703608583677923E-05   9.4703608565627299E-05   9.4703608549153849E-05   9.4703608532578092E-05   9.4703608516478015E-05   9.4703608501977096E-05   9.4703608486657278E-05   9.4703608474054119E-05   9.4703608462366989E-05   9.4703608450922097E-05
 9.4703608441932462E-05   9.4703608438553939E-05   9.4703476482436099E-05   9.4703476486026068E-05   9.4703476486958970E-05   9.4703476485793480E-05   9.4703476485034633E-05   9.4703476483291643E-05   9.4703476480839557E-05   9.4703476477328070E-05   9.4703476472660417E-05
 9.4703476466895402E-05   9.4703476462060958E-05   9.4703476455584450E-05   9.4703476447810178E-05   9.4703476440451955E-05   9.4703476431525800E-05   9.4703476423057788E-05   9.4703476414115926E-05   9.4703476404700931E-05   9.4703476394637420E-05   9.4703476384235422E-05
 9.4703476374265085E-05   9.4703476363382460E-05   9.4703476352416189E-05   9.4703476341628811E-05   9.4703476330172575E-05   9.4703476318433918E-05   9.4703476306695112E-05   9.4703476294070473E-05   9.4703476283191696E-05   9.4703476271518065E-05   9.4703476259669524E-05
 9.4703476247701287E-05   9.4703476236265787E-05   9.4703476225040404E-05   9.4703476213272040E-05   9.4703476203459604E-05   9.4703476193059422E-05   9.4703476183572775E-05   9.4703476176125322E-05   9.4703476170276038E-05   9.4703443075110257E-05   9.4703443077623546E-05
 9.4703443077695089E-05   9.4703443077735517E-05   9.4703443077147879E-05   9.4703443076851052E-05   9.4703443075345434E-05   9.4703443072877695E-05   9.4703443069965690E-05   9.4703443066471632E-05   9.4703443063058712E-05   9.4703443059438887E-05   9.4703443054434860E-05
 9.4703443050517949E-05   9.4703443044947820E-05   9.4703443038973324E-05   9.4703443032584568E-05   9.4703443026600720E-05   9.4703443019739550E-05   9.4703443013577108E-05   9.4703443007657106E-05   9.4703443000282309E-05   9.4703442993270638E-05   9.4703442985286519E-05
 9.4703442977170927E-05   9.4703442970659764E-05   9.4703442961461867E-05   9.4703442953546040E-05   9.4703442944387296E-05   9.4703442936413612E-05   9.4703442928644897E-05   9.4703442920197526E-05   9.4703442911557085E-05   9.4703442903749027E-05   9.4703442895412827E-05
 9.4703442887270482E-05   9.4703442880473198E-05   9.4703442872347469E-05   9.4703442866581167E-05   9.4703442862302932E-05   9.4703435033842274E-05   9.4703435035197893E-05   9.4703435035615216E-05   9.4703435035692994E-05   9.4703435036270657E-05   9.4703435034991976E-05
 9.4703435033934621E-05   9.4703435032710896E-05   9.4703435030790326E-05   9.4703435028595088E-05   9.4703435026447961E-05   9.4703435023954432E-05   9.4703435021321148E-05   9.4703435017506410E-05   9.4703435013925711E-05   9.4703435009815649E-05   9.4703435005729549E-05
 9.4703435001113084E-05   9.4703434996668451E-05   9.4703434992523275E-05   9.4703434987875653E-05   9.4703434983087979E-05   9.4703434977723062E-05   9.4703434973039390E-05   9.4703434967874535E-05   9.4703434961919636E-05   9.4703434955968233E-05   9.4703434949745441E-05
 9.4703434944630677E-05   9.4703434938789863E-05   9.4703434932323736E-05   9.4703434926168164E-05   9.4703434920505891E-05   9.4703434913915406E-05   9.4703434907934838E-05   9.4703434902151704E-05   9.4703434897064736E-05   9.4703434891005306E-05   9.4703434886589066E-05
 9.4703434883308460E-05   9.4703433337535130E-05   9.4703433339305145E-05   9.4703433340031384E-05   9.4703433340081000E-05   9.4703433339516117E-05   9.4703433339217704E-05   9.4703433338644771E-05   9.4703433338143788E-05   9.4703433336909573E-05   9.4703433335901373E-05
 9.4703433333559822E-05   9.4703433331909029E-05   9.4703433329832389E-05   9.4703433327069910E-05   9.4703433325047195E-05   9.4703433322151494E-05   9.4703433319386562E-05   9.4703433316368685E-05   9.4703433313820715E-05   9.4703433309739290E-05   9.4703433306180898E-05
 9.4703433302173104E-05   9.4703433298973705E-05   9.4703433295249538E-05   9.4703433291331828E-05   9.4703433287093993E-05   9.4703433283108805E-05   9.4703433278109671E-05   9.4703433272857429E-05   9.4703433269024829E-05   9.4703433265295973E-05   9.4703433260514059E-05
 9.4703433255870028E-05   9.4703433251814136E-05   9.4703433247022884E-05   9.4703433242941554E-05   9.4703433237927444E-05   9.4703433234692442E-05   9.4703433230449471E-05   9.4703433228227561E-05   9.4703432992458610E-05   9.4703432994140289E-05   9.4703432993522877E-05
 9.4703432993871610E-05   9.4703432993916754E-05   9.4703432993593065E-05   9.4703432993508308E-05   9.4703432993299626E-05   9.4703432992904489E-05   9.4703432991702894E-05   9.4703432990328790E-05   9.4703432988497559E-05   9.4703432986724211E-05   9.4703432984903334E-05
 9.4703432983539435E-05   9.4703432981501501E-05   9.4703432979309528E-05   9.4703432977375325E-05   9.4703432974971432E-05   9.4703432972421592E-05   9.4703432969640979E-05   9.4703432967040033E-05   9.4703432964336683E-05   9.4703432960991472E-05   9.4703432958351643E-05
 9.4703432955586345E-05   9.4703432951646490E-05   9.4703432949078042E-05   9.4703432945260498E-05   9.4703432942222021E-05   9.4703432939050933E-05   9.4703432935665349E-05   9.4703432931668221E-05   9.4703432927713621E-05   9.4703432924776450E-05   9.4703432922197580E-05
 9.4703432918755699E-05   9.4703432915425612E-05   9.4703432913180487E-05   9.4703432909866122E-05   9.4703432899532808E-05   9.4703432900818116E-05   9.4703432901129201E-05   9.4703432900901952E-05   9.4703432901903131E-05   9.4703432900765790E-05   9.4703432901030294E-05
 9.4703432900419794E-05   9.4703432899508251E-05   9.4703432898720903E-05   9.4703432898189861E-05   9.4703432896708868E-05   9.4703432895341269E-05   9.4703432893781915E-05   9.4703432892813939E-05   9.4703432891200145E-05   9.4703432889456694E-05   9.4703432887485519E-05
 9.4703432885801523E-05   9.4703432883835783E-05   9.4703432881956725E-05   9.4703432880398510E-05   9.4703432878420220E-05   9.4703432876547613E-05   9.4703432874157015E-05   9.4703432871755236E-05   9.4703432869261043E-05   9.4703432866677999E-05   9.4703432864058770E-05
 9.4703432862045894E-05   9.4703432858852594E-05   9.4703432856486390E-05   9.4703432853348180E-05   9.4703432850858432E-05   9.4703432848835609E-05   9.4703432846041186E-05   9.4703432843067301E-05   9.4703432840694213E-05   9.4703432837946519E-05   9.4703432836802117E-05
 9.4703432853942838E-05   9.4703432854062250E-05   9.4703432854148173E-05   9.4703432854563273E-05   9.4703432854781618E-05   9.4703432854657422E-05   9.4703432854329926E-05   9.4703432853780086E-05   9.4703432853189643E-05   9.4703432852624435E-05   9.4703432852514402E-05
 9.4703432851152996E-05   9.4703432850166047E-05   9.4703432849188503E-05   9.4703432847871198E-05   9.4703432846591622E-05   9.4703432845555925E-05   9.4703432844007643E-05   9.4703432842749616E-05   9.4703432841699011E-05   9.4703432840145851E-05   9.4703432838551504E-05
 9.4703432836843289E-05   9.4703432835170501E-05   9.4703432833255583E-05   9.4703432831845998E-05   9.4703432829737727E-05   9.4703432827672186E-05   9.4703432826306864E-05   9.4703432824125408E-05   9.4703432822369719E-05   9.4703432819995642E-05   9.4703432818230669E-05
 9.4703432815717637E-05   9.4703432813282885E-05   9.4703432811483774E-05   9.4703432809896759E-05   9.4703432808206136E-05   9.4703432806245532E-05   9.4703432804673290E-05   9.4703432818805648E-05   9.4703432819733915E-05   9.4703432819585610E-05   9.4703432819807058E-05
 9.4703432820310413E-05   9.4703432819796596E-05   9.4703432819570241E-05   9.4703432820015130E-05   9.4703432819244953E-05   9.4703432819116909E-05   9.4703432818750544E-05   9.4703432817919977E-05   9.4703432817404656E-05   9.4703432816571636E-05   9.4703432815554817E-05
 9.4703432814499726E-05   9.4703432813538323E-05   9.4703432813044537E-05   9.4703432811858230E-05   9.4703432810330182E-05   9.4703432809329423E-05   9.4703432808224147E-05   9.4703432807089814E-05   9.4703432805933729E-05   9.4703432804632199E-05   9.4703432803066204E-05
 9.4703432801309024E-05   9.4703432799515293E-05   9.4703432798340451E-05   9.4703432796407631E-05   9.4703432794534956E-05   9.4703432792604060E-05   9.4703432790734529E-05   9.4703432789181586E-05   9.4703432787625485E-05   9.4703432785980384E-05   9.4703432784910534E-05
 9.4703432782856974E-05   9.4703432781619194E-05   9.4703432780692486E-05   9.4703432789970506E-05   9.4703432790933738E-05   9.4703432791395879E-05   9.4703432791365142E-05   9.4703432790974558E-05   9.4703432790900019E-05   9.4703432791120139E-05   9.4703432790939877E-05
 9.4703432790910631E-05   9.4703432790319117E-05   9.4703432789943522E-05   9.4703432789276060E-05   9.4703432788365087E-05   9.4703432787794119E-05   9.4703432786601510E-05   9.4703432786287579E-05   9.4703432785776595E-05   9.4703432784627327E-05   9.4703432783679843E-05
 9.4703432782938194E-05   9.4703432781801435E-05   9.4703432780951976E-05   9.4703432780177314E-05   9.4703432779215965E-05   9.4703432778042045E-05   9.4703432776815447E-05   9.4703432776113683E-05   9.4703432774289893E-05   9.4703432773106201E-05   9.4703432771552201E-05
 9.4703432770239368E-05   9.4703432769047477E-05   9.4703432768010966E-05   9.4703432766248623E-05   9.4703432765069133E-05   9.4703432763737936E-05   9.4703432762375148E-05   9.4703432761329855E-05   9.4703432760212869E-05   9.4703432759488243E-05   9.4703432765755677E-05
 9.4703432765691898E-05   9.4703432766446571E-05   9.4703432766940384E-05   9.4703432766304798E-05   9.4703432766444308E-05   9.4703432766639301E-05   9.4703432766209375E-05   9.4703432765669239E-05   9.4703432765293739E-05   9.4703432764988848E-05   9.4703432764605826E-05
 9.4703432764065649E-05   9.4703432763688821E-05   9.4703432763243147E-05   9.4703432762789218E-05   9.4703432761752409E-05   9.4703432761448426E-05   9.4703432760584493E-05   9.4703432759937672E-05   9.4703432759218480E-05   9.4703432758342526E-05   9.4703432757258283E-05
 9.4703432756056851E-05   9.4703432755252726E-05   9.4703432754193636E-05   9.4703432753284519E-05   9.4703432752314280E-05   9.4703432751311122E-05   9.4703432750676674E-05   9.4703432749305077E-05   9.4703432748379114E-05   9.4703432747321611E-05   9.4703432746221281E-05
 9.4703432745071552E-05   9.4703432743955095E-05   9.4703432742679260E-05   9.4703432741457893E-05   9.4703432740027640E-05   9.4703432739378678E-05   9.4703432743460902E-05   9.4703432744355952E-05   9.4703432743894434E-05   9.4703432743483969E-05   9.4703432744049326E-05
 9.4703432743765346E-05   9.4703432744004291E-05   9.4703432744222256E-05   9.4703432743513310E-05   9.4703432743009210E-05   9.4703432742883632E-05   9.4703432742474847E-05   9.4703432742074018E-05   9.4703432741728713E-05   9.4703432741238654E-05   9.4703432740633642E-05
 9.4703432739961341E-05   9.4703432739460223E-05   9.4703432738978512E-05   9.4703432738803576E-05   9.4703432737938437E-05   9.4703432737463448E-05   9.4703432737043347E-05   9.4703432736080318E-05   9.4703432735417694E-05   9.4703432734725689E-05   9.4703432734016200E-05
 9.4703432733155276E-05   9.4703432732293647E-05   9.4703432731221574E-05   9.4703432730369161E-05   9.4703432729075369E-05   9.4703432728086021E-05   9.4703432727446247E-05   9.4703432726244978E-05   9.4703432725553812E-05   9.4703432724693905E-05   9.4703432723863013E-05
 9.4703432722681300E-05   9.4703432722272014E-05   9.4703432723978575E-05   9.4703432723826163E-05   9.4703432724378741E-05   9.4703432724247986E-05   9.4703432724722473E-05   9.4703432724984674E-05   9.4703432724655578E-05   9.4703432724674999E-05   9.4703432724868502E-05
 9.4703432724340360E-05   9.4703432724406510E-05   9.4703432723733830E-05   9.4703432723725848E-05   9.4703432723046066E-05   9.4703432722231817E-05   9.4703432721796957E-05   9.4703432721303415E-05   9.4703432720908697E-05   9.4703432720223170E-05   9.4703432719658572E-05
 9.4703432718696383E-05   9.4703432718438017E-05   9.4703432718001613E-05   9.4703432717148725E-05   9.4703432716405884E-05   9.4703432715997194E-05   9.4703432715415018E-05   9.4703432714673681E-05   9.4703432714159390E-05   9.4703432713547873E-05   9.4703432712628239E-05
 9.4703432712154592E-05   9.4703432710693480E-05   9.4703432709948904E-05   9.4703432709209614E-05   9.4703432708832325E-05   9.4703432708562765E-05   9.4703432707639879E-05   9.4703432707137947E-05   9.4703432706791531E-05   9.4703432706320649E-05   9.4703432706756146E-05
 9.4703432707329309E-05   9.4703432707479254E-05   9.4703432707389049E-05   9.4703432707236461E-05   9.4703432707515494E-05   9.4703432707426372E-05   9.4703432707284206E-05   9.4703432707156135E-05   9.4703432706874595E-05   9.4703432706907568E-05   9.4703432706261356E-05
 9.4703432705931786E-05   9.4703432705630202E-05   9.4703432705101314E-05   9.4703432704756795E-05   9.4703432703914140E-05   9.4703432703876342E-05   9.4703432703286739E-05   9.4703432702874011E-05   9.4703432702411097E-05   9.4703432702050532E-05   9.4703432701320403E-05
 9.4703432700863249E-05   9.4703432700202225E-05   9.4703432699255513E-05   9.4703432698675316E-05   9.4703432697871664E-05   9.4703432697323533E-05   9.4703432696615657E-05   9.4703432695906331E-05   9.4703432695337423E-05   9.4703432695111286E-05   9.4703432694790470E-05
 9.4703432693802464E-05   9.4703432693564292E-05   9.4703432693337043E-05   9.4703432692782541E-05   9.4703432692350988E-05   9.4703432691390250E-05   9.4703432691160521E-05   9.4703432691529543E-05   9.4703432691458094E-05   9.4703432691609895E-05   9.4703432691299394E-05
 9.4703432691562651E-05   9.4703432691757171E-05   9.4703432691524799E-05   9.4703432691319018E-05   9.4703432691180009E-05   9.4703432691267748E-05   9.4703432690793247E-05   9.4703432690761602E-05   9.4703432690728656E-05   9.4703432690501665E-05   9.4703432690544071E-05
 9.4703432690176892E-05   9.4703432689923324E-05   9.4703432689062264E-05   9.4703432688601397E-05   9.4703432687962612E-05   9.4703432687195675E-05   9.4703432686387714E-05   9.4703432686219188E-05   9.4703432685765870E-05   9.4703432685407852E-05   9.4703432684934327E-05
 9.4703432684248434E-05   9.4703432683171171E-05   9.4703432682604499E-05   9.4703432682109032E-05   9.4703432682087673E-05   9.4703432681341132E-05   9.4703432681245099E-05   9.4703432680119751E-05   9.4703432679690055E-05   9.4703432679826637E-05   9.4703432678810211E-05
 9.4703432679012889E-05   9.4703432676493962E-05   9.4703432677376408E-05   9.4703432677382710E-05   9.4703432676839606E-05   9.4703432677274479E-05   9.4703432677178216E-05   9.4703432677471425E-05   9.4703432677111226E-05   9.4703432677018269E-05   9.4703432677024991E-05
 9.4703432676796726E-05   9.4703432676413108E-05   9.4703432676457492E-05   9.4703432676108556E-05   9.4703432675955791E-05   9.4703432675783092E-05   9.4703432675689146E-05   9.4703432675381164E-05   9.4703432674950221E-05   9.4703432674455174E-05   9.4703432674383549E-05
 9.4703432673956848E-05   9.4703432673810955E-05   9.4703432673265357E-05   9.4703432672840364E-05   9.4703432672384985E-05   9.4703432672109733E-05   9.4703432671782697E-05   9.4703432671284710E-05   9.4703432670673802E-05   9.4703432670505643E-05   9.4703432670162303E-05
 9.4703432669475163E-05   9.4703432668945151E-05   9.4703432668596146E-05   9.4703432668138111E-05   9.4703432667774930E-05   9.4703432666952197E-05   9.4703432666461989E-05   9.4703432666553916E-05   9.4703432664757501E-05   9.4703432665289695E-05   9.4703432665233032E-05
 9.4703432665543859E-05   9.4703432665596348E-05   9.4703432665588230E-05   9.4703432665589382E-05   9.4703432665652496E-05   9.4703432665434721E-05   9.4703432665397221E-05   9.4703432665109677E-05   9.4703432665017344E-05   9.4703432665025299E-05   9.4703432664753205E-05
 9.4703432664551096E-05   9.4703432664152570E-05   9.4703432663825006E-05   9.4703432663642318E-05   9.4703432663405352E-05   9.4703432663126021E-05   9.4703432662882265E-05   9.4703432662732794E-05   9.4703432662374858E-05   9.4703432661963146E-05   9.4703432661637763E-05
 9.4703432661242585E-05   9.4703432660898581E-05   9.4703432660466568E-05   9.4703432660138718E-05   9.4703432660057579E-05   9.4703432659219098E-05   9.4703432658965828E-05   9.4703432658617732E-05   9.4703432658415501E-05   9.4703432657608827E-05   9.4703432657422494E-05
 9.4703432656911821E-05   9.4703432656296862E-05   9.4703432655692731E-05   9.4703432655677023E-05   9.4703432653031651E-05   9.4703432653689138E-05   9.4703432653771145E-05   9.4703432653752903E-05   9.4703432653682362E-05   9.4703432653783112E-05   9.4703432653654742E-05
 9.4703432653757985E-05   9.4703432653792287E-05   9.4703432653560701E-05   9.4703432653104659E-05   9.4703432653008354E-05   9.4703432652858138E-05   9.4703432652811097E-05   9.4703432652801949E-05   9.4703432652642707E-05   9.4703432652202751E-05   9.4703432651886002E-05
 9.4703432651773340E-05   9.4703432651500500E-05   9.4703432651486500E-05   9.4703432651426612E-05   9.4703432650930047E-05   9.4703432650407855E-05   9.4703432649856728E-05   9.4703432650056262E-05   9.4703432649555807E-05   9.4703432649214351E-05   9.4703432648918147E-05
 9.4703432648326715E-05   9.4703432648033601E-05   9.4703432647517778E-05   9.4703432647243557E-05   9.4703432646773419E-05   9.4703432646574482E-05   9.4703432646486282E-05   9.4703432646150369E-05   9.4703432645810594E-05   9.4703432645515325E-05   9.4703432645371397E-05
 9.4703432642867500E-05   9.4703432643078662E-05   9.4703432642924732E-05   9.4703432643143307E-05   9.4703432643446328E-05   9.4703432643205134E-05   9.4703432643091320E-05   9.4703432643127993E-05   9.4703432642804738E-05   9.4703432642484939E-05   9.4703432642541182E-05
 9.4703432642186323E-05   9.4703432642186567E-05   9.4703432642012877E-05   9.4703432641942987E-05   9.4703432641913185E-05   9.4703432641467076E-05   9.4703432641262975E-05   9.4703432640902478E-05   9.4703432640669388E-05   9.4703432640497895E-05   9.4703432640241291E-05
 9.4703432640045145E-05   9.4703432639781250E-05   9.4703432639587585E-05   9.4703432639512016E-05   9.4703432639413570E-05   9.4703432639325330E-05   9.4703432638964480E-05   9.4703432638361610E-05   9.4703432638082441E-05   9.4703432637970579E-05   9.4703432637508573E-05
 9.4703432637172430E-05   9.4703432637276445E-05   9.4703432636907857E-05   9.4703432636718759E-05   9.4703432636488176E-05   9.4703432636107540E-05   9.4703432636069823E-05   9.4703432633483378E-05   9.4703432633504696E-05   9.4703432633855083E-05   9.4703432634252565E-05
 9.4703432633926301E-05   9.4703432633976459E-05   9.4703432633882567E-05   9.4703432633856763E-05   9.4703432633559448E-05   9.4703432633498407E-05   9.4703432633014934E-05   9.4703432633241058E-05   9.4703432633269410E-05   9.4703432632935733E-05   9.4703432632896011E-05
 9.4703432632735834E-05   9.4703432632578150E-05   9.4703432633004228E-05   9.4703432632445959E-05   9.4703432632354804E-05   9.4703432632099854E-05   9.4703432631907761E-05   9.4703432631512610E-05   9.4703432631495344E-05   9.4703432631398741E-05   9.4703432631084309E-05
 9.4703432630864419E-05   9.4703432630666390E-05   9.4703432630445795E-05   9.4703432630180966E-05   9.4703432629865436E-05   9.4703432629607395E-05   9.4703432629613955E-05   9.4703432629352134E-05   9.4703432628731374E-05   9.4703432628320475E-05   9.4703432628115791E-05
 9.4703432627492768E-05   9.4703432626957389E-05   9.4703432627113690E-05   9.4703432625182495E-05   9.4703432624900250E-05   9.4703432624792386E-05   9.4703432624609535E-05   9.4703432624869202E-05   9.4703432624806548E-05   9.4703432624753287E-05   9.4703432624727117E-05
 9.4703432624844671E-05   9.4703432624992082E-05   9.4703432625041034E-05   9.4703432624674330E-05   9.4703432624773019E-05   9.4703432624646859E-05   9.4703432624382828E-05   9.4703432624523043E-05   9.4703432624097534E-05   9.4703432623902974E-05   9.4703432623695078E-05
 9.4703432623491262E-05   9.4703432623306555E-05   9.4703432623086922E-05   9.4703432622990943E-05   9.4703432622680306E-05   9.4703432622416343E-05   9.4703432622349475E-05   9.4703432622162288E-05   9.4703432622100000E-05   9.4703432621714322E-05   9.4703432621384711E-05
 9.4703432621166827E-05   9.4703432621111154E-05   9.4703432620908381E-05   9.4703432620635284E-05   9.4703432620696460E-05   9.4703432620211157E-05   9.4703432619602676E-05   9.4703432619427184E-05   9.4703432619463966E-05   9.4703432619480852E-05   9.4703432617015783E-05
 9.4703432616975139E-05   9.4703432616916836E-05   9.4703432616875609E-05   9.4703432617063881E-05   9.4703432616872452E-05   9.4703432617080808E-05   9.4703432616988190E-05   9.4703432617057782E-05   9.4703432616900275E-05   9.4703432616873658E-05   9.4703432616734338E-05
 9.4703432616593012E-05   9.4703432616477409E-05   9.4703432616480241E-05   9.4703432616354948E-05   9.4703432616396812E-05   9.4703432616189770E-05   9.4703432615988000E-05   9.4703432615869307E-05   9.4703432615738579E-05   9.4703432615517118E-05   9.4703432615267372E-05
 9.4703432614937015E-05   9.4703432615041153E-05   9.4703432614742469E-05   9.4703432614490771E-05   9.4703432614331692E-05   9.4703432614158856E-05   9.4703432613887277E-05   9.4703432613535603E-05   9.4703432613325593E-05   9.4703432613176271E-05   9.4703432613122535E-05
 9.4703432612715620E-05   9.4703432612420907E-05   9.4703432612392460E-05   9.4703432612299300E-05   9.4703432611579309E-05   9.4703432611767093E-05   9.4703432608750788E-05   9.4703432609091133E-05   9.4703432609172638E-05   9.4703432609115730E-05   9.4703432609473287E-05
 9.4703432609104658E-05   9.4703432609219922E-05   9.4703432609098546E-05   9.4703432609265147E-05   9.4703432609271706E-05   9.4703432609263223E-05   9.4703432609116516E-05   9.4703432608919016E-05   9.4703432608836752E-05   9.4703432608827455E-05   9.4703432608634927E-05
 9.4703432608634019E-05   9.4703432608276734E-05   9.4703432608318354E-05   9.4703432608412056E-05   9.4703432608148039E-05   9.4703432608173274E-05   9.4703432608140857E-05   9.4703432607670218E-05   9.4703432607584227E-05   9.4703432607706593E-05   9.4703432607036041E-05
 9.4703432606831560E-05   9.4703432606898564E-05   9.4703432606912144E-05   9.4703432606326783E-05   9.4703432606144759E-05   9.4703432606109915E-05   9.4703432605849639E-05   9.4703432605743130E-05   9.4703432605189509E-05   9.4703432605231996E-05   9.4703432605101567E-05
 9.4703432604848609E-05   9.4703432604600842E-05   9.4703432602817085E-05   9.4703432602389977E-05   9.4703432602526166E-05   9.4703432602705168E-05   9.4703432602660282E-05   9.4703432602250589E-05   9.4703432602519241E-05   9.4703432602359213E-05   9.4703432602265511E-05
 9.4703432602285053E-05   9.4703432602097026E-05   9.4703432602146208E-05   9.4703432601932037E-05   9.4703432601496066E-05   9.4703432601954399E-05   9.4703432601831437E-05   9.4703432601734970E-05   9.4703432601288983E-05   9.4703432601544747E-05   9.4703432601378864E-05
 9.4703432601409926E-05   9.4703432600965417E-05   9.4703432600804860E-05   9.4703432600876837E-05   9.4703432600554938E-05   9.4703432600457753E-05   9.4703432600355661E-05   9.4703432600274089E-05   9.4703432600031363E-05   9.4703432599835095E-05   9.4703432599832588E-05
 9.4703432599795400E-05   9.4703432599318216E-05   9.4703432599134809E-05   9.4703432599011495E-05   9.4703432599009286E-05   9.4703432599046230E-05   9.4703432598941008E-05   9.4703432598744076E-05   9.4703432598438060E-05   9.4703432596523576E-05   9.4703432596071450E-05
 9.4703432596341173E-05   9.4703432596170831E-05   9.4703432596272272E-05   9.4703432596219701E-05   9.4703432596147548E-05   9.4703432596301965E-05   9.4703432595938866E-05   9.4703432595998117E-05   9.4703432596028028E-05   9.4703432595820715E-05   9.4703432595764567E-05
 9.4703432595632253E-05   9.4703432595474990E-05   9.4703432595392672E-05   9.4703432595424032E-05   9.4703432595505442E-05   9.4703432595427732E-05   9.4703432595454255E-05   9.4703432595413936E-05   9.4703432595334952E-05   9.4703432595199711E-05   9.4703432594921139E-05
 9.4703432594861277E-05   9.4703432594789259E-05   9.4703432594785925E-05   9.4703432594603047E-05   9.4703432594556400E-05   9.4703432594135783E-05   9.4703432594075217E-05   9.4703432594018622E-05   9.4703432593949599E-05   9.4703432593636562E-05   9.4703432593457466E-05
 9.4703432593168187E-05   9.4703432593018201E-05   9.4703432593113394E-05   9.4703432592903113E-05   9.4703432592470828E-05   9.4703432597682385E-05   9.4703432597548283E-05   9.4703432597626548E-05   9.4703432597739075E-05   9.4703432597890687E-05   9.4703432597953029E-05
 9.4703432597897409E-05   9.4703432597769094E-05   9.4703432597829281E-05   9.4703432597666325E-05   9.4703432597831192E-05   9.4703432597664333E-05   9.4703432597843958E-05   9.4703432597412988E-05   9.4703432597480805E-05   9.4703432597425619E-05   9.4703432597269846E-05
 9.4703432597272882E-05   9.4703432597096929E-05   9.4703432597053656E-05   9.4703432596911124E-05   9.4703432596553595E-05   9.4703432596641239E-05   9.4703432596481468E-05   9.4703432596348410E-05   9.4703432596068631E-05   9.4703432595727690E-05   9.4703432595763130E-05
 9.4703432595471927E-05   9.4703432595592653E-05   9.4703432595496294E-05   9.4703432595383808E-05   9.4703432595346214E-05   9.4703432595242564E-05   9.4703432595099964E-05   9.4703432595076600E-05   9.4703432594892204E-05   9.4703432595009894E-05   9.4703432594362680E-05
 9.4703432594414505E-05   9.4703432642502286E-05   9.4703432642847442E-05   9.4703432642730199E-05   9.4703432642798450E-05   9.4703432643316725E-05   9.4703432643328218E-05   9.4703432643244680E-05   9.4703432643362587E-05   9.4703432643271311E-05   9.4703432643331674E-05
 9.4703432643311575E-05   9.4703432643201068E-05   9.4703432643181065E-05   9.4703432643071994E-05   9.4703432643017743E-05   9.4703432642939680E-05   9.4703432642899755E-05   9.4703432642808831E-05   9.4703432642868557E-05   9.4703432642657829E-05   9.4703432642481402E-05
 9.4703432642222698E-05   9.4703432642151059E-05   9.4703432642066274E-05   9.4703432641871850E-05   9.4703432641843389E-05   9.4703432641536777E-05   9.4703432641431216E-05   9.4703432641339547E-05   9.4703432640973290E-05   9.4703432640783080E-05   9.4703432640810619E-05
 9.4703432640808464E-05   9.4703432640539298E-05   9.4703432640263382E-05   9.4703432640122652E-05   9.4703432640089340E-05   9.4703432640371734E-05   9.4703432640401062E-05   9.4703432639836491E-05   9.4703432965150173E-05   9.4703432965017223E-05   9.4703432965219915E-05
 9.4703432965165366E-05   9.4703432965188053E-05   9.4703432965011680E-05   9.4703432964910971E-05   9.4703432965239728E-05   9.4703432965013645E-05   9.4703432964738868E-05   9.4703432965100693E-05   9.4703432965049112E-05   9.4703432965075607E-05   9.4703432964911947E-05
 9.4703432965011721E-05   9.4703432964914007E-05   9.4703432964711356E-05   9.4703432964678423E-05   9.4703432964752041E-05   9.4703432964666809E-05   9.4703432964626084E-05   9.4703432964787521E-05   9.4703432964609333E-05   9.4703432964470243E-05   9.4703432964357242E-05
 9.4703432964393902E-05   9.4703432963954678E-05   9.4703432963746850E-05   9.4703432963527380E-05   9.4703432963546638E-05   9.4703432963641913E-05   9.4703432963572957E-05   9.4703432963269110E-05   9.4703432963294643E-05   9.4703432963339393E-05   9.4703432963332427E-05
 9.4703432963078195E-05   9.4703432962849401E-05   9.4703432962977988E-05   9.4703432962416724E-05   9.4703434824151380E-05   9.4703434824329732E-05   9.4703434824259923E-05   9.4703434824384904E-05   9.4703434824238415E-05   9.4703434824221650E-05   9.4703434824373547E-05
 9.4703434824060701E-05   9.4703434824077058E-05   9.4703434824083591E-05   9.4703434823992477E-05   9.4703434823831446E-05   9.4703434823858537E-05   9.4703434823938945E-05   9.4703434823932968E-05   9.4703434823931125E-05   9.4703434823794380E-05   9.4703434823725194E-05
 9.4703434823632834E-05   9.4703434823730954E-05   9.4703434823575750E-05   9.4703434823639461E-05   9.4703434823352432E-05   9.4703434823231760E-05   9.4703434823238767E-05   9.4703434823134019E-05   9.4703434823008631E-05   9.4703434822741538E-05   9.4703434822699796E-05
 9.4703434822563417E-05   9.4703434822574449E-05   9.4703434822418622E-05   9.4703434822333892E-05   9.4703434822303507E-05   9.4703434822254420E-05   9.4703434822342755E-05   9.4703434822486615E-05   9.4703434822280576E-05   9.4703434821986852E-05   9.4703434822426889E-05
 9.4703444084900652E-05   9.4703444085060708E-05   9.4703444085129256E-05   9.4703444085260906E-05   9.4703444085119797E-05   9.4703444085179794E-05   9.4703444084709738E-05   9.4703444085234221E-05   9.4703444085057862E-05   9.4703444084947138E-05   9.4703444084813781E-05
 9.4703444085072715E-05   9.4703444084894486E-05   9.4703444084980883E-05   9.4703444084877789E-05   9.4703444084723467E-05   9.4703444084653224E-05   9.4703444084626566E-05   9.4703444084645038E-05   9.4703444084543354E-05   9.4703444084390535E-05   9.4703444084399155E-05
 9.4703444084177164E-05   9.4703444084153325E-05   9.4703444084075398E-05   9.4703444083724578E-05   9.4703444083941865E-05   9.4703444083856728E-05   9.4703444083698706E-05   9.4703444083505460E-05   9.4703444083364473E-05   9.4703444083350745E-05   9.4703444083229544E-05
 9.4703444083165089E-05   9.4703444082912456E-05   9.4703444083003055E-05   9.4703444082753431E-05   9.4703444082587493E-05   9.4703444082751818E-05   9.4703444082627731E-05   9.4703484275250290E-05   9.4703484275431704E-05   9.4703484275240980E-05   9.4703484275544353E-05
 9.4703484275474530E-05   9.4703484275423017E-05   9.4703484275568978E-05   9.4703484275614853E-05   9.4703484275631550E-05   9.4703484275560928E-05   9.4703484275416051E-05   9.4703484275439809E-05   9.4703484275470695E-05   9.4703484275391602E-05   9.4703484275263938E-05
 9.4703484275315722E-05   9.4703484275123411E-05   9.4703484274910569E-05   9.4703484274639071E-05   9.4703484274838334E-05   9.4703484274730890E-05   9.4703484274522357E-05   9.4703484274455245E-05   9.4703484274407729E-05   9.4703484274045308E-05   9.4703484274235016E-05
 9.4703484273962529E-05   9.4703484273888044E-05   9.4703484274076424E-05   9.4703484273616587E-05   9.4703484273492378E-05   9.4703484273365445E-05   9.4703484273368888E-05   9.4703484273486212E-05   9.4703484273526178E-05   9.4703484273238187E-05   9.4703484273170899E-05
 9.4703484273333244E-05   9.4703484273215012E-05   9.4703484273334071E-05   9.4703658160767007E-05   9.4703658160680176E-05   9.4703658160559179E-05   9.4703658160638651E-05   9.4703658160657814E-05   9.4703658160776995E-05   9.4703658160837643E-05   9.4703658160745757E-05
 9.4703658160803206E-05   9.4703658160891040E-05   9.4703658160803436E-05   9.4703658160769595E-05   9.4703658160703703E-05   9.4703658160780776E-05   9.4703658160674701E-05   9.4703658160613403E-05   9.4703658160463037E-05   9.4703658160425280E-05   9.4703658160356108E-05
 9.4703658160386926E-05   9.4703658160333678E-05   9.4703658160311195E-05   9.4703658160409722E-05   9.4703658160230422E-05   9.4703658160175778E-05   9.4703658160364266E-05   9.4703658160477227E-05   9.4703658160188856E-05   9.4703658160400425E-05   9.4703658160086670E-05
 9.4703658160061435E-05   9.4703658159841844E-05   9.4703658159658261E-05   9.4703658159552524E-05   9.4703658159443819E-05   9.4703658159255751E-05   9.4703658159251035E-05   9.4703658159445297E-05   9.4703658159182161E-05   9.4703658159309921E-05   9.4705262918927659E-05
 9.4705262919183301E-05   9.4705262919427138E-05   9.4705262919352233E-05   9.4705262919385437E-05   9.4705262919204971E-05   9.4705262919208319E-05   9.4705262919492163E-05   9.4705262919137751E-05   9.4705262919541806E-05   9.4705262919169436E-05   9.4705262919456316E-05
 9.4705262919357532E-05   9.4705262919190321E-05   9.4705262919163677E-05   9.4705262919052912E-05   9.4705262918883708E-05   9.4705262919166373E-05   9.4705262919099546E-05   9.4705262919081033E-05   9.4705262918916695E-05   9.4705262918735905E-05   9.4705262918674390E-05
 9.4705262918806418E-05   9.4705262918899578E-05   9.4705262918391860E-05   9.4705262918534311E-05   9.4705262918345023E-05   9.4705262918213699E-05   9.4705262918635209E-05   9.4705262918201108E-05   9.4705262918145733E-05   9.4705262918033802E-05   9.4705262918050079E-05
 9.4705262917950075E-05   9.4705262917909797E-05   9.4705262917561876E-05   9.4705262917343843E-05   9.4705262917279672E-05   9.4705262916979118E-05   9.4754141528407247E-05   9.4754141528937612E-05   9.4754141528873075E-05   9.4754141529117345E-05   9.4754141529108482E-05
 9.4754141528793359E-05   9.4754141529040218E-05   9.4754141528814799E-05   9.4754141528989518E-05   9.4754141529010497E-05   9.4754141528899556E-05   9.4754141528751115E-05   9.4754141528858194E-05   9.4754141528820382E-05   9.4754141528836428E-05   9.4754141528760467E-05
 9.4754141528704874E-05   9.4754141528535102E-05   9.4754141528643291E-05   9.4754141528442267E-05   9.4754141528427833E-05   9.4754141528434650E-05   9.4754141528544832E-05   9.4754141528368067E-05   9.4754141528343293E-05   9.4754141528341693E-05   9.4754141528142160E-05
 9.4754141528078924E-05   9.4754141528100472E-05   9.4754141528022166E-05   9.4754141527865431E-05   9.4754141527938628E-05   9.4754141527840114E-05   9.4754141527647872E-05   9.4754141527664799E-05   9.4754141527481881E-05   9.4754141527516453E-05   9.4754141527484225E-05
 9.4754141527363879E-05   9.4754141527362320E-05   9.4891107650160999E-05   9.4891107650622937E-05   9.4891107650507591E-05   9.4891107650802887E-05   9.4891107650363880E-05   9.4891107650409186E-05   9.4891107650656750E-05   9.4891107650627355E-05   9.4891107650614914E-05
 9.4891107650650557E-05   9.4891107650629930E-05   9.4891107650650909E-05   9.4891107650683977E-05   9.4891107650689574E-05   9.4891107650710920E-05   9.4891107650572453E-05   9.4891107650531051E-05   9.4891107650371741E-05   9.4891107650321894E-05   9.4891107650352374E-05
 9.4891107650280681E-05   9.4891107650062255E-05   9.4891107650069777E-05   9.4891107650136076E-05   9.4891107650083139E-05   9.4891107650041709E-05   9.4891107650043905E-05   9.4891107649930308E-05   9.4891107649641490E-05   9.4891107649806153E-05   9.4891107649731343E-05
 9.4891107649534018E-05   9.4891107649596306E-05   9.4891107649554049E-05   9.4891107649562980E-05   9.4891107649487506E-05   9.4891107649436399E-05   9.4891107649136102E-05   9.4891107648953170E-05   9.4891107648736913E-05   9.2335593139192035E-05   9.2335593138865649E-05
 9.2335593138811697E-05   9.2335593138757026E-05   9.2335593138473507E-05   9.2335593138453585E-05   9.2335593138397965E-05   9.2335593138606010E-05   9.2335593138413496E-05   9.2335593138504393E-05   9.2335593138659651E-05   9.2335593138618709E-05   9.2335593138703669E-05
 9.2335593138780228E-05   9.2335593138725625E-05   9.2335593138958213E-05   9.2335593139133366E-05   9.2335593139067175E-05   9.2335593139292825E-05   9.2335593139395268E-05   9.2335593139495367E-05   9.2335593139544102E-05   9.2335593139608978E-05   9.2335593139722426E-05
 9.2335593140012830E-05   9.2335593140153492E-05   9.2335593140247140E-05   9.2335593140433961E-05   9.2335593140834831E-05   9.2335593140931339E-05   9.2335593140684019E-05   9.2335593141202417E-05   9.2335593141100515E-05   9.2335593141208068E-05   9.2335593141269163E-05
 9.2335593141476625E-05   9.2335593141564567E-05   9.2335593141887632E-05   9.2335593142069494E-05   9.2335593142056822E-05
 1.2562344526401113E-02   1.3050383136138188E-02   1.3975424859373687E-02   1.5258194519667130E-02   1.6817030058842140E-02   1.8582585934148133E-02   2.0501524333570907E-02   2.2534695471649935E-02   2.4653853654145026E-02   2.6838638191979861E-02   2.9074258374032515E-02
 3.1349840509961133E-02   3.3657280044590655E-02   3.5990450122219922E-02   3.8344654125444917E-02   4.0716243687255828E-02   4.3102349123916667E-02   4.5500686808003246E-02   4.7909419741841999E-02   5.0327055347993491E-02   5.2752369615022984E-02   5.5184350136610286E-02
 5.7622152858080547E-02   6.0065068883669824E-02   6.2512498750249931E-02   6.4963932300931421E-02   6.7418932800809003E-02   6.9877124296868431E-02   7.2338181481151440E-02   7.4801821501885898E-02   7.7267797302627950E-02   7.9735892169085318E-02   8.2205915237286917E-02
 8.4677697772199745E-02   8.7151090067766807E-02   8.9625958851216755E-02   9.2102185098943218E-02   9.4579662190134722E-02   9.7058294339020815E-02   9.9537995258092288E-02   3.7520827549509091E-02   3.7687033579203340E-02   3.8017265814363876E-02   3.8507304501873410E-02
 3.9151149408414569E-02   3.9941363271676147E-02   4.0869456810679543E-02   4.1926274578121057E-02   4.3102349123916674E-02   4.4388202261411762E-02   4.5774583559001387E-02   4.7252645428589500E-02   4.8814060474416596E-02   5.0451090176526422E-02   5.2156615112562671E-02
 5.3924136525307483E-02   5.5747757802444398E-02   5.7622152858080554E-02   5.9542526819072773E-02   6.1504573000712721E-02   6.3504428979402699E-02   6.5538633644591643E-02   6.7604086414949804E-02   6.9698009297253255E-02   7.1817912111116128E-02   7.3961560962435072E-02
 7.6126949892925580E-02   7.8312275538385434E-02   8.0515914575939596E-02   8.2736403716864554E-02   8.4972421996786701E-02   8.7222775122097557E-02   8.9486381645477217E-02   9.1762260761164782E-02   9.4049521529883398E-02   9.6347353362715688E-02   9.8655017611878212E-02
 1.0097184013377196E-01   1.0329720470564535E-01   1.0563054719161499E-01   6.2512498750249931E-02   6.2612398931840965E-02   6.2811722632005559E-02   6.3109527806821691E-02   6.3504428979402686E-02   6.3994628680851026E-02   6.4577956765447447E-02   6.5251915680690942E-02
 6.6013729632554460E-02   6.6860395601581663E-02   6.7788734314781246E-02   6.8795439529085067E-02   6.9877124296868431E-02   7.1030363225876858E-02   7.2251730083092131E-02   7.3537830400413645E-02   7.4885329003750792E-02   7.6290972598335643E-02   7.7751607700419931E-02
 7.9264194312438446E-02   8.0825815801636058E-02   8.2433685468987730E-02   8.4085150294210695E-02   8.5777692321488810E-02   8.7508928115935691E-02   8.9276606678345471E-02   9.1078606159734357E-02   9.2912929670740663E-02   9.4777700436336820E-02   9.6671156504926539E-02
 9.8591645183554982E-02   1.0053761733798947E-01   1.0250762166785454E-01   1.0450029904263433E-01   1.0651437696386343E-01   1.0854866420182240E-01   1.1060204564111822E-01   1.1267347735824966E-01   1.1476198194524177E-01   1.1686664408632602E-01   8.7508928115935705E-02
 8.7580320278016807E-02   8.7722930297613758E-02   8.7936411684807800E-02   8.8220249942969453E-02   8.8573768690284382E-02   8.8996137556637822E-02   8.9486381645477217E-02   9.0043392317260024E-02   9.0665939028942960E-02   9.1352681952967321E-02   9.2102185098943246E-02
 9.2912929670740663E-02   9.3783327409513478E-02   9.4711733697573089E-02   9.5696460227116031E-02   9.6735787069729282E-02   9.7827974015615812E-02   9.8971271084087847E-02   1.0016392813782815E-01   1.0140420356178535E-01   1.0269037199270437E-01   1.0402073110683274E-01
 1.0539360749115670E-01   1.0680736163766991E-01   1.0826039211087313E-01   1.0975113894625423E-01   1.1127808634228036E-01   1.1283976471085005E-01   1.1443475215160821E-01   1.1606167541441059E-01   1.1771921041189497E-01   1.1940608234089251E-01   1.2112106546757258E-01
 1.2286298262698982E-01   1.2463070448328534E-01   1.2642314859233653E-01   1.2823927830426995E-01   1.3007810153903693E-01   1.3193866946426283E-01   1.1250694423012297E-01   1.1256248264852727E-01   1.1267347735824966E-01   1.1283976471085005E-01   1.1306110073761001E-01
 1.1333716292549413E-01   1.1366755253809242E-01   1.1405179744309162E-01   1.1448935540040393E-01   1.1497961775897501E-01   1.1552191350562023E-01   1.1611551360606386E-01   1.1675963557668378E-01   1.1745344822524369E-01   1.1819607650002600E-01   1.1898660638912263E-01
 1.1982408981502843E-01   1.2070754947392480E-01   1.2163598357394081E-01   1.2260837043203862E-01   1.2362367289479795E-01   1.2468084255409891E-01   1.2577882373436319E-01   1.2691655723348313E-01   1.2809298380473461E-01   1.2930704737175000E-01   1.3055769797296518E-01
 1.3184389443580616E-01   1.3316460678423528E-01   1.3451881838612767E-01   1.3590552784931156E-01   1.3732375067700417E-01   1.3877252069484075E-01   1.4025089126276524E-01   1.4175793628576852E-01   1.4329275103786654E-01   1.4485445281385037E-01   1.4644218142324977E-01
 1.4805509954067778E-01   1.4969239292629402E-01   1.3750568170079375E-01   1.3755112685834311E-01   1.3764197215965776E-01   1.3777812779973461E-01   1.3795945962492026E-01   1.3818578979041224E-01   1.3845689762521765E-01   1.3877252069484075E-01   1.3913235604991386E-01
 1.3953606164715987E-01   1.3998325792751076E-01   1.4047352953492698E-01   1.4100642715848097E-01   1.4158146947958974E-01   1.4219814520590626E-01   1.4285591517329621E-01   1.4355421449752007E-01   1.4429245475768995E-01   1.4507002619424869E-01   1.4588629990509736E-01
 1.4674063002454366E-01   1.4763235587092691E-01   1.4856080405005892E-01   1.4952529050297814E-01   1.5052512248790897E-01   1.5155960048772893E-01   1.5262802003564091E-01   1.5372967345311056E-01   1.5486385149543455E-01   1.5602984490154440E-01   1.5722694584580596E-01
 1.5845444929064001E-01   1.5971165423975797E-01   1.6099786489267490E-01   1.6231239170192768E-01   1.6365455233509393E-01   1.6502367254427469E-01   1.6641908694617935E-01   1.6784013971633843E-01   1.6928618520127389E-01   1.6250480762119010E-01   1.6254326347160622E-01
 1.6262014789072110E-01   1.6273540641175785E-01   1.6288895757539859E-01   1.6308069321657914E-01   1.6331047884321448E-01   1.6357815410378002E-01   1.6388353333999117E-01   1.6422640622019347E-01   1.6460653844850759E-01   1.6502367254427469E-01   1.6547752868592158E-01
 1.6596780561301641E-01   1.6649418158001800E-01   1.6705631535503232E-01   1.6765384725678084E-01   1.6828640022295327E-01   1.6895358090315815E-01   1.6965498076979646E-01   1.7039017724035621E-01   1.7115873480485885E-01   1.7196020615247007E-01   1.7279413329161383E-01
 1.7366004865829102E-01   1.7455747620769499E-01   1.7548593248462968E-01   1.7644492766866382E-01   1.7743396659039104E-01   1.7845254971560368E-01   1.7950017409462310E-01   1.8057633427445580E-01   1.8168052317185793E-01   1.8281223290578780E-01   1.8397095558810364E-01
 1.8515618407171822E-01   1.8636741265575374E-01   1.8760413774754545E-01   1.8886585848162182E-01   1.9015207729604219E-01   1.8750416662037142E-01   1.8753749625074981E-01   1.8760413774754542E-01   1.8770405563013284E-01   1.8783719679552291E-01   1.8800349065908326E-01
 1.8820284934081100E-01   1.8843516789601669E-01   1.8870032458901601E-01   1.8899818120817988E-01   1.8932858342046505E-01   1.8969136116333818E-01   1.9008632907181935E-01   1.9051328693820807E-01   1.9097202020191334E-01   1.9146230046669763E-01   1.9198388604255306E-01
 1.9253652250936704E-01   1.9311994329949456E-01   1.9373387029634234E-01   1.9437801444607875E-01   1.9505207637961713E-01   1.9575574704207283E-01   1.9648870832696722E-01   1.9725063371254350E-01   1.9804118889766339E-01   1.9886003243487615E-01   1.9970681635838072E-01
 2.0058118680474499E-01   2.0148278462439415E-01   2.0241124598203530E-01   2.0336620294434374E-01   2.0434728405339769E-01   2.0535411488450872E-01   2.0638631858725520E-01   2.0744351640868414E-01   2.0852532819779951E-01   2.0963137289060529E-01   2.1076126897511319E-01
 2.1191463493586279E-01   2.1250367643878543E-01   2.1253308565962151E-01   2.1259189189618688E-01   2.1268007076357676E-01   2.1279758574758317E-01   2.1294438828013293E-01   2.1312041783930513E-01   2.1332560207345017E-01   2.1355985694881893E-01   2.1382308692000498E-01
 2.1411518512240091E-01   2.1443603358577590E-01   2.1478550346799480E-01   2.1516345530781944E-01   2.1556973929566275E-01   2.1600419556110481E-01   2.1646665447592617E-01   2.1695693697137231E-01   2.1747485486832727E-01   2.1802021121905191E-01   2.1859280065912512E-01
 2.1919240976822169E-01   2.1981881743836221E-01   2.2047179524828114E-01   2.2115110784257899E-01   2.2185651331434922E-01   2.2258776359000512E-01   2.2334460481507049E-01   2.2412677773974266E-01   2.2493401810308730E-01   2.2576605701477803E-01   2.2662262133335234E-01
 2.2750343404001622E-01   2.2840821460709335E-01   2.2933667936028029E-01   2.3028854183393496E-01   2.3126351311869325E-01   2.3226130220077559E-01   2.3328161629241173E-01   2.3432416115287816E-01   2.3750328945090426E-01   2.3752960341818449E-01   2.3758222260935266E-01
 2.3766112955214197E-01   2.3776629807439070E-01   2.3789769334737151E-01   2.3805527194330314E-01   2.3823898190682399E-01   2.3844876284015401E-01   2.3868454600162115E-01   2.3894625441718059E-01   2.3923380300450856E-01   2.3954709870921001E-01   2.3988604065263991E-01
 2.4025052029079980E-01   2.4064042158373974E-01   2.4105562117486498E-01   2.4149598857952073E-01   2.4196138638220768E-01   2.4245167044176041E-01   2.4296669010380828E-01   2.4350628841982705E-01   2.4407030237208296E-01   2.4465856310376713E-01   2.4527089615362033E-01
 2.4590712169435031E-01   2.4656705477415267E-01   2.4725050556065606E-01   2.4795727958662558E-01   2.4868717799677570E-01   2.4943999779506093E-01   2.5021553209183478E-01   2.5101357035029004E-01   2.5183389863161793E-01   2.5267629983835049E-01   2.5354055395537811E-01
 2.5442643828816219E-01   2.5533372769769375E-01   2.5626219483177776E-01   2.5721161035225454E-01   2.6250297617360457E-01   2.6252678434780707E-01   2.6257439422000006E-01   2.6264579284656359E-01   2.6274096083405041E-01   2.6285987236548680E-01   2.6300249523531138E-01
 2.6316879089284123E-01   2.6335871449412873E-01   2.6357221496204791E-01   2.6380923505442339E-01   2.6406971143999081E-01   2.6435357478195753E-01   2.6466074982890830E-01   2.6499115551278313E-01   2.6534470505363394E-01   2.6572130607085315E-01   2.6612086070054708E-01
 2.6654326571871967E-01   2.6698841266991347E-01   2.6745618800095089E-01   2.6794647319940601E-01   2.6845914493643164E-01   2.6899407521356306E-01   2.6955113151311388E-01   2.7013017695178004E-01   2.7073107043706673E-01   2.7135366682615514E-01   2.7199781708682885E-01
 2.7266336846008488E-01   2.7335016462405870E-01   2.7405804585890198E-01   2.7478684921225760E-01   2.7553640866498930E-01   2.7630655529682968E-01   2.7709711745162563E-01   2.7790792090186994E-01   2.7873878901222199E-01   2.7958954290173299E-01   2.8046000160450690E-01
 2.8750271737846239E-01   2.8752445548161637E-01   2.8756792675818355E-01   2.8763312135426966E-01   2.8772002450298800E-01   2.8782861654116326E-01   2.8795887293153516E-01   2.8811076429040278E-01   2.8828425642063776E-01   2.8847931034997992E-01   2.8869588237451538E-01
 2.8893392410722563E-01   2.8919338253148191E-01   2.8947420005934899E-01   2.8977631459455072E-01   2.9009965959993822E-01   2.9044416416929436E-01   2.9080975310329604E-01   2.9119634698944974E-01   2.9160386228580720E-01   2.9203221140826230E-01   2.9248130282122309E-01
 2.9295104113144915E-01   2.9344132718483951E-01   2.9395205816595332E-01   2.9448312770004331E-01   2.9503442595737878E-01   2.9560583975963672E-01   2.9619725268813690E-01   2.9680854519369892E-01   2.9743959470790032E-01   2.9809027575551678E-01   2.9876046006792806E-01
 2.9945001669727789E-01   3.0015881213117834E-01   3.0088671040775467E-01   3.0163357323083251E-01   3.0239926008507362E-01   3.0318362835087254E-01   3.0398653341883425E-01   3.1250249999000007E-01   3.1252249919005831E-01   3.1256249375124967E-01   3.1262247599940729E-01
 3.1270243443248086E-01   3.1280235373155363E-01   3.1292221477549337E-01   3.1306199465920481E-01   3.1322166671544294E-01   3.1340120054013831E-01   3.1360056202118008E-01   3.1381971337059117E-01   3.1405861316002781E-01   3.1431721635952425E-01   3.1459547437940044E-01
 3.1489333511524181E-01   3.1521074299585666E-01   3.1554763903410843E-01   3.1590396088051825E-01   3.1627964287952520E-01   3.1667461612829029E-01   3.1708880853792365E-01   3.1752214489701341E-01   3.1797454693732957E-01   3.1844593340157445E-01   3.1893622011305017E-01
 3.1944532004710918E-01   3.1997314340425509E-01   3.2051959768475935E-01   3.2108458776465743E-01   3.2166801597299038E-01   3.2226978217015634E-01   3.2288978382723726E-01   3.2352791610616849E-01   3.2418407194061832E-01   3.2485814211744796E-01   3.2555001535862349E-01
 3.2625957840345471E-01   3.2698671609103636E-01   3.2773131144277318E-01   3.3750231480687654E-01   3.3752083269036892E-01   3.3755786540976945E-01   3.3761340687241675E-01   3.3768744794558181E-01   3.3777997646396984E-01   3.3789097723970080E-01   3.3802043207474902E-01
 3.3816831977581818E-01   3.3833461617162380E-01   3.3851929413255016E-01   3.3872232359264426E-01   3.3894367157390626E-01   3.3918330221283005E-01   3.3944117678914565E-01   3.3971725375670869E-01   3.4001148877648241E-01   3.4032383475154954E-01   3.4065424186409304E-01
 3.4100265761427728E-01   3.4136902686096171E-01   3.4175329186417502E-01   3.4215539232927489E-01   3.4257526545271771E-01   3.4301284596936016E-01   3.4346806620121179E-01   3.4394085610755815E-01   3.4443114333637137E-01   3.4493885327692503E-01   3.4546390911352809E-01
 3.4600623188029433E-01   3.4656574051686068E-01   3.4714235192497045E-01   3.4773598102583519E-01   3.4834654081819155E-01   3.4897394243696767E-01   3.4961809521247611E-01   3.5027890673005135E-01   3.5095628289004888E-01   3.5165012796812689E-01   3.6250215516600731E-01
 3.6251939603281924E-01   3.6255387530682942E-01   3.6260558807056464E-01   3.6267452695219726E-01   3.6276068213079549E-01   3.6286404134331085E-01   3.6298458989329013E-01   3.6312231066129774E-01   3.6327718411703208E-01   3.6344918833311490E-01   3.6363829900053157E-01
 3.6384448944569714E-01   3.6406773064911979E-01   3.6430799126563229E-01   3.6456523764615850E-01   3.6483943386097950E-01   3.6513054172446330E-01   3.6543852082121836E-01   3.6576332853362986E-01   3.6610492007073608E-01   3.6646324849839995E-01   3.6683826477072978E-01
 3.6722991776270086E-01   3.6763815430392971E-01   3.6806291921354972E-01   3.6850415533613734E-01   3.6896180357863606E-01   3.6943580294822537E-01   3.6992609059108017E-01   3.7043260183196625E-01   3.7095527021461772E-01   3.7149402754283956E-01   3.7204880392228118E-01
 3.7261952780282470E-01   3.7320612602153252E-01   3.7380852384609964E-01   3.7442664501875400E-01   3.7506041180055250E-01   3.7570974501601639E-01   3.8750201612378743E-01   3.8751814473647556E-01   3.8755039994818741E-01   3.8759877773285095E-01   3.8766327205449841E-01
 3.8774387487102879E-01   3.8784057613921730E-01   3.8795336382096240E-01   3.8808222389076263E-01   3.8822714034441230E-01   3.8838809520890316E-01   3.8856506855351780E-01   3.8875803850209967E-01   3.8896698124648066E-01   3.8919187106104874E-01   3.8943268031843453E-01
 3.8968937950629345E-01   3.8996193724516248E-01   3.9025032030736378E-01   3.9055449363693157E-01   3.9087442037053288E-01   3.9121006185935459E-01   3.9156137769192717E-01   3.9192832571785369E-01   3.9231086207241322E-01   3.9270894120200522E-01   3.9312251589040281E-01
 3.9355153728577918E-01   3.9399595492847389E-01   3.9445571677946312E-01   3.9493076924949772E-01   3.9542105722887344E-01   3.9592652411779639E-01   3.9644711185730691E-01   3.9698276096072488E-01   3.9753341054557917E-01   3.9809899836598434E-01   3.9867946084542655E-01
 3.9927473310992273E-01   3.9988474902151500E-01   4.1250189393504610E-01   4.1251704510238124E-01   4.1254734576773128E-01   4.1259279259337533E-01   4.1265338057502937E-01   4.1272910304459998E-01   4.1281995167385022E-01   4.1292591647897331E-01   4.1304698582606802E-01
 4.1318314643750903E-01   4.1333438339920386E-01   4.1350068016872721E-01   4.1368201858432285E-01   4.1387837887476081E-01   4.1408973967003820E-01   4.1431607801291037E-01   4.1455736937123677E-01   4.1481358765112797E-01   4.1508470521087626E-01   4.1537069287565298E-01
 4.1567151995295520E-01   4.1598715424878213E-01   4.1631756208452225E-01   4.1666270831453112E-01   4.1702255634437813E-01   4.1739706814974159E-01   4.1778620429592939E-01   4.1818992395800264E-01   4.1860818494147967E-01   4.1904094370359568E-01   4.1948815537509521E-01
 4.1994977378253229E-01   4.2042575147105349E-01   4.2091603972763980E-01   4.2142058860478099E-01   4.2193934694455792E-01   4.2247226240310742E-01   4.2301928147544293E-01   4.2358034952060752E-01   4.2415541078713126E-01   4.3750178571064141E-01   4.3751607113339275E-01
 4.3754464057967846E-01   4.3758749125174956E-01   4.3764461895469481E-01   4.3771601809849270E-01   4.3780168170074452E-01   4.3790160139008399E-01   4.3801576741026116E-01   4.3814416862489453E-01   4.3828679252288677E-01   4.3844362522449792E-01   4.3861465148806872E-01
 4.3879985471738708E-01   4.3899921696968891E-01   4.3921271896428499E-01   4.3944034009180361E-01   4.3968205842403896E-01   4.3993785072439495E-01   4.4020769245891195E-01   4.4049155780786536E-01   4.4078941967792284E-01   4.4110124971484721E-01   4.4142701831673148E-01
 4.4176669464775181E-01   4.4212024665242372E-01   4.4248764107034677E-01   4.4286884345142186E-01   4.4326381817152638E-01   4.4367252844862959E-01   4.4409493635933295E-01   4.4453100285581881E-01   4.4498068778318906E-01   4.4544394989717845E-01   4.4592074688222344E-01
 4.4641103536987076E-01   4.4691477095750592E-01   4.4743190822738604E-01   4.4796240076595717E-01   4.4850620118343959E-01   4.6250168918610451E-01   4.6251520245284911E-01   4.6254222780195975E-01   4.6258276286519801E-01   4.6263680409150332E-01   4.6270434674854743E-01
 4.6278538492480509E-01   4.6287991153213814E-01   4.6298791830889069E-01   4.6310939582349225E-01   4.6324433347856508E-01   4.6339271951553146E-01   4.6355454101971649E-01   4.6372978392594111E-01   4.6391843302459973E-01   4.6412047196821649E-01   4.6433588327847336E-01
 4.6456464835370331E-01   4.6480674747684120E-01   4.6506215982382404E-01   4.6533086347243297E-01   4.6561283541156812E-01   4.6590805155094717E-01   4.6621648673121807E-01   4.6653811473447698E-01   4.6687290829518047E-01   4.6722083911144208E-01   4.6758187785670224E-01
 4.6795599419176159E-01   4.6834315677716487E-01   4.6874333328592527E-01   4.6915649041657737E-01   4.6958259390654589E-01   4.7002160854581998E-01   4.7047349819091833E-01   4.7093822577913552E-01   4.7141575334305497E-01   4.7190604202531677E-01   4.7240905209362788E-01
 4.7292474295600145E-01   4.8750160256146857E-01   4.8751442286357027E-01   4.8754006245640985E-01   4.8757851931765822E-01   4.8762979041481874E-01   4.8769387170642203E-01   4.8777075814361814E-01   4.8786044367216336E-01   4.8796292123480045E-01   4.8807818277403059E-01
 4.8820621923527363E-01   4.8834702057041368E-01   4.8850057574172834E-01   4.8866687272619580E-01   4.8884589852017785E-01   4.8903763914447324E-01   4.8924207964973743E-01   4.8945920412226396E-01   4.8968899569012170E-01   4.8993143652964344E-01   4.9018650787225881E-01
 4.9045419001166668E-01   4.9073446231134005E-01   4.9102730321235705E-01   4.9133269024155113E-01   4.9165060001997357E-01   4.9198100827166086E-01   4.9232388983269953E-01   4.9267921866058045E-01   4.9304696784383539E-01   4.9342710961194669E-01   4.9381961534552277E-01
 4.9422445558673039E-01   4.9464160004997559E-01   4.9507101763282413E-01   4.9551267642715258E-01   4.9596654373052224E-01   4.9643258605776480E-01   4.9691076915277260E-01   4.9740105800048318E-01   5.1250152438797691E-01   5.1251371932856604E-01   5.1253810833927282E-01
 5.1257468967946518E-01   5.1262346073897169E-01   5.1268441803901166E-01   5.1275755723343575E-01   5.1284287311027354E-01   5.1294035959358875E-01   5.1305000974563886E-01   5.1317181576933868E-01   5.1330576901102531E-01   5.1345185996352194E-01   5.1361007826949823E-01
 5.1378041272512531E-01   5.1396285128402042E-01   5.1415738106148012E-01   5.1436398833899721E-01   5.1458265856905838E-01   5.1481337638021807E-01   5.1505612558244573E-01   5.1531088917274015E-01   5.1557764934100869E-01   5.1585638747620455E-01   5.1614708417271926E-01
 5.1644971923702321E-01   5.1676427169455130E-01   5.1709071979682641E-01   5.1742904102881593E-01   5.1777921211651601E-01   5.1814120903475736E-01   5.1851500701522624E-01   5.1890058055469557E-01   5.1929790342345894E-01   5.1970694867396194E-01   5.2012768864962389E-01
 5.2056009499384426E-01   5.2100413865918582E-01   5.2145978991672992E-01   5.2192701836559496E-01   5.3750145348640688E-01   5.3751308123616859E-01   5.3753633598111294E-01   5.3757121621232662E-01   5.3761771966705107E-01   5.3767584332941720E-01   5.3774558343142154E-01
 5.3782693545414773E-01   5.3791989412922814E-01   5.3802445344054761E-01   5.3814060662618646E-01   5.3826834618060160E-01   5.3840766385704431E-01   5.3855855067021263E-01   5.3872099689913699E-01   5.3889499209029579E-01   5.3908052506095960E-01   5.3927758390276148E-01
 5.3948615598548955E-01   5.3970622796110101E-01   5.3993778576795304E-01   5.4018081463524781E-01   5.4043529908768906E-01   5.4070122295034617E-01   5.4097856935372224E-01   5.4126732073902262E-01   5.4156745886362112E-01   5.4187896480671760E-01   5.4220181897518560E-01
 5.4253600110960376E-01   5.4288149029046839E-01   5.4323826494458205E-01   5.4360630285161338E-01   5.4398558115082418E-01   5.4437607634796004E-01   5.4477776432229685E-01   5.4519062033384247E-01   5.4561461903068542E-01   5.4604973445648697E-01   5.4649594005811242E-01
 5.6250138888717416E-01   5.6251249986111418E-01   5.6253472115061487E-01   5.6256805143911259E-01   5.6261248875224945E-01   5.6266803045845781E-01   5.6273467326973903E-01   5.6281241324263631E-01   5.6290124577939959E-01   5.6300116562934399E-01   5.6311216689039845E-01
 5.6323424301084535E-01   5.6336738679124831E-01   5.6351159038656873E-01   5.6366684530846767E-01   5.6383314242779303E-01   5.6401047197724974E-01   5.6419882355425022E-01   5.6439818612394566E-01   5.6460854802243299E-01   5.6482989696013786E-01   5.6506222002537032E-01
 5.6530550368805010E-01   5.6555973380360103E-01   5.6582489561700977E-01   5.6610097376704804E-01   5.6638795229065386E-01   5.6668581462747059E-01   5.6699454362453960E-01   5.6731412154114402E-01   5.6764453005380044E-01   5.6798575026139519E-01   5.6833776269046210E-01
 5.6870054730059827E-01   5.6907408349001454E-01   5.6945835010121681E-01   5.6985332542681544E-01   5.7025898721545809E-01   5.7067531267788341E-01   5.7110227849309092E-01   5.8750132978572911E-01   5.8751196796320670E-01   5.8753324374030114E-01   5.8756515596144743E-01
 5.8760770289369080E-01   5.8766088222715662E-01   5.8772469107567704E-01   5.8779912597757411E-01   5.8788418289659750E-01   5.8797985722301749E-01   5.8808614377487256E-01   5.8820303679936914E-01   5.8833052997443547E-01   5.8846861641042514E-01   5.8861728865197294E-01
 5.8877653867999868E-01   5.8894635791385963E-01   5.8912673721364917E-01   5.8931766688264153E-01   5.8951913666987954E-01   5.8973113577290459E-01   5.8995365284062784E-01   5.9018667597633889E-01   5.9043019274085240E-01   5.9068419015578877E-01   5.9094865470698899E-01
 5.9122357234805856E-01   5.9150892850404213E-01   5.9180470807522312E-01   5.9211089544104833E-01   5.9242747446417443E-01   5.9275442849463389E-01   5.9309174037411783E-01   5.9343939244037391E-01   5.9379736653171511E-01   5.9416564399163985E-01   5.9454420567355637E-01
 5.9493303194561320E-01   5.9533210269562997E-01   5.9574139733612608E-01   6.1250127550887601E-01   6.1251147948426243E-01   6.1253188692508087E-01   6.1256249681154984E-01   6.1260330761431581E-01   6.1265431729483477E-01   6.1271552330588142E-01   6.1278692259218459E-01
 6.1286851159118960E-01   6.1296028623394527E-01   6.1306224194611769E-01   6.1317437364912775E-01   6.1329667576141322E-01   6.1342914219981437E-01   6.1357176638108124E-01   6.1372454122350373E-01   6.1388745914866194E-01   6.1406051208329626E-01   6.1424369146129620E-01
 6.1443698822580672E-01   6.1464039283145078E-01   6.1485389524666756E-01   6.1507748495616399E-01   6.1531115096347810E-01   6.1555488179365458E-01   6.1580866549602897E-01   6.1607248964711947E-01   6.1634634135362565E-01   6.1663020725553175E-01   6.1692407352931211E-01
 6.1722792589123843E-01   6.1754174960078612E-01   6.1786552946413842E-01   6.1819924983778496E-01   6.1854289463221557E-01   6.1889644731570415E-01   6.1925989091818312E-01   6.1963320803520539E-01   6.2001638083199062E-01   6.2040939104755666E-01   6.3750122548901822E-01
 6.3751102931635628E-01   6.3753063651874808E-01   6.3756004619172935E-01   6.3759925697886444E-01   6.3764826707205913E-01   6.3770707421197714E-01   6.3777567568856064E-01   6.3785406834165448E-01   6.3794224856173309E-01   6.3804021229073027E-01   6.3814795502297117E-01
 6.3826547180620707E-01   6.3839275724274946E-01   6.3852980549070693E-01   6.3867661026532052E-01   6.3883316484039876E-01   6.3899946204985181E-01   6.3917549428932274E-01   6.3936125351791540E-01   6.3955673126001888E-01   6.3976191860722698E-01   6.3997680622035058E-01
 6.4020138433152429E-01   6.4043564274640430E-01   6.4067957084645688E-01   6.4093315759133573E-01   6.4119639152134977E-01   6.4146926076001498E-01   6.4175175301669418E-01   6.4204385558932042E-01   6.4234555536720273E-01   6.4265683883391456E-01   6.4297769207026156E-01
 6.4330810075732769E-01   6.4364805017959936E-01   6.4399752522816434E-01   6.4435651040398445E-01   6.4472498982124160E-01   6.4510294721075334E-01   6.6250117924423357E-01   6.6251061312253723E-01   6.6252948047615223E-01   6.6255778049918035E-01   6.6259551198298960E-01
 6.6264267331647164E-01   6.6269926248638611E-01   6.6276527707779032E-01   6.6284071427455338E-01   6.6292557085995718E-01   6.6301984321738072E-01   6.6312352733106983E-01   6.6323661878699081E-01   6.6335911277376758E-01   6.6349100408370276E-01   6.6363228711388067E-01
 6.6378295586735281E-01   6.6394300395440575E-01   6.6411242459390873E-01   6.6429121061474250E-01   6.6447935445730755E-01   6.6467684817511141E-01   6.6488368343643400E-01   6.6509985152606976E-01   6.6532534334714777E-01   6.6556014942302555E-01   6.6580425989925907E-01
 6.6605766454564586E-01   6.6632035275834112E-01   6.6659231356204529E-01   6.6687353561226292E-01   6.6716400719763058E-01   6.6746371624231393E-01   6.6777265030847144E-01   6.6809079659878579E-01   6.6841814195905858E-01   6.6875467288087054E-01   6.6910037550430357E-01
 6.6945523562072473E-01   6.6981923867562965E-01   6.8750113636269727E-01   6.8751022719665777E-01   6.8752840850396868E-01   6.8755567956348085E-01   6.8759203929364976E-01   6.8763748625274934E-01   6.8769201863915796E-01   6.8775563429171560E-01   6.8782833069015126E-01
 6.8791010495558214E-01   6.8800095385108295E-01   6.8810087378232565E-01   6.8820986079828872E-01   6.8832791059203757E-01   6.8845501850157209E-01   6.8859117951074567E-01   6.8873638825025063E-01   6.8889063899867298E-01   6.8905392568361445E-01   6.8922624188288129E-01
 6.8940758082574050E-01   6.8959793539424119E-01   6.8979729812460122E-01   6.9000566120865992E-01   6.9022301649539330E-01   6.9044935549249375E-01   6.9068466936801198E-01   6.9092894895206114E-01   6.9118218473858251E-01   6.9144436688717048E-01   6.9171548522495863E-01
 6.9199552924856389E-01   6.9228448812608823E-01   6.9258235069917862E-01   6.9288910548514182E-01   6.9320474067911564E-01   6.9352924415629369E-01   6.9386260347420370E-01   6.9420480587503863E-01   6.9455583828803857E-01   7.1250109649038440E-01   7.1250986835271279E-01
 7.1252741175340051E-01   7.1255372604456990E-01   7.1258881025455345E-01   7.1263266308807371E-01   7.1268528292648226E-01   7.1274666782805796E-01   7.1281681552836562E-01   7.1289572344067265E-01   7.1298338865642585E-01   7.1307980794578674E-01   7.1318497775822509E-01
 7.1329889422317205E-01   7.1342155315073008E-01   7.1355295003244157E-01   7.1369308004211451E-01   7.1384193803670581E-01   7.1399951855726063E-01   7.1416581582990935E-01   7.1434082376691876E-01   7.1452453596780008E-01   7.1471694572047195E-01   7.1491804600247710E-01
 7.1512782948225417E-01   7.1534628852046200E-01   7.1557341517135753E-01   7.1580920118422620E-01   7.1605363800486344E-01   7.1630671677710800E-01   7.1656842834442547E-01   7.1683876325154183E-01   7.1711771174612615E-01   7.1740526378052183E-01   7.1770140901352564E-01
 7.1800613681221415E-01   7.1831943625381600E-01   7.1864129612763006E-01   7.1897170493698848E-01   7.1931065090126389E-01   7.3750105932127319E-01   7.3750953383668205E-01   7.3752648257537168E-01   7.3755190495313616E-01   7.3758580009379249E-01   7.3762816682933141E-01
 7.3767900370011885E-01   7.3773830895514703E-01   7.3780608055233599E-01   7.3788231615888455E-01   7.3796701315167201E-01   7.3806016861770829E-01   7.3816177935463445E-01   7.3827184187127171E-01   7.3839035238822026E-01   7.3851730683850603E-01   7.3865270086827683E-01
 7.3879652983754607E-01   7.3894878882098458E-01   7.3910947260876048E-01   7.3927857570742583E-01   7.3945609234085019E-01   7.3964201645120187E-01   7.3983634169997359E-01   7.4003906146905518E-01   7.4025016886185180E-01   7.4046965670444598E-01   7.4069751754680535E-01
 7.4093374366403375E-01   7.4117832705766573E-01   7.4143125945700461E-01   7.4169253232050281E-01   7.4196213683718393E-01   7.4224006392810682E-01   7.4252630424786981E-01   7.4282084818615590E-01   7.4312368586931743E-01   7.4343480716199994E-01   7.4375420166880402E-01
 7.4408185873598609E-01   7.6250102458947566E-01   7.6250922125571707E-01   7.6252561432387311E-01   7.6255020326533263E-01   7.6258298728728546E-01   7.6262396533285004E-01   7.6267313608124421E-01   7.6273049794799741E-01   7.6279604908520604E-01   7.6286978738183109E-01
 7.6295171046403720E-01   7.6304181569557517E-01   7.6314010017820455E-01   7.6324656075215958E-01   7.6336119399665592E-01   7.6348399623043839E-01   7.6361496351237124E-01   7.6375409164206787E-01   7.6390137616056175E-01   7.6405681235101885E-01   7.6422039523948859E-01
 7.6439211959569553E-01   7.6457197993387127E-01   7.6475997051362465E-01   7.6495608534085147E-01   7.6516031816868302E-01   7.6537266249847213E-01   7.6559311158081889E-01   7.6582165841663175E-01   7.6605829575822759E-01   7.6630301611046803E-01   7.6655581173193132E-01
 7.6681667463612191E-01   7.6708559659271414E-01   7.6736256912883116E-01   7.6764758353035945E-01   7.6794063084329645E-01   7.6824170187513263E-01   7.6855078719626602E-01   7.6886787714145022E-01   7.8750099206286728E-01   7.8750892852081378E-01   7.8752480119676238E-01
 7.8754860961086093E-01   7.8758035304342133E-01   7.8762003053502905E-01   7.8766764088668784E-01   7.8772318266000030E-01   7.8778665417738591E-01   7.8785805352233351E-01   7.8793737853969092E-01   7.8802462683598928E-01   7.8811979577980418E-01   7.8822288250215122E-01
 7.8833388389691850E-01   7.8845279662133239E-01   7.8857961709646041E-01   7.8871434150774777E-01   7.8885696580558895E-01   7.8900748570593426E-01   7.8916589669093040E-01   7.8933219400959453E-01   7.8950637267852386E-01   7.8968842748263712E-01   7.8987835297595044E-01
 7.9007614348238631E-01   7.9028179309661450E-01   7.9049529568492705E-01   7.9071664488614390E-01   7.9094583411255170E-01   7.9118285655087361E-01   7.9142770516327021E-01   7.9168037268837232E-01   7.9194085164234340E-01   7.9220913431997253E-01   7.9248521279579731E-01
 7.9276907892525683E-01   7.9306072434587260E-01   7.9336014047845904E-01   7.9366731852836181E-01   8.1250096153789264E-01   8.1250865380006876E-01   8.1252403810595042E-01   8.1254711401862723E-01   8.1257788088281113E-01   8.1261633782492948E-01   8.1266248375324923E-01
 8.1271631735803118E-01   8.1277783711171647E-01   8.1284704126914309E-01   8.1292392786779255E-01   8.1300849472806869E-01   8.1310073945360550E-01   8.1320065943160669E-01   8.1330825183321487E-01   8.1342351361391074E-01   8.1354644151394329E-01   8.1367703205878927E-01
 8.1381528155964233E-01   8.1396118611393253E-01   8.1411474160587460E-01   8.1427594370704581E-01   8.1444478787699293E-01   8.1462126936386825E-01   8.1480538320509388E-01   8.1499712422805515E-01   8.1519648705082137E-01   8.1540346608289571E-01   8.1561805552599187E-01
 8.1584024937483934E-01   8.1607004141801454E-01   8.1630742523880062E-01   8.1655239421607229E-01   8.1680494152520899E-01   8.1706506013903202E-01   8.1733274282876989E-01   8.1760798216504704E-01   8.1789077051890002E-01   8.1818110006281619E-01   8.1847896277179899E-01
 8.3750093283530147E-01   8.3750839548030798E-01   8.3752332057083634E-01   8.3754570770794357E-01   8.3757555629328151E-01   8.3761286552917746E-01   8.3765763441874030E-01   8.3770986176599360E-01   8.3776954617603527E-01   8.3783668605522399E-01   8.3791127961139178E-01
 8.3799332485408262E-01   8.3808281959481790E-01   8.3817976144738782E-01   8.3828414782816929E-01   8.3839597595646886E-01   8.3851524285489287E-01   8.3864194534974223E-01   8.3877608007143356E-01   8.3891764345494602E-01   8.3906663174029272E-01   8.3922304097301803E-01
 8.3938686700472032E-01   8.3955810549359833E-01   8.3973675190502406E-01   8.3992280151213894E-01   8.4011624939647489E-01   8.4031709044859970E-01   8.4052531936878616E-01   8.4074093066770572E-01   8.4096391866714471E-01   8.4119427750074482E-01   8.4143200111476624E-01
 8.4167708326887458E-01   8.4192951753694922E-01   8.4218929730791525E-01   8.4245641578659725E-01   8.4273086599459501E-01   8.4301264077118088E-01   8.4330173277421883E-01   8.6250090579662586E-01   8.6250815213538712E-01   8.6252264463027295E-01   8.6254438291603297E-01
 8.6257336644484917E-01   8.6260959448640495E-01   8.6265306612797710E-01   8.6270378027455064E-01   8.6276173564895664E-01   8.6282693079203321E-01   8.6289936406280898E-01   8.6297903363870909E-01   8.6306593751578453E-01   8.6316007350896395E-01   8.6326143925232757E-01
 8.6337003219940411E-01   8.6348584962348984E-01   8.6360888861799012E-01   8.6373914609678315E-01   8.6387661879460542E-01   8.6402130326746007E-01   8.6417319589304553E-01   8.6433229287120827E-01   8.6449859022441444E-01   8.6467208379824545E-01   8.6485276926191323E-01
 8.6504064210879716E-01   8.6523569765700270E-01   8.6543793104993960E-01   8.6564733725692256E-01   8.6586391107379002E-01   8.6608764712354613E-01   8.6631853985702056E-01   8.6655658355354970E-01   8.6680177232167688E-01   8.6705410009987272E-01   8.6731356065727472E-01
 8.6758014759444568E-01   8.6785385434415174E-01   8.6813467417215862E-01   8.8750088028125373E-01   8.8750792249985022E-01   8.8752200676940973E-01   8.8754313275468488E-01   8.8757129995285455E-01   8.8760650769358385E-01   8.8764875513910357E-01   8.8769804128430985E-01
 8.8775436495688387E-01   8.8781772481743126E-01   8.8788811935964107E-01   8.8796554691046437E-01   8.8805000563031367E-01   8.8814149351328031E-01   8.8824000838737283E-01   8.8834554791477405E-01   8.8845810959211813E-01   8.8857769075078641E-01   8.8870428855722317E-01
 8.8883790001327023E-01   8.8897852195652072E-01   8.8912615106069182E-01   8.8928078383601661E-01   8.8944241662965462E-01   8.8961104562612092E-01   8.8978666684773389E-01   8.8996927615508181E-01   8.9015886924750698E-01   8.9035544166360892E-01   8.9055898878176520E-01
 8.9076950582066972E-01   8.9098698783988994E-01   8.9121142974044054E-01   8.9144282626537541E-01   8.9168117200039620E-01   8.9192646137447906E-01   8.9217868866051719E-01   8.9243784797598102E-01   8.9270393328359443E-01   8.9297693839202819E-01   9.1250085616398202E-01
 9.1250770544691850E-01   9.1252140385856162E-01   9.1254195109046921E-01   9.1256934668002088E-01   9.1260359001047120E-01   9.1264468031101798E-01   9.1269261665688972E-01   9.1274739796944926E-01   9.1280902301631539E-01   9.1287749041150101E-01   9.1295279861556933E-01
 9.1303494593580603E-01   9.1312393052641005E-01   9.1321975038870040E-01   9.1332240337133974E-01   9.1343188717057622E-01   9.1354819933050069E-01   9.1367133724332195E-01   9.1380129814965805E-01   9.1393807913884417E-01   9.1408167714925792E-01   9.1423208896866015E-01
 9.1438931123455303E-01   9.1455334043455339E-01   9.1472417290678409E-01   9.1490180484027916E-01   9.1508623227540709E-01   9.1527745110430869E-01   9.1547545707135169E-01   9.1568024577359985E-01   9.1589181266129915E-01   9.1611015303837795E-01   9.1633526206296367E-01
 9.1656713474791374E-01   9.1680576596136232E-01   9.1705115042728136E-01   9.1730328272605688E-01   9.1756215729507951E-01   9.1782776842934977E-01   9.3750083333296297E-01   9.3750749997000027E-01   9.3752083310185697E-01   9.3754083244411279E-01   9.3756749757017499E-01
 9.3760082791132382E-01   9.3764082275677396E-01   9.3768748125374912E-01   9.3774080240757363E-01   9.3780078508177844E-01   9.3786742799822198E-01   9.3794072973722598E-01   9.3802068873772715E-01   9.3810730329744263E-01   9.3820057157305126E-01   9.3830049158038920E-01
 9.3840706119466089E-01   9.3852027815066419E-01   9.3864014004303054E-01   9.3876664432648005E-01   9.3889978831609078E-01   9.3903956918758225E-01   9.3918598397761455E-01   9.3933902958410065E-01   9.3949870276653391E-01   9.3966500014632881E-01   9.3983791820717688E-01
 9.4001745329541619E-01   9.4020360162041494E-01   9.4039635925496867E-01   9.4059572213571119E-01   9.4080168606354020E-01   9.4101424670405498E-01   9.4123339958800867E-01   9.4145914011177356E-01   9.4169146353781930E-01   9.4193036499520488E-01   9.4217583948008343E-01
 9.4242788185621928E-01   9.4268648685551870E-01   9.6250081168796953E-01   9.6250730516708294E-01   9.6252029199388833E-01   9.6253977190555617E-01   9.6256574450787524E-01   9.6259820927529260E-01   9.6263716555096712E-01   9.6268261254683529E-01   9.6273454934369118E-01
 9.6279297489127957E-01   9.6285788800840189E-01   9.6292928738303529E-01   9.6300717157246551E-01   9.6309153900343247E-01   9.6318238797228850E-01   9.6327971664517054E-01   9.6338352305818475E-01   9.6349380511760430E-01   9.6361056060007977E-01   9.6373378715286306E-01
 9.6386348229404362E-01   9.6399964341279720E-01   9.6414226776964829E-01   9.6429135249674414E-01   9.6444689459814226E-01   9.6460889095010949E-01   9.6477733830143431E-01   9.6495223327375124E-01   9.6513357236187780E-01   9.6532135193416302E-01   9.6551556823284845E-01
 9.6571621737444180E-01   9.6592329535010180E-01   9.6613679802603525E-01   9.6635672114390558E-01   9.6658306032125352E-01   9.6681581105192937E-01   9.6705496870653640E-01   9.6730052853288573E-01   9.6755248565646301E-01   9.8750079113892364E-01   9.8750712022749487E-01
 9.8751977828294657E-01   9.8753876506190885E-01   9.8756408019935604E-01   9.8759572320864164E-01   9.8763369348154584E-01   9.8767799028833281E-01   9.8772861277782176E-01   9.8778555997746798E-01   9.8784883079345698E-01   9.8791842401080876E-01   9.8799433829349448E-01
 9.8807657218456502E-01   9.8816512410629032E-01   9.8825999236031004E-01   9.8836117512779709E-01   9.8846867046963105E-01   9.8858247632658347E-01   9.8870259051951515E-01   9.8882901074958363E-01   9.8896173459846259E-01   9.8910075952857301E-01   9.8924608288332383E-01
 9.8939770188736542E-01   9.8955561364685318E-01   9.8971981514972207E-01   9.8989030326597305E-01   9.9006707474796884E-01   9.9025012623074182E-01   9.9043945423231206E-01   9.9063505515401584E-01   9.9083692528084566E-01   9.9104506078179921E-01   9.9125945771024049E-01
 9.9148011200427011E-01   9.9170701948710638E-01   9.9194017586747640E-01   9.9217957674001744E-01   9.9242521758568791E-01
 1.2562344526401113E-02   1.3050383136138188E-02   1.3975424859373687E-02   1.5258194519667130E-02   1.6817030058842140E-02   1.8582585934148133E-02   2.0501524333570907E-02   2.2534695471649935E-02   2.4653853654145026E-02   2.6838638191979861E-02   2.9074258374032515E-02
 3.1349840509961133E-02   3.3657280044590655E-02   3.5990450122219922E-02   3.8344654125444917E-02   4.0716243687255828E-02   4.3102349123916667E-02   4.5500686808003246E-02   4.7909419741841999E-02   5.0327055347993491E-02   5.2752369615022984E-02   5.5184350136610286E-02
 5.7622152858080547E-02   6.0065068883669824E-02   6.2512498750249931E-02   6.4963932300931421E-02   6.7418932800809003E-02   6.9877124296868431E-02   7.2338181481151440E-02   7.4801821501885898E-02   7.7267797302627950E-02   7.9735892169085318E-02   8.2205915237286917E-02
 8.4677697772199745E-02   8.7151090067766807E-02   8.9625958851216755E-02   9.2102185098943218E-02   9.4579662190134722E-02   9.7058294339020815E-02   9.9537995258092288E-02   1.2562344526401113E-02   1.3050383136138188E-02   1.3975424859373687E-02   1.5258194519667130E-02
 1.6817030058842140E-02   1.8582585934148133E-02   2.0501524333570907E-02   2.2534695471649935E-02   2.4653853654145026E-02   2.6838638191979861E-02   2.9074258374032515E-02   3.1349840509961133E-02   3.3657280044590655E-02   3.5990450122219922E-02   3.8344654125444917E-02
 4.0716243687255828E-02   4.3102349123916667E-02   4.5500686808003246E-02   4.7909419741841999E-02   5.0327055347993491E-02   5.2752369615022984E-02   5.5184350136610286E-02   5.7622152858080547E-02   6.0065068883669824E-02   6.2512498750249931E-02   6.4963932300931421E-02
 6.7418932800809003E-02   6.9877124296868431E-02   7.2338181481151440E-02   7.4801821501885898E-02   7.7267797302627950E-02   7.9735892169085318E-02   8.2205915237286917E-02   8.4677697772199745E-02   8.7151090067766807E-02   8.9625958851216755E-02   9.2102185098943218E-02
 9.4579662190134722E-02   9.7058294339020815E-02   9.9537995258092288E-02   1.2562344526401113E-02   1.3050383136138188E-02   1.3975424859373687E-02   1.5258194519667130E-02   1.6817030058842140E-02   1.8582585934148133E-02   2.0501524333570907E-02   2.2534695471649935E-02
 2.4653853654145026E-02   2.6838638191979861E-02   2.9074258374032515E-02   3.1349840509961133E-02   3.3657280044590655E-02   3.5990450122219922E-02   3.8344654125444917E-02   4.0716243687255828E-02   4.3102349123916667E-02   4.5500686808003246E-02   4.7909419741841999E-02
 5.0327055347993491E-02   5.2752369615022984E-02   5.5184350136610286E-02   5.7622152858080547E-02   6.0065068883669824E-02   6.2512498750249931E-02   6.4963932300931421E-02   6.7418932800809003E-02   6.9877124296868431E-02   7.2338181481151440E-02   7.4801821501885898E-02
 7.7267797302627950E-02   7.9735892169085318E-02   8.2205915237286917E-02   8.4677697772199745E-02   8.7151090067766807E-02   8.9625958851216755E-02   9.2102185098943218E-02   9.4579662190134722E-02   9.7058294339020815E-02   9.9537995258092288E-02   1.2562344526401113E-02
 1.3050383136138188E-02   1.3975424859373687E-02   1.5258194519667130E-02   1.6817030058842140E-02   1.8582585934148133E-02   2.0501524333570907E-02   2.2534695471649935E-02   2.4653853654145026E-02   2.6838638191979861E-02   2.9074258374032515E-02   3.1349840509961133E-02
 3.3657280044590655E-02   3.5990450122219922E-02   3.8344654125444917E-02   4.0716243687255828E-02   4.3102349123916667E-02   4.5500686808003246E-02   4.7909419741841999E-02   5.0327055347993491E-02   5.2752369615022984E-02   5.5184350136610286E-02   5.7622152858080547E-02
 6.0065068883669824E-02   6.2512498750249931E-02   6.4963932300931421E-02   6.7418932800809003E-02   6.9877124296868431E-02   7.2338181481151440E-02   7.4801821501885898E-02   7.7267797302627950E-02   7.9735892169085318E-02   8.2205915237286917E-02   8.4677697772199745E-02
 8.7151090067766807E-02   8.9625958851216755E-02   9.2102185098943218E-02   9.4579662190134722E-02   9.7058294339020815E-02   9.9537995258092288E-02   1.2562344526401113E-02   1.3050383136138188E-02   1.3975424859373687E-02   1.5258194519667130E-02   1.6817030058842140E-02
 1.8582585934148133E-02   2.0501524333570907E-02   2.2534695471649935E-02   2.4653853654145026E-02   2.6838638191979861E-02   2.9074258374032515E-02   3.1349840509961133E-02   3.3657280044590655E-02   3.5990450122219922E-02   3.8344654125444917E-02   4.0716243687255828E-02
 4.3102349123916667E-02   4.5500686808003246E-02   4.7909419741841999E-02   5.0327055347993491E-02   5.2752369615022984E-02   5.5184350136610286E-02   5.7622152858080547E-02   6.0065068883669824E-02   6.2512498750249931E-02   6.4963932300931421E-02   6.7418932800809003E-02
 6.9877124296868431E-02   7.2338181481151440E-02   7.4801821501885898E-02   7.7267797302627950E-02   7.9735892169085318E-02   8.2205915237286917E-02   8.4677697772199745E-02   8.7151090067766807E-02   8.9625958851216755E-02   9.2102185098943218E-02   9.4579662190134722E-02
 9.7058294339020815E-02   9.9537995258092288E-02   1.2562344526401113E-02   1.3050383136138188E-02   1.3975424859373687E-02   1.5258194519667130E-02   1.6817030058842140E-02   1.8582585934148133E-02   2.0501524333570907E-02   2.2534695471649935E-02   2.4653853654145026E-02
 2.6838638191979861E-02   2.9074258374032515E-02   3.1349840509961133E-02   3.3657280044590655E-02   3.5990450122219922E-02   3.8344654125444917E-02   4.0716243687255828E-02   4.3102349123916667E-02   4.5500686808003246E-02   4.7909419741841999E-02   5.0327055347993491E-02
 5.2752369615022984E-02   5.5184350136610286E-02   5.7622152858080547E-02   6.0065068883669824E-02   6.2512498750249931E-02   6.4963932300931421E-02   6.7418932800809003E-02   6.9877124296868431E-02   7.2338181481151440E-02   7.4801821501885898E-02   7.7267797302627950E-02
 7.9735892169085318E-02   8.2205915237286917E-02   8.4677697772199745E-02   8.7151090067766807E-02   8.9625958851216755E-02   9.2102185098943218E-02   9.4579662190134722E-02   9.7058294339020815E-02   9.9537995258092288E-02   1.2562344526401113E-02   1.3050383136138188E-02
 1.3975424859373687E-02   1.5258194519667130E-02   1.6817030058842140E-02   1.8582585934148133E-02   2.0501524333570907E-02   2.2534695471649935E-02   2.4653853654145026E-02   2.6838638191979861E-02   2.9074258374032515E-02   3.1349840509961133E-02   3.3657280044590655E-02
 3.5990450122219922E-02   3.8344654125444917E-02   4.0716243687255828E-02   4.3102349123916667E-02   4.5500686808003246E-02   4.7909419741841999E-02   5.0327055347993491E-02   5.2752369615022984E-02   5.5184350136610286E-02   5.7622152858080547E-02   6.0065068883669824E-02
 6.2512498750249931E-02   6.4963932300931421E-02   6.7418932800809003E-02   6.9877124296868431E-02   7.2338181481151440E-02   7.4801821501885898E-02   7.7267797302627950E-02   7.9735892169085318E-02   8.2205915237286917E-02   8.4677697772199745E-02   8.7151090067766807E-02
 8.9625958851216755E-02   9.2102185098943218E-02   9.4579662190134722E-02   9.7058294339020815E-02   9.9537995258092288E-02   1.2562344526401113E-02   1.3050383136138188E-02   1.3975424859373687E-02   1.5258194519667130E-02   1.6817030058842140E-02   1.8582585934148133E-02
 2.0501524333570907E-02   2.2534695471649935E-02   2.4653853654145026E-02   2.6838638191979861E-02   2.9074258374032515E-02   3.1349840509961133E-02   3.3657280044590655E-02   3.5990450122219922E-02   3.8344654125444917E-02   4.0716243687255828E-02   4.3102349123916667E-02
 4.5500686808003246E-02   4.7909419741841999E-02   5.0327055347993491E-02   5.2752369615022984E-02   5.5184350136610286E-02   5.7622152858080547E-02   6.0065068883669824E-02   6.2512498750249931E-02   6.4963932300931421E-02   6.7418932800809003E-02   6.9877124296868431E-02
 7.2338181481151440E-02   7.4801821501885898E-02   7.7267797302627950E-02   7.9735892169085318E-02   8.2205915237286917E-02   8.4677697772199745E-02   8.7151090067766807E-02   8.9625958851216755E-02   9.2102185098943218E-02   9.4579662190134722E-02   9.7058294339020815E-02
 9.9537995258092288E-02   1.2562344526401113E-02   1.3050383136138188E-02   1.3975424859373687E-02   1.5258194519667130E-02   1.6817030058842140E-02   1.8582585934148133E-02   2.0501524333570907E-02   2.2534695471649935E-02   2.4653853654145026E-02   2.6838638191979861E-02
 2.9074258374032515E-02   3.1349840509961133E-02   3.3657280044590655E-02   3.5990450122219922E-02   3.8344654125444917E-02   4.0716243687255828E-02   4.3102349123916667E-02   4.5500686808003246E-02   4.7909419741841999E-02   5.0327055347993491E-02   5.2752369615022984E-02
 5.5184350136610286E-02   5.7622152858080547E-02   6.0065068883669824E-02   6.2512498750249931E-02   6.4963932300931421E-02   6.7418932800809003E-02   6.9877124296868431E-02   7.2338181481151440E-02   7.4801821501885898E-02   7.7267797302627950E-02   7.9735892169085318E-02
 8.2205915237286917E-02   8.4677697772199745E-02   8.7151090067766807E-02   8.9625958851216755E-02   9.2102185098943218E-02   9.4579662190134722E-02   9.7058294339020815E-02   9.9537995258092288E-02   1.2562344526401113E-02   1.3050383136138188E-02   1.3975424859373687E-02
 1.5258194519667130E-02   1.6817030058842140E-02   1.8582585934148133E-02   2.0501524333570907E-02   2.2534695471649935E-02   2.4653853654145026E-02   2.6838638191979861E-02   2.9074258374032515E-02   3.1349840509961133E-02   3.3657280044590655E-02   3.5990450122219922E-02
 3.8344654125444917E-02   4.0716243687255828E-02   4.3102349123916667E-02   4.5500686808003246E-02   4.7909419741841999E-02   5.0327055347993491E-02   5.2752369615022984E-02   5.5184350136610286E-02   5.7622152858080547E-02   6.0065068883669824E-02   6.2512498750249931E-02
 6.4963932300931421E-02   6.7418932800809003E-02   6.9877124296868431E-02   7.2338181481151440E-02   7.4801821501885898E-02   7.7267797302627950E-02   7.9735892169085318E-02   8.2205915237286917E-02   8.4677697772199745E-02   8.7151090067766807E-02   8.9625958851216755E-02
 9.2102185098943218E-02   9.4579662190134722E-02   9.7058294339020815E-02   9.9537995258092288E-02   1.2562344526401113E-02   1.3050383136138188E-02   1.3975424859373687E-02   1.5258194519667130E-02   1.6817030058842140E-02   1.8582585934148133E-02   2.0501524333570907E-02
 2.2534695471649935E-02   2.4653853654145026E-02   2.6838638191979861E-02   2.9074258374032515E-02   3.1349840509961133E-02   3.3657280044590655E-02   3.5990450122219922E-02   3.8344654125444917E-02   4.0716243687255828E-02   4.3102349123916667E-02   4.5500686808003246E-02
 4.7909419741841999E-02   5.0327055347993491E-02   5.2752369615022984E-02   5.5184350136610286E-02   5.7622152858080547E-02   6.0065068883669824E-02   6.2512498750249931E-02   6.4963932300931421E-02   6.7418932800809003E-02   6.9877124296868431E-02   7.2338181481151440E-02
 7.4801821501885898E-02   7.7267797302627950E-02   7.9735892169085318E-02   8.2205915237286917E-02   8.4677697772199745E-02   8.7151090067766807E-02   8.9625958851216755E-02   9.2102185098943218E-02   9.4579662190134722E-02   9.7058294339020815E-02   9.9537995258092288E-02
 1.2562344526401113E-02   1.3050383136138188E-02   1.3975424859373687E-02   1.5258194519667130E-02   1.6817030058842140E-02   1.8582585934148133E-02   2.0501524333570907E-02   2.2534695471649935E-02   2.4653853654145026E-02   2.6838638191979861E-02   2.9074258374032515E-02
 3.1349840509961133E-02   3.3657280044590655E-02   3.5990450122219922E-02   3.8344654125444917E-02   4.0716243687255828E-02   4.3102349123916667E-02   4.5500686808003246E-02   4.7909419741841999E-02   5.0327055347993491E-02   5.2752369615022984E-02   5.5184350136610286E-02
 5.7622152858080547E-02   6.0065068883669824E-02   6.2512498750249931E-02   6.4963932300931421E-02   6.7418932800809003E-02   6.9877124296868431E-02   7.2338181481151440E-02   7.4801821501885898E-02   7.7267797302627950E-02   7.9735892169085318E-02   8.2205915237286917E-02
 8.4677697772199745E-02   8.7151090067766807E-02   8.9625958851216755E-02   9.2102185098943218E-02   9.4579662190134722E-02   9.7058294339020815E-02   9.9537995258092288E-02   1.2562344526401113E-02   1.3050383136138188E-02   1.3975424859373687E-02   1.5258194519667130E-02
 1.6817030058842140E-02   1.8582585934148133E-02   2.0501524333570907E-02   2.2534695471649935E-02   2.4653853654145026E-02   2.6838638191979861E-02   2.9074258374032515E-02   3.1349840509961133E-02   3.3657280044590655E-02   3.5990450122219922E-02   3.8344654125444917E-02
 4.0716243687255828E-02   4.3102349123916667E-02   4.5500686808003246E-02   4.7909419741841999E-02   5.0327055347993491E-02   5.2752369615022984E-02   5.5184350136610286E-02   5.7622152858080547E-02   6.0065068883669824E-02   6.2512498750249931E-02   6.4963932300931421E-02
 6.7418932800809003E-02   6.9877124296868431E-02   7.2338181481151440E-02   7.4801821501885898E-02   7.7267797302627950E-02   7.9735892169085318E-02   8.2205915237286917E-02   8.4677697772199745E-02   8.7151090067766807E-02   8.9625958851216755E-02   9.2102185098943218E-02
 9.4579662190134722E-02   9.7058294339020815E-02   9.9537995258092288E-02   1.2562344526401113E-02   1.3050383136138188E-02   1.3975424859373687E-02   1.5258194519667130E-02   1.6817030058842140E-02   1.8582585934148133E-02   2.0501524333570907E-02   2.2534695471649935E-02
 2.4653853654145026E-02   2.6838638191979861E-02   2.9074258374032515E-02   3.1349840509961133E-02   3.3657280044590655E-02   3.5990450122219922E-02   3.8344654125444917E-02   4.0716243687255828E-02   4.3102349123916667E-02   4.5500686808003246E-02   4.7909419741841999E-02
 5.0327055347993491E-02   5.2752369615022984E-02   5.5184350136610286E-02   5.7622152858080547E-02   6.0065068883669824E-02   6.2512498750249931E-02   6.4963932300931421E-02   6.7418932800809003E-02   6.9877124296868431E-02   7.2338181481151440E-02   7.4801821501885898E-02
 7.7267797302627950E-02   7.9735892169085318E-02   8.2205915237286917E-02   8.4677697772199745E-02   8.7151090067766807E-02   8.9625958851216755E-02   9.2102185098943218E-02   9.4579662190134722E-02   9.7058294339020815E-02   9.9537995258092288E-02   1.2562344526401113E-02
 1.3050383136138188E-02   1.3975424859373687E-02   1.5258194519667130E-02   1.6817030058842140E-02   1.8582585934148133E-02   2.0501524333570907E-02   2.2534695471649935E-02   2.4653853654145026E-02   2.6838638191979861E-02   2.9074258374032515E-02   3.1349840509961133E-02
 3.3657280044590655E-02   3.5990450122219922E-02   3.8344654125444917E-02   4.0716243687255828E-02   4.3102349123916667E-02   4.5500686808003246E-02   4.7909419741841999E-02   5.0327055347993491E-02   5.2752369615022984E-02   5.5184350136610286E-02   5.7622152858080547E-02
 6.0065068883669824E-02   6.2512498750249931E-02   6.4963932300931421E-02   6.7418932800809003E-02   6.9877124296868431E-02   7.2338181481151440E-02   7.4801821501885898E-02   7.7267797302627950E-02   7.9735892169085318E-02   8.2205915237286917E-02   8.4677697772199745E-02
 8.7151090067766807E-02   8.9625958851216755E-02   9.2102185098943218E-02   9.4579662190134722E-02   9.7058294339020815E-02   9.9537995258092288E-02   1.2562344526401113E-02   1.3050383136138188E-02   1.3975424859373687E-02   1.5258194519667130E-02   1.6817030058842140E-02
 1.8582585934148133E-02   2.0501524333570907E-02   2.2534695471649935E-02   2.4653853654145026E-02   2.6838638191979861E-02   2.9074258374032515E-02   3.1349840509961133E-02   3.3657280044590655E-02   3.5990450122219922E-02   3.8344654125444917E-02   4.0716243687255828E-02
 4.3102349123916667E-02   4.5500686808003246E-02   4.7909419741841999E-02   5.0327055347993491E-02   5.2752369615022984E-02   5.5184350136610286E-02   5.7622152858080547E-02   6.0065068883669824E-02   6.2512498750249931E-02   6.4963932300931421E-02   6.7418932800809003E-02
 6.9877124296868431E-02   7.2338181481151440E-02   7.4801821501885898E-02   7.7267797302627950E-02   7.9735892169085318E-02   8.2205915237286917E-02   8.4677697772199745E-02   8.7151090067766807E-02   8.9625958851216755E-02   9.2102185098943218E-02   9.4579662190134722E-02
 9.7058294339020815E-02   9.9537995258092288E-02   1.2562344526401113E-02   1.3050383136138188E-02   1.3975424859373687E-02   1.5258194519667130E-02   1.6817030058842140E-02   1.8582585934148133E-02   2.0501524333570907E-02   2.2534695471649935E-02   2.4653853654145026E-02
 2.6838638191979861E-02   2.9074258374032515E-02   3.1349840509961133E-02   3.3657280044590655E-02   3.5990450122219922E-02   3.8344654125444917E-02   4.0716243687255828E-02   4.3102349123916667E-02   4.5500686808003246E-02   4.7909419741841999E-02   5.0327055347993491E-02
 5.2752369615022984E-02   5.5184350136610286E-02   5.7622152858080547E-02   6.0065068883669824E-02   6.2512498750249931E-02   6.4963932300931421E-02   6.7418932800809003E-02   6.9877124296868431E-02   7.2338181481151440E-02   7.4801821501885898E-02   7.7267797302627950E-02
 7.9735892169085318E-02   8.2205915237286917E-02   8.4677697772199745E-02   8.7151090067766807E-02   8.9625958851216755E-02   9.2102185098943218E-02   9.4579662190134722E-02   9.7058294339020815E-02   9.9537995258092288E-02   1.2562344526401113E-02   1.3050383136138188E-02
 1.3975424859373687E-02   1.5258194519667130E-02   1.6817030058842140E-02   1.8582585934148133E-02   2.0501524333570907E-02   2.2534695471649935E-02   2.4653853654145026E-02   2.6838638191979861E-02   2.9074258374032515E-02   3.1349840509961133E-02   3.3657280044590655E-02
 3.5990450122219922E-02   3.8344654125444917E-02   4.0716243687255828E-02   4.3102349123916667E-02   4.5500686808003246E-02   4.7909419741841999E-02   5.0327055347993491E-02   5.2752369615022984E-02   5.5184350136610286E-02   5.7622152858080547E-02   6.0065068883669824E-02
 6.2512498750249931E-02   6.4963932300931421E-02   6.7418932800809003E-02   6.9877124296868431E-02   7.2338181481151440E-02   7.4801821501885898E-02   7.7267797302627950E-02   7.9735892169085318E-02   8.2205915237286917E-02   8.4677697772199745E-02   8.7151090067766807E-02
 8.9625958851216755E-02   9.2102185098943218E-02   9.4579662190134722E-02   9.7058294339020815E-02   9.9537995258092288E-02   1.2562344526401113E-02   1.3050383136138188E-02   1.3975424859373687E-02   1.5258194519667130E-02   1.6817030058842140E-02   1.8582585934148133E-02
 2.0501524333570907E-02   2.2534695471649935E-02   2.4653853654145026E-02   2.6838638191979861E-02   2.9074258374032515E-02   3.1349840509961133E-02   3.3657280044590655E-02   3.5990450122219922E-02   3.8344654125444917E-02   4.0716243687255828E-02   4.3102349123916667E-02
 4.5500686808003246E-02   4.7909419741841999E-02   5.0327055347993491E-02   5.2752369615022984E-02   5.5184350136610286E-02   5.7622152858080547E-02   6.0065068883669824E-02   6.2512498750249931E-02   6.4963932300931421E-02   6.7418932800809003E-02   6.9877124296868431E-02
 7.2338181481151440E-02   7.4801821501885898E-02   7.7267797302627950E-02   7.9735892169085318E-02   8.2205915237286917E-02   8.4677697772199745E-02   8.7151090067766807E-02   8.9625958851216755E-02   9.2102185098943218E-02   9.4579662190134722E-02   9.7058294339020815E-02
 9.9537995258092288E-02   1.2562344526401113E-02   1.3050383136138188E-02   1.3975424859373687E-02   1.5258194519667130E-02   1.6817030058842140E-02   1.8582585934148133E-02   2.0501524333570907E-02   2.2534695471649935E-02   2.4653853654145026E-02   2.6838638191979861E-02
 2.9074258374032515E-02   3.1349840509961133E-02   3.3657280044590655E-02   3.5990450122219922E-02   3.8344654125444917E-02   4.0716243687255828E-02   4.3102349123916667E-02   4.5500686808003246E-02   4.7909419741841999E-02   5.0327055347993491E-02   5.2752369615022984E-02
 5.5184350136610286E-02   5.7622152858080547E-02   6.0065068883669824E-02   6.2512498750249931E-02   6.4963932300931421E-02   6.7418932800809003E-02   6.9877124296868431E-02   7.2338181481151440E-02   7.4801821501885898E-02   7.7267797302627950E-02   7.9735892169085318E-02
 8.2205915237286917E-02   8.4677697772199745E-02   8.7151090067766807E-02   8.9625958851216755E-02   9.2102185098943218E-02   9.4579662190134722E-02   9.7058294339020815E-02   9.9537995258092288E-02   1.2562344526401113E-02   1.3050383136138188E-02   1.3975424859373687E-02
 1.5258194519667130E-02   1.6817030058842140E-02   1.8582585934148133E-02   2.0501524333570907E-02   2.2534695471649935E-02   2.4653853654145026E-02   2.6838638191979861E-02   2.9074258374032515E-02   3.1349840509961133E-02   3.3657280044590655E-02   3.5990450122219922E-02
 3.8344654125444917E-02   4.0716243687255828E-02   4.3102349123916667E-02   4.5500686808003246E-02   4.7909419741841999E-02   5.0327055347993491E-02   5.2752369615022984E-02   5.5184350136610286E-02   5.7622152858080547E-02   6.0065068883669824E-02   6.2512498750249931E-02
 6.4963932300931421E-02   6.7418932800809003E-02   6.9877124296868431E-02   7.2338181481151440E-02   7.4801821501885898E-02   7.7267797302627950E-02   7.9735892169085318E-02   8.2205915237286917E-02   8.4677697772199745E-02   8.7151090067766807E-02   8.9625958851216755E-02
 9.2102185098943218E-02   9.4579662190134722E-02   9.7058294339020815E-02   9.9537995258092288E-02   1.2562344526401113E-02   1.3050383136138188E-02   1.3975424859373687E-02   1.5258194519667130E-02   1.6817030058842140E-02   1.8582585934148133E-02   2.0501524333570907E-02
 2.2534695471649935E-02   2.4653853654145026E-02   2.6838638191979861E-02   2.9074258374032515E-02   3.1349840509961133E-02   3.3657280044590655E-02   3.5990450122219922E-02   3.8344654125444917E-02   4.0716243687255828E-02   4.3102349123916667E-02   4.5500686808003246E-02
 4.7909419741841999E-02   5.0327055347993491E-02   5.2752369615022984E-02   5.5184350136610286E-02   5.7622152858080547E-02   6.0065068883669824E-02   6.2512498750249931E-02   6.4963932300931421E-02   6.7418932800809003E-02   6.9877124296868431E-02   7.2338181481151440E-02
 7.4801821501885898E-02   7.7267797302627950E-02   7.9735892169085318E-02   8.2205915237286917E-02   8.4677697772199745E-02   8.7151090067766807E-02   8.9625958851216755E-02   9.2102185098943218E-02   9.4579662190134722E-02   9.7058294339020815E-02   9.9537995258092288E-02
 1.2562344526401113E-02   1.3050383136138188E-02   1.3975424859373687E-02   1.5258194519667130E-02   1.6817030058842140E-02   1.8582585934148133E-02   2.0501524333570907E-02   2.2534695471649935E-02   2.4653853654145026E-02   2.6838638191979861E-02   2.9074258374032515E-02
 3.1349840509961133E-02   3.3657280044590655E-02   3.5990450122219922E-02   3.8344654125444917E-02   4.0716243687255828E-02   4.3102349123916667E-02   4.5500686808003246E-02   4.7909419741841999E-02   5.0327055347993491E-02   5.2752369615022984E-02   5.5184350136610286E-02
 5.7622152858080547E-02   6.0065068883669824E-02   6.2512498750249931E-02   6.4963932300931421E-02   6.7418932800809003E-02   6.9877124296868431E-02   7.2338181481151440E-02   7.4801821501885898E-02   7.7267797302627950E-02   7.9735892169085318E-02   8.2205915237286917E-02
 8.4677697772199745E-02   8.7151090067766807E-02   8.9625958851216755E-02   9.2102185098943218E-02   9.4579662190134722E-02   9.7058294339020815E-02   9.9537995258092288E-02   1.2562344526401113E-02   1.3050383136138188E-02   1.3975424859373687E-02   1.5258194519667130E-02
 1.6817030058842140E-02   1.8582585934148133E-02   2.0501524333570907E-02   2.2534695471649935E-02   2.4653853654145026E-02   2.6838638191979861E-02   2.9074258374032515E-02   3.1349840509961133E-02   3.3657280044590655E-02   3.5990450122219922E-02   3.8344654125444917E-02
 4.0716243687255828E-02   4.3102349123916667E-02   4.5500686808003246E-02   4.7909419741841999E-02   5.0327055347993491E-02   5.2752369615022984E-02   5.5184350136610286E-02   5.7622152858080547E-02   6.0065068883669824E-02   6.2512498750249931E-02   6.4963932300931421E-02
 6.7418932800809003E-02   6.9877124296868431E-02   7.2338181481151440E-02   7.4801821501885898E-02   7.7267797302627950E-02   7.9735892169085318E-02   8.2205915237286917E-02   8.4677697772199745E-02   8.7151090067766807E-02   8.9625958851216755E-02   9.2102185098943218E-02
 9.4579662190134722E-02   9.7058294339020815E-02   9.9537995258092288E-02   1.2562344526401113E-02   1.3050383136138188E-02   1.3975424859373687E-02   1.5258194519667130E-02   1.6817030058842140E-02   1.8582585934148133E-02   2.0501524333570907E-02   2.2534695471649935E-02
 2.4653853654145026E-02   2.6838638191979861E-02   2.9074258374032515E-02   3.1349840509961133E-02   3.3657280044590655E-02   3.5990450122219922E-02   3.8344654125444917E-02   4.0716243687255828E-02   4.3102349123916667E-02   4.5500686808003246E-02   4.7909419741841999E-02
 5.0327055347993491E-02   5.2752369615022984E-02   5.5184350136610286E-02   5.7622152858080547E-02   6.0065068883669824E-02   6.2512498750249931E-02   6.4963932300931421E-02   6.7418932800809003E-02   6.9877124296868431E-02   7.2338181481151440E-02   7.4801821501885898E-02
 7.7267797302627950E-02   7.9735892169085318E-02   8.2205915237286917E-02   8.4677697772199745E-02   8.7151090067766807E-02   8.9625958851216755E-02   9.2102185098943218E-02   9.4579662190134722E-02   9.7058294339020815E-02   9.9537995258092288E-02   1.2562344526401113E-02
 1.3050383136138188E-02   1.3975424859373687E-02   1.5258194519667130E-02   1.6817030058842140E-02   1.8582585934148133E-02   2.0501524333570907E-02   2.2534695471649935E-02   2.4653853654145026E-02   2.6838638191979861E-02   2.9074258374032515E-02   3.1349840509961133E-02
 3.3657280044590655E-02   3.5990450122219922E-02   3.8344654125444917E-02   4.0716243687255828E-02   4.3102349123916667E-02   4.5500686808003246E-02   4.7909419741841999E-02   5.0327055347993491E-02   5.2752369615022984E-02   5.5184350136610286E-02   5.7622152858080547E-02
 6.0065068883669824E-02   6.2512498750249931E-02   6.4963932300931421E-02   6.7418932800809003E-02   6.9877124296868431E-02   7.2338181481151440E-02   7.4801821501885898E-02   7.7267797302627950E-02   7.9735892169085318E-02   8.2205915237286917E-02   8.4677697772199745E-02
 8.7151090067766807E-02   8.9625958851216755E-02   9.2102185098943218E-02   9.4579662190134722E-02   9.7058294339020815E-02   9.9537995258092288E-02   1.2562344526401113E-02   1.3050383136138188E-02   1.3975424859373687E-02   1.5258194519667130E-02   1.6817030058842140E-02
 1.8582585934148133E-02   2.0501524333570907E-02   2.2534695471649935E-02   2.4653853654145026E-02   2.6838638191979861E-02   2.9074258374032515E-02   3.1349840509961133E-02   3.3657280044590655E-02   3.5990450122219922E-02   3.8344654125444917E-02   4.0716243687255828E-02
 4.3102349123916667E-02   4.5500686808003246E-02   4.7909419741841999E-02   5.0327055347993491E-02   5.2752369615022984E-02   5.5184350136610286E-02   5.7622152858080547E-02   6.0065068883669824E-02   6.2512498750249931E-02   6.4963932300931421E-02   6.7418932800809003E-02
 6.9877124296868431E-02   7.2338181481151440E-02   7.4801821501885898E-02   7.7267797302627950E-02   7.9735892169085318E-02   8.2205915237286917E-02   8.4677697772199745E-02   8.7151090067766807E-02   8.9625958851216755E-02   9.2102185098943218E-02   9.4579662190134722E-02
 9.7058294339020815E-02   9.9537995258092288E-02   1.2562344526401113E-02   1.3050383136138188E-02   1.3975424859373687E-02   1.5258194519667130E-02   1.6817030058842140E-02   1.8582585934148133E-02   2.0501524333570907E-02   2.2534695471649935E-02   2.4653853654145026E-02
 2.6838638191979861E-02   2.9074258374032515E-02   3.1349840509961133E-02   3.3657280044590655E-02   3.5990450122219922E-02   3.8344654125444917E-02   4.0716243687255828E-02   4.3102349123916667E-02   4.5500686808003246E-02   4.7909419741841999E-02   5.0327055347993491E-02
 5.2752369615022984E-02   5.5184350136610286E-02   5.7622152858080547E-02   6.0065068883669824E-02   6.2512498750249931E-02   6.4963932300931421E-02   6.7418932800809003E-02   6.9877124296868431E-02   7.2338181481151440E-02   7.4801821501885898E-02   7.7267797302627950E-02
 7.9735892169085318E-02   8.2205915237286917E-02   8.4677697772199745E-02   8.7151090067766807E-02   8.9625958851216755E-02   9.2102185098943218E-02   9.4579662190134722E-02   9.7058294339020815E-02   9.9537995258092288E-02   1.2562344526401113E-02   1.3050383136138188E-02
 1.3975424859373687E-02   1.5258194519667130E-02   1.6817030058842140E-02   1.8582585934148133E-02   2.0501524333570907E-02   2.2534695471649935E-02   2.4653853654145026E-02   2.6838638191979861E-02   2.9074258374032515E-02   3.1349840509961133E-02   3.3657280044590655E-02
 3.5990450122219922E-02   3.8344654125444917E-02   4.0716243687255828E-02   4.3102349123916667E-02   4.5500686808003246E-02   4.7909419741841999E-02   5.0327055347993491E-02   5.2752369615022984E-02   5.5184350136610286E-02   5.7622152858080547E-02   6.0065068883669824E-02
 6.2512498750249931E-02   6.4963932300931421E-02   6.7418932800809003E-02   6.9877124296868431E-02   7.2338181481151440E-02   7.4801821501885898E-02   7.7267797302627950E-02   7.9735892169085318E-02   8.2205915237286917E-02   8.4677697772199745E-02   8.7151090067766807E-02
 8.9625958851216755E-02   9.2102185098943218E-02   9.4579662190134722E-02   9.7058294339020815E-02   9.9537995258092288E-02   1.2562344526401113E-02   1.3050383136138188E-02   1.3975424859373687E-02   1.5258194519667130E-02   1.6817030058842140E-02   1.8582585934148133E-02
 2.0501524333570907E-02   2.2534695471649935E-02   2.4653853654145026E-02   2.6838638191979861E-02   2.9074258374032515E-02   3.1349840509961133E-02   3.3657280044590655E-02   3.5990450122219922E-02   3.8344654125444917E-02   4.0716243687255828E-02   4.3102349123916667E-02
 4.5500686808003246E-02   4.7909419741841999E-02   5.0327055347993491E-02   5.2752369615022984E-02   5.5184350136610286E-02   5.7622152858080547E-02   6.0065068883669824E-02   6.2512498750249931E-02   6.4963932300931421E-02   6.7418932800809003E-02   6.9877124296868431E-02
 7.2338181481151440E-02   7.4801821501885898E-02   7.7267797302627950E-02   7.9735892169085318E-02   8.2205915237286917E-02   8.4677697772199745E-02   8.7151090067766807E-02   8.9625958851216755E-02   9.2102185098943218E-02   9.4579662190134722E-02   9.7058294339020815E-02
 9.9537995258092288E-02   1.2562344526401113E-02   1.3050383136138188E-02   1.3975424859373687E-02   1.5258194519667130E-02   1.6817030058842140E-02   1.8582585934148133E-02   2.0501524333570907E-02   2.2534695471649935E-02   2.4653853654145026E-02   2.6838638191979861E-02
 2.9074258374032515E-02   3.1349840509961133E-02   3.3657280044590655E-02   3.5990450122219922E-02   3.8344654125444917E-02   4.0716243687255828E-02   4.3102349123916667E-02   4.5500686808003246E-02   4.7909419741841999E-02   5.0327055347993491E-02   5.2752369615022984E-02
 5.5184350136610286E-02   5.7622152858080547E-02   6.0065068883669824E-02   6.2512498750249931E-02   6.4963932300931421E-02   6.7418932800809003E-02   6.9877124296868431E-02   7.2338181481151440E-02   7.4801821501885898E-02   7.7267797302627950E-02   7.9735892169085318E-02
 8.2205915237286917E-02   8.4677697772199745E-02   8.7151090067766807E-02   8.9625958851216755E-02   9.2102185098943218E-02   9.4579662190134722E-02   9.7058294339020815E-02   9.9537995258092288E-02   1.2562344526401113E-02   1.3050383136138188E-02   1.3975424859373687E-02
 1.5258194519667130E-02   1.6817030058842140E-02   1.8582585934148133E-02   2.0501524333570907E-02   2.2534695471649935E-02   2.4653853654145026E-02   2.6838638191979861E-02   2.9074258374032515E-02   3.1349840509961133E-02   3.3657280044590655E-02   3.5990450122219922E-02
 3.8344654125444917E-02   4.0716243687255828E-02   4.3102349123916667E-02   4.5500686808003246E-02   4.7909419741841999E-02   5.0327055347993491E-02   5.2752369615022984E-02   5.5184350136610286E-02   5.7622152858080547E-02   6.0065068883669824E-02   6.2512498750249931E-02
 6.4963932300931421E-02   6.7418932800809003E-02   6.9877124296868431E-02   7.2338181481151440E-02   7.4801821501885898E-02   7.7267797302627950E-02   7.9735892169085318E-02   8.2205915237286917E-02   8.4677697772199745E-02   8.7151090067766807E-02   8.9625958851216755E-02
 9.2102185098943218E-02   9.4579662190134722E-02   9.7058294339020815E-02   9.9537995258092288E-02   1.2562344526401113E-02   1.3050383136138188E-02   1.3975424859373687E-02   1.5258194519667130E-02   1.6817030058842140E-02   1.8582585934148133E-02   2.0501524333570907E-02
 2.2534695471649935E-02   2.4653853654145026E-02   2.6838638191979861E-02   2.9074258374032515E-02   3.1349840509961133E-02   3.3657280044590655E-02   3.5990450122219922E-02   3.8344654125444917E-02   4.0716243687255828E-02   4.3102349123916667E-02   4.5500686808003246E-02
 4.7909419741841999E-02   5.0327055347993491E-02   5.2752369615022984E-02   5.5184350136610286E-02   5.7622152858080547E-02   6.0065068883669824E-02   6.2512498750249931E-02   6.4963932300931421E-02   6.7418932800809003E-02   6.9877124296868431E-02   7.2338181481151440E-02
 7.4801821501885898E-02   7.7267797302627950E-02   7.9735892169085318E-02   8.2205915237286917E-02   8.4677697772199745E-02   8.7151090067766807E-02   8.9625958851216755E-02   9.2102185098943218E-02   9.4579662190134722E-02   9.7058294339020815E-02   9.9537995258092288E-02
 1.2562344526401113E-02   1.3050383136138188E-02   1.3975424859373687E-02   1.5258194519667130E-02   1.6817030058842140E-02   1.8582585934148133E-02   2.0501524333570907E-02   2.2534695471649935E-02   2.4653853654145026E-02   2.6838638191979861E-02   2.9074258374032515E-02
 3.1349840509961133E-02   3.3657280044590655E-02   3.5990450122219922E-02   3.8344654125444917E-02   4.0716243687255828E-02   4.3102349123916667E-02   4.5500686808003246E-02   4.7909419741841999E-02   5.0327055347993491E-02   5.2752369615022984E-02   5.5184350136610286E-02
 5.7622152858080547E-02   6.0065068883669824E-02   6.2512498750249931E-02   6.4963932300931421E-02   6.7418932800809003E-02   6.9877124296868431E-02   7.2338181481151440E-02   7.4801821501885898E-02   7.7267797302627950E-02   7.9735892169085318E-02   8.2205915237286917E-02
 8.4677697772199745E-02   8.7151090067766807E-02   8.9625958851216755E-02   9.2102185098943218E-02   9.4579662190134722E-02   9.7058294339020815E-02   9.9537995258092288E-02   1.2562344526401113E-02   1.3050383136138188E-02   1.3975424859373687E-02   1.5258194519667130E-02
 1.6817030058842140E-02   1.8582585934148133E-02   2.0501524333570907E-02   2.2534695471649935E-02   2.4653853654145026E-02   2.6838638191979861E-02   2.9074258374032515E-02   3.1349840509961133E-02   3.3657280044590655E-02   3.5990450122219922E-02   3.8344654125444917E-02
 4.0716243687255828E-02   4.3102349123916667E-02   4.5500686808003246E-02   4.7909419741841999E-02   5.0327055347993491E-02   5.2752369615022984E-02   5.5184350136610286E-02   5.7622152858080547E-02   6.0065068883669824E-02   6.2512498750249931E-02   6.4963932300931421E-02
 6.7418932800809003E-02   6.9877124296868431E-02   7.2338181481151440E-02   7.4801821501885898E-02   7.7267797302627950E-02   7.9735892169085318E-02   8.2205915237286917E-02   8.4677697772199745E-02   8.7151090067766807E-02   8.9625958851216755E-02   9.2102185098943218E-02
 9.4579662190134722E-02   9.7058294339020815E-02   9.9537995258092288E-02   1.2562344526401113E-02   1.3050383136138188E-02   1.3975424859373687E-02   1.5258194519667130E-02   1.6817030058842140E-02   1.8582585934148133E-02   2.0501524333570907E-02   2.2534695471649935E-02
 2.4653853654145026E-02   2.6838638191979861E-02   2.9074258374032515E-02   3.1349840509961133E-02   3.3657280044590655E-02   3.5990450122219922E-02   3.8344654125444917E-02   4.0716243687255828E-02   4.3102349123916667E-02   4.5500686808003246E-02   4.7909419741841999E-02
 5.0327055347993491E-02   5.2752369615022984E-02   5.5184350136610286E-02   5.7622152858080547E-02   6.0065068883669824E-02   6.2512498750249931E-02   6.4963932300931421E-02   6.7418932800809003E-02   6.9877124296868431E-02   7.2338181481151440E-02   7.4801821501885898E-02
 7.7267797302627950E-02   7.9735892169085318E-02   8.2205915237286917E-02   8.4677697772199745E-02   8.7151090067766807E-02   8.9625958851216755E-02   9.2102185098943218E-02   9.4579662190134722E-02   9.7058294339020815E-02   9.9537995258092288E-02   1.2562344526401113E-02
 1.3050383136138188E-02   1.3975424859373687E-02   1.5258194519667130E-02   1.6817030058842140E-02   1.8582585934148133E-02   2.0501524333570907E-02   2.2534695471649935E-02   2.4653853654145026E-02   2.6838638191979861E-02   2.9074258374032515E-02   3.1349840509961133E-02
 3.3657280044590655E-02   3.5990450122219922E-02   3.8344654125444917E-02   4.0716243687255828E-02   4.3102349123916667E-02   4.5500686808003246E-02   4.7909419741841999E-02   5.0327055347993491E-02   5.2752369615022984E-02   5.5184350136610286E-02   5.7622152858080547E-02
 6.0065068883669824E-02   6.2512498750249931E-02   6.4963932300931421E-02   6.7418932800809003E-02   6.9877124296868431E-02   7.2338181481151440E-02   7.4801821501885898E-02   7.7267797302627950E-02   7.9735892169085318E-02   8.2205915237286917E-02   8.4677697772199745E-02
 8.7151090067766807E-02   8.9625958851216755E-02   9.2102185098943218E-02   9.4579662190134722E-02   9.7058294339020815E-02   9.9537995258092288E-02   1.2562344526401113E-02   1.3050383136138188E-02   1.3975424859373687E-02   1.5258194519667130E-02   1.6817030058842140E-02
 1.8582585934148133E-02   2.0501524333570907E-02   2.2534695471649935E-02   2.4653853654145026E-02   2.6838638191979861E-02   2.9074258374032515E-02   3.1349840509961133E-02   3.3657280044590655E-02   3.5990450122219922E-02   3.8344654125444917E-02   4.0716243687255828E-02
 4.3102349123916667E-02   4.5500686808003246E-02   4.7909419741841999E-02   5.0327055347993491E-02   5.2752369615022984E-02   5.5184350136610286E-02   5.7622152858080547E-02   6.0065068883669824E-02   6.2512498750249931E-02   6.4963932300931421E-02   6.7418932800809003E-02
 6.9877124296868431E-02   7.2338181481151440E-02   7.4801821501885898E-02   7.7267797302627950E-02   7.9735892169085318E-02   8.2205915237286917E-02   8.4677697772199745E-02   8.7151090067766807E-02   8.9625958851216755E-02   9.2102185098943218E-02   9.4579662190134722E-02
 9.7058294339020815E-02   9.9537995258092288E-02   1.2562344526401113E-02   1.3050383136138188E-02   1.3975424859373687E-02   1.5258194519667130E-02   1.6817030058842140E-02   1.8582585934148133E-02   2.0501524333570907E-02   2.2534695471649935E-02   2.4653853654145026E-02
 2.6838638191979861E-02   2.9074258374032515E-02   3.1349840509961133E-02   3.3657280044590655E-02   3.5990450122219922E-02   3.8344654125444917E-02   4.0716243687255828E-02   4.3102349123916667E-02   4.5500686808003246E-02   4.7909419741841999E-02   5.0327055347993491E-02
 5.2752369615022984E-02   5.5184350136610286E-02   5.7622152858080547E-02   6.0065068883669824E-02   6.2512498750249931E-02   6.4963932300931421E-02   6.7418932800809003E-02   6.9877124296868431E-02   7.2338181481151440E-02   7.4801821501885898E-02   7.7267797302627950E-02
 7.9735892169085318E-02   8.2205915237286917E-02   8.4677697772199745E-02   8.7151090067766807E-02   8.9625958851216755E-02   9.2102185098943218E-02   9.4579662190134722E-02   9.7058294339020815E-02   9.9537995258092288E-02   1.2562344526401113E-02   1.3050383136138188E-02
 1.3975424859373687E-02   1.5258194519667130E-02   1.6817030058842140E-02   1.8582585934148133E-02   2.0501524333570907E-02   2.2534695471649935E-02   2.4653853654145026E-02   2.6838638191979861E-02   2.9074258374032515E-02   3.1349840509961133E-02   3.3657280044590655E-02
 3.5990450122219922E-02   3.8344654125444917E-02   4.0716243687255828E-02   4.3102349123916667E-02   4.5500686808003246E-02   4.7909419741841999E-02   5.0327055347993491E-02   5.2752369615022984E-02   5.5184350136610286E-02   5.7622152858080547E-02   6.0065068883669824E-02
 6.2512498750249931E-02   6.4963932300931421E-02   6.7418932800809003E-02   6.9877124296868431E-02   7.2338181481151440E-02   7.4801821501885898E-02   7.7267797302627950E-02   7.9735892169085318E-02   8.2205915237286917E-02   8.4677697772199745E-02   8.7151090067766807E-02
 8.9625958851216755E-02   9.2102185098943218E-02   9.4579662190134722E-02   9.7058294339020815E-02   9.9537995258092288E-02
 1.0000064307913128E+00   1.0000064307910470E+00   1.0000064307907808E+00   1.0000064307905694E+00   1.0000064307904180E+00   1.0000064307903087E+00   1.0000064307902317E+00   1.0000064307901777E+00   1.0000064307901431E+00   1.0000064307901233E+00   1.0000064307901122E+00
 1.0000064307901106E+00   1.0000064307901133E+00   1.0000064307901202E+00   1.0000064307901282E+00   1.0000064307901373E+00   1.0000064307901448E+00   1.0000064307901524E+00   1.0000064307901586E+00   1.0000064307901644E+00   1.0000064307901686E+00   1.0000064307901722E+00
 1.0000064307901764E+00   1.0000064307901781E+00   1.0000064307901781E+00   1.0000064307901764E+00   1.0000064307901704E+00   1.0000064307901615E+00   1.0000064307901457E+00   1.0000064307901200E+00   1.0000064307900822E+00   1.0000064307900287E+00   1.0000064307899583E+00
 1.0000064307898706E+00   1.0000064307897694E+00   1.0000064307896686E+00   1.0000064307895906E+00   1.0000064307895731E+00   1.0000064307896630E+00   1.0000064307901582E+00   1.0000064307913128E+00   1.0000064307910470E+00   1.0000064307907808E+00   1.0000064307905694E+00
 1.0000064307904180E+00   1.0000064307903087E+00   1.0000064307902317E+00   1.0000064307901777E+00   1.0000064307901431E+00   1.0000064307901233E+00   1.0000064307901122E+00   1.0000064307901106E+00   1.0000064307901133E+00   1.0000064307901202E+00   1.0000064307901282E+00
 1.0000064307901373E+00   1.0000064307901448E+00   1.0000064307901524E+00   1.0000064307901586E+00   1.0000064307901644E+00   1.0000064307901686E+00   1.0000064307901722E+00   1.0000064307901764E+00   1.0000064307901781E+00   1.0000064307901781E+00   1.0000064307901764E+00
 1.0000064307901704E+00   1.0000064307901615E+00   1.0000064307901457E+00   1.0000064307901200E+00   1.0000064307900822E+00   1.0000064307900287E+00   1.0000064307899583E+00   1.0000064307898706E+00   1.0000064307897694E+00   1.0000064307896686E+00   1.0000064307895906E+00
 1.0000064307895731E+00   1.0000064307896630E+00   1.0000064307901582E+00   1.0000064307913128E+00   1.0000064307910470E+00   1.0000064307907808E+00   1.0000064307905694E+00   1.0000064307904180E+00   1.0000064307903087E+00   1.0000064307902317E+00   1.0000064307901777E+00
 1.0000064307901431E+00   1.0000064307901233E+00   1.0000064307901122E+00   1.0000064307901106E+00   1.0000064307901133E+00   1.0000064307901202E+00   1.0000064307901282E+00   1.0000064307901373E+00   1.0000064307901448E+00   1.0000064307901524E+00   1.0000064307901586E+00
 1.0000064307901644E+00   1.0000064307901686E+00   1.0000064307901722E+00   1.0000064307901764E+00   1.0000064307901781E+00   1.0000064307901781E+00   1.0000064307901764E+00   1.0000064307901704E+00   1.0000064307901615E+00   1.0000064307901457E+00   1.0000064307901200E+00
 1.0000064307900822E+00   1.0000064307900287E+00   1.0000064307899583E+00   1.0000064307898706E+00   1.0000064307897694E+00   1.0000064307896686E+00   1.0000064307895906E+00   1.0000064307895731E+00   1.0000064307896630E+00   1.0000064307901582E+00   1.0000064307913128E+00
 1.0000064307910470E+00   1.0000064307907808E+00   1.0000064307905694E+00   1.0000064307904180E+00   1.0000064307903087E+00   1.0000064307902317E+00   1.0000064307901777E+00   1.0000064307901431E+00   1.0000064307901233E+00   1.0000064307901122E+00   1.0000064307901106E+00
 1.0000064307901133E+00   1.0000064307901202E+00   1.0000064307901282E+00   1.0000064307901373E+00   1.0000064307901448E+00   1.0000064307901524E+00   1.0000064307901586E+00   1.0000064307901644E+00   1.0000064307901686E+00   1.0000064307901722E+00   1.0000064307901764E+00
 1.0000064307901781E+00   1.0000064307901781E+00   1.0000064307901764E+00   1.0000064307901704E+00   1.0000064307901615E+00   1.0000064307901457E+00   1.0000064307901200E+00   1.0000064307900822E+00   1.0000064307900287E+00   1.0000064307899583E+00   1.0000064307898706E+00
 1.0000064307897694E+00   1.0000064307896686E+00   1.0000064307895906E+00   1.0000064307895731E+00   1.0000064307896630E+00   1.0000064307901582E+00   1.0000064307913128E+00   1.0000064307910470E+00   1.0000064307907808E+00   1.0000064307905694E+00   1.0000064307904180E+00
 1.0000064307903087E+00   1.0000064307902317E+00   1.0000064307901777E+00   1.0000064307901431E+00   1.0000064307901233E+00   1.0000064307901122E+00   1.0000064307901106E+00   1.0000064307901133E+00   1.0000064307901202E+00   1.0000064307901282E+00   1.0000064307901373E+00
 1.0000064307901448E+00   1.0000064307901524E+00   1.0000064307901586E+00   1.0000064307901644E+00   1.0000064307901686E+00   1.0000064307901722E+00   1.0000064307901764E+00   1.0000064307901781E+00   1.0000064307901781E+00   1.0000064307901764E+00   1.0000064307901704E+00
 1.0000064307901615E+00   1.0000064307901457E+00   1.0000064307901200E+00   1.0000064307900822E+00   1.0000064307900287E+00   1.0000064307899583E+00   1.0000064307898706E+00   1.0000064307897694E+00   1.0000064307896686E+00   1.0000064307895906E+00   1.0000064307895731E+00
 1.0000064307896630E+00   1.0000064307901582E+00   1.0000064307913128E+00   1.0000064307910470E+00   1.0000064307907808E+00   1.0000064307905694E+00   1.0000064307904180E+00   1.0000064307903087E+00   1.0000064307902317E+00   1.0000064307901777E+00   1.0000064307901431E+00
 1.0000064307901233E+00   1.0000064307901122E+00   1.0000064307901106E+00   1.0000064307901133E+00   1.0000064307901202E+00   1.0000064307901282E+00   1.0000064307901373E+00   1.0000064307901448E+00   1.0000064307901524E+00   1.0000064307901586E+00   1.0000064307901644E+00
 1.0000064307901686E+00   1.0000064307901722E+00   1.0000064307901764E+00   1.0000064307901781E+00   1.0000064307901781E+00   1.0000064307901764E+00   1.0000064307901704E+00   1.0000064307901615E+00   1.0000064307901457E+00   1.0000064307901200E+00   1.0000064307900822E+00
 1.0000064307900287E+00   1.0000064307899583E+00   1.0000064307898706E+00   1.0000064307897694E+00   1.0000064307896686E+00   1.0000064307895906E+00   1.0000064307895731E+00   1.0000064307896630E+00   1.0000064307901582E+00   1.0000064307913128E+00   1.0000064307910470E+00
 1.0000064307907808E+00   1.0000064307905694E+00   1.0000064307904180E+00   1.0000064307903087E+00   1.0000064307902317E+00   1.0000064307901777E+00   1.0000064307901431E+00   1.0000064307901233E+00   1.0000064307901122E+00   1.0000064307901106E+00   1.0000064307901133E+00
 1.0000064307901202E+00   1.0000064307901282E+00   1.0000064307901373E+00   1.0000064307901448E+00   1.0000064307901524E+00   1.0000064307901586E+00   1.0000064307901644E+00   1.0000064307901686E+00   1.0000064307901722E+00   1.0000064307901764E+00   1.0000064307901781E+00
 1.0000064307901781E+00   1.0000064307901764E+00   1.0000064307901704E+00   1.0000064307901615E+00   1.0000064307901457E+00   1.0000064307901200E+00   1.0000064307900822E+00   1.0000064307900287E+00   1.0000064307899583E+00   1.0000064307898706E+00   1.0000064307897694E+00
 1.0000064307896686E+00   1.0000064307895906E+00   1.0000064307895731E+00   1.0000064307896630E+00   1.0000064307901582E+00   1.0000064307913128E+00   1.0000064307910470E+00   1.0000064307907808E+00   1.0000064307905694E+00   1.0000064307904180E+00   1.0000064307903087E+00
 1.0000064307902317E+00   1.0000064307901777E+00   1.0000064307901431E+00   1.0000064307901233E+00   1.0000064307901122E+00   1.0000064307901106E+00   1.0000064307901133E+00   1.0000064307901202E+00   1.0000064307901282E+00   1.0000064307901373E+00   1.0000064307901448E+00
 1.0000064307901524E+00   1.0000064307901586E+00   1.0000064307901644E+00   1.0000064307901686E+00   1.0000064307901722E+00   1.0000064307901764E+00   1.0000064307901781E+00   1.0000064307901781E+00   1.0000064307901764E+00   1.0000064307901704E+00   1.0000064307901615E+00
 1.0000064307901457E+00   1.0000064307901200E+00   1.0000064307900822E+00   1.0000064307900287E+00   1.0000064307899583E+00   1.0000064307898706E+00   1.0000064307897694E+00   1.0000064307896686E+00   1.0000064307895906E+00   1.0000064307895731E+00   1.0000064307896630E+00
 1.0000064307901582E+00   1.0000064307913128E+00   1.0000064307910470E+00   1.0000064307907808E+00   1.0000064307905694E+00   1.0000064307904180E+00   1.0000064307903087E+00   1.0000064307902317E+00   1.0000064307901777E+00   1.0000064307901431E+00   1.0000064307901233E+00
 1.0000064307901122E+00   1.0000064307901106E+00   1.0000064307901133E+00   1.0000064307901202E+00   1.0000064307901282E+00   1.0000064307901373E+00   1.0000064307901448E+00   1.0000064307901524E+00   1.0000064307901586E+00   1.0000064307901644E+00   1.0000064307901686E+00
 1.0000064307901722E+00   1.0000064307901764E+00   1.0000064307901781E+00   1.0000064307901781E+00   1.0000064307901764E+00   1.0000064307901704E+00   1.0000064307901615E+00   1.0000064307901457E+00   1.0000064307901200E+00   1.0000064307900822E+00   1.0000064307900287E+00
 1.0000064307899583E+00   1.0000064307898706E+00   1.0000064307897694E+00   1.0000064307896686E+00   1.0000064307895906E+00   1.0000064307895731E+00   1.0000064307896630E+00   1.0000064307901582E+00   1.0000064307913128E+00   1.0000064307910470E+00   1.0000064307907808E+00
 1.0000064307905694E+00   1.0000064307904180E+00   1.0000064307903087E+00   1.0000064307902317E+00   1.0000064307901777E+00   1.0000064307901431E+00   1.0000064307901233E+00   1.0000064307901122E+00   1.0000064307901106E+00   1.0000064307901133E+00   1.0000064307901202E+00
 1.0000064307901282E+00   1.0000064307901373E+00   1.0000064307901448E+00   1.0000064307901524E+00   1.0000064307901586E+00   1.0000064307901644E+00   1.0000064307901686E+00   1.0000064307901722E+00   1.0000064307901764E+00   1.0000064307901781E+00   1.0000064307901781E+00
 1.0000064307901764E+00   1.0000064307901704E+00   1.0000064307901615E+00   1.0000064307901457E+00   1.0000064307901200E+00   1.0000064307900822E+00   1.0000064307900287E+00   1.0000064307899583E+00   1.0000064307898706E+00   1.0000064307897694E+00   1.0000064307896686E+00
 1.0000064307895906E+00   1.0000064307895731E+00   1.0000064307896630E+00   1.0000064307901582E+00   1.0000064307913128E+00   1.0000064307910470E+00   1.0000064307907808E+00   1.0000064307905694E+00   1.0000064307904180E+00   1.0000064307903087E+00   1.0000064307902317E+00
 1.0000064307901777E+00   1.0000064307901431E+00   1.0000064307901233E+00   1.0000064307901122E+00   1.0000064307901106E+00   1.0000064307901133E+00   1.0000064307901202E+00   1.0000064307901282E+00   1.0000064307901373E+00   1.0000064307901448E+00   1.0000064307901524E+00
 1.0000064307901586E+00   1.0000064307901644E+00   1.0000064307901686E+00   1.0000064307901722E+00   1.0000064307901764E+00   1.0000064307901781E+00   1.0000064307901781E+00   1.0000064307901764E+00   1.0000064307901704E+00   1.0000064307901615E+00   1.0000064307901457E+00
 1.0000064307901200E+00   1.0000064307900822E+00   1.0000064307900287E+00   1.0000064307899583E+00   1.0000064307898706E+00   1.0000064307897694E+00   1.0000064307896686E+00   1.0000064307895906E+00   1.0000064307895731E+00   1.0000064307896630E+00   1.0000064307901582E+00
 1.0000064307913128E+00   1.0000064307910470E+00   1.0000064307907808E+00   1.0000064307905694E+00   1.0000064307904180E+00   1.0000064307903087E+00   1.0000064307902317E+00   1.0000064307901777E+00   1.0000064307901431E+00   1.0000064307901233E+00   1.0000064307901122E+00
 1.0000064307901106E+00   1.0000064307901133E+00   1.0000064307901202E+00   1.0000064307901282E+00   1.0000064307901373E+00   1.0000064307901448E+00   1.0000064307901524E+00   1.0000064307901586E+00   1.0000064307901644E+00   1.0000064307901686E+00   1.0000064307901722E+00
 1.0000064307901764E+00   1.0000064307901781E+00   1.0000064307901781E+00   1.0000064307901764E+00   1.0000064307901704E+00   1.0000064307901615E+00   1.0000064307901457E+00   1.0000064307901200E+00   1.0000064307900822E+00   1.0000064307900287E+00   1.0000064307899583E+00
 1.0000064307898706E+00   1.0000064307897694E+00   1.0000064307896686E+00   1.0000064307895906E+00   1.0000064307895731E+00   1.0000064307896630E+00   1.0000064307901582E+00   1.0000064307913128E+00   1.0000064307910470E+00   1.0000064307907808E+00   1.0000064307905694E+00
 1.0000064307904180E+00   1.0000064307903087E+00   1.0000064307902317E+00   1.0000064307901777E+00   1.0000064307901431E+00   1.0000064307901233E+00   1.0000064307901122E+00   1.0000064307901106E+00   1.0000064307901133E+00   1.0000064307901202E+00   1.0000064307901282E+00
 1.0000064307901373E+00   1.0000064307901448E+00   1.0000064307901524E+00   1.0000064307901586E+00   1.0000064307901644E+00   1.0000064307901686E+00   1.0000064307901722E+00   1.0000064307901764E+00   1.0000064307901781E+00   1.0000064307901781E+00   1.0000064307901764E+00
 1.0000064307901704E+00   1.0000064307901615E+00   1.0000064307901457E+00   1.0000064307901200E+00   1.0000064307900822E+00   1.0000064307900287E+00   1.0000064307899583E+00   1.0000064307898706E+00   1.0000064307897694E+00   1.0000064307896686E+00   1.0000064307895906E+00
 1.0000064307895731E+00   1.0000064307896630E+00   1.0000064307901582E+00   1.0000064307913128E+00   1.0000064307910470E+00   1.0000064307907808E+00   1.0000064307905694E+00   1.0000064307904180E+00   1.0000064307903087E+00   1.0000064307902317E+00   1.0000064307901777E+00
 1.0000064307901431E+00   1.0000064307901233E+00   1.0000064307901122E+00   1.0000064307901106E+00   1.0000064307901133E+00   1.0000064307901202E+00   1.0000064307901282E+00   1.0000064307901373E+00   1.0000064307901448E+00   1.0000064307901524E+00   1.0000064307901586E+00
 1.0000064307901644E+00   1.0000064307901686E+00   1.0000064307901722E+00   1.0000064307901764E+00   1.0000064307901781E+00   1.0000064307901781E+00   1.0000064307901764E+00   1.0000064307901704E+00   1.0000064307901615E+00   1.0000064307901457E+00   1.0000064307901200E+00
 1.0000064307900822E+00   1.0000064307900287E+00   1.0000064307899583E+00   1.0000064307898706E+00   1.0000064307897694E+00   1.0000064307896686E+00   1.0000064307895906E+00   1.0000064307895731E+00   1.0000064307896630E+00   1.0000064307901582E+00   1.0000064307913128E+00
 1.0000064307910470E+00   1.0000064307907808E+00   1.0000064307905694E+00   1.0000064307904180E+00   1.0000064307903087E+00   1.0000064307902317E+00   1.0000064307901777E+00   1.0000064307901431E+00   1.0000064307901233E+00   1.0000064307901122E+00   1.0000064307901106E+00
 1.0000064307901133E+00   1.0000064307901202E+00   1.0000064307901282E+00   1.0000064307901373E+00   1.0000064307901448E+00   1.0000064307901524E+00   1.0000064307901586E+00   1.0000064307901644E+00   1.0000064307901686E+00   1.0000064307901722E+00   1.0000064307901764E+00
 1.0000064307901781E+00   1.0000064307901781E+00   1.0000064307901764E+00   1.0000064307901704E+00   1.0000064307901615E+00   1.0000064307901457E+00   1.0000064307901200E+00   1.0000064307900822E+00   1.0000064307900287E+00   1.0000064307899583E+00   1.0000064307898706E+00
 1.0000064307897694E+00   1.0000064307896686E+00   1.0000064307895906E+00   1.0000064307895731E+00   1.0000064307896630E+00   1.0000064307901582E+00   1.0000064307913128E+00   1.0000064307910470E+00   1.0000064307907808E+00   1.0000064307905694E+00   1.0000064307904180E+00
 1.0000064307903087E+00   1.0000064307902317E+00   1.0000064307901777E+00   1.0000064307901431E+00   1.0000064307901233E+00   1.0000064307901122E+00   1.0000064307901106E+00   1.0000064307901133E+00   1.0000064307901202E+00   1.0000064307901282E+00   1.0000064307901373E+00
 1.0000064307901448E+00   1.0000064307901524E+00   1.0000064307901586E+00   1.0000064307901644E+00   1.0000064307901686E+00   1.0000064307901722E+00   1.0000064307901764E+00   1.0000064307901781E+00   1.0000064307901781E+00   1.0000064307901764E+00   1.0000064307901704E+00
 1.0000064307901615E+00   1.0000064307901457E+00   1.0000064307901200E+00   1.0000064307900822E+00   1.0000064307900287E+00   1.0000064307899583E+00   1.0000064307898706E+00   1.0000064307897694E+00   1.0000064307896686E+00   1.0000064307895906E+00   1.0000064307895731E+00
 1.0000064307896630E+00   1.0000064307901582E+00   1.0000064307913128E+00   1.0000064307910470E+00   1.0000064307907808E+00   1.0000064307905694E+00   1.0000064307904180E+00   1.0000064307903087E+00   1.0000064307902317E+00   1.0000064307901777E+00   1.0000064307901431E+00
 1.0000064307901233E+00   1.0000064307901122E+00   1.0000064307901106E+00   1.0000064307901133E+00   1.0000064307901202E+00   1.0000064307901282E+00   1.0000064307901373E+00   1.0000064307901448E+00   1.0000064307901524E+00   1.0000064307901586E+00   1.0000064307901644E+00
 1.0000064307901686E+00   1.0000064307901722E+00   1.0000064307901764E+00   1.0000064307901781E+00   1.0000064307901781E+00   1.0000064307901764E+00   1.0000064307901704E+00   1.0000064307901615E+00   1.0000064307901457E+00   1.0000064307901200E+00   1.0000064307900822E+00
 1.0000064307900287E+00   1.0000064307899583E+00   1.0000064307898706E+00   1.0000064307897694E+00   1.0000064307896686E+00   1.0000064307895906E+00   1.0000064307895731E+00   1.0000064307896630E+00   1.0000064307901582E+00   1.0000064307913128E+00   1.0000064307910470E+00
 1.0000064307907808E+00   1.0000064307905694E+00   1.0000064307904180E+00   1.0000064307903087E+00   1.0000064307902317E+00   1.0000064307901777E+00   1.0000064307901431E+00   1.0000064307901233E+00   1.0000064307901122E+00   1.0000064307901106E+00   1.0000064307901133E+00
 1.0000064307901202E+00   1.0000064307901282E+00   1.0000064307901373E+00   1.0000064307901448E+00   1.0000064307901524E+00   1.0000064307901586E+00   1.0000064307901644E+00   1.0000064307901686E+00   1.0000064307901722E+00   1.0000064307901764E+00   1.0000064307901781E+00
 1.0000064307901781E+00   1.0000064307901764E+00   1.0000064307901704E+00   1.0000064307901615E+00   1.0000064307901457E+00   1.0000064307901200E+00   1.0000064307900822E+00   1.0000064307900287E+00   1.0000064307899583E+00   1.0000064307898706E+00   1.0000064307897694E+00
 1.0000064307896686E+00   1.0000064307895906E+00   1.0000064307895731E+00   1.0000064307896630E+00   1.0000064307901582E+00   1.0000064307913128E+00   1.0000064307910470E+00   1.0000064307907808E+00   1.0000064307905694E+00   1.0000064307904180E+00   1.0000064307903087E+00
 1.0000064307902317E+00   1.0000064307901777E+00   1.0000064307901431E+00   1.0000064307901233E+00   1.0000064307901122E+00   1.0000064307901106E+00   1.0000064307901133E+00   1.0000064307901202E+00   1.0000064307901282E+00   1.0000064307901373E+00   1.0000064307901448E+00
 1.0000064307901524E+00   1.0000064307901586E+00   1.0000064307901644E+00   1.0000064307901686E+00   1.0000064307901722E+00   1.0000064307901764E+00   1.0000064307901781E+00   1.0000064307901781E+00   1.0000064307901764E+00   1.0000064307901704E+00   1.0000064307901615E+00
 1.0000064307901457E+00   1.0000064307901200E+00   1.0000064307900822E+00   1.0000064307900287E+00   1.0000064307899583E+00   1.0000064307898706E+00   1.0000064307897694E+00   1.0000064307896686E+00   1.0000064307895906E+00   1.0000064307895731E+00   1.0000064307896630E+00
 1.0000064307901582E+00   1.0000064307913128E+00   1.0000064307910470E+00   1.0000064307907808E+00   1.0000064307905694E+00   1.0000064307904180E+00   1.0000064307903087E+00   1.0000064307902317E+00   1.0000064307901777E+00   1.0000064307901431E+00   1.0000064307901233E+00
 1.0000064307901122E+00   1.0000064307901106E+00   1.0000064307901133E+00   1.0000064307901202E+00   1.0000064307901282E+00   1.0000064307901373E+00   1.0000064307901448E+00   1.0000064307901524E+00   1.0000064307901586E+00   1.0000064307901644E+00   1.0000064307901686E+00
 1.0000064307901722E+00   1.0000064307901764E+00   1.0000064307901781E+00   1.0000064307901781E+00   1.0000064307901764E+00   1.0000064307901704E+00   1.0000064307901615E+00   1.0000064307901457E+00   1.0000064307901200E+00   1.0000064307900822E+00   1.0000064307900287E+00
 1.0000064307899583E+00   1.0000064307898706E+00   1.0000064307897694E+00   1.0000064307896686E+00   1.0000064307895906E+00   1.0000064307895731E+00   1.0000064307896630E+00   1.0000064307901582E+00   1.0000064307913128E+00   1.0000064307910470E+00   1.0000064307907808E+00
 1.0000064307905694E+00   1.0000064307904180E+00   1.0000064307903087E+00   1.0000064307902317E+00   1.0000064307901777E+00   1.0000064307901431E+00   1.0000064307901233E+00   1.0000064307901122E+00   1.0000064307901106E+00   1.0000064307901133E+00   1.0000064307901202E+00
 1.0000064307901282E+00   1.0000064307901373E+00   1.0000064307901448E+00   1.0000064307901524E+00   1.0000064307901586E+00   1.0000064307901644E+00   1.0000064307901686E+00   1.0000064307901722E+00   1.0000064307901764E+00   1.0000064307901781E+00   1.0000064307901781E+00
 1.0000064307901764E+00   1.0000064307901704E+00   1.0000064307901615E+00   1.0000064307901457E+00   1.0000064307901200E+00   1.0000064307900822E+00   1.0000064307900287E+00   1.0000064307899583E+00   1.0000064307898706E+00   1.0000064307897694E+00   1.0000064307896686E+00
 1.0000064307895906E+00   1.0000064307895731E+00   1.0000064307896630E+00   1.0000064307901582E+00   1.0000064307913128E+00   1.0000064307910470E+00   1.0000064307907808E+00   1.0000064307905694E+00   1.0000064307904180E+00   1.0000064307903087E+00   1.0000064307902317E+00
 1.0000064307901777E+00   1.0000064307901431E+00   1.0000064307901233E+00   1.0000064307901122E+00   1.0000064307901106E+00   1.0000064307901133E+00   1.0000064307901202E+00   1.0000064307901282E+00   1.0000064307901373E+00   1.0000064307901448E+00   1.0000064307901524E+00
 1.0000064307901586E+00   1.0000064307901644E+00   1.0000064307901686E+00   1.0000064307901722E+00   1.0000064307901764E+00   1.0000064307901781E+00   1.0000064307901781E+00   1.0000064307901764E+00   1.0000064307901704E+00   1.0000064307901615E+00   1.0000064307901457E+00
 1.0000064307901200E+00   1.0000064307900822E+00   1.0000064307900287E+00   1.0000064307899583E+00   1.0000064307898706E+00   1.0000064307897694E+00   1.0000064307896686E+00   1.0000064307895906E+00   1.0000064307895731E+00   1.0000064307896630E+00   1.0000064307901582E+00
 1.0000064307913128E+00   1.0000064307910470E+00   1.0000064307907808E+00   1.0000064307905694E+00   1.0000064307904180E+00   1.0000064307903087E+00   1.0000064307902317E+00   1.0000064307901777E+00   1.0000064307901431E+00   1.0000064307901233E+00   1.0000064307901122E+00
 1.0000064307901106E+00   1.0000064307901133E+00   1.0000064307901202E+00   1.0000064307901282E+00   1.0000064307901373E+00   1.0000064307901448E+00   1.0000064307901524E+00   1.0000064307901586E+00   1.0000064307901644E+00   1.0000064307901686E+00   1.0000064307901722E+00
 1.0000064307901764E+00   1.0000064307901781E+00   1.0000064307901781E+00   1.0000064307901764E+00   1.0000064307901704E+00   1.0000064307901615E+00   1.0000064307901457E+00   1.0000064307901200E+00   1.0000064307900822E+00   1.0000064307900287E+00   1.0000064307899583E+00
 1.0000064307898706E+00   1.0000064307897694E+00   1.0000064307896686E+00   1.0000064307895906E+00   1.0000064307895731E+00   1.0000064307896630E+00   1.0000064307901582E+00   1.0000064307913128E+00   1.0000064307910470E+00   1.0000064307907808E+00   1.0000064307905694E+00
 1.0000064307904180E+00   1.0000064307903087E+00   1.0000064307902317E+00   1.0000064307901777E+00   1.0000064307901431E+00   1.0000064307901233E+00   1.0000064307901122E+00   1.0000064307901106E+00   1.0000064307901133E+00   1.0000064307901202E+00   1.0000064307901282E+00
 1.0000064307901373E+00   1.0000064307901448E+00   1.0000064307901524E+00   1.0000064307901586E+00   1.0000064307901644E+00   1.0000064307901686E+00   1.0000064307901722E+00   1.0000064307901764E+00   1.0000064307901781E+00   1.0000064307901781E+00   1.0000064307901764E+00
 1.0000064307901704E+00   1.0000064307901615E+00   1.0000064307901457E+00   1.0000064307901200E+00   1.0000064307900822E+00   1.0000064307900287E+00   1.0000064307899583E+00   1.0000064307898706E+00   1.0000064307897694E+00   1.0000064307896686E+00   1.0000064307895906E+00
 1.0000064307895731E+00   1.0000064307896630E+00   1.0000064307901582E+00   1.0000064307913128E+00   1.0000064307910470E+00   1.0000064307907808E+00   1.0000064307905694E+00   1.0000064307904180E+00   1.0000064307903087E+00   1.0000064307902317E+00   1.0000064307901777E+00
 1.0000064307901431E+00   1.0000064307901233E+00   1.0000064307901122E+00   1.0000064307901106E+00   1.0000064307901133E+00   1.0000064307901202E+00   1.0000064307901282E+00   1.0000064307901373E+00   1.0000064307901448E+00   1.0000064307901524E+00   1.0000064307901586E+00
 1.0000064307901644E+00   1.0000064307901686E+00   1.0000064307901722E+00   1.0000064307901764E+00   1.0000064307901781E+00   1.0000064307901781E+00   1.0000064307901764E+00   1.0000064307901704E+00   1.0000064307901615E+00   1.0000064307901457E+00   1.0000064307901200E+00
 1.0000064307900822E+00   1.0000064307900287E+00   1.0000064307899583E+00   1.0000064307898706E+00   1.0000064307897694E+00   1.0000064307896686E+00   1.0000064307895906E+00   1.0000064307895731E+00   1.0000064307896630E+00   1.0000064307901582E+00   1.0000064307913128E+00
 1.0000064307910470E+00   1.0000064307907808E+00   1.0000064307905694E+00   1.0000064307904180E+00   1.0000064307903087E+00   1.0000064307902317E+00   1.0000064307901777E+00   1.0000064307901431E+00   1.0000064307901233E+00   1.0000064307901122E+00   1.0000064307901106E+00
 1.0000064307901133E+00   1.0000064307901202E+00   1.0000064307901282E+00   1.0000064307901373E+00   1.0000064307901448E+00   1.0000064307901524E+00   1.0000064307901586E+00   1.0000064307901644E+00   1.0000064307901686E+00   1.0000064307901722E+00   1.0000064307901764E+00
 1.0000064307901781E+00   1.0000064307901781E+00   1.0000064307901764E+00   1.0000064307901704E+00   1.0000064307901615E+00   1.0000064307901457E+00   1.0000064307901200E+00   1.0000064307900822E+00   1.0000064307900287E+00   1.0000064307899583E+00   1.0000064307898706E+00
 1.0000064307897694E+00   1.0000064307896686E+00   1.0000064307895906E+00   1.0000064307895731E+00   1.0000064307896630E+00   1.0000064307901582E+00   1.0000064307913128E+00   1.0000064307910470E+00   1.0000064307907808E+00   1.0000064307905694E+00   1.0000064307904180E+00
 1.0000064307903087E+00   1.0000064307902317E+00   1.0000064307901777E+00   1.0000064307901431E+00   1.0000064307901233E+00   1.0000064307901122E+00   1.0000064307901106E+00   1.0000064307901133E+00   1.0000064307901202E+00   1.0000064307901282E+00   1.0000064307901373E+00
 1.0000064307901448E+00   1.0000064307901524E+00   1.0000064307901586E+00   1.0000064307901644E+00   1.0000064307901686E+00   1.0000064307901722E+00   1.0000064307901764E+00   1.0000064307901781E+00   1.0000064307901781E+00   1.0000064307901764E+00   1.0000064307901704E+00
 1.0000064307901615E+00   1.0000064307901457E+00   1.0000064307901200E+00   1.0000064307900822E+00   1.0000064307900287E+00   1.0000064307899583E+00   1.0000064307898706E+00   1.0000064307897694E+00   1.0000064307896686E+00   1.0000064307895906E+00   1.0000064307895731E+00
 1.0000064307896630E+00   1.0000064307901582E+00   1.0000064307913128E+00   1.0000064307910470E+00   1.0000064307907808E+00   1.0000064307905694E+00   1.0000064307904180E+00   1.0000064307903087E+00   1.0000064307902317E+00   1.0000064307901777E+00   1.0000064307901431E+00
 1.0000064307901233E+00   1.0000064307901122E+00   1.0000064307901106E+00   1.0000064307901133E+00   1.0000064307901202E+00   1.0000064307901282E+00   1.0000064307901373E+00   1.0000064307901448E+00   1.0000064307901524E+00   1.0000064307901586E+00   1.0000064307901644E+00
 1.0000064307901686E+00   1.0000064307901722E+00   1.0000064307901764E+00   1.0000064307901781E+00   1.0000064307901781E+00   1.0000064307901764E+00   1.0000064307901704E+00   1.0000064307901615E+00   1.0000064307901457E+00   1.0000064307901200E+00   1.0000064307900822E+00
 1.0000064307900287E+00   1.0000064307899583E+00   1.0000064307898706E+00   1.0000064307897694E+00   1.0000064307896686E+00   1.0000064307895906E+00   1.0000064307895731E+00   1.0000064307896630E+00   1.0000064307901582E+00   1.0000064307913128E+00   1.0000064307910470E+00
 1.0000064307907808E+00   1.0000064307905694E+00   1.0000064307904180E+00   1.0000064307903087E+00   1.0000064307902317E+00   1.0000064307901777E+00   1.0000064307901431E+00   1.0000064307901233E+00   1.0000064307901122E+00   1.0000064307901106E+00   1.0000064307901133E+00
 1.0000064307901202E+00   1.0000064307901282E+00   1.0000064307901373E+00   1.0000064307901448E+00   1.0000064307901524E+00   1.0000064307901586E+00   1.0000064307901644E+00   1.0000064307901686E+00   1.0000064307901722E+00   1.0000064307901764E+00   1.0000064307901781E+00
 1.0000064307901781E+00   1.0000064307901764E+00   1.0000064307901704E+00   1.0000064307901615E+00   1.0000064307901457E+00   1.0000064307901200E+00   1.0000064307900822E+00   1.0000064307900287E+00   1.0000064307899583E+00   1.0000064307898706E+00   1.0000064307897694E+00
 1.0000064307896686E+00   1.0000064307895906E+00   1.0000064307895731E+00   1.0000064307896630E+00   1.0000064307901582E+00   1.0000064307913128E+00   1.0000064307910470E+00   1.0000064307907808E+00   1.0000064307905694E+00   1.0000064307904180E+00   1.0000064307903087E+00
 1.0000064307902317E+00   1.0000064307901777E+00   1.0000064307901431E+00   1.0000064307901233E+00   1.0000064307901122E+00   1.0000064307901106E+00   1.0000064307901133E+00   1.0000064307901202E+00   1.0000064307901282E+00   1.0000064307901373E+00   1.0000064307901448E+00
 1.0000064307901524E+00   1.0000064307901586E+00   1.0000064307901644E+00   1.0000064307901686E+00   1.0000064307901722E+00   1.0000064307901764E+00   1.0000064307901781E+00   1.0000064307901781E+00   1.0000064307901764E+00   1.0000064307901704E+00   1.0000064307901615E+00
 1.0000064307901457E+00   1.0000064307901200E+00   1.0000064307900822E+00   1.0000064307900287E+00   1.0000064307899583E+00   1.0000064307898706E+00   1.0000064307897694E+00   1.0000064307896686E+00   1.0000064307895906E+00   1.0000064307895731E+00   1.0000064307896630E+00
 1.0000064307901582E+00   1.0000064307913128E+00   1.0000064307910470E+00   1.0000064307907808E+00   1.0000064307905694E+00   1.0000064307904180E+00   1.0000064307903087E+00   1.0000064307902317E+00   1.0000064307901777E+00   1.0000064307901431E+00   1.0000064307901233E+00
 1.0000064307901122E+00   1.0000064307901106E+00   1.0000064307901133E+00   1.0000064307901202E+00   1.0000064307901282E+00   1.0000064307901373E+00   1.0000064307901448E+00   1.0000064307901524E+00   1.0000064307901586E+00   1.0000064307901644E+00   1.0000064307901686E+00
 1.0000064307901722E+00   1.0000064307901764E+00   1.0000064307901781E+00   1.0000064307901781E+00   1.0000064307901764E+00   1.0000064307901704E+00   1.0000064307901615E+00   1.0000064307901457E+00   1.0000064307901200E+00   1.0000064307900822E+00   1.0000064307900287E+00
 1.0000064307899583E+00   1.0000064307898706E+00   1.0000064307897694E+00   1.0000064307896686E+00   1.0000064307895906E+00   1.0000064307895731E+00   1.0000064307896630E+00   1.0000064307901582E+00   1.0000064307913128E+00   1.0000064307910470E+00   1.0000064307907808E+00
 1.0000064307905694E+00   1.0000064307904180E+00   1.0000064307903087E+00   1.0000064307902317E+00   1.0000064307901777E+00   1.0000064307901431E+00   1.0000064307901233E+00   1.0000064307901122E+00   1.0000064307901106E+00   1.0000064307901133E+00   1.0000064307901202E+00
 1.0000064307901282E+00   1.0000064307901373E+00   1.0000064307901448E+00   1.0000064307901524E+00   1.0000064307901586E+00   1.0000064307901644E+00   1.0000064307901686E+00   1.0000064307901722E+00   1.0000064307901764E+00   1.0000064307901781E+00   1.0000064307901781E+00
 1.0000064307901764E+00   1.0000064307901704E+00   1.0000064307901615E+00   1.0000064307901457E+00   1.0000064307901200E+00   1.0000064307900822E+00   1.0000064307900287E+00   1.0000064307899583E+00   1.0000064307898706E+00   1.0000064307897694E+00   1.0000064307896686E+00
 1.0000064307895906E+00   1.0000064307895731E+00   1.0000064307896630E+00   1.0000064307901582E+00   1.0000064307913128E+00   1.0000064307910470E+00   1.0000064307907808E+00   1.0000064307905694E+00   1.0000064307904180E+00   1.0000064307903087E+00   1.0000064307902317E+00
 1.0000064307901777E+00   1.0000064307901431E+00   1.0000064307901233E+00   1.0000064307901122E+00   1.0000064307901106E+00   1.0000064307901133E+00   1.0000064307901202E+00   1.0000064307901282E+00   1.0000064307901373E+00   1.0000064307901448E+00   1.0000064307901524E+00
 1.0000064307901586E+00   1.0000064307901644E+00   1.0000064307901686E+00   1.0000064307901722E+00   1.0000064307901764E+00   1.0000064307901781E+00   1.0000064307901781E+00   1.0000064307901764E+00   1.0000064307901704E+00   1.0000064307901615E+00   1.0000064307901457E+00
 1.0000064307901200E+00   1.0000064307900822E+00   1.0000064307900287E+00   1.0000064307899583E+00   1.0000064307898706E+00   1.0000064307897694E+00   1.0000064307896686E+00   1.0000064307895906E+00   1.0000064307895731E+00   1.0000064307896630E+00   1.0000064307901582E+00
 1.0000064307913128E+00   1.0000064307910470E+00   1.0000064307907808E+00   1.0000064307905694E+00   1.0000064307904180E+00   1.0000064307903087E+00   1.0000064307902317E+00   1.0000064307901777E+00   1.0000064307901431E+00   1.0000064307901233E+00   1.0000064307901122E+00
 1.0000064307901106E+00   1.0000064307901133E+00   1.0000064307901202E+00   1.0000064307901282E+00   1.0000064307901373E+00   1.0000064307901448E+00   1.0000064307901524E+00   1.0000064307901586E+00   1.0000064307901644E+00   1.0000064307901686E+00   1.0000064307901722E+00
 1.0000064307901764E+00   1.0000064307901781E+00   1.0000064307901781E+00   1.0000064307901764E+00   1.0000064307901704E+00   1.0000064307901615E+00   1.0000064307901457E+00   1.0000064307901200E+00   1.0000064307900822E+00   1.0000064307900287E+00   1.0000064307899583E+00
 1.0000064307898706E+00   1.0000064307897694E+00   1.0000064307896686E+00   1.0000064307895906E+00   1.0000064307895731E+00   1.0000064307896630E+00   1.0000064307901582E+00   1.0000064307913128E+00   1.0000064307910470E+00   1.0000064307907808E+00   1.0000064307905694E+00
 1.0000064307904180E+00   1.0000064307903087E+00   1.0000064307902317E+00   1.0000064307901777E+00   1.0000064307901431E+00   1.0000064307901233E+00   1.0000064307901122E+00   1.0000064307901106E+00   1.0000064307901133E+00   1.0000064307901202E+00   1.0000064307901282E+00
 1.0000064307901373E+00   1.0000064307901448E+00   1.0000064307901524E+00   1.0000064307901586E+00   1.0000064307901644E+00   1.0000064307901686E+00   1.0000064307901722E+00   1.0000064307901764E+00   1.0000064307901781E+00   1.0000064307901781E+00   1.0000064307901764E+00
 1.0000064307901704E+00   1.0000064307901615E+00   1.0000064307901457E+00   1.0000064307901200E+00   1.0000064307900822E+00   1.0000064307900287E+00   1.0000064307899583E+00   1.0000064307898706E+00   1.0000064307897694E+00   1.0000064307896686E+00   1.0000064307895906E+00
 1.0000064307895731E+00   1.0000064307896630E+00   1.0000064307901582E+00   1.0000064307913128E+00   1.0000064307910470E+00   1.0000064307907808E+00   1.0000064307905694E+00   1.0000064307904180E+00   1.0000064307903087E+00   1.0000064307902317E+00   1.0000064307901777E+00
 1.0000064307901431E+00   1.0000064307901233E+00   1.0000064307901122E+00   1.0000064307901106E+00   1.0000064307901133E+00   1.0000064307901202E+00   1.0000064307901282E+00   1.0000064307901373E+00   1.0000064307901448E+00   1.0000064307901524E+00   1.0000064307901586E+00
 1.0000064307901644E+00   1.0000064307901686E+00   1.0000064307901722E+00   1.0000064307901764E+00   1.0000064307901781E+00   1.0000064307901781E+00   1.0000064307901764E+00   1.0000064307901704E+00   1.0000064307901615E+00   1.0000064307901457E+00   1.0000064307901200E+00
 1.0000064307900822E+00   1.0000064307900287E+00   1.0000064307899583E+00   1.0000064307898706E+00   1.0000064307897694E+00   1.0000064307896686E+00   1.0000064307895906E+00   1.0000064307895731E+00   1.0000064307896630E+00   1.0000064307901582E+00   1.0000064307913128E+00
 1.0000064307910470E+00   1.0000064307907808E+00   1.0000064307905694E+00   1.0000064307904180E+00   1.0000064307903087E+00   1.0000064307902317E+00   1.0000064307901777E+00   1.0000064307901431E+00   1.0000064307901233E+00   1.0000064307901122E+00   1.0000064307901106E+00
 1.0000064307901133E+00   1.0000064307901202E+00   1.0000064307901282E+00   1.0000064307901373E+00   1.0000064307901448E+00   1.0000064307901524E+00   1.0000064307901586E+00   1.0000064307901644E+00   1.0000064307901686E+00   1.0000064307901722E+00   1.0000064307901764E+00
 1.0000064307901781E+00   1.0000064307901781E+00   1.0000064307901764E+00   1.0000064307901704E+00   1.0000064307901615E+00   1.0000064307901457E+00   1.0000064307901200E+00   1.0000064307900822E+00   1.0000064307900287E+00   1.0000064307899583E+00   1.0000064307898706E+00
 1.0000064307897694E+00   1.0000064307896686E+00   1.0000064307895906E+00   1.0000064307895731E+00   1.0000064307896630E+00   1.0000064307901582E+00   1.0000064307913128E+00   1.0000064307910470E+00   1.0000064307907808E+00   1.0000064307905694E+00   1.0000064307904180E+00
 1.0000064307903087E+00   1.0000064307902317E+00   1.0000064307901777E+00   1.0000064307901431E+00   1.0000064307901233E+00   1.0000064307901122E+00   1.0000064307901106E+00   1.0000064307901133E+00   1.0000064307901202E+00   1.0000064307901282E+00   1.0000064307901373E+00
 1.0000064307901448E+00   1.0000064307901524E+00   1.0000064307901586E+00   1.0000064307901644E+00   1.0000064307901686E+00   1.0000064307901722E+00   1.0000064307901764E+00   1.0000064307901781E+00   1.0000064307901781E+00   1.0000064307901764E+00   1.0000064307901704E+00
 1.0000064307901615E+00   1.0000064307901457E+00   1.0000064307901200E+00   1.0000064307900822E+00   1.0000064307900287E+00   1.0000064307899583E+00   1.0000064307898706E+00   1.0000064307897694E+00   1.0000064307896686E+00   1.0000064307895906E+00   1.0000064307895731E+00
 1.0000064307896630E+00   1.0000064307901582E+00   1.0000064307913128E+00   1.0000064307910470E+00   1.0000064307907808E+00   1.0000064307905694E+00   1.0000064307904180E+00   1.0000064307903087E+00   1.0000064307902317E+00   1.0000064307901777E+00   1.0000064307901431E+00
 1.0000064307901233E+00   1.0000064307901122E+00   1.0000064307901106E+00   1.0000064307901133E+00   1.0000064307901202E+00   1.0000064307901282E+00   1.0000064307901373E+00   1.0000064307901448E+00   1.0000064307901524E+00   1.0000064307901586E+00   1.0000064307901644E+00
 1.0000064307901686E+00   1.0000064307901722E+00   1.0000064307901764E+00   1.0000064307901781E+00   1.0000064307901781E+00   1.0000064307901764E+00   1.0000064307901704E+00   1.0000064307901615E+00   1.0000064307901457E+00   1.0000064307901200E+00   1.0000064307900822E+00
 1.0000064307900287E+00   1.0000064307899583E+00   1.0000064307898706E+00   1.0000064307897694E+00   1.0000064307896686E+00   1.0000064307895906E+00   1.0000064307895731E+00   1.0000064307896630E+00   1.0000064307901582E+00   1.0000064307913128E+00   1.0000064307910470E+00
 1.0000064307907808E+00   1.0000064307905694E+00   1.0000064307904180E+00   1.0000064307903087E+00   1.0000064307902317E+00   1.0000064307901777E+00   1.0000064307901431E+00   1.0000064307901233E+00   1.0000064307901122E+00   1.0000064307901106E+00   1.0000064307901133E+00
 1.0000064307901202E+00   1.0000064307901282E+00   1.0000064307901373E+00   1.0000064307901448E+00   1.0000064307901524E+00   1.0000064307901586E+00   1.0000064307901644E+00   1.0000064307901686E+00   1.0000064307901722E+00   1.0000064307901764E+00   1.0000064307901781E+00
 1.0000064307901781E+00   1.0000064307901764E+00   1.0000064307901704E+00   1.0000064307901615E+00   1.0000064307901457E+00   1.0000064307901200E+00   1.0000064307900822E+00   1.0000064307900287E+00   1.0000064307899583E+00   1.0000064307898706E+00   1.0000064307897694E+00
 1.0000064307896686E+00   1.0000064307895906E+00   1.0000064307895731E+00   1.0000064307896630E+00   1.0000064307901582E+00
 1.0000000000000000E+00   1.0000000000000000E+00   1.0000000000000000E+00   1.0000000000000000E+00   1.0000000000000000E+00   1.0000000000000000E+00   1.0000000000000000E+00   1.0000000000000000E+00   1.0000000000000000E+00   1.0000000000000000E+00   1.0000000000000000E+00
 1.0000000000000000E+00   1.0000000000000000E+00   1.0000000000000000E+00   1.0000000000000000E+00   1.0000000000000000E+00   1.0000000000000000E+00   1.0000000000000000E+00   1.0000000000000000E+00   1.0000000000000000E+00   1.0000000000000000E+00   1.0000000000000000E+00
 1.0000000000000000E+00   1.0000000000000000E+00   1.0000000000000000E+00   1.0000000000000000E+00   1.0000000000000000E+00   1.0000000000000000E+00   1.0000000000000000E+00   1.0000000000000000E+00   1.0000000000000000E+00   1.0000000000000000E+00   1.0000000000000000E+00
 1.0000000000000000E+00   1.0000000000000000E+00   1.0000000000000000E+00   1.0000000000000000E+00   1.0000000000000000E+00   1.0000000000000000E+00   1.0000000000000000E+00   1.0000000000000000E+00   1.0000000000000000E+00   1.0000000000000000E+00   1.0000000000000000E+00
 1.0000000000000000E+00   1.0000000000000000E+00   1.0000000000000000E+00   1.0000000000000000E+00   1.0000000000000000E+00   1.0000000000000000E+00   1.0000000000000000E+00   1.0000000000000000E+00   1.0000000000000000E+00   1.0000000000000000E+00   1.0000000000000000E+00
 1.0000000000000000E+00   1.0000000000000000E+00   1.0000000000000000E+00   1.0000000000000000E+00   1.0000000000000000E+00   1.0000000000000000E+00   1.0000000000000000E+00   1.0000000000000000E+00   1.0000000000000000E+00   1.0000000000000000E+00   1.0000000000000000E+00
 1.0000000000000000E+00   1.0000000000000000E+00   1.0000000000000000E+00   1.0000000000000000E+00   1.0000000000000000E+00   1.0000000000000000E+00   1.0000000000000000E+00   1.0000000000000000E+00   1.0000000000000000E+00   1.0000000000000000E+00   1.0000000000000000E+00
 1.0000000000000000E+00   1.0000000000000000E+00   1.0000000000000000E+00   1.0000000000000000E+00   1.0000000000000000E+00   1.0000000000000000E+00   1.0000000000000000E+00   1.0000000000000000E+00   1.0000000000000000E+00   1.0000000000000000E+00   1.0000000000000000E+00
 1.0000000000000000E+00   1.0000000000000000E+00   1.0000000000000000E+00   1.0000000000000000E+00   1.0000000000000000E+00   1.0000000000000000E+00   1.0000000000000000E+00   1.0000000000000000E+00   1.0000000000000000E+00   1.0000000000000000E+00   1.0000000000000000E+00
 1.0000000000000000E+00   1.0000000000000000E+00   1.0000000000000000E+00   1.0000000000000000E+00   1.0000000000000000E+00   1.0000000000000000E+00   1.0000000000000000E+00   1.0000000000000000E+00   1.0000000000000000E+00   1.0000000000000000E+00   1.0000000000000000E+00
 1.0000000000000000E+00   1.0000000000000000E+00   1.0000000000000000E+00   1.0000000000000000E+00   1.0000000000000000E+00   1.0000000000000000E+00   1.0000000000000000E+00   1.0000000000000000E+00   1.0000000000000000E+00   1.0000000000000000E+00   1.0000000000000000E+00
 1.0000000000000000E+00   1.0000000000000000E+00   1.0000000000000000E+00   1.0000000000000000E+00   1.0000000000000000E+00   1.0000000000000000E+00   1.0000000000000000E+00   1.0000000000000000E+00   1.0000000000000000E+00   1.0000000000000000E+00   1.0000000000000000E+00
 1.0000000000000000E+00   1.0000000000000000E+00   1.0000000000000000E+00   1.0000000000000000E+00   1.0000000000000000E+00   1.0000000000000000E+00   1.0000000000000000E+00   1.0000000000000000E+00   1.0000000000000000E+00   1.0000000000000000E+00   1.0000000000000000E+00
 1.0000000000000000E+00   1.0000000000000000E+00   1.0000000000000000E+00   1.0000000000000000E+00   1.0000000000000000E+00   1.0000000000000000E+00   1.0000000000000000E+00   1.0000000000000000E+00   1.0000000000000000E+00   1.0000000000000000E+00   1.0000000000000000E+00
 1.0000000000000000E+00   1.0000000000000000E+00   1.0000000000000000E+00   1.0000000000000000E+00   1.0000000000000000E+00   1.0000000000000000E+00   1.0000000000000000E+00   1.0000000000000000E+00   1.0000000000000000E+00   1.0000000000000000E+00   1.0000000000000000E+00
 1.0000000000000000E+00   1.0000000000000000E+00   1.0000000000000000E+00   1.0000000000000000E+00   1.0000000000000000E+00   1.0000000000000000E+00   1.0000000000000000E+00   1.0000000000000000E+00   1.0000000000000000E+00   1.0000000000000000E+00   1.0000000000000000E+00
 1.0000000000000000E+00   1.0000000000000000E+00   1.0000000000000000E+00   1.0000000000000000E+00   1.0000000000000000E+00   1.0000000000000000E+00   1.0000000000000000E+00   1.0000000000000000E+00   1.0000000000000000E+00   1.0000000000000000E+00   1.0000000000000000E+00
 1.0000000000000000E+00   1.0000000000000000E+00   1.0000000000000000E+00   1.0000000000000000E+00   1.0000000000000000E+00   1.0000000000000000E+00   1.0000000000000000E+00   1.0000000000000000E+00   1.0000000000000000E+00   1.0000000000000000E+00   1.0000000000000000E+00
 1.0000000000000000E+00   1.0000000000000000E+00   1.0000000000000000E+00   1.0000000000000000E+00   1.0000000000000000E+00   1.0000000000000000E+00   1.0000000000000000E+00   1.0000000000000000E+00   1.0000000000000000E+00   1.0000000000000000E+00   1.0000000000000000E+00
 1.0000000000000000E+00   1.0000000000000000E+00   1.0000000000000000E+00   1.0000000000000000E+00   1.0000000000000000E+00   1.0000000000000000E+00   1.0000000000000000E+00   1.0000000000000000E+00   1.0000000000000000E+00   1.0000000000000000E+00   1.0000000000000000E+00
 1.0000000000000000E+00   1.0000000000000000E+00   1.0000000000000000E+00   1.0000000000000000E+00   1.0000000000000000E+00   1.0000000000000000E+00   1.0000000000000000E+00   1.0000000000000000E+00   1.0000000000000000E+00   1.0000000000000000E+00   1.0000000000000000E+00
 1.0000000000000000E+00   1.0000000000000000E+00   1.0000000000000000E+00   1.0000000000000000E+00   1.0000000000000000E+00   1.0000000000000000E+00   1.0000000000000000E+00   1.0000000000000000E+00   1.0000000000000000E+00   1.0000000000000000E+00   1.0000000000000000E+00
 1.0000000000000000E+00   1.0000000000000000E+00   1.0000000000000000E+00   1.0000000000000000E+00   1.0000000000000000E+00   1.0000000000000000E+00   1.0000000000000000E+00   1.0000000000000000E+00   1.0000000000000000E+00   1.0000000000000000E+00   1.0000000000000000E+00
 1.0000000000000000E+00   1.0000000000000000E+00   1.0000000000000000E+00   1.0000000000000000E+00   1.0000000000000000E+00   1.0000000000000000E+00   1.0000000000000000E+00   1.0000000000000000E+00   1.0000000000000000E+00   1.0000000000000000E+00   1.0000000000000000E+00
 1.0000000000000000E+00   1.0000000000000000E+00   1.0000000000000000E+00   1.0000000000000000E+00   1.0000000000000000E+00   1.0000000000000000E+00   1.0000000000000000E+00   1.0000000000000000E+00   1.0000000000000000E+00   1.0000000000000000E+00   1.0000000000000000E+00
 1.0000000000000000E+00   1.0000000000000000E+00   1.0000000000000000E+00   1.0000000000000000E+00   1.0000000000000000E+00   1.0000000000000000E+00   1.0000000000000000E+00   1.0000000000000000E+00   1.0000000000000000E+00   1.0000000000000000E+00   1.0000000000000000E+00
 1.0000000000000000E+00   1.0000000000000000E+00   1.0000000000000000E+00   1.0000000000000000E+00   1.0000000000000000E+00   1.0000000000000000E+00   1.0000000000000000E+00   1.0000000000000000E+00   1.0000000000000000E+00   1.0000000000000000E+00   1.0000000000000000E+00
 1.0000000000000000E+00   1.0000000000000000E+00   1.0000000000000000E+00   1.0000000000000000E+00   1.0000000000000000E+00   1.0000000000000000E+00   1.0000000000000000E+00   1.0000000000000000E+00   1.0000000000000000E+00   1.0000000000000000E+00   1.0000000000000000E+00
 1.0000000000000000E+00   1.0000000000000000E+00   1.0000000000000000E+00   1.0000000000000000E+00   1.0000000000000000E+00   1.0000000000000000E+00   1.0000000000000000E+00   1.0000000000000000E+00   1.0000000000000000E+00   1.0000000000000000E+00   1.0000000000000000E+00
 1.0000000000000000E+00   1.0000000000000000E+00   1.0000000000000000E+00   1.0000000000000000E+00   1.0000000000000000E+00   1.0000000000000000E+00   1.0000000000000000E+00   1.0000000000000000E+00   1.0000000000000000E+00   1.0000000000000000E+00   1.0000000000000000E+00
 1.0000000000000000E+00   1.0000000000000000E+00   1.0000000000000000E+00   1.0000000000000000E+00   1.0000000000000000E+00   1.0000000000000000E+00   1.0000000000000000E+00   1.0000000000000000E+00   1.0000000000000000E+00   1.0000000000000000E+00   1.0000000000000000E+00
 1.0000000000000000E+00   1.0000000000000000E+00   1.0000000000000000E+00   1.0000000000000000E+00   1.0000000000000000E+00   1.0000000000000000E+00   1.0000000000000000E+00   1.0000000000000000E+00   1.0000000000000000E+00   1.0000000000000000E+00   1.0000000000000000E+00
 1.0000000000000000E+00   1.0000000000000000E+00   1.0000000000000000E+00   1.0000000000000000E+00   1.0000000000000000E+00   1.0000000000000000E+00   1.0000000000000000E+00   1.0000000000000000E+00   1.0000000000000000E+00   1.0000000000000000E+00   1.0000000000000000E+00
 1.0000000000000000E+00   1.0000000000000000E+00   1.0000000000000000E+00   1.0000000000000000E+00   1.0000000000000000E+00   1.0000000000000000E+00   1.0000000000000000E+00   1.0000000000000000E+00   1.0000000000000000E+00   1.0000000000000000E+00   1.0000000000000000E+00
 1.0000000000000000E+00   1.0000000000000000E+00   1.0000000000000000E+00   1.0000000000000000E+00   1.0000000000000000E+00   1.0000000000000000E+00   1.0000000000000000E+00   1.0000000000000000E+00   1.0000000000000000E+00   1.0000000000000000E+00   1.0000000000000000E+00
 1.0000000000000000E+00   1.0000000000000000E+00   1.0000000000000000E+00   1.0000000000000000E+00   1.0000000000000000E+00   1.0000000000000000E+00   1.0000000000000000E+00   1.0000000000000000E+00   1.0000000000000000E+00   1.0000000000000000E+00   1.0000000000000000E+00
 1.0000000000000000E+00   1.0000000000000000E+00   1.0000000000000000E+00   1.0000000000000000E+00   1.0000000000000000E+00   1.0000000000000000E+00   1.0000000000000000E+00   1.0000000000000000E+00   1.0000000000000000E+00   1.0000000000000000E+00   1.0000000000000000E+00
 1.0000000000000000E+00   1.0000000000000000E+00   1.0000000000000000E+00   1.0000000000000000E+00   1.0000000000000000E+00   1.0000000000000000E+00   1.0000000000000000E+00   1.0000000000000000E+00   1.0000000000000000E+00   1.0000000000000000E+00   1.0000000000000000E+00
 1.0000000000000000E+00   1.0000000000000000E+00   1.0000000000000000E+00   1.0000000000000000E+00   1.0000000000000000E+00   1.0000000000000000E+00   1.0000000000000000E+00   1.0000000000000000E+00   1.0000000000000000E+00   1.0000000000000000E+00   1.0000000000000000E+00
 1.0000000000000000E+00   1.0000000000000000E+00   1.0000000000000000E+00   1.0000000000000000E+00   1.0000000000000000E+00   1.0000000000000000E+00   1.0000000000000000E+00   1.0000000000000000E+00   1.0000000000000000E+00   1.0000000000000000E+00   1.0000000000000000E+00
 1.0000000000000000E+00   1.0000000000000000E+00   1.0000000000000000E+00   1.0000000000000000E+00   1.0000000000000000E+00   1.0000000000000000E+00   1.0000000000000000E+00   1.0000000000000000E+00   1.0000000000000000E+00   1.0000000000000000E+00   1.0000000000000000E+00
 1.0000000000000000E+00   1.0000000000000000E+00   1.0000000000000000E+00   1.0000000000000000E+00   1.0000000000000000E+00   1.0000000000000000E+00   1.0000000000000000E+00   1.0000000000000000E+00   1.0000000000000000E+00   1.0000000000000000E+00   1.0000000000000000E+00
 1.0000000000000000E+00   1.0000000000000000E+00   1.0000000000000000E+00   1.0000000000000000E+00   1.0000000000000000E+00   1.0000000000000000E+00   1.0000000000000000E+00   1.0000000000000000E+00   1.0000000000000000E+00   1.0000000000000000E+00   1.0000000000000000E+00
 1.0000000000000000E+00   1.0000000000000000E+00   1.0000000000000000E+00   1.0000000000000000E+00   1.0000000000000000E+00   1.0000000000000000E+00   1.0000000000000000E+00   1.0000000000000000E+00   1.0000000000000000E+00   1.0000000000000000E+00   1.0000000000000000E+00
 1.0000000000000000E+00   1.0000000000000000E+00   1.0000000000000000E+00   1.0000000000000000E+00   1.0000000000000000E+00   1.0000000000000000E+00   1.0000000000000000E+00   1.0000000000000000E+00   1.0000000000000000E+00   1.0000000000000000E+00   1.0000000000000000E+00
 1.0000000000000000E+00   1.0000000000000000E+00   1.0000000000000000E+00   1.0000000000000000E+00   1.0000000000000000E+00   1.0000000000000000E+00   1.0000000000000000E+00   1.0000000000000000E+00   1.0000000000000000E+00   1.0000000000000000E+00   1.0000000000000000E+00
 1.0000000000000000E+00   1.0000000000000000E+00   1.0000000000000000E+00   1.0000000000000000E+00   1.0000000000000000E+00   1.0000000000000000E+00   1.0000000000000000E+00   1.0000000000000000E+00   1.0000000000000000E+00   1.0000000000000000E+00   1.0000000000000000E+00
 1.0000000000000000E+00   1.0000000000000000E+00   1.0000000000000000E+00   1.0000000000000000E+00   1.0000000000000000E+00   1.0000000000000000E+00   1.0000000000000000E+00   1.0000000000000000E+00   1.0000000000000000E+00   1.0000000000000000E+00   1.0000000000000000E+00
 1.0000000000000000E+00   1.0000000000000000E+00   1.0000000000000000E+00   1.0000000000000000E+00   1.0000000000000000E+00   1.0000000000000000E+00   1.0000000000000000E+00   1.0000000000000000E+00   1.0000000000000000E+00   1.0000000000000000E+00   1.0000000000000000E+00
 1.0000000000000000E+00   1.0000000000000000E+00   1.0000000000000000E+00   1.0000000000000000E+00   1.0000000000000000E+00   1.0000000000000000E+00   1.0000000000000000E+00   1.0000000000000000E+00   1.0000000000000000E+00   1.0000000000000000E+00   1.0000000000000000E+00
 1.0000000000000000E+00   1.0000000000000000E+00   1.0000000000000000E+00   1.0000000000000000E+00   1.0000000000000000E+00   1.0000000000000000E+00   1.0000000000000000E+00   1.0000000000000000E+00   1.0000000000000000E+00   1.0000000000000000E+00   1.0000000000000000E+00
 1.0000000000000000E+00   1.0000000000000000E+00   1.0000000000000000E+00   1.0000000000000000E+00   1.0000000000000000E+00   1.0000000000000000E+00   1.0000000000000000E+00   1.0000000000000000E+00   1.0000000000000000E+00   1.0000000000000000E+00   1.0000000000000000E+00
 1.0000000000000000E+00   1.0000000000000000E+00   1.0000000000000000E+00   1.0000000000000000E+00   1.0000000000000000E+00   1.0000000000000000E+00   1.0000000000000000E+00   1.0000000000000000E+00   1.0000000000000000E+00   1.0000000000000000E+00   1.0000000000000000E+00
 1.0000000000000000E+00   1.0000000000000000E+00   1.0000000000000000E+00   1.0000000000000000E+00   1.0000000000000000E+00   1.0000000000000000E+00   1.0000000000000000E+00   1.0000000000000000E+00   1.0000000000000000E+00   1.0000000000000000E+00   1.0000000000000000E+00
 1.0000000000000000E+00   1.0000000000000000E+00   1.0000000000000000E+00   1.0000000000000000E+00   1.0000000000000000E+00   1.0000000000000000E+00   1.0000000000000000E+00   1.0000000000000000E+00   1.0000000000000000E+00   1.0000000000000000E+00   1.0000000000000000E+00
 1.0000000000000000E+00   1.0000000000000000E+00   1.0000000000000000E+00   1.0000000000000000E+00   1.0000000000000000E+00   1.0000000000000000E+00   1.0000000000000000E+00   1.0000000000000000E+00   1.0000000000000000E+00   1.0000000000000000E+00   1.0000000000000000E+00
 1.0000000000000000E+00   1.0000000000000000E+00   1.0000000000000000E+00   1.0000000000000000E+00   1.0000000000000000E+00   1.0000000000000000E+00   1.0000000000000000E+00   1.0000000000000000E+00   1.0000000000000000E+00   1.0000000000000000E+00   1.0000000000000000E+00
 1.0000000000000000E+00   1.0000000000000000E+00   1.0000000000000000E+00   1.0000000000000000E+00   1.0000000000000000E+00   1.0000000000000000E+00   1.0000000000000000E+00   1.0000000000000000E+00   1.0000000000000000E+00   1.0000000000000000E+00   1.0000000000000000E+00
 1.0000000000000000E+00   1.0000000000000000E+00   1.0000000000000000E+00   1.0000000000000000E+00   1.0000000000000000E+00   1.0000000000000000E+00   1.0000000000000000E+00   1.0000000000000000E+00   1.0000000000000000E+00   1.0000000000000000E+00   1.0000000000000000E+00
 1.0000000000000000E+00   1.0000000000000000E+00   1.0000000000000000E+00   1.0000000000000000E+00   1.0000000000000000E+00   1.0000000000000000E+00   1.0000000000000000E+00   1.0000000000000000E+00   1.0000000000000000E+00   1.0000000000000000E+00   1.0000000000000000E+00
 1.0000000000000000E+00   1.0000000000000000E+00   1.0000000000000000E+00   1.0000000000000000E+00   1.0000000000000000E+00   1.0000000000000000E+00   1.0000000000000000E+00   1.0000000000000000E+00   1.0000000000000000E+00   1.0000000000000000E+00   1.0000000000000000E+00
 1.0000000000000000E+00   1.0000000000000000E+00   1.0000000000000000E+00   1.0000000000000000E+00   1.0000000000000000E+00   1.0000000000000000E+00   1.0000000000000000E+00   1.0000000000000000E+00   1.0000000000000000E+00   1.0000000000000000E+00   1.0000000000000000E+00
 1.0000000000000000E+00   1.0000000000000000E+00   1.0000000000000000E+00   1.0000000000000000E+00   1.0000000000000000E+00   1.0000000000000000E+00   1.0000000000000000E+00   1.0000000000000000E+00   1.0000000000000000E+00   1.0000000000000000E+00   1.0000000000000000E+00
 1.0000000000000000E+00   1.0000000000000000E+00   1.0000000000000000E+00   1.0000000000000000E+00   1.0000000000000000E+00   1.0000000000000000E+00   1.0000000000000000E+00   1.0000000000000000E+00   1.0000000000000000E+00   1.0000000000000000E+00   1.0000000000000000E+00
 1.0000000000000000E+00   1.0000000000000000E+00   1.0000000000000000E+00   1.0000000000000000E+00   1.0000000000000000E+00   1.0000000000000000E+00   1.0000000000000000E+00   1.0000000000000000E+00   1.0000000000000000E+00   1.0000000000000000E+00   1.0000000000000000E+00
 1.0000000000000000E+00   1.0000000000000000E+00   1.0000000000000000E+00   1.0000000000000000E+00   1.0000000000000000E+00   1.0000000000000000E+00   1.0000000000000000E+00   1.0000000000000000E+00   1.0000000000000000E+00   1.0000000000000000E+00   1.0000000000000000E+00
 1.0000000000000000E+00   1.0000000000000000E+00   1.0000000000000000E+00   1.0000000000000000E+00   1.0000000000000000E+00   1.0000000000000000E+00   1.0000000000000000E+00   1.0000000000000000E+00   1.0000000000000000E+00   1.0000000000000000E+00   1.0000000000000000E+00
 1.0000000000000000E+00   1.0000000000000000E+00   1.0000000000000000E+00   1.0000000000000000E+00   1.0000000000000000E+00   1.0000000000000000E+00   1.0000000000000000E+00   1.0000000000000000E+00   1.0000000000000000E+00   1.0000000000000000E+00   1.0000000000000000E+00
 1.0000000000000000E+00   1.0000000000000000E+00   1.0000000000000000E+00   1.0000000000000000E+00   1.0000000000000000E+00   1.0000000000000000E+00   1.0000000000000000E+00   1.0000000000000000E+00   1.0000000000000000E+00   1.0000000000000000E+00   1.0000000000000000E+00
 1.0000000000000000E+00   1.0000000000000000E+00   1.0000000000000000E+00   1.0000000000000000E+00   1.0000000000000000E+00   1.0000000000000000E+00   1.0000000000000000E+00   1.0000000000000000E+00   1.0000000000000000E+00   1.0000000000000000E+00   1.0000000000000000E+00
 1.0000000000000000E+00   1.0000000000000000E+00   1.0000000000000000E+00   1.0000000000000000E+00   1.0000000000000000E+00   1.0000000000000000E+00   1.0000000000000000E+00   1.0000000000000000E+00   1.0000000000000000E+00   1.0000000000000000E+00   1.0000000000000000E+00
 1.0000000000000000E+00   1.0000000000000000E+00   1.0000000000000000E+00   1.0000000000000000E+00   1.0000000000000000E+00   1.0000000000000000E+00   1.0000000000000000E+00   1.0000000000000000E+00   1.0000000000000000E+00   1.0000000000000000E+00   1.0000000000000000E+00
 1.0000000000000000E+00   1.0000000000000000E+00   1.0000000000000000E+00   1.0000000000000000E+00   1.0000000000000000E+00   1.0000000000000000E+00   1.0000000000000000E+00   1.0000000000000000E+00   1.0000000000000000E+00   1.0000000000000000E+00   1.0000000000000000E+00
 1.0000000000000000E+00   1.0000000000000000E+00   1.0000000000000000E+00   1.0000000000000000E+00   1.0000000000000000E+00   1.0000000000000000E+00   1.0000000000000000E+00   1.0000000000000000E+00   1.0000000000000000E+00   1.0000000000000000E+00   1.0000000000000000E+00
 1.0000000000000000E+00   1.0000000000000000E+00   1.0000000000000000E+00   1.0000000000000000E+00   1.0000000000000000E+00   1.0000000000000000E+00   1.0000000000000000E+00   1.0000000000000000E+00   1.0000000000000000E+00   1.0000000000000000E+00   1.0000000000000000E+00
 1.0000000000000000E+00   1.0000000000000000E+00   1.0000000000000000E+00   1.0000000000000000E+00   1.0000000000000000E+00   1.0000000000000000E+00   1.0000000000000000E+00   1.0000000000000000E+00   1.0000000000000000E+00   1.0000000000000000E+00   1.0000000000000000E+00
 1.0000000000000000E+00   1.0000000000000000E+00   1.0000000000000000E+00   1.0000000000000000E+00   1.0000000000000000E+00   1.0000000000000000E+00   1.0000000000000000E+00   1.0000000000000000E+00   1.0000000000000000E+00   1.0000000000000000E+00   1.0000000000000000E+00
 1.0000000000000000E+00   1.0000000000000000E+00   1.0000000000000000E+00   1.0000000000000000E+00   1.0000000000000000E+00   1.0000000000000000E+00   1.0000000000000000E+00   1.0000000000000000E+00   1.0000000000000000E+00   1.0000000000000000E+00   1.0000000000000000E+00
 1.0000000000000000E+00   1.0000000000000000E+00   1.0000000000000000E+00   1.0000000000000000E+00   1.0000000000000000E+00   1.0000000000000000E+00   1.0000000000000000E+00   1.0000000000000000E+00   1.0000000000000000E+00   1.0000000000000000E+00   1.0000000000000000E+00
 1.0000000000000000E+00   1.0000000000000000E+00   1.0000000000000000E+00   1.0000000000000000E+00   1.0000000000000000E+00   1.0000000000000000E+00   1.0000000000000000E+00   1.0000000000000000E+00   1.0000000000000000E+00   1.0000000000000000E+00   1.0000000000000000E+00
 1.0000000000000000E+00   1.0000000000000000E+00   1.0000000000000000E+00   1.0000000000000000E+00   1.0000000000000000E+00   1.0000000000000000E+00   1.0000000000000000E+00   1.0000000000000000E+00   1.0000000000000000E+00   1.0000000000000000E+00   1.0000000000000000E+00
 1.0000000000000000E+00   1.0000000000000000E+00   1.0000000000000000E+00   1.0000000000000000E+00   1.0000000000000000E+00   1.0000000000000000E+00   1.0000000000000000E+00   1.0000000000000000E+00   1.0000000000000000E+00   1.0000000000000000E+00   1.0000000000000000E+00
 1.0000000000000000E+00   1.0000000000000000E+00   1.0000000000000000E+00   1.0000000000000000E+00   1.0000000000000000E+00   1.0000000000000000E+00   1.0000000000000000E+00   1.0000000000000000E+00   1.0000000000000000E+00   1.0000000000000000E+00   1.0000000000000000E+00
 1.0000000000000000E+00   1.0000000000000000E+00   1.0000000000000000E+00   1.0000000000000000E+00   1.0000000000000000E+00   1.0000000000000000E+00   1.0000000000000000E+00   1.0000000000000000E+00   1.0000000000000000E+00   1.0000000000000000E+00   1.0000000000000000E+00
 1.0000000000000000E+00   1.0000000000000000E+00   1.0000000000000000E+00   1.0000000000000000E+00   1.0000000000000000E+00   1.0000000000000000E+00   1.0000000000000000E+00   1.0000000000000000E+00   1.0000000000000000E+00   1.0000000000000000E+00   1.0000000000000000E+00
 1.0000000000000000E+00   1.0000000000000000E+00   1.0000000000000000E+00   1.0000000000000000E+00   1.0000000000000000E+00   1.0000000000000000E+00   1.0000000000000000E+00   1.0000000000000000E+00   1.0000000000000000E+00   1.0000000000000000E+00   1.0000000000000000E+00
 1.0000000000000000E+00   1.0000000000000000E+00   1.0000000000000000E+00   1.0000000000000000E+00   1.0000000000000000E+00   1.0000000000000000E+00   1.0000000000000000E+00   1.0000000000000000E+00   1.0000000000000000E+00   1.0000000000000000E+00   1.0000000000000000E+00
 1.0000000000000000E+00   1.0000000000000000E+00   1.0000000000000000E+00   1.0000000000000000E+00   1.0000000000000000E+00   1.0000000000000000E+00   1.0000000000000000E+00   1.0000000000000000E+00   1.0000000000000000E+00   1.0000000000000000E+00   1.0000000000000000E+00
 1.0000000000000000E+00   1.0000000000000000E+00   1.0000000000000000E+00   1.0000000000000000E+00   1.0000000000000000E+00   1.0000000000000000E+00   1.0000000000000000E+00   1.0000000000000000E+00   1.0000000000000000E+00   1.0000000000000000E+00   1.0000000000000000E+00
 1.0000000000000000E+00   1.0000000000000000E+00   1.0000000000000000E+00   1.0000000000000000E+00   1.0000000000000000E+00   1.0000000000000000E+00   1.0000000000000000E+00   1.0000000000000000E+00   1.0000000000000000E+00   1.0000000000000000E+00   1.0000000000000000E+00
 1.0000000000000000E+00   1.0000000000000000E+00   1.0000000000000000E+00   1.0000000000000000E+00   1.0000000000000000E+00   1.0000000000000000E+00   1.0000000000000000E+00   1.0000000000000000E+00   1.0000000000000000E+00   1.0000000000000000E+00   1.0000000000000000E+00
 1.0000000000000000E+00   1.0000000000000000E+00   1.0000000000000000E+00   1.0000000000000000E+00   1.0000000000000000E+00   1.0000000000000000E+00   1.0000000000000000E+00   1.0000000000000000E+00   1.0000000000000000E+00   1.0000000000000000E+00   1.0000000000000000E+00
 1.0000000000000000E+00   1.0000000000000000E+00   1.0000000000000000E+00   1.0000000000000000E+00   1.0000000000000000E+00   1.0000000000000000E+00   1.0000000000000000E+00   1.0000000000000000E+00   1.0000000000000000E+00   1.0000000000000000E+00   1.0000000000000000E+00
 1.0000000000000000E+00   1.0000000000000000E+00   1.0000000000000000E+00   1.0000000000000000E+00   1.0000000000000000E+00   1.0000000000000000E+00   1.0000000000000000E+00   1.0000000000000000E+00   1.0000000000000000E+00   1.0000000000000000E+00   1.0000000000000000E+00
 1.0000000000000000E+00   1.0000000000000000E+00   1.0000000000000000E+00   1.0000000000000000E+00   1.0000000000000000E+00   1.0000000000000000E+00   1.0000000000000000E+00   1.0000000000000000E+00   1.0000000000000000E+00   1.0000000000000000E+00   1.0000000000000000E+00
 1.0000000000000000E+00   1.0000000000000000E+00   1.0000000000000000E+00   1.0000000000000000E+00   1.0000000000000000E+00   1.0000000000000000E+00   1.0000000000000000E+00   1.0000000000000000E+00   1.0000000000000000E+00   1.0000000000000000E+00   1.0000000000000000E+00
 1.0000000000000000E+00   1.0000000000000000E+00   1.0000000000000000E+00   1.0000000000000000E+00   1.0000000000000000E+00   1.0000000000000000E+00   1.0000000000000000E+00   1.0000000000000000E+00   1.0000000000000000E+00   1.0000000000000000E+00   1.0000000000000000E+00
 1.0000000000000000E+00   1.0000000000000000E+00   1.0000000000000000E+00   1.0000000000000000E+00   1.0000000000000000E+00   1.0000000000000000E+00   1.0000000000000000E+00   1.0000000000000000E+00   1.0000000000000000E+00   1.0000000000000000E+00   1.0000000000000000E+00
 1.0000000000000000E+00   1.0000000000000000E+00   1.0000000000000000E+00   1.0000000000000000E+00   1.0000000000000000E+00   1.0000000000000000E+00   1.0000000000000000E+00   1.0000000000000000E+00   1.0000000000000000E+00   1.0000000000000000E+00   1.0000000000000000E+00
 1.0000000000000000E+00   1.0000000000000000E+00   1.0000000000000000E+00   1.0000000000000000E+00   1.0000000000000000E+00   1.0000000000000000E+00   1.0000000000000000E+00   1.0000000000000000E+00   1.0000000000000000E+00   1.0000000000000000E+00   1.0000000000000000E+00
 1.0000000000000000E+00   1.0000000000000000E+00   1.0000000000000000E+00   1.0000000000000000E+00   1.0000000000000000E+00   1.0000000000000000E+00   1.0000000000000000E+00   1.0000000000000000E+00   1.0000000000000000E+00   1.0000000000000000E+00   1.0000000000000000E+00
 1.0000000000000000E+00   1.0000000000000000E+00   1.0000000000000000E+00   1.0000000000000000E+00   1.0000000000000000E+00   1.0000000000000000E+00   1.0000000000000000E+00   1.0000000000000000E+00   1.0000000000000000E+00   1.0000000000000000E+00   1.0000000000000000E+00
 1.0000000000000000E+00   1.0000000000000000E+00   1.0000000000000000E+00   1.0000000000000000E+00   1.0000000000000000E+00   1.0000000000000000E+00   1.0000000000000000E+00   1.0000000000000000E+00   1.0000000000000000E+00   1.0000000000000000E+00   1.0000000000000000E+00
 1.0000000000000000E+00   1.0000000000000000E+00   1.0000000000000000E+00   1.0000000000000000E+00   1.0000000000000000E+00   1.0000000000000000E+00   1.0000000000000000E+00   1.0000000000000000E+00   1.0000000000000000E+00   1.0000000000000000E+00   1.0000000000000000E+00
 1.0000000000000000E+00   1.0000000000000000E+00   1.0000000000000000E+00   1.0000000000000000E+00   1.0000000000000000E+00   1.0000000000000000E+00   1.0000000000000000E+00   1.0000000000000000E+00   1.0000000000000000E+00   1.0000000000000000E+00   1.0000000000000000E+00
 1.0000000000000000E+00   1.0000000000000000E+00   1.0000000000000000E+00   1.0000000000000000E+00   1.0000000000000000E+00   1.0000000000000000E+00   1.0000000000000000E+00   1.0000000000000000E+00   1.0000000000000000E+00   1.0000000000000000E+00   1.0000000000000000E+00
 1.0000000000000000E+00   1.0000000000000000E+00   1.0000000000000000E+00   1.0000000000000000E+00   1.0000000000000000E+00   1.0000000000000000E+00   1.0000000000000000E+00   1.0000000000000000E+00   1.0000000000000000E+00   1.0000000000000000E+00   1.0000000000000000E+00
 1.0000000000000000E+00   1.0000000000000000E+00   1.0000000000000000E+00   1.0000000000000000E+00   1.0000000000000000E+00   1.0000000000000000E+00   1.0000000000000000E+00   1.0000000000000000E+00   1.0000000000000000E+00   1.0000000000000000E+00   1.0000000000000000E+00
 1.0000000000000000E+00   1.0000000000000000E+00   1.0000000000000000E+00   1.0000000000000000E+00   1.0000000000000000E+00   1.0000000000000000E+00   1.0000000000000000E+00   1.0000000000000000E+00   1.0000000000000000E+00   1.0000000000000000E+00   1.0000000000000000E+00
 1.0000000000000000E+00   1.0000000000000000E+00   1.0000000000000000E+00   1.0000000000000000E+00   1.0000000000000000E+00   1.0000000000000000E+00   1.0000000000000000E+00   1.0000000000000000E+00   1.0000000000000000E+00   1.0000000000000000E+00   1.0000000000000000E+00
 1.0000000000000000E+00   1.0000000000000000E+00   1.0000000000000000E+00   1.0000000000000000E+00   1.0000000000000000E+00   1.0000000000000000E+00   1.0000000000000000E+00   1.0000000000000000E+00   1.0000000000000000E+00   1.0000000000000000E+00   1.0000000000000000E+00
 1.0000000000000000E+00   1.0000000000000000E+00   1.0000000000000000E+00   1.0000000000000000E+00   1.0000000000000000E+00   1.0000000000000000E+00   1.0000000000000000E+00   1.0000000000000000E+00   1.0000000000000000E+00   1.0000000000000000E+00   1.0000000000000000E+00
 1.0000000000000000E+00   1.0000000000000000E+00   1.0000000000000000E+00   1.0000000000000000E+00   1.0000000000000000E+00   1.0000000000000000E+00   1.0000000000000000E+00   1.0000000000000000E+00   1.0000000000000000E+00   1.0000000000000000E+00   1.0000000000000000E+00
 1.0000000000000000E+00   1.0000000000000000E+00   1.0000000000000000E+00   1.0000000000000000E+00   1.0000000000000000E+00   1.0000000000000000E+00   1.0000000000000000E+00   1.0000000000000000E+00   1.0000000000000000E+00   1.0000000000000000E+00   1.0000000000000000E+00
 1.0000000000000000E+00   1.0000000000000000E+00   1.0000000000000000E+00   1.0000000000000000E+00   1.0000000000000000E+00   1.0000000000000000E+00   1.0000000000000000E+00   1.0000000000000000E+00   1.0000000000000000E+00   1.0000000000000000E+00   1.0000000000000000E+00
 1.0000000000000000E+00   1.0000000000000000E+00   1.0000000000000000E+00   1.0000000000000000E+00   1.0000000000000000E+00   1.0000000000000000E+00   1.0000000000000000E+00   1.0000000000000000E+00   1.0000000000000000E+00   1.0000000000000000E+00   1.0000000000000000E+00
 1.0000000000000000E+00   1.0000000000000000E+00   1.0000000000000000E+00   1.0000000000000000E+00   1.0000000000000000E+00   1.0000000000000000E+00   1.0000000000000000E+00   1.0000000000000000E+00   1.0000000000000000E+00   1.0000000000000000E+00   1.0000000000000000E+00
 1.0000000000000000E+00   1.0000000000000000E+00   1.0000000000000000E+00   1.0000000000000000E+00   1.0000000000000000E+00   1.0000000000000000E+00   1.0000000000000000E+00   1.0000000000000000E+00   1.0000000000000000E+00   1.0000000000000000E+00   1.0000000000000000E+00
 1.0000000000000000E+00   1.0000000000000000E+00   1.0000000000000000E+00   1.0000000000000000E+00   1.0000000000000000E+00   1.0000000000000000E+00   1.0000000000000000E+00   1.0000000000000000E+00   1.0000000000000000E+00   1.0000000000000000E+00   1.0000000000000000E+00
 1.0000000000000000E+00   1.0000000000000000E+00   1.0000000000000000E+00   1.0000000000000000E+00   1.0000000000000000E+00   1.0000000000000000E+00   1.0000000000000000E+00   1.0000000000000000E+00   1.0000000000000000E+00   1.0000000000000000E+00   1.0000000000000000E+00
 1.0000000000000000E+00   1.0000000000000000E+00   1.0000000000000000E+00   1.0000000000000000E+00   1.0000000000000000E+00   1.0000000000000000E+00   1.0000000000000000E+00   1.0000000000000000E+00   1.0000000000000000E+00   1.0000000000000000E+00   1.0000000000000000E+00
 1.0000000000000000E+00   1.0000000000000000E+00   1.0000000000000000E+00   1.0000000000000000E+00   1.0000000000000000E+00   1.0000000000000000E+00   1.0000000000000000E+00   1.0000000000000000E+00   1.0000000000000000E+00   1.0000000000000000E+00   1.0000000000000000E+00
 1.0000000000000000E+00   1.0000000000000000E+00   1.0000000000000000E+00   1.0000000000000000E+00   1.0000000000000000E+00   1.0000000000000000E+00   1.0000000000000000E+00   1.0000000000000000E+00   1.0000000000000000E+00   1.0000000000000000E+00   1.0000000000000000E+00
 1.0000000000000000E+00   1.0000000000000000E+00   1.0000000000000000E+00   1.0000000000000000E+00   1.0000000000000000E+00   1.0000000000000000E+00   1.0000000000000000E+00   1.0000000000000000E+00   1.0000000000000000E+00   1.0000000000000000E+00   1.0000000000000000E+00
 1.0000000000000000E+00   1.0000000000000000E+00   1.0000000000000000E+00   1.0000000000000000E+00   1.0000000000000000E+00   1.0000000000000000E+00   1.0000000000000000E+00   1.0000000000000000E+00   1.0000000000000000E+00   1.0000000000000000E+00   1.0000000000000000E+00
 1.0000000000000000E+00   1.0000000000000000E+00   1.0000000000000000E+00   1.0000000000000000E+00   1.0000000000000000E+00   1.0000000000000000E+00   1.0000000000000000E+00   1.0000000000000000E+00   1.0000000000000000E+00   1.0000000000000000E+00   1.0000000000000000E+00
 1.0000000000000000E+00   1.0000000000000000E+00   1.0000000000000000E+00   1.0000000000000000E+00   1.0000000000000000E+00   1.0000000000000000E+00   1.0000000000000000E+00   1.0000000000000000E+00   1.0000000000000000E+00   1.0000000000000000E+00   1.0000000000000000E+00
 1.0000000000000000E+00   1.0000000000000000E+00   1.0000000000000000E+00   1.0000000000000000E+00   1.0000000000000000E+00   1.0000000000000000E+00   1.0000000000000000E+00   1.0000000000000000E+00   1.0000000000000000E+00   1.0000000000000000E+00   1.0000000000000000E+00
 1.0000000000000000E+00   1.0000000000000000E+00   1.0000000000000000E+00   1.0000000000000000E+00   1.0000000000000000E+00   1.0000000000000000E+00   1.0000000000000000E+00   1.0000000000000000E+00   1.0000000000000000E+00   1.0000000000000000E+00   1.0000000000000000E+00
 1.0000000000000000E+00   1.0000000000000000E+00   1.0000000000000000E+00   1.0000000000000000E+00   1.0000000000000000E+00   1.0000000000000000E+00   1.0000000000000000E+00   1.0000000000000000E+00   1.0000000000000000E+00   1.0000000000000000E+00   1.0000000000000000E+00
 1.0000000000000000E+00   1.0000000000000000E+00   1.0000000000000000E+00   1.0000000000000000E+00   1.0000000000000000E+00   1.0000000000000000E+00   1.0000000000000000E+00   1.0000000000000000E+00   1.0000000000000000E+00   1.0000000000000000E+00   1.0000000000000000E+00
 1.0000000000000000E+00   1.0000000000000000E+00   1.0000000000000000E+00   1.0000000000000000E+00   1.0000000000000000E+00   1.0000000000000000E+00   1.0000000000000000E+00   1.0000000000000000E+00   1.0000000000000000E+00   1.0000000000000000E+00   1.0000000000000000E+00
 1.0000000000000000E+00   1.0000000000000000E+00   1.0000000000000000E+00   1.0000000000000000E+00   1.0000000000000000E+00   1.0000000000000000E+00   1.0000000000000000E+00   1.0000000000000000E+00   1.0000000000000000E+00   1.0000000000000000E+00   1.0000000000000000E+00
 1.0000000000000000E+00   1.0000000000000000E+00   1.0000000000000000E+00   1.0000000000000000E+00   1.0000000000000000E+00   1.0000000000000000E+00   1.0000000000000000E+00   1.0000000000000000E+00   1.0000000000000000E+00   1.0000000000000000E+00   1.0000000000000000E+00
 1.0000000000000000E+00   1.0000000000000000E+00   1.0000000000000000E+00   1.0000000000000000E+00   1.0000000000000000E+00   1.0000000000000000E+00   1.0000000000000000E+00   1.0000000000000000E+00   1.0000000000000000E+00   1.0000000000000000E+00   1.0000000000000000E+00
 1.0000000000000000E+00   1.0000000000000000E+00   1.0000000000000000E+00   1.0000000000000000E+00   1.0000000000000000E+00   1.0000000000000000E+00   1.0000000000000000E+00   1.0000000000000000E+00   1.0000000000000000E+00   1.0000000000000000E+00   1.0000000000000000E+00
 1.0000000000000000E+00   1.0000000000000000E+00   1.0000000000000000E+00   1.0000000000000000E+00   1.0000000000000000E+00   1.0000000000000000E+00   1.0000000000000000E+00   1.0000000000000000E+00   1.0000000000000000E+00   1.0000000000000000E+00   1.0000000000000000E+00
 1.0000000000000000E+00   1.0000000000000000E+00   1.0000000000000000E+00   1.0000000000000000E+00   1.0000000000000000E+00   1.0000000000000000E+00   1.0000000000000000E+00   1.0000000000000000E+00   1.0000000000000000E+00   1.0000000000000000E+00   1.0000000000000000E+00
 1.0000000000000000E+00   1.0000000000000000E+00   1.0000000000000000E+00   1.0000000000000000E+00   1.0000000000000000E+00   1.0000000000000000E+00   1.0000000000000000E+00   1.0000000000000000E+00   1.0000000000000000E+00   1.0000000000000000E+00   1.0000000000000000E+00
 1.0000000000000000E+00   1.0000000000000000E+00   1.0000000000000000E+00   1.0000000000000000E+00   1.0000000000000000E+00   1.0000000000000000E+00   1.0000000000000000E+00   1.0000000000000000E+00   1.0000000000000000E+00   1.0000000000000000E+00   1.0000000000000000E+00
 1.0000000000000000E+00   1.0000000000000000E+00   1.0000000000000000E+00   1.0000000000000000E+00   1.0000000000000000E+00   1.0000000000000000E+00   1.0000000000000000E+00   1.0000000000000000E+00   1.0000000000000000E+00   1.0000000000000000E+00   1.0000000000000000E+00
 1.0000000000000000E+00   1.0000000000000000E+00   1.0000000000000000E+00   1.0000000000000000E+00   1.0000000000000000E+00   1.0000000000000000E+00   1.0000000000000000E+00   1.0000000000000000E+00   1.0000000000000000E+00   1.0000000000000000E+00   1.0000000000000000E+00
 1.0000000000000000E+00   1.0000000000000000E+00   1.0000000000000000E+00   1.0000000000000000E+00   1.0000000000000000E+00   1.0000000000000000E+00   1.0000000000000000E+00   1.0000000000000000E+00   1.0000000000000000E+00   1.0000000000000000E+00   1.0000000000000000E+00
 1.0000000000000000E+00   1.0000000000000000E+00   1.0000000000000000E+00   1.0000000000000000E+00   1.0000000000000000E+00   1.0000000000000000E+00   1.0000000000000000E+00   1.0000000000000000E+00   1.0000000000000000E+00   1.0000000000000000E+00   1.0000000000000000E+00
 1.0000000000000000E+00   1.0000000000000000E+00   1.0000000000000000E+00   1.0000000000000000E+00   1.0000000000000000E+00   1.0000000000000000E+00   1.0000000000000000E+00   1.0000000000000000E+00   1.0000000000000000E+00   1.0000000000000000E+00   1.0000000000000000E+00
 1.0000000000000000E+00   1.0000000000000000E+00   1.0000000000000000E+00   1.0000000000000000E+00   1.0000000000000000E+00
