 VARIABLES = X, Y, RHO, U, V, T, P, QX, QY, radius, radius-0, RHO-0,error
ZONE I =   41, J =   41, DATAPACKING=BLOCK,VARLOCATION=([3-13]=CELLCENTERED)
 0.0000000000000000E+00   2.5000000000000001E-03   5.0000000000000001E-03   7.4999999999999997E-03   1.0000000000000000E-02   1.2500000000000001E-02   1.4999999999999999E-02   1.7500000000000002E-02   2.0000000000000000E-02   2.2499999999999999E-02   2.5000000000000001E-02
 2.7500000000000000E-02   2.9999999999999999E-02   3.2500000000000001E-02   3.5000000000000003E-02   3.7499999999999999E-02   4.0000000000000001E-02   4.2500000000000003E-02   4.4999999999999998E-02   4.7500000000000001E-02   5.0000000000000003E-02   5.2499999999999998E-02
 5.5000000000000000E-02   5.7500000000000002E-02   5.9999999999999998E-02   6.2500000000000000E-02   6.5000000000000002E-02   6.7500000000000004E-02   7.0000000000000007E-02   7.2499999999999995E-02   7.4999999999999997E-02   7.7499999999999999E-02   8.0000000000000002E-02
 8.2500000000000004E-02   8.5000000000000006E-02   8.7500000000000008E-02   8.9999999999999997E-02   9.2499999999999999E-02   9.5000000000000001E-02   9.7500000000000003E-02   1.0000000000000001E-01   0.0000000000000000E+00   2.5000000000000001E-03   5.0000000000000001E-03
 7.4999999999999997E-03   1.0000000000000000E-02   1.2500000000000001E-02   1.4999999999999999E-02   1.7500000000000002E-02   2.0000000000000000E-02   2.2499999999999999E-02   2.5000000000000001E-02   2.7500000000000000E-02   2.9999999999999999E-02   3.2500000000000001E-02
 3.5000000000000003E-02   3.7499999999999999E-02   4.0000000000000001E-02   4.2500000000000003E-02   4.4999999999999998E-02   4.7500000000000001E-02   5.0000000000000003E-02   5.2499999999999998E-02   5.5000000000000000E-02   5.7500000000000002E-02   5.9999999999999998E-02
 6.2500000000000000E-02   6.5000000000000002E-02   6.7500000000000004E-02   7.0000000000000007E-02   7.2499999999999995E-02   7.4999999999999997E-02   7.7499999999999999E-02   8.0000000000000002E-02   8.2500000000000004E-02   8.5000000000000006E-02   8.7500000000000008E-02
 8.9999999999999997E-02   9.2499999999999999E-02   9.5000000000000001E-02   9.7500000000000003E-02   1.0000000000000001E-01   0.0000000000000000E+00   2.5000000000000001E-03   5.0000000000000001E-03   7.4999999999999997E-03   1.0000000000000000E-02   1.2500000000000001E-02
 1.4999999999999999E-02   1.7500000000000002E-02   2.0000000000000000E-02   2.2499999999999999E-02   2.5000000000000001E-02   2.7500000000000000E-02   2.9999999999999999E-02   3.2500000000000001E-02   3.5000000000000003E-02   3.7499999999999999E-02   4.0000000000000001E-02
 4.2500000000000003E-02   4.4999999999999998E-02   4.7500000000000001E-02   5.0000000000000003E-02   5.2499999999999998E-02   5.5000000000000000E-02   5.7500000000000002E-02   5.9999999999999998E-02   6.2500000000000000E-02   6.5000000000000002E-02   6.7500000000000004E-02
 7.0000000000000007E-02   7.2499999999999995E-02   7.4999999999999997E-02   7.7499999999999999E-02   8.0000000000000002E-02   8.2500000000000004E-02   8.5000000000000006E-02   8.7500000000000008E-02   8.9999999999999997E-02   9.2499999999999999E-02   9.5000000000000001E-02
 9.7500000000000003E-02   1.0000000000000001E-01   0.0000000000000000E+00   2.5000000000000001E-03   5.0000000000000001E-03   7.4999999999999997E-03   1.0000000000000000E-02   1.2500000000000001E-02   1.4999999999999999E-02   1.7500000000000002E-02   2.0000000000000000E-02
 2.2499999999999999E-02   2.5000000000000001E-02   2.7500000000000000E-02   2.9999999999999999E-02   3.2500000000000001E-02   3.5000000000000003E-02   3.7499999999999999E-02   4.0000000000000001E-02   4.2500000000000003E-02   4.4999999999999998E-02   4.7500000000000001E-02
 5.0000000000000003E-02   5.2499999999999998E-02   5.5000000000000000E-02   5.7500000000000002E-02   5.9999999999999998E-02   6.2500000000000000E-02   6.5000000000000002E-02   6.7500000000000004E-02   7.0000000000000007E-02   7.2499999999999995E-02   7.4999999999999997E-02
 7.7499999999999999E-02   8.0000000000000002E-02   8.2500000000000004E-02   8.5000000000000006E-02   8.7500000000000008E-02   8.9999999999999997E-02   9.2499999999999999E-02   9.5000000000000001E-02   9.7500000000000003E-02   1.0000000000000001E-01   0.0000000000000000E+00
 2.5000000000000001E-03   5.0000000000000001E-03   7.4999999999999997E-03   1.0000000000000000E-02   1.2500000000000001E-02   1.4999999999999999E-02   1.7500000000000002E-02   2.0000000000000000E-02   2.2499999999999999E-02   2.5000000000000001E-02   2.7500000000000000E-02
 2.9999999999999999E-02   3.2500000000000001E-02   3.5000000000000003E-02   3.7499999999999999E-02   4.0000000000000001E-02   4.2500000000000003E-02   4.4999999999999998E-02   4.7500000000000001E-02   5.0000000000000003E-02   5.2499999999999998E-02   5.5000000000000000E-02
 5.7500000000000002E-02   5.9999999999999998E-02   6.2500000000000000E-02   6.5000000000000002E-02   6.7500000000000004E-02   7.0000000000000007E-02   7.2499999999999995E-02   7.4999999999999997E-02   7.7499999999999999E-02   8.0000000000000002E-02   8.2500000000000004E-02
 8.5000000000000006E-02   8.7500000000000008E-02   8.9999999999999997E-02   9.2499999999999999E-02   9.5000000000000001E-02   9.7500000000000003E-02   1.0000000000000001E-01   0.0000000000000000E+00   2.5000000000000001E-03   5.0000000000000001E-03   7.4999999999999997E-03
 1.0000000000000000E-02   1.2500000000000001E-02   1.4999999999999999E-02   1.7500000000000002E-02   2.0000000000000000E-02   2.2499999999999999E-02   2.5000000000000001E-02   2.7500000000000000E-02   2.9999999999999999E-02   3.2500000000000001E-02   3.5000000000000003E-02
 3.7499999999999999E-02   4.0000000000000001E-02   4.2500000000000003E-02   4.4999999999999998E-02   4.7500000000000001E-02   5.0000000000000003E-02   5.2499999999999998E-02   5.5000000000000000E-02   5.7500000000000002E-02   5.9999999999999998E-02   6.2500000000000000E-02
 6.5000000000000002E-02   6.7500000000000004E-02   7.0000000000000007E-02   7.2499999999999995E-02   7.4999999999999997E-02   7.7499999999999999E-02   8.0000000000000002E-02   8.2500000000000004E-02   8.5000000000000006E-02   8.7500000000000008E-02   8.9999999999999997E-02
 9.2499999999999999E-02   9.5000000000000001E-02   9.7500000000000003E-02   1.0000000000000001E-01   0.0000000000000000E+00   2.5000000000000001E-03   5.0000000000000001E-03   7.4999999999999997E-03   1.0000000000000000E-02   1.2500000000000001E-02   1.4999999999999999E-02
 1.7500000000000002E-02   2.0000000000000000E-02   2.2499999999999999E-02   2.5000000000000001E-02   2.7500000000000000E-02   2.9999999999999999E-02   3.2500000000000001E-02   3.5000000000000003E-02   3.7499999999999999E-02   4.0000000000000001E-02   4.2500000000000003E-02
 4.4999999999999998E-02   4.7500000000000001E-02   5.0000000000000003E-02   5.2499999999999998E-02   5.5000000000000000E-02   5.7500000000000002E-02   5.9999999999999998E-02   6.2500000000000000E-02   6.5000000000000002E-02   6.7500000000000004E-02   7.0000000000000007E-02
 7.2499999999999995E-02   7.4999999999999997E-02   7.7499999999999999E-02   8.0000000000000002E-02   8.2500000000000004E-02   8.5000000000000006E-02   8.7500000000000008E-02   8.9999999999999997E-02   9.2499999999999999E-02   9.5000000000000001E-02   9.7500000000000003E-02
 1.0000000000000001E-01   0.0000000000000000E+00   2.5000000000000001E-03   5.0000000000000001E-03   7.4999999999999997E-03   1.0000000000000000E-02   1.2500000000000001E-02   1.4999999999999999E-02   1.7500000000000002E-02   2.0000000000000000E-02   2.2499999999999999E-02
 2.5000000000000001E-02   2.7500000000000000E-02   2.9999999999999999E-02   3.2500000000000001E-02   3.5000000000000003E-02   3.7499999999999999E-02   4.0000000000000001E-02   4.2500000000000003E-02   4.4999999999999998E-02   4.7500000000000001E-02   5.0000000000000003E-02
 5.2499999999999998E-02   5.5000000000000000E-02   5.7500000000000002E-02   5.9999999999999998E-02   6.2500000000000000E-02   6.5000000000000002E-02   6.7500000000000004E-02   7.0000000000000007E-02   7.2499999999999995E-02   7.4999999999999997E-02   7.7499999999999999E-02
 8.0000000000000002E-02   8.2500000000000004E-02   8.5000000000000006E-02   8.7500000000000008E-02   8.9999999999999997E-02   9.2499999999999999E-02   9.5000000000000001E-02   9.7500000000000003E-02   1.0000000000000001E-01   0.0000000000000000E+00   2.5000000000000001E-03
 5.0000000000000001E-03   7.4999999999999997E-03   1.0000000000000000E-02   1.2500000000000001E-02   1.4999999999999999E-02   1.7500000000000002E-02   2.0000000000000000E-02   2.2499999999999999E-02   2.5000000000000001E-02   2.7500000000000000E-02   2.9999999999999999E-02
 3.2500000000000001E-02   3.5000000000000003E-02   3.7499999999999999E-02   4.0000000000000001E-02   4.2500000000000003E-02   4.4999999999999998E-02   4.7500000000000001E-02   5.0000000000000003E-02   5.2499999999999998E-02   5.5000000000000000E-02   5.7500000000000002E-02
 5.9999999999999998E-02   6.2500000000000000E-02   6.5000000000000002E-02   6.7500000000000004E-02   7.0000000000000007E-02   7.2499999999999995E-02   7.4999999999999997E-02   7.7499999999999999E-02   8.0000000000000002E-02   8.2500000000000004E-02   8.5000000000000006E-02
 8.7500000000000008E-02   8.9999999999999997E-02   9.2499999999999999E-02   9.5000000000000001E-02   9.7500000000000003E-02   1.0000000000000001E-01   0.0000000000000000E+00   2.5000000000000001E-03   5.0000000000000001E-03   7.4999999999999997E-03   1.0000000000000000E-02
 1.2500000000000001E-02   1.4999999999999999E-02   1.7500000000000002E-02   2.0000000000000000E-02   2.2499999999999999E-02   2.5000000000000001E-02   2.7500000000000000E-02   2.9999999999999999E-02   3.2500000000000001E-02   3.5000000000000003E-02   3.7499999999999999E-02
 4.0000000000000001E-02   4.2500000000000003E-02   4.4999999999999998E-02   4.7500000000000001E-02   5.0000000000000003E-02   5.2499999999999998E-02   5.5000000000000000E-02   5.7500000000000002E-02   5.9999999999999998E-02   6.2500000000000000E-02   6.5000000000000002E-02
 6.7500000000000004E-02   7.0000000000000007E-02   7.2499999999999995E-02   7.4999999999999997E-02   7.7499999999999999E-02   8.0000000000000002E-02   8.2500000000000004E-02   8.5000000000000006E-02   8.7500000000000008E-02   8.9999999999999997E-02   9.2499999999999999E-02
 9.5000000000000001E-02   9.7500000000000003E-02   1.0000000000000001E-01   0.0000000000000000E+00   2.5000000000000001E-03   5.0000000000000001E-03   7.4999999999999997E-03   1.0000000000000000E-02   1.2500000000000001E-02   1.4999999999999999E-02   1.7500000000000002E-02
 2.0000000000000000E-02   2.2499999999999999E-02   2.5000000000000001E-02   2.7500000000000000E-02   2.9999999999999999E-02   3.2500000000000001E-02   3.5000000000000003E-02   3.7499999999999999E-02   4.0000000000000001E-02   4.2500000000000003E-02   4.4999999999999998E-02
 4.7500000000000001E-02   5.0000000000000003E-02   5.2499999999999998E-02   5.5000000000000000E-02   5.7500000000000002E-02   5.9999999999999998E-02   6.2500000000000000E-02   6.5000000000000002E-02   6.7500000000000004E-02   7.0000000000000007E-02   7.2499999999999995E-02
 7.4999999999999997E-02   7.7499999999999999E-02   8.0000000000000002E-02   8.2500000000000004E-02   8.5000000000000006E-02   8.7500000000000008E-02   8.9999999999999997E-02   9.2499999999999999E-02   9.5000000000000001E-02   9.7500000000000003E-02   1.0000000000000001E-01
 0.0000000000000000E+00   2.5000000000000001E-03   5.0000000000000001E-03   7.4999999999999997E-03   1.0000000000000000E-02   1.2500000000000001E-02   1.4999999999999999E-02   1.7500000000000002E-02   2.0000000000000000E-02   2.2499999999999999E-02   2.5000000000000001E-02
 2.7500000000000000E-02   2.9999999999999999E-02   3.2500000000000001E-02   3.5000000000000003E-02   3.7499999999999999E-02   4.0000000000000001E-02   4.2500000000000003E-02   4.4999999999999998E-02   4.7500000000000001E-02   5.0000000000000003E-02   5.2499999999999998E-02
 5.5000000000000000E-02   5.7500000000000002E-02   5.9999999999999998E-02   6.2500000000000000E-02   6.5000000000000002E-02   6.7500000000000004E-02   7.0000000000000007E-02   7.2499999999999995E-02   7.4999999999999997E-02   7.7499999999999999E-02   8.0000000000000002E-02
 8.2500000000000004E-02   8.5000000000000006E-02   8.7500000000000008E-02   8.9999999999999997E-02   9.2499999999999999E-02   9.5000000000000001E-02   9.7500000000000003E-02   1.0000000000000001E-01   0.0000000000000000E+00   2.5000000000000001E-03   5.0000000000000001E-03
 7.4999999999999997E-03   1.0000000000000000E-02   1.2500000000000001E-02   1.4999999999999999E-02   1.7500000000000002E-02   2.0000000000000000E-02   2.2499999999999999E-02   2.5000000000000001E-02   2.7500000000000000E-02   2.9999999999999999E-02   3.2500000000000001E-02
 3.5000000000000003E-02   3.7499999999999999E-02   4.0000000000000001E-02   4.2500000000000003E-02   4.4999999999999998E-02   4.7500000000000001E-02   5.0000000000000003E-02   5.2499999999999998E-02   5.5000000000000000E-02   5.7500000000000002E-02   5.9999999999999998E-02
 6.2500000000000000E-02   6.5000000000000002E-02   6.7500000000000004E-02   7.0000000000000007E-02   7.2499999999999995E-02   7.4999999999999997E-02   7.7499999999999999E-02   8.0000000000000002E-02   8.2500000000000004E-02   8.5000000000000006E-02   8.7500000000000008E-02
 8.9999999999999997E-02   9.2499999999999999E-02   9.5000000000000001E-02   9.7500000000000003E-02   1.0000000000000001E-01   0.0000000000000000E+00   2.5000000000000001E-03   5.0000000000000001E-03   7.4999999999999997E-03   1.0000000000000000E-02   1.2500000000000001E-02
 1.4999999999999999E-02   1.7500000000000002E-02   2.0000000000000000E-02   2.2499999999999999E-02   2.5000000000000001E-02   2.7500000000000000E-02   2.9999999999999999E-02   3.2500000000000001E-02   3.5000000000000003E-02   3.7499999999999999E-02   4.0000000000000001E-02
 4.2500000000000003E-02   4.4999999999999998E-02   4.7500000000000001E-02   5.0000000000000003E-02   5.2499999999999998E-02   5.5000000000000000E-02   5.7500000000000002E-02   5.9999999999999998E-02   6.2500000000000000E-02   6.5000000000000002E-02   6.7500000000000004E-02
 7.0000000000000007E-02   7.2499999999999995E-02   7.4999999999999997E-02   7.7499999999999999E-02   8.0000000000000002E-02   8.2500000000000004E-02   8.5000000000000006E-02   8.7500000000000008E-02   8.9999999999999997E-02   9.2499999999999999E-02   9.5000000000000001E-02
 9.7500000000000003E-02   1.0000000000000001E-01   0.0000000000000000E+00   2.5000000000000001E-03   5.0000000000000001E-03   7.4999999999999997E-03   1.0000000000000000E-02   1.2500000000000001E-02   1.4999999999999999E-02   1.7500000000000002E-02   2.0000000000000000E-02
 2.2499999999999999E-02   2.5000000000000001E-02   2.7500000000000000E-02   2.9999999999999999E-02   3.2500000000000001E-02   3.5000000000000003E-02   3.7499999999999999E-02   4.0000000000000001E-02   4.2500000000000003E-02   4.4999999999999998E-02   4.7500000000000001E-02
 5.0000000000000003E-02   5.2499999999999998E-02   5.5000000000000000E-02   5.7500000000000002E-02   5.9999999999999998E-02   6.2500000000000000E-02   6.5000000000000002E-02   6.7500000000000004E-02   7.0000000000000007E-02   7.2499999999999995E-02   7.4999999999999997E-02
 7.7499999999999999E-02   8.0000000000000002E-02   8.2500000000000004E-02   8.5000000000000006E-02   8.7500000000000008E-02   8.9999999999999997E-02   9.2499999999999999E-02   9.5000000000000001E-02   9.7500000000000003E-02   1.0000000000000001E-01   0.0000000000000000E+00
 2.5000000000000001E-03   5.0000000000000001E-03   7.4999999999999997E-03   1.0000000000000000E-02   1.2500000000000001E-02   1.4999999999999999E-02   1.7500000000000002E-02   2.0000000000000000E-02   2.2499999999999999E-02   2.5000000000000001E-02   2.7500000000000000E-02
 2.9999999999999999E-02   3.2500000000000001E-02   3.5000000000000003E-02   3.7499999999999999E-02   4.0000000000000001E-02   4.2500000000000003E-02   4.4999999999999998E-02   4.7500000000000001E-02   5.0000000000000003E-02   5.2499999999999998E-02   5.5000000000000000E-02
 5.7500000000000002E-02   5.9999999999999998E-02   6.2500000000000000E-02   6.5000000000000002E-02   6.7500000000000004E-02   7.0000000000000007E-02   7.2499999999999995E-02   7.4999999999999997E-02   7.7499999999999999E-02   8.0000000000000002E-02   8.2500000000000004E-02
 8.5000000000000006E-02   8.7500000000000008E-02   8.9999999999999997E-02   9.2499999999999999E-02   9.5000000000000001E-02   9.7500000000000003E-02   1.0000000000000001E-01   0.0000000000000000E+00   2.5000000000000001E-03   5.0000000000000001E-03   7.4999999999999997E-03
 1.0000000000000000E-02   1.2500000000000001E-02   1.4999999999999999E-02   1.7500000000000002E-02   2.0000000000000000E-02   2.2499999999999999E-02   2.5000000000000001E-02   2.7500000000000000E-02   2.9999999999999999E-02   3.2500000000000001E-02   3.5000000000000003E-02
 3.7499999999999999E-02   4.0000000000000001E-02   4.2500000000000003E-02   4.4999999999999998E-02   4.7500000000000001E-02   5.0000000000000003E-02   5.2499999999999998E-02   5.5000000000000000E-02   5.7500000000000002E-02   5.9999999999999998E-02   6.2500000000000000E-02
 6.5000000000000002E-02   6.7500000000000004E-02   7.0000000000000007E-02   7.2499999999999995E-02   7.4999999999999997E-02   7.7499999999999999E-02   8.0000000000000002E-02   8.2500000000000004E-02   8.5000000000000006E-02   8.7500000000000008E-02   8.9999999999999997E-02
 9.2499999999999999E-02   9.5000000000000001E-02   9.7500000000000003E-02   1.0000000000000001E-01   0.0000000000000000E+00   2.5000000000000001E-03   5.0000000000000001E-03   7.4999999999999997E-03   1.0000000000000000E-02   1.2500000000000001E-02   1.4999999999999999E-02
 1.7500000000000002E-02   2.0000000000000000E-02   2.2499999999999999E-02   2.5000000000000001E-02   2.7500000000000000E-02   2.9999999999999999E-02   3.2500000000000001E-02   3.5000000000000003E-02   3.7499999999999999E-02   4.0000000000000001E-02   4.2500000000000003E-02
 4.4999999999999998E-02   4.7500000000000001E-02   5.0000000000000003E-02   5.2499999999999998E-02   5.5000000000000000E-02   5.7500000000000002E-02   5.9999999999999998E-02   6.2500000000000000E-02   6.5000000000000002E-02   6.7500000000000004E-02   7.0000000000000007E-02
 7.2499999999999995E-02   7.4999999999999997E-02   7.7499999999999999E-02   8.0000000000000002E-02   8.2500000000000004E-02   8.5000000000000006E-02   8.7500000000000008E-02   8.9999999999999997E-02   9.2499999999999999E-02   9.5000000000000001E-02   9.7500000000000003E-02
 1.0000000000000001E-01   0.0000000000000000E+00   2.5000000000000001E-03   5.0000000000000001E-03   7.4999999999999997E-03   1.0000000000000000E-02   1.2500000000000001E-02   1.4999999999999999E-02   1.7500000000000002E-02   2.0000000000000000E-02   2.2499999999999999E-02
 2.5000000000000001E-02   2.7500000000000000E-02   2.9999999999999999E-02   3.2500000000000001E-02   3.5000000000000003E-02   3.7499999999999999E-02   4.0000000000000001E-02   4.2500000000000003E-02   4.4999999999999998E-02   4.7500000000000001E-02   5.0000000000000003E-02
 5.2499999999999998E-02   5.5000000000000000E-02   5.7500000000000002E-02   5.9999999999999998E-02   6.2500000000000000E-02   6.5000000000000002E-02   6.7500000000000004E-02   7.0000000000000007E-02   7.2499999999999995E-02   7.4999999999999997E-02   7.7499999999999999E-02
 8.0000000000000002E-02   8.2500000000000004E-02   8.5000000000000006E-02   8.7500000000000008E-02   8.9999999999999997E-02   9.2499999999999999E-02   9.5000000000000001E-02   9.7500000000000003E-02   1.0000000000000001E-01   0.0000000000000000E+00   2.5000000000000001E-03
 5.0000000000000001E-03   7.4999999999999997E-03   1.0000000000000000E-02   1.2500000000000001E-02   1.4999999999999999E-02   1.7500000000000002E-02   2.0000000000000000E-02   2.2499999999999999E-02   2.5000000000000001E-02   2.7500000000000000E-02   2.9999999999999999E-02
 3.2500000000000001E-02   3.5000000000000003E-02   3.7499999999999999E-02   4.0000000000000001E-02   4.2500000000000003E-02   4.4999999999999998E-02   4.7500000000000001E-02   5.0000000000000003E-02   5.2499999999999998E-02   5.5000000000000000E-02   5.7500000000000002E-02
 5.9999999999999998E-02   6.2500000000000000E-02   6.5000000000000002E-02   6.7500000000000004E-02   7.0000000000000007E-02   7.2499999999999995E-02   7.4999999999999997E-02   7.7499999999999999E-02   8.0000000000000002E-02   8.2500000000000004E-02   8.5000000000000006E-02
 8.7500000000000008E-02   8.9999999999999997E-02   9.2499999999999999E-02   9.5000000000000001E-02   9.7500000000000003E-02   1.0000000000000001E-01   0.0000000000000000E+00   2.5000000000000001E-03   5.0000000000000001E-03   7.4999999999999997E-03   1.0000000000000000E-02
 1.2500000000000001E-02   1.4999999999999999E-02   1.7500000000000002E-02   2.0000000000000000E-02   2.2499999999999999E-02   2.5000000000000001E-02   2.7500000000000000E-02   2.9999999999999999E-02   3.2500000000000001E-02   3.5000000000000003E-02   3.7499999999999999E-02
 4.0000000000000001E-02   4.2500000000000003E-02   4.4999999999999998E-02   4.7500000000000001E-02   5.0000000000000003E-02   5.2499999999999998E-02   5.5000000000000000E-02   5.7500000000000002E-02   5.9999999999999998E-02   6.2500000000000000E-02   6.5000000000000002E-02
 6.7500000000000004E-02   7.0000000000000007E-02   7.2499999999999995E-02   7.4999999999999997E-02   7.7499999999999999E-02   8.0000000000000002E-02   8.2500000000000004E-02   8.5000000000000006E-02   8.7500000000000008E-02   8.9999999999999997E-02   9.2499999999999999E-02
 9.5000000000000001E-02   9.7500000000000003E-02   1.0000000000000001E-01   0.0000000000000000E+00   2.5000000000000001E-03   5.0000000000000001E-03   7.4999999999999997E-03   1.0000000000000000E-02   1.2500000000000001E-02   1.4999999999999999E-02   1.7500000000000002E-02
 2.0000000000000000E-02   2.2499999999999999E-02   2.5000000000000001E-02   2.7500000000000000E-02   2.9999999999999999E-02   3.2500000000000001E-02   3.5000000000000003E-02   3.7499999999999999E-02   4.0000000000000001E-02   4.2500000000000003E-02   4.4999999999999998E-02
 4.7500000000000001E-02   5.0000000000000003E-02   5.2499999999999998E-02   5.5000000000000000E-02   5.7500000000000002E-02   5.9999999999999998E-02   6.2500000000000000E-02   6.5000000000000002E-02   6.7500000000000004E-02   7.0000000000000007E-02   7.2499999999999995E-02
 7.4999999999999997E-02   7.7499999999999999E-02   8.0000000000000002E-02   8.2500000000000004E-02   8.5000000000000006E-02   8.7500000000000008E-02   8.9999999999999997E-02   9.2499999999999999E-02   9.5000000000000001E-02   9.7500000000000003E-02   1.0000000000000001E-01
 0.0000000000000000E+00   2.5000000000000001E-03   5.0000000000000001E-03   7.4999999999999997E-03   1.0000000000000000E-02   1.2500000000000001E-02   1.4999999999999999E-02   1.7500000000000002E-02   2.0000000000000000E-02   2.2499999999999999E-02   2.5000000000000001E-02
 2.7500000000000000E-02   2.9999999999999999E-02   3.2500000000000001E-02   3.5000000000000003E-02   3.7499999999999999E-02   4.0000000000000001E-02   4.2500000000000003E-02   4.4999999999999998E-02   4.7500000000000001E-02   5.0000000000000003E-02   5.2499999999999998E-02
 5.5000000000000000E-02   5.7500000000000002E-02   5.9999999999999998E-02   6.2500000000000000E-02   6.5000000000000002E-02   6.7500000000000004E-02   7.0000000000000007E-02   7.2499999999999995E-02   7.4999999999999997E-02   7.7499999999999999E-02   8.0000000000000002E-02
 8.2500000000000004E-02   8.5000000000000006E-02   8.7500000000000008E-02   8.9999999999999997E-02   9.2499999999999999E-02   9.5000000000000001E-02   9.7500000000000003E-02   1.0000000000000001E-01   0.0000000000000000E+00   2.5000000000000001E-03   5.0000000000000001E-03
 7.4999999999999997E-03   1.0000000000000000E-02   1.2500000000000001E-02   1.4999999999999999E-02   1.7500000000000002E-02   2.0000000000000000E-02   2.2499999999999999E-02   2.5000000000000001E-02   2.7500000000000000E-02   2.9999999999999999E-02   3.2500000000000001E-02
 3.5000000000000003E-02   3.7499999999999999E-02   4.0000000000000001E-02   4.2500000000000003E-02   4.4999999999999998E-02   4.7500000000000001E-02   5.0000000000000003E-02   5.2499999999999998E-02   5.5000000000000000E-02   5.7500000000000002E-02   5.9999999999999998E-02
 6.2500000000000000E-02   6.5000000000000002E-02   6.7500000000000004E-02   7.0000000000000007E-02   7.2499999999999995E-02   7.4999999999999997E-02   7.7499999999999999E-02   8.0000000000000002E-02   8.2500000000000004E-02   8.5000000000000006E-02   8.7500000000000008E-02
 8.9999999999999997E-02   9.2499999999999999E-02   9.5000000000000001E-02   9.7500000000000003E-02   1.0000000000000001E-01   0.0000000000000000E+00   2.5000000000000001E-03   5.0000000000000001E-03   7.4999999999999997E-03   1.0000000000000000E-02   1.2500000000000001E-02
 1.4999999999999999E-02   1.7500000000000002E-02   2.0000000000000000E-02   2.2499999999999999E-02   2.5000000000000001E-02   2.7500000000000000E-02   2.9999999999999999E-02   3.2500000000000001E-02   3.5000000000000003E-02   3.7499999999999999E-02   4.0000000000000001E-02
 4.2500000000000003E-02   4.4999999999999998E-02   4.7500000000000001E-02   5.0000000000000003E-02   5.2499999999999998E-02   5.5000000000000000E-02   5.7500000000000002E-02   5.9999999999999998E-02   6.2500000000000000E-02   6.5000000000000002E-02   6.7500000000000004E-02
 7.0000000000000007E-02   7.2499999999999995E-02   7.4999999999999997E-02   7.7499999999999999E-02   8.0000000000000002E-02   8.2500000000000004E-02   8.5000000000000006E-02   8.7500000000000008E-02   8.9999999999999997E-02   9.2499999999999999E-02   9.5000000000000001E-02
 9.7500000000000003E-02   1.0000000000000001E-01   0.0000000000000000E+00   2.5000000000000001E-03   5.0000000000000001E-03   7.4999999999999997E-03   1.0000000000000000E-02   1.2500000000000001E-02   1.4999999999999999E-02   1.7500000000000002E-02   2.0000000000000000E-02
 2.2499999999999999E-02   2.5000000000000001E-02   2.7500000000000000E-02   2.9999999999999999E-02   3.2500000000000001E-02   3.5000000000000003E-02   3.7499999999999999E-02   4.0000000000000001E-02   4.2500000000000003E-02   4.4999999999999998E-02   4.7500000000000001E-02
 5.0000000000000003E-02   5.2499999999999998E-02   5.5000000000000000E-02   5.7500000000000002E-02   5.9999999999999998E-02   6.2500000000000000E-02   6.5000000000000002E-02   6.7500000000000004E-02   7.0000000000000007E-02   7.2499999999999995E-02   7.4999999999999997E-02
 7.7499999999999999E-02   8.0000000000000002E-02   8.2500000000000004E-02   8.5000000000000006E-02   8.7500000000000008E-02   8.9999999999999997E-02   9.2499999999999999E-02   9.5000000000000001E-02   9.7500000000000003E-02   1.0000000000000001E-01   0.0000000000000000E+00
 2.5000000000000001E-03   5.0000000000000001E-03   7.4999999999999997E-03   1.0000000000000000E-02   1.2500000000000001E-02   1.4999999999999999E-02   1.7500000000000002E-02   2.0000000000000000E-02   2.2499999999999999E-02   2.5000000000000001E-02   2.7500000000000000E-02
 2.9999999999999999E-02   3.2500000000000001E-02   3.5000000000000003E-02   3.7499999999999999E-02   4.0000000000000001E-02   4.2500000000000003E-02   4.4999999999999998E-02   4.7500000000000001E-02   5.0000000000000003E-02   5.2499999999999998E-02   5.5000000000000000E-02
 5.7500000000000002E-02   5.9999999999999998E-02   6.2500000000000000E-02   6.5000000000000002E-02   6.7500000000000004E-02   7.0000000000000007E-02   7.2499999999999995E-02   7.4999999999999997E-02   7.7499999999999999E-02   8.0000000000000002E-02   8.2500000000000004E-02
 8.5000000000000006E-02   8.7500000000000008E-02   8.9999999999999997E-02   9.2499999999999999E-02   9.5000000000000001E-02   9.7500000000000003E-02   1.0000000000000001E-01   0.0000000000000000E+00   2.5000000000000001E-03   5.0000000000000001E-03   7.4999999999999997E-03
 1.0000000000000000E-02   1.2500000000000001E-02   1.4999999999999999E-02   1.7500000000000002E-02   2.0000000000000000E-02   2.2499999999999999E-02   2.5000000000000001E-02   2.7500000000000000E-02   2.9999999999999999E-02   3.2500000000000001E-02   3.5000000000000003E-02
 3.7499999999999999E-02   4.0000000000000001E-02   4.2500000000000003E-02   4.4999999999999998E-02   4.7500000000000001E-02   5.0000000000000003E-02   5.2499999999999998E-02   5.5000000000000000E-02   5.7500000000000002E-02   5.9999999999999998E-02   6.2500000000000000E-02
 6.5000000000000002E-02   6.7500000000000004E-02   7.0000000000000007E-02   7.2499999999999995E-02   7.4999999999999997E-02   7.7499999999999999E-02   8.0000000000000002E-02   8.2500000000000004E-02   8.5000000000000006E-02   8.7500000000000008E-02   8.9999999999999997E-02
 9.2499999999999999E-02   9.5000000000000001E-02   9.7500000000000003E-02   1.0000000000000001E-01   0.0000000000000000E+00   2.5000000000000001E-03   5.0000000000000001E-03   7.4999999999999997E-03   1.0000000000000000E-02   1.2500000000000001E-02   1.4999999999999999E-02
 1.7500000000000002E-02   2.0000000000000000E-02   2.2499999999999999E-02   2.5000000000000001E-02   2.7500000000000000E-02   2.9999999999999999E-02   3.2500000000000001E-02   3.5000000000000003E-02   3.7499999999999999E-02   4.0000000000000001E-02   4.2500000000000003E-02
 4.4999999999999998E-02   4.7500000000000001E-02   5.0000000000000003E-02   5.2499999999999998E-02   5.5000000000000000E-02   5.7500000000000002E-02   5.9999999999999998E-02   6.2500000000000000E-02   6.5000000000000002E-02   6.7500000000000004E-02   7.0000000000000007E-02
 7.2499999999999995E-02   7.4999999999999997E-02   7.7499999999999999E-02   8.0000000000000002E-02   8.2500000000000004E-02   8.5000000000000006E-02   8.7500000000000008E-02   8.9999999999999997E-02   9.2499999999999999E-02   9.5000000000000001E-02   9.7500000000000003E-02
 1.0000000000000001E-01   0.0000000000000000E+00   2.5000000000000001E-03   5.0000000000000001E-03   7.4999999999999997E-03   1.0000000000000000E-02   1.2500000000000001E-02   1.4999999999999999E-02   1.7500000000000002E-02   2.0000000000000000E-02   2.2499999999999999E-02
 2.5000000000000001E-02   2.7500000000000000E-02   2.9999999999999999E-02   3.2500000000000001E-02   3.5000000000000003E-02   3.7499999999999999E-02   4.0000000000000001E-02   4.2500000000000003E-02   4.4999999999999998E-02   4.7500000000000001E-02   5.0000000000000003E-02
 5.2499999999999998E-02   5.5000000000000000E-02   5.7500000000000002E-02   5.9999999999999998E-02   6.2500000000000000E-02   6.5000000000000002E-02   6.7500000000000004E-02   7.0000000000000007E-02   7.2499999999999995E-02   7.4999999999999997E-02   7.7499999999999999E-02
 8.0000000000000002E-02   8.2500000000000004E-02   8.5000000000000006E-02   8.7500000000000008E-02   8.9999999999999997E-02   9.2499999999999999E-02   9.5000000000000001E-02   9.7500000000000003E-02   1.0000000000000001E-01   0.0000000000000000E+00   2.5000000000000001E-03
 5.0000000000000001E-03   7.4999999999999997E-03   1.0000000000000000E-02   1.2500000000000001E-02   1.4999999999999999E-02   1.7500000000000002E-02   2.0000000000000000E-02   2.2499999999999999E-02   2.5000000000000001E-02   2.7500000000000000E-02   2.9999999999999999E-02
 3.2500000000000001E-02   3.5000000000000003E-02   3.7499999999999999E-02   4.0000000000000001E-02   4.2500000000000003E-02   4.4999999999999998E-02   4.7500000000000001E-02   5.0000000000000003E-02   5.2499999999999998E-02   5.5000000000000000E-02   5.7500000000000002E-02
 5.9999999999999998E-02   6.2500000000000000E-02   6.5000000000000002E-02   6.7500000000000004E-02   7.0000000000000007E-02   7.2499999999999995E-02   7.4999999999999997E-02   7.7499999999999999E-02   8.0000000000000002E-02   8.2500000000000004E-02   8.5000000000000006E-02
 8.7500000000000008E-02   8.9999999999999997E-02   9.2499999999999999E-02   9.5000000000000001E-02   9.7500000000000003E-02   1.0000000000000001E-01   0.0000000000000000E+00   2.5000000000000001E-03   5.0000000000000001E-03   7.4999999999999997E-03   1.0000000000000000E-02
 1.2500000000000001E-02   1.4999999999999999E-02   1.7500000000000002E-02   2.0000000000000000E-02   2.2499999999999999E-02   2.5000000000000001E-02   2.7500000000000000E-02   2.9999999999999999E-02   3.2500000000000001E-02   3.5000000000000003E-02   3.7499999999999999E-02
 4.0000000000000001E-02   4.2500000000000003E-02   4.4999999999999998E-02   4.7500000000000001E-02   5.0000000000000003E-02   5.2499999999999998E-02   5.5000000000000000E-02   5.7500000000000002E-02   5.9999999999999998E-02   6.2500000000000000E-02   6.5000000000000002E-02
 6.7500000000000004E-02   7.0000000000000007E-02   7.2499999999999995E-02   7.4999999999999997E-02   7.7499999999999999E-02   8.0000000000000002E-02   8.2500000000000004E-02   8.5000000000000006E-02   8.7500000000000008E-02   8.9999999999999997E-02   9.2499999999999999E-02
 9.5000000000000001E-02   9.7500000000000003E-02   1.0000000000000001E-01   0.0000000000000000E+00   2.5000000000000001E-03   5.0000000000000001E-03   7.4999999999999997E-03   1.0000000000000000E-02   1.2500000000000001E-02   1.4999999999999999E-02   1.7500000000000002E-02
 2.0000000000000000E-02   2.2499999999999999E-02   2.5000000000000001E-02   2.7500000000000000E-02   2.9999999999999999E-02   3.2500000000000001E-02   3.5000000000000003E-02   3.7499999999999999E-02   4.0000000000000001E-02   4.2500000000000003E-02   4.4999999999999998E-02
 4.7500000000000001E-02   5.0000000000000003E-02   5.2499999999999998E-02   5.5000000000000000E-02   5.7500000000000002E-02   5.9999999999999998E-02   6.2500000000000000E-02   6.5000000000000002E-02   6.7500000000000004E-02   7.0000000000000007E-02   7.2499999999999995E-02
 7.4999999999999997E-02   7.7499999999999999E-02   8.0000000000000002E-02   8.2500000000000004E-02   8.5000000000000006E-02   8.7500000000000008E-02   8.9999999999999997E-02   9.2499999999999999E-02   9.5000000000000001E-02   9.7500000000000003E-02   1.0000000000000001E-01
 0.0000000000000000E+00   2.5000000000000001E-03   5.0000000000000001E-03   7.4999999999999997E-03   1.0000000000000000E-02   1.2500000000000001E-02   1.4999999999999999E-02   1.7500000000000002E-02   2.0000000000000000E-02   2.2499999999999999E-02   2.5000000000000001E-02
 2.7500000000000000E-02   2.9999999999999999E-02   3.2500000000000001E-02   3.5000000000000003E-02   3.7499999999999999E-02   4.0000000000000001E-02   4.2500000000000003E-02   4.4999999999999998E-02   4.7500000000000001E-02   5.0000000000000003E-02   5.2499999999999998E-02
 5.5000000000000000E-02   5.7500000000000002E-02   5.9999999999999998E-02   6.2500000000000000E-02   6.5000000000000002E-02   6.7500000000000004E-02   7.0000000000000007E-02   7.2499999999999995E-02   7.4999999999999997E-02   7.7499999999999999E-02   8.0000000000000002E-02
 8.2500000000000004E-02   8.5000000000000006E-02   8.7500000000000008E-02   8.9999999999999997E-02   9.2499999999999999E-02   9.5000000000000001E-02   9.7500000000000003E-02   1.0000000000000001E-01   0.0000000000000000E+00   2.5000000000000001E-03   5.0000000000000001E-03
 7.4999999999999997E-03   1.0000000000000000E-02   1.2500000000000001E-02   1.4999999999999999E-02   1.7500000000000002E-02   2.0000000000000000E-02   2.2499999999999999E-02   2.5000000000000001E-02   2.7500000000000000E-02   2.9999999999999999E-02   3.2500000000000001E-02
 3.5000000000000003E-02   3.7499999999999999E-02   4.0000000000000001E-02   4.2500000000000003E-02   4.4999999999999998E-02   4.7500000000000001E-02   5.0000000000000003E-02   5.2499999999999998E-02   5.5000000000000000E-02   5.7500000000000002E-02   5.9999999999999998E-02
 6.2500000000000000E-02   6.5000000000000002E-02   6.7500000000000004E-02   7.0000000000000007E-02   7.2499999999999995E-02   7.4999999999999997E-02   7.7499999999999999E-02   8.0000000000000002E-02   8.2500000000000004E-02   8.5000000000000006E-02   8.7500000000000008E-02
 8.9999999999999997E-02   9.2499999999999999E-02   9.5000000000000001E-02   9.7500000000000003E-02   1.0000000000000001E-01   0.0000000000000000E+00   2.5000000000000001E-03   5.0000000000000001E-03   7.4999999999999997E-03   1.0000000000000000E-02   1.2500000000000001E-02
 1.4999999999999999E-02   1.7500000000000002E-02   2.0000000000000000E-02   2.2499999999999999E-02   2.5000000000000001E-02   2.7500000000000000E-02   2.9999999999999999E-02   3.2500000000000001E-02   3.5000000000000003E-02   3.7499999999999999E-02   4.0000000000000001E-02
 4.2500000000000003E-02   4.4999999999999998E-02   4.7500000000000001E-02   5.0000000000000003E-02   5.2499999999999998E-02   5.5000000000000000E-02   5.7500000000000002E-02   5.9999999999999998E-02   6.2500000000000000E-02   6.5000000000000002E-02   6.7500000000000004E-02
 7.0000000000000007E-02   7.2499999999999995E-02   7.4999999999999997E-02   7.7499999999999999E-02   8.0000000000000002E-02   8.2500000000000004E-02   8.5000000000000006E-02   8.7500000000000008E-02   8.9999999999999997E-02   9.2499999999999999E-02   9.5000000000000001E-02
 9.7500000000000003E-02   1.0000000000000001E-01   0.0000000000000000E+00   2.5000000000000001E-03   5.0000000000000001E-03   7.4999999999999997E-03   1.0000000000000000E-02   1.2500000000000001E-02   1.4999999999999999E-02   1.7500000000000002E-02   2.0000000000000000E-02
 2.2499999999999999E-02   2.5000000000000001E-02   2.7500000000000000E-02   2.9999999999999999E-02   3.2500000000000001E-02   3.5000000000000003E-02   3.7499999999999999E-02   4.0000000000000001E-02   4.2500000000000003E-02   4.4999999999999998E-02   4.7500000000000001E-02
 5.0000000000000003E-02   5.2499999999999998E-02   5.5000000000000000E-02   5.7500000000000002E-02   5.9999999999999998E-02   6.2500000000000000E-02   6.5000000000000002E-02   6.7500000000000004E-02   7.0000000000000007E-02   7.2499999999999995E-02   7.4999999999999997E-02
 7.7499999999999999E-02   8.0000000000000002E-02   8.2500000000000004E-02   8.5000000000000006E-02   8.7500000000000008E-02   8.9999999999999997E-02   9.2499999999999999E-02   9.5000000000000001E-02   9.7500000000000003E-02   1.0000000000000001E-01   0.0000000000000000E+00
 2.5000000000000001E-03   5.0000000000000001E-03   7.4999999999999997E-03   1.0000000000000000E-02   1.2500000000000001E-02   1.4999999999999999E-02   1.7500000000000002E-02   2.0000000000000000E-02   2.2499999999999999E-02   2.5000000000000001E-02   2.7500000000000000E-02
 2.9999999999999999E-02   3.2500000000000001E-02   3.5000000000000003E-02   3.7499999999999999E-02   4.0000000000000001E-02   4.2500000000000003E-02   4.4999999999999998E-02   4.7500000000000001E-02   5.0000000000000003E-02   5.2499999999999998E-02   5.5000000000000000E-02
 5.7500000000000002E-02   5.9999999999999998E-02   6.2500000000000000E-02   6.5000000000000002E-02   6.7500000000000004E-02   7.0000000000000007E-02   7.2499999999999995E-02   7.4999999999999997E-02   7.7499999999999999E-02   8.0000000000000002E-02   8.2500000000000004E-02
 8.5000000000000006E-02   8.7500000000000008E-02   8.9999999999999997E-02   9.2499999999999999E-02   9.5000000000000001E-02   9.7500000000000003E-02   1.0000000000000001E-01   0.0000000000000000E+00   2.5000000000000001E-03   5.0000000000000001E-03   7.4999999999999997E-03
 1.0000000000000000E-02   1.2500000000000001E-02   1.4999999999999999E-02   1.7500000000000002E-02   2.0000000000000000E-02   2.2499999999999999E-02   2.5000000000000001E-02   2.7500000000000000E-02   2.9999999999999999E-02   3.2500000000000001E-02   3.5000000000000003E-02
 3.7499999999999999E-02   4.0000000000000001E-02   4.2500000000000003E-02   4.4999999999999998E-02   4.7500000000000001E-02   5.0000000000000003E-02   5.2499999999999998E-02   5.5000000000000000E-02   5.7500000000000002E-02   5.9999999999999998E-02   6.2500000000000000E-02
 6.5000000000000002E-02   6.7500000000000004E-02   7.0000000000000007E-02   7.2499999999999995E-02   7.4999999999999997E-02   7.7499999999999999E-02   8.0000000000000002E-02   8.2500000000000004E-02   8.5000000000000006E-02   8.7500000000000008E-02   8.9999999999999997E-02
 9.2499999999999999E-02   9.5000000000000001E-02   9.7500000000000003E-02   1.0000000000000001E-01   0.0000000000000000E+00   2.5000000000000001E-03   5.0000000000000001E-03   7.4999999999999997E-03   1.0000000000000000E-02   1.2500000000000001E-02   1.4999999999999999E-02
 1.7500000000000002E-02   2.0000000000000000E-02   2.2499999999999999E-02   2.5000000000000001E-02   2.7500000000000000E-02   2.9999999999999999E-02   3.2500000000000001E-02   3.5000000000000003E-02   3.7499999999999999E-02   4.0000000000000001E-02   4.2500000000000003E-02
 4.4999999999999998E-02   4.7500000000000001E-02   5.0000000000000003E-02   5.2499999999999998E-02   5.5000000000000000E-02   5.7500000000000002E-02   5.9999999999999998E-02   6.2500000000000000E-02   6.5000000000000002E-02   6.7500000000000004E-02   7.0000000000000007E-02
 7.2499999999999995E-02   7.4999999999999997E-02   7.7499999999999999E-02   8.0000000000000002E-02   8.2500000000000004E-02   8.5000000000000006E-02   8.7500000000000008E-02   8.9999999999999997E-02   9.2499999999999999E-02   9.5000000000000001E-02   9.7500000000000003E-02
 1.0000000000000001E-01   0.0000000000000000E+00   2.5000000000000001E-03   5.0000000000000001E-03   7.4999999999999997E-03   1.0000000000000000E-02   1.2500000000000001E-02   1.4999999999999999E-02   1.7500000000000002E-02   2.0000000000000000E-02   2.2499999999999999E-02
 2.5000000000000001E-02   2.7500000000000000E-02   2.9999999999999999E-02   3.2500000000000001E-02   3.5000000000000003E-02   3.7499999999999999E-02   4.0000000000000001E-02   4.2500000000000003E-02   4.4999999999999998E-02   4.7500000000000001E-02   5.0000000000000003E-02
 5.2499999999999998E-02   5.5000000000000000E-02   5.7500000000000002E-02   5.9999999999999998E-02   6.2500000000000000E-02   6.5000000000000002E-02   6.7500000000000004E-02   7.0000000000000007E-02   7.2499999999999995E-02   7.4999999999999997E-02   7.7499999999999999E-02
 8.0000000000000002E-02   8.2500000000000004E-02   8.5000000000000006E-02   8.7500000000000008E-02   8.9999999999999997E-02   9.2499999999999999E-02   9.5000000000000001E-02   9.7500000000000003E-02   1.0000000000000001E-01
 0.0000000000000000E+00   0.0000000000000000E+00   0.0000000000000000E+00   0.0000000000000000E+00   0.0000000000000000E+00   0.0000000000000000E+00   0.0000000000000000E+00   0.0000000000000000E+00   0.0000000000000000E+00   0.0000000000000000E+00   0.0000000000000000E+00
 0.0000000000000000E+00   0.0000000000000000E+00   0.0000000000000000E+00   0.0000000000000000E+00   0.0000000000000000E+00   0.0000000000000000E+00   0.0000000000000000E+00   0.0000000000000000E+00   0.0000000000000000E+00   0.0000000000000000E+00   0.0000000000000000E+00
 0.0000000000000000E+00   0.0000000000000000E+00   0.0000000000000000E+00   0.0000000000000000E+00   0.0000000000000000E+00   0.0000000000000000E+00   0.0000000000000000E+00   0.0000000000000000E+00   0.0000000000000000E+00   0.0000000000000000E+00   0.0000000000000000E+00
 0.0000000000000000E+00   0.0000000000000000E+00   0.0000000000000000E+00   0.0000000000000000E+00   0.0000000000000000E+00   0.0000000000000000E+00   0.0000000000000000E+00   0.0000000000000000E+00   2.5000000000000001E-02   2.5000000000000001E-02   2.5000000000000001E-02
 2.5000000000000001E-02   2.5000000000000001E-02   2.5000000000000001E-02   2.5000000000000001E-02   2.5000000000000001E-02   2.5000000000000001E-02   2.5000000000000001E-02   2.5000000000000001E-02   2.5000000000000001E-02   2.5000000000000001E-02   2.5000000000000001E-02
 2.5000000000000001E-02   2.5000000000000001E-02   2.5000000000000001E-02   2.5000000000000001E-02   2.5000000000000001E-02   2.5000000000000001E-02   2.5000000000000001E-02   2.5000000000000001E-02   2.5000000000000001E-02   2.5000000000000001E-02   2.5000000000000001E-02
 2.5000000000000001E-02   2.5000000000000001E-02   2.5000000000000001E-02   2.5000000000000001E-02   2.5000000000000001E-02   2.5000000000000001E-02   2.5000000000000001E-02   2.5000000000000001E-02   2.5000000000000001E-02   2.5000000000000001E-02   2.5000000000000001E-02
 2.5000000000000001E-02   2.5000000000000001E-02   2.5000000000000001E-02   2.5000000000000001E-02   2.5000000000000001E-02   5.0000000000000003E-02   5.0000000000000003E-02   5.0000000000000003E-02   5.0000000000000003E-02   5.0000000000000003E-02   5.0000000000000003E-02
 5.0000000000000003E-02   5.0000000000000003E-02   5.0000000000000003E-02   5.0000000000000003E-02   5.0000000000000003E-02   5.0000000000000003E-02   5.0000000000000003E-02   5.0000000000000003E-02   5.0000000000000003E-02   5.0000000000000003E-02   5.0000000000000003E-02
 5.0000000000000003E-02   5.0000000000000003E-02   5.0000000000000003E-02   5.0000000000000003E-02   5.0000000000000003E-02   5.0000000000000003E-02   5.0000000000000003E-02   5.0000000000000003E-02   5.0000000000000003E-02   5.0000000000000003E-02   5.0000000000000003E-02
 5.0000000000000003E-02   5.0000000000000003E-02   5.0000000000000003E-02   5.0000000000000003E-02   5.0000000000000003E-02   5.0000000000000003E-02   5.0000000000000003E-02   5.0000000000000003E-02   5.0000000000000003E-02   5.0000000000000003E-02   5.0000000000000003E-02
 5.0000000000000003E-02   5.0000000000000003E-02   7.5000000000000011E-02   7.5000000000000011E-02   7.5000000000000011E-02   7.5000000000000011E-02   7.5000000000000011E-02   7.5000000000000011E-02   7.5000000000000011E-02   7.5000000000000011E-02   7.5000000000000011E-02
 7.5000000000000011E-02   7.5000000000000011E-02   7.5000000000000011E-02   7.5000000000000011E-02   7.5000000000000011E-02   7.5000000000000011E-02   7.5000000000000011E-02   7.5000000000000011E-02   7.5000000000000011E-02   7.5000000000000011E-02   7.5000000000000011E-02
 7.5000000000000011E-02   7.5000000000000011E-02   7.5000000000000011E-02   7.5000000000000011E-02   7.5000000000000011E-02   7.5000000000000011E-02   7.5000000000000011E-02   7.5000000000000011E-02   7.5000000000000011E-02   7.5000000000000011E-02   7.5000000000000011E-02
 7.5000000000000011E-02   7.5000000000000011E-02   7.5000000000000011E-02   7.5000000000000011E-02   7.5000000000000011E-02   7.5000000000000011E-02   7.5000000000000011E-02   7.5000000000000011E-02   7.5000000000000011E-02   7.5000000000000011E-02   1.0000000000000001E-01
 1.0000000000000001E-01   1.0000000000000001E-01   1.0000000000000001E-01   1.0000000000000001E-01   1.0000000000000001E-01   1.0000000000000001E-01   1.0000000000000001E-01   1.0000000000000001E-01   1.0000000000000001E-01   1.0000000000000001E-01   1.0000000000000001E-01
 1.0000000000000001E-01   1.0000000000000001E-01   1.0000000000000001E-01   1.0000000000000001E-01   1.0000000000000001E-01   1.0000000000000001E-01   1.0000000000000001E-01   1.0000000000000001E-01   1.0000000000000001E-01   1.0000000000000001E-01   1.0000000000000001E-01
 1.0000000000000001E-01   1.0000000000000001E-01   1.0000000000000001E-01   1.0000000000000001E-01   1.0000000000000001E-01   1.0000000000000001E-01   1.0000000000000001E-01   1.0000000000000001E-01   1.0000000000000001E-01   1.0000000000000001E-01   1.0000000000000001E-01
 1.0000000000000001E-01   1.0000000000000001E-01   1.0000000000000001E-01   1.0000000000000001E-01   1.0000000000000001E-01   1.0000000000000001E-01   1.0000000000000001E-01   1.2500000000000000E-01   1.2500000000000000E-01   1.2500000000000000E-01   1.2500000000000000E-01
 1.2500000000000000E-01   1.2500000000000000E-01   1.2500000000000000E-01   1.2500000000000000E-01   1.2500000000000000E-01   1.2500000000000000E-01   1.2500000000000000E-01   1.2500000000000000E-01   1.2500000000000000E-01   1.2500000000000000E-01   1.2500000000000000E-01
 1.2500000000000000E-01   1.2500000000000000E-01   1.2500000000000000E-01   1.2500000000000000E-01   1.2500000000000000E-01   1.2500000000000000E-01   1.2500000000000000E-01   1.2500000000000000E-01   1.2500000000000000E-01   1.2500000000000000E-01   1.2500000000000000E-01
 1.2500000000000000E-01   1.2500000000000000E-01   1.2500000000000000E-01   1.2500000000000000E-01   1.2500000000000000E-01   1.2500000000000000E-01   1.2500000000000000E-01   1.2500000000000000E-01   1.2500000000000000E-01   1.2500000000000000E-01   1.2500000000000000E-01
 1.2500000000000000E-01   1.2500000000000000E-01   1.2500000000000000E-01   1.2500000000000000E-01   1.5000000000000002E-01   1.5000000000000002E-01   1.5000000000000002E-01   1.5000000000000002E-01   1.5000000000000002E-01   1.5000000000000002E-01   1.5000000000000002E-01
 1.5000000000000002E-01   1.5000000000000002E-01   1.5000000000000002E-01   1.5000000000000002E-01   1.5000000000000002E-01   1.5000000000000002E-01   1.5000000000000002E-01   1.5000000000000002E-01   1.5000000000000002E-01   1.5000000000000002E-01   1.5000000000000002E-01
 1.5000000000000002E-01   1.5000000000000002E-01   1.5000000000000002E-01   1.5000000000000002E-01   1.5000000000000002E-01   1.5000000000000002E-01   1.5000000000000002E-01   1.5000000000000002E-01   1.5000000000000002E-01   1.5000000000000002E-01   1.5000000000000002E-01
 1.5000000000000002E-01   1.5000000000000002E-01   1.5000000000000002E-01   1.5000000000000002E-01   1.5000000000000002E-01   1.5000000000000002E-01   1.5000000000000002E-01   1.5000000000000002E-01   1.5000000000000002E-01   1.5000000000000002E-01   1.5000000000000002E-01
 1.5000000000000002E-01   1.7500000000000002E-01   1.7500000000000002E-01   1.7500000000000002E-01   1.7500000000000002E-01   1.7500000000000002E-01   1.7500000000000002E-01   1.7500000000000002E-01   1.7500000000000002E-01   1.7500000000000002E-01   1.7500000000000002E-01
 1.7500000000000002E-01   1.7500000000000002E-01   1.7500000000000002E-01   1.7500000000000002E-01   1.7500000000000002E-01   1.7500000000000002E-01   1.7500000000000002E-01   1.7500000000000002E-01   1.7500000000000002E-01   1.7500000000000002E-01   1.7500000000000002E-01
 1.7500000000000002E-01   1.7500000000000002E-01   1.7500000000000002E-01   1.7500000000000002E-01   1.7500000000000002E-01   1.7500000000000002E-01   1.7500000000000002E-01   1.7500000000000002E-01   1.7500000000000002E-01   1.7500000000000002E-01   1.7500000000000002E-01
 1.7500000000000002E-01   1.7500000000000002E-01   1.7500000000000002E-01   1.7500000000000002E-01   1.7500000000000002E-01   1.7500000000000002E-01   1.7500000000000002E-01   1.7500000000000002E-01   1.7500000000000002E-01   2.0000000000000001E-01   2.0000000000000001E-01
 2.0000000000000001E-01   2.0000000000000001E-01   2.0000000000000001E-01   2.0000000000000001E-01   2.0000000000000001E-01   2.0000000000000001E-01   2.0000000000000001E-01   2.0000000000000001E-01   2.0000000000000001E-01   2.0000000000000001E-01   2.0000000000000001E-01
 2.0000000000000001E-01   2.0000000000000001E-01   2.0000000000000001E-01   2.0000000000000001E-01   2.0000000000000001E-01   2.0000000000000001E-01   2.0000000000000001E-01   2.0000000000000001E-01   2.0000000000000001E-01   2.0000000000000001E-01   2.0000000000000001E-01
 2.0000000000000001E-01   2.0000000000000001E-01   2.0000000000000001E-01   2.0000000000000001E-01   2.0000000000000001E-01   2.0000000000000001E-01   2.0000000000000001E-01   2.0000000000000001E-01   2.0000000000000001E-01   2.0000000000000001E-01   2.0000000000000001E-01
 2.0000000000000001E-01   2.0000000000000001E-01   2.0000000000000001E-01   2.0000000000000001E-01   2.0000000000000001E-01   2.0000000000000001E-01   2.2500000000000001E-01   2.2500000000000001E-01   2.2500000000000001E-01   2.2500000000000001E-01   2.2500000000000001E-01
 2.2500000000000001E-01   2.2500000000000001E-01   2.2500000000000001E-01   2.2500000000000001E-01   2.2500000000000001E-01   2.2500000000000001E-01   2.2500000000000001E-01   2.2500000000000001E-01   2.2500000000000001E-01   2.2500000000000001E-01   2.2500000000000001E-01
 2.2500000000000001E-01   2.2500000000000001E-01   2.2500000000000001E-01   2.2500000000000001E-01   2.2500000000000001E-01   2.2500000000000001E-01   2.2500000000000001E-01   2.2500000000000001E-01   2.2500000000000001E-01   2.2500000000000001E-01   2.2500000000000001E-01
 2.2500000000000001E-01   2.2500000000000001E-01   2.2500000000000001E-01   2.2500000000000001E-01   2.2500000000000001E-01   2.2500000000000001E-01   2.2500000000000001E-01   2.2500000000000001E-01   2.2500000000000001E-01   2.2500000000000001E-01   2.2500000000000001E-01
 2.2500000000000001E-01   2.2500000000000001E-01   2.2500000000000001E-01   2.5000000000000000E-01   2.5000000000000000E-01   2.5000000000000000E-01   2.5000000000000000E-01   2.5000000000000000E-01   2.5000000000000000E-01   2.5000000000000000E-01   2.5000000000000000E-01
 2.5000000000000000E-01   2.5000000000000000E-01   2.5000000000000000E-01   2.5000000000000000E-01   2.5000000000000000E-01   2.5000000000000000E-01   2.5000000000000000E-01   2.5000000000000000E-01   2.5000000000000000E-01   2.5000000000000000E-01   2.5000000000000000E-01
 2.5000000000000000E-01   2.5000000000000000E-01   2.5000000000000000E-01   2.5000000000000000E-01   2.5000000000000000E-01   2.5000000000000000E-01   2.5000000000000000E-01   2.5000000000000000E-01   2.5000000000000000E-01   2.5000000000000000E-01   2.5000000000000000E-01
 2.5000000000000000E-01   2.5000000000000000E-01   2.5000000000000000E-01   2.5000000000000000E-01   2.5000000000000000E-01   2.5000000000000000E-01   2.5000000000000000E-01   2.5000000000000000E-01   2.5000000000000000E-01   2.5000000000000000E-01   2.5000000000000000E-01
 2.7500000000000002E-01   2.7500000000000002E-01   2.7500000000000002E-01   2.7500000000000002E-01   2.7500000000000002E-01   2.7500000000000002E-01   2.7500000000000002E-01   2.7500000000000002E-01   2.7500000000000002E-01   2.7500000000000002E-01   2.7500000000000002E-01
 2.7500000000000002E-01   2.7500000000000002E-01   2.7500000000000002E-01   2.7500000000000002E-01   2.7500000000000002E-01   2.7500000000000002E-01   2.7500000000000002E-01   2.7500000000000002E-01   2.7500000000000002E-01   2.7500000000000002E-01   2.7500000000000002E-01
 2.7500000000000002E-01   2.7500000000000002E-01   2.7500000000000002E-01   2.7500000000000002E-01   2.7500000000000002E-01   2.7500000000000002E-01   2.7500000000000002E-01   2.7500000000000002E-01   2.7500000000000002E-01   2.7500000000000002E-01   2.7500000000000002E-01
 2.7500000000000002E-01   2.7500000000000002E-01   2.7500000000000002E-01   2.7500000000000002E-01   2.7500000000000002E-01   2.7500000000000002E-01   2.7500000000000002E-01   2.7500000000000002E-01   3.0000000000000004E-01   3.0000000000000004E-01   3.0000000000000004E-01
 3.0000000000000004E-01   3.0000000000000004E-01   3.0000000000000004E-01   3.0000000000000004E-01   3.0000000000000004E-01   3.0000000000000004E-01   3.0000000000000004E-01   3.0000000000000004E-01   3.0000000000000004E-01   3.0000000000000004E-01   3.0000000000000004E-01
 3.0000000000000004E-01   3.0000000000000004E-01   3.0000000000000004E-01   3.0000000000000004E-01   3.0000000000000004E-01   3.0000000000000004E-01   3.0000000000000004E-01   3.0000000000000004E-01   3.0000000000000004E-01   3.0000000000000004E-01   3.0000000000000004E-01
 3.0000000000000004E-01   3.0000000000000004E-01   3.0000000000000004E-01   3.0000000000000004E-01   3.0000000000000004E-01   3.0000000000000004E-01   3.0000000000000004E-01   3.0000000000000004E-01   3.0000000000000004E-01   3.0000000000000004E-01   3.0000000000000004E-01
 3.0000000000000004E-01   3.0000000000000004E-01   3.0000000000000004E-01   3.0000000000000004E-01   3.0000000000000004E-01   3.2500000000000001E-01   3.2500000000000001E-01   3.2500000000000001E-01   3.2500000000000001E-01   3.2500000000000001E-01   3.2500000000000001E-01
 3.2500000000000001E-01   3.2500000000000001E-01   3.2500000000000001E-01   3.2500000000000001E-01   3.2500000000000001E-01   3.2500000000000001E-01   3.2500000000000001E-01   3.2500000000000001E-01   3.2500000000000001E-01   3.2500000000000001E-01   3.2500000000000001E-01
 3.2500000000000001E-01   3.2500000000000001E-01   3.2500000000000001E-01   3.2500000000000001E-01   3.2500000000000001E-01   3.2500000000000001E-01   3.2500000000000001E-01   3.2500000000000001E-01   3.2500000000000001E-01   3.2500000000000001E-01   3.2500000000000001E-01
 3.2500000000000001E-01   3.2500000000000001E-01   3.2500000000000001E-01   3.2500000000000001E-01   3.2500000000000001E-01   3.2500000000000001E-01   3.2500000000000001E-01   3.2500000000000001E-01   3.2500000000000001E-01   3.2500000000000001E-01   3.2500000000000001E-01
 3.2500000000000001E-01   3.2500000000000001E-01   3.5000000000000003E-01   3.5000000000000003E-01   3.5000000000000003E-01   3.5000000000000003E-01   3.5000000000000003E-01   3.5000000000000003E-01   3.5000000000000003E-01   3.5000000000000003E-01   3.5000000000000003E-01
 3.5000000000000003E-01   3.5000000000000003E-01   3.5000000000000003E-01   3.5000000000000003E-01   3.5000000000000003E-01   3.5000000000000003E-01   3.5000000000000003E-01   3.5000000000000003E-01   3.5000000000000003E-01   3.5000000000000003E-01   3.5000000000000003E-01
 3.5000000000000003E-01   3.5000000000000003E-01   3.5000000000000003E-01   3.5000000000000003E-01   3.5000000000000003E-01   3.5000000000000003E-01   3.5000000000000003E-01   3.5000000000000003E-01   3.5000000000000003E-01   3.5000000000000003E-01   3.5000000000000003E-01
 3.5000000000000003E-01   3.5000000000000003E-01   3.5000000000000003E-01   3.5000000000000003E-01   3.5000000000000003E-01   3.5000000000000003E-01   3.5000000000000003E-01   3.5000000000000003E-01   3.5000000000000003E-01   3.5000000000000003E-01   3.7500000000000000E-01
 3.7500000000000000E-01   3.7500000000000000E-01   3.7500000000000000E-01   3.7500000000000000E-01   3.7500000000000000E-01   3.7500000000000000E-01   3.7500000000000000E-01   3.7500000000000000E-01   3.7500000000000000E-01   3.7500000000000000E-01   3.7500000000000000E-01
 3.7500000000000000E-01   3.7500000000000000E-01   3.7500000000000000E-01   3.7500000000000000E-01   3.7500000000000000E-01   3.7500000000000000E-01   3.7500000000000000E-01   3.7500000000000000E-01   3.7500000000000000E-01   3.7500000000000000E-01   3.7500000000000000E-01
 3.7500000000000000E-01   3.7500000000000000E-01   3.7500000000000000E-01   3.7500000000000000E-01   3.7500000000000000E-01   3.7500000000000000E-01   3.7500000000000000E-01   3.7500000000000000E-01   3.7500000000000000E-01   3.7500000000000000E-01   3.7500000000000000E-01
 3.7500000000000000E-01   3.7500000000000000E-01   3.7500000000000000E-01   3.7500000000000000E-01   3.7500000000000000E-01   3.7500000000000000E-01   3.7500000000000000E-01   4.0000000000000002E-01   4.0000000000000002E-01   4.0000000000000002E-01   4.0000000000000002E-01
 4.0000000000000002E-01   4.0000000000000002E-01   4.0000000000000002E-01   4.0000000000000002E-01   4.0000000000000002E-01   4.0000000000000002E-01   4.0000000000000002E-01   4.0000000000000002E-01   4.0000000000000002E-01   4.0000000000000002E-01   4.0000000000000002E-01
 4.0000000000000002E-01   4.0000000000000002E-01   4.0000000000000002E-01   4.0000000000000002E-01   4.0000000000000002E-01   4.0000000000000002E-01   4.0000000000000002E-01   4.0000000000000002E-01   4.0000000000000002E-01   4.0000000000000002E-01   4.0000000000000002E-01
 4.0000000000000002E-01   4.0000000000000002E-01   4.0000000000000002E-01   4.0000000000000002E-01   4.0000000000000002E-01   4.0000000000000002E-01   4.0000000000000002E-01   4.0000000000000002E-01   4.0000000000000002E-01   4.0000000000000002E-01   4.0000000000000002E-01
 4.0000000000000002E-01   4.0000000000000002E-01   4.0000000000000002E-01   4.0000000000000002E-01   4.2500000000000004E-01   4.2500000000000004E-01   4.2500000000000004E-01   4.2500000000000004E-01   4.2500000000000004E-01   4.2500000000000004E-01   4.2500000000000004E-01
 4.2500000000000004E-01   4.2500000000000004E-01   4.2500000000000004E-01   4.2500000000000004E-01   4.2500000000000004E-01   4.2500000000000004E-01   4.2500000000000004E-01   4.2500000000000004E-01   4.2500000000000004E-01   4.2500000000000004E-01   4.2500000000000004E-01
 4.2500000000000004E-01   4.2500000000000004E-01   4.2500000000000004E-01   4.2500000000000004E-01   4.2500000000000004E-01   4.2500000000000004E-01   4.2500000000000004E-01   4.2500000000000004E-01   4.2500000000000004E-01   4.2500000000000004E-01   4.2500000000000004E-01
 4.2500000000000004E-01   4.2500000000000004E-01   4.2500000000000004E-01   4.2500000000000004E-01   4.2500000000000004E-01   4.2500000000000004E-01   4.2500000000000004E-01   4.2500000000000004E-01   4.2500000000000004E-01   4.2500000000000004E-01   4.2500000000000004E-01
 4.2500000000000004E-01   4.5000000000000001E-01   4.5000000000000001E-01   4.5000000000000001E-01   4.5000000000000001E-01   4.5000000000000001E-01   4.5000000000000001E-01   4.5000000000000001E-01   4.5000000000000001E-01   4.5000000000000001E-01   4.5000000000000001E-01
 4.5000000000000001E-01   4.5000000000000001E-01   4.5000000000000001E-01   4.5000000000000001E-01   4.5000000000000001E-01   4.5000000000000001E-01   4.5000000000000001E-01   4.5000000000000001E-01   4.5000000000000001E-01   4.5000000000000001E-01   4.5000000000000001E-01
 4.5000000000000001E-01   4.5000000000000001E-01   4.5000000000000001E-01   4.5000000000000001E-01   4.5000000000000001E-01   4.5000000000000001E-01   4.5000000000000001E-01   4.5000000000000001E-01   4.5000000000000001E-01   4.5000000000000001E-01   4.5000000000000001E-01
 4.5000000000000001E-01   4.5000000000000001E-01   4.5000000000000001E-01   4.5000000000000001E-01   4.5000000000000001E-01   4.5000000000000001E-01   4.5000000000000001E-01   4.5000000000000001E-01   4.5000000000000001E-01   4.7500000000000003E-01   4.7500000000000003E-01
 4.7500000000000003E-01   4.7500000000000003E-01   4.7500000000000003E-01   4.7500000000000003E-01   4.7500000000000003E-01   4.7500000000000003E-01   4.7500000000000003E-01   4.7500000000000003E-01   4.7500000000000003E-01   4.7500000000000003E-01   4.7500000000000003E-01
 4.7500000000000003E-01   4.7500000000000003E-01   4.7500000000000003E-01   4.7500000000000003E-01   4.7500000000000003E-01   4.7500000000000003E-01   4.7500000000000003E-01   4.7500000000000003E-01   4.7500000000000003E-01   4.7500000000000003E-01   4.7500000000000003E-01
 4.7500000000000003E-01   4.7500000000000003E-01   4.7500000000000003E-01   4.7500000000000003E-01   4.7500000000000003E-01   4.7500000000000003E-01   4.7500000000000003E-01   4.7500000000000003E-01   4.7500000000000003E-01   4.7500000000000003E-01   4.7500000000000003E-01
 4.7500000000000003E-01   4.7500000000000003E-01   4.7500000000000003E-01   4.7500000000000003E-01   4.7500000000000003E-01   4.7500000000000003E-01   5.0000000000000000E-01   5.0000000000000000E-01   5.0000000000000000E-01   5.0000000000000000E-01   5.0000000000000000E-01
 5.0000000000000000E-01   5.0000000000000000E-01   5.0000000000000000E-01   5.0000000000000000E-01   5.0000000000000000E-01   5.0000000000000000E-01   5.0000000000000000E-01   5.0000000000000000E-01   5.0000000000000000E-01   5.0000000000000000E-01   5.0000000000000000E-01
 5.0000000000000000E-01   5.0000000000000000E-01   5.0000000000000000E-01   5.0000000000000000E-01   5.0000000000000000E-01   5.0000000000000000E-01   5.0000000000000000E-01   5.0000000000000000E-01   5.0000000000000000E-01   5.0000000000000000E-01   5.0000000000000000E-01
 5.0000000000000000E-01   5.0000000000000000E-01   5.0000000000000000E-01   5.0000000000000000E-01   5.0000000000000000E-01   5.0000000000000000E-01   5.0000000000000000E-01   5.0000000000000000E-01   5.0000000000000000E-01   5.0000000000000000E-01   5.0000000000000000E-01
 5.0000000000000000E-01   5.0000000000000000E-01   5.0000000000000000E-01   5.2500000000000002E-01   5.2500000000000002E-01   5.2500000000000002E-01   5.2500000000000002E-01   5.2500000000000002E-01   5.2500000000000002E-01   5.2500000000000002E-01   5.2500000000000002E-01
 5.2500000000000002E-01   5.2500000000000002E-01   5.2500000000000002E-01   5.2500000000000002E-01   5.2500000000000002E-01   5.2500000000000002E-01   5.2500000000000002E-01   5.2500000000000002E-01   5.2500000000000002E-01   5.2500000000000002E-01   5.2500000000000002E-01
 5.2500000000000002E-01   5.2500000000000002E-01   5.2500000000000002E-01   5.2500000000000002E-01   5.2500000000000002E-01   5.2500000000000002E-01   5.2500000000000002E-01   5.2500000000000002E-01   5.2500000000000002E-01   5.2500000000000002E-01   5.2500000000000002E-01
 5.2500000000000002E-01   5.2500000000000002E-01   5.2500000000000002E-01   5.2500000000000002E-01   5.2500000000000002E-01   5.2500000000000002E-01   5.2500000000000002E-01   5.2500000000000002E-01   5.2500000000000002E-01   5.2500000000000002E-01   5.2500000000000002E-01
 5.5000000000000004E-01   5.5000000000000004E-01   5.5000000000000004E-01   5.5000000000000004E-01   5.5000000000000004E-01   5.5000000000000004E-01   5.5000000000000004E-01   5.5000000000000004E-01   5.5000000000000004E-01   5.5000000000000004E-01   5.5000000000000004E-01
 5.5000000000000004E-01   5.5000000000000004E-01   5.5000000000000004E-01   5.5000000000000004E-01   5.5000000000000004E-01   5.5000000000000004E-01   5.5000000000000004E-01   5.5000000000000004E-01   5.5000000000000004E-01   5.5000000000000004E-01   5.5000000000000004E-01
 5.5000000000000004E-01   5.5000000000000004E-01   5.5000000000000004E-01   5.5000000000000004E-01   5.5000000000000004E-01   5.5000000000000004E-01   5.5000000000000004E-01   5.5000000000000004E-01   5.5000000000000004E-01   5.5000000000000004E-01   5.5000000000000004E-01
 5.5000000000000004E-01   5.5000000000000004E-01   5.5000000000000004E-01   5.5000000000000004E-01   5.5000000000000004E-01   5.5000000000000004E-01   5.5000000000000004E-01   5.5000000000000004E-01   5.7500000000000007E-01   5.7500000000000007E-01   5.7500000000000007E-01
 5.7500000000000007E-01   5.7500000000000007E-01   5.7500000000000007E-01   5.7500000000000007E-01   5.7500000000000007E-01   5.7500000000000007E-01   5.7500000000000007E-01   5.7500000000000007E-01   5.7500000000000007E-01   5.7500000000000007E-01   5.7500000000000007E-01
 5.7500000000000007E-01   5.7500000000000007E-01   5.7500000000000007E-01   5.7500000000000007E-01   5.7500000000000007E-01   5.7500000000000007E-01   5.7500000000000007E-01   5.7500000000000007E-01   5.7500000000000007E-01   5.7500000000000007E-01   5.7500000000000007E-01
 5.7500000000000007E-01   5.7500000000000007E-01   5.7500000000000007E-01   5.7500000000000007E-01   5.7500000000000007E-01   5.7500000000000007E-01   5.7500000000000007E-01   5.7500000000000007E-01   5.7500000000000007E-01   5.7500000000000007E-01   5.7500000000000007E-01
 5.7500000000000007E-01   5.7500000000000007E-01   5.7500000000000007E-01   5.7500000000000007E-01   5.7500000000000007E-01   6.0000000000000009E-01   6.0000000000000009E-01   6.0000000000000009E-01   6.0000000000000009E-01   6.0000000000000009E-01   6.0000000000000009E-01
 6.0000000000000009E-01   6.0000000000000009E-01   6.0000000000000009E-01   6.0000000000000009E-01   6.0000000000000009E-01   6.0000000000000009E-01   6.0000000000000009E-01   6.0000000000000009E-01   6.0000000000000009E-01   6.0000000000000009E-01   6.0000000000000009E-01
 6.0000000000000009E-01   6.0000000000000009E-01   6.0000000000000009E-01   6.0000000000000009E-01   6.0000000000000009E-01   6.0000000000000009E-01   6.0000000000000009E-01   6.0000000000000009E-01   6.0000000000000009E-01   6.0000000000000009E-01   6.0000000000000009E-01
 6.0000000000000009E-01   6.0000000000000009E-01   6.0000000000000009E-01   6.0000000000000009E-01   6.0000000000000009E-01   6.0000000000000009E-01   6.0000000000000009E-01   6.0000000000000009E-01   6.0000000000000009E-01   6.0000000000000009E-01   6.0000000000000009E-01
 6.0000000000000009E-01   6.0000000000000009E-01   6.2500000000000000E-01   6.2500000000000000E-01   6.2500000000000000E-01   6.2500000000000000E-01   6.2500000000000000E-01   6.2500000000000000E-01   6.2500000000000000E-01   6.2500000000000000E-01   6.2500000000000000E-01
 6.2500000000000000E-01   6.2500000000000000E-01   6.2500000000000000E-01   6.2500000000000000E-01   6.2500000000000000E-01   6.2500000000000000E-01   6.2500000000000000E-01   6.2500000000000000E-01   6.2500000000000000E-01   6.2500000000000000E-01   6.2500000000000000E-01
 6.2500000000000000E-01   6.2500000000000000E-01   6.2500000000000000E-01   6.2500000000000000E-01   6.2500000000000000E-01   6.2500000000000000E-01   6.2500000000000000E-01   6.2500000000000000E-01   6.2500000000000000E-01   6.2500000000000000E-01   6.2500000000000000E-01
 6.2500000000000000E-01   6.2500000000000000E-01   6.2500000000000000E-01   6.2500000000000000E-01   6.2500000000000000E-01   6.2500000000000000E-01   6.2500000000000000E-01   6.2500000000000000E-01   6.2500000000000000E-01   6.2500000000000000E-01   6.5000000000000002E-01
 6.5000000000000002E-01   6.5000000000000002E-01   6.5000000000000002E-01   6.5000000000000002E-01   6.5000000000000002E-01   6.5000000000000002E-01   6.5000000000000002E-01   6.5000000000000002E-01   6.5000000000000002E-01   6.5000000000000002E-01   6.5000000000000002E-01
 6.5000000000000002E-01   6.5000000000000002E-01   6.5000000000000002E-01   6.5000000000000002E-01   6.5000000000000002E-01   6.5000000000000002E-01   6.5000000000000002E-01   6.5000000000000002E-01   6.5000000000000002E-01   6.5000000000000002E-01   6.5000000000000002E-01
 6.5000000000000002E-01   6.5000000000000002E-01   6.5000000000000002E-01   6.5000000000000002E-01   6.5000000000000002E-01   6.5000000000000002E-01   6.5000000000000002E-01   6.5000000000000002E-01   6.5000000000000002E-01   6.5000000000000002E-01   6.5000000000000002E-01
 6.5000000000000002E-01   6.5000000000000002E-01   6.5000000000000002E-01   6.5000000000000002E-01   6.5000000000000002E-01   6.5000000000000002E-01   6.5000000000000002E-01   6.7500000000000004E-01   6.7500000000000004E-01   6.7500000000000004E-01   6.7500000000000004E-01
 6.7500000000000004E-01   6.7500000000000004E-01   6.7500000000000004E-01   6.7500000000000004E-01   6.7500000000000004E-01   6.7500000000000004E-01   6.7500000000000004E-01   6.7500000000000004E-01   6.7500000000000004E-01   6.7500000000000004E-01   6.7500000000000004E-01
 6.7500000000000004E-01   6.7500000000000004E-01   6.7500000000000004E-01   6.7500000000000004E-01   6.7500000000000004E-01   6.7500000000000004E-01   6.7500000000000004E-01   6.7500000000000004E-01   6.7500000000000004E-01   6.7500000000000004E-01   6.7500000000000004E-01
 6.7500000000000004E-01   6.7500000000000004E-01   6.7500000000000004E-01   6.7500000000000004E-01   6.7500000000000004E-01   6.7500000000000004E-01   6.7500000000000004E-01   6.7500000000000004E-01   6.7500000000000004E-01   6.7500000000000004E-01   6.7500000000000004E-01
 6.7500000000000004E-01   6.7500000000000004E-01   6.7500000000000004E-01   6.7500000000000004E-01   7.0000000000000007E-01   7.0000000000000007E-01   7.0000000000000007E-01   7.0000000000000007E-01   7.0000000000000007E-01   7.0000000000000007E-01   7.0000000000000007E-01
 7.0000000000000007E-01   7.0000000000000007E-01   7.0000000000000007E-01   7.0000000000000007E-01   7.0000000000000007E-01   7.0000000000000007E-01   7.0000000000000007E-01   7.0000000000000007E-01   7.0000000000000007E-01   7.0000000000000007E-01   7.0000000000000007E-01
 7.0000000000000007E-01   7.0000000000000007E-01   7.0000000000000007E-01   7.0000000000000007E-01   7.0000000000000007E-01   7.0000000000000007E-01   7.0000000000000007E-01   7.0000000000000007E-01   7.0000000000000007E-01   7.0000000000000007E-01   7.0000000000000007E-01
 7.0000000000000007E-01   7.0000000000000007E-01   7.0000000000000007E-01   7.0000000000000007E-01   7.0000000000000007E-01   7.0000000000000007E-01   7.0000000000000007E-01   7.0000000000000007E-01   7.0000000000000007E-01   7.0000000000000007E-01   7.0000000000000007E-01
 7.0000000000000007E-01   7.2500000000000009E-01   7.2500000000000009E-01   7.2500000000000009E-01   7.2500000000000009E-01   7.2500000000000009E-01   7.2500000000000009E-01   7.2500000000000009E-01   7.2500000000000009E-01   7.2500000000000009E-01   7.2500000000000009E-01
 7.2500000000000009E-01   7.2500000000000009E-01   7.2500000000000009E-01   7.2500000000000009E-01   7.2500000000000009E-01   7.2500000000000009E-01   7.2500000000000009E-01   7.2500000000000009E-01   7.2500000000000009E-01   7.2500000000000009E-01   7.2500000000000009E-01
 7.2500000000000009E-01   7.2500000000000009E-01   7.2500000000000009E-01   7.2500000000000009E-01   7.2500000000000009E-01   7.2500000000000009E-01   7.2500000000000009E-01   7.2500000000000009E-01   7.2500000000000009E-01   7.2500000000000009E-01   7.2500000000000009E-01
 7.2500000000000009E-01   7.2500000000000009E-01   7.2500000000000009E-01   7.2500000000000009E-01   7.2500000000000009E-01   7.2500000000000009E-01   7.2500000000000009E-01   7.2500000000000009E-01   7.2500000000000009E-01   7.5000000000000000E-01   7.5000000000000000E-01
 7.5000000000000000E-01   7.5000000000000000E-01   7.5000000000000000E-01   7.5000000000000000E-01   7.5000000000000000E-01   7.5000000000000000E-01   7.5000000000000000E-01   7.5000000000000000E-01   7.5000000000000000E-01   7.5000000000000000E-01   7.5000000000000000E-01
 7.5000000000000000E-01   7.5000000000000000E-01   7.5000000000000000E-01   7.5000000000000000E-01   7.5000000000000000E-01   7.5000000000000000E-01   7.5000000000000000E-01   7.5000000000000000E-01   7.5000000000000000E-01   7.5000000000000000E-01   7.5000000000000000E-01
 7.5000000000000000E-01   7.5000000000000000E-01   7.5000000000000000E-01   7.5000000000000000E-01   7.5000000000000000E-01   7.5000000000000000E-01   7.5000000000000000E-01   7.5000000000000000E-01   7.5000000000000000E-01   7.5000000000000000E-01   7.5000000000000000E-01
 7.5000000000000000E-01   7.5000000000000000E-01   7.5000000000000000E-01   7.5000000000000000E-01   7.5000000000000000E-01   7.5000000000000000E-01   7.7500000000000002E-01   7.7500000000000002E-01   7.7500000000000002E-01   7.7500000000000002E-01   7.7500000000000002E-01
 7.7500000000000002E-01   7.7500000000000002E-01   7.7500000000000002E-01   7.7500000000000002E-01   7.7500000000000002E-01   7.7500000000000002E-01   7.7500000000000002E-01   7.7500000000000002E-01   7.7500000000000002E-01   7.7500000000000002E-01   7.7500000000000002E-01
 7.7500000000000002E-01   7.7500000000000002E-01   7.7500000000000002E-01   7.7500000000000002E-01   7.7500000000000002E-01   7.7500000000000002E-01   7.7500000000000002E-01   7.7500000000000002E-01   7.7500000000000002E-01   7.7500000000000002E-01   7.7500000000000002E-01
 7.7500000000000002E-01   7.7500000000000002E-01   7.7500000000000002E-01   7.7500000000000002E-01   7.7500000000000002E-01   7.7500000000000002E-01   7.7500000000000002E-01   7.7500000000000002E-01   7.7500000000000002E-01   7.7500000000000002E-01   7.7500000000000002E-01
 7.7500000000000002E-01   7.7500000000000002E-01   7.7500000000000002E-01   8.0000000000000004E-01   8.0000000000000004E-01   8.0000000000000004E-01   8.0000000000000004E-01   8.0000000000000004E-01   8.0000000000000004E-01   8.0000000000000004E-01   8.0000000000000004E-01
 8.0000000000000004E-01   8.0000000000000004E-01   8.0000000000000004E-01   8.0000000000000004E-01   8.0000000000000004E-01   8.0000000000000004E-01   8.0000000000000004E-01   8.0000000000000004E-01   8.0000000000000004E-01   8.0000000000000004E-01   8.0000000000000004E-01
 8.0000000000000004E-01   8.0000000000000004E-01   8.0000000000000004E-01   8.0000000000000004E-01   8.0000000000000004E-01   8.0000000000000004E-01   8.0000000000000004E-01   8.0000000000000004E-01   8.0000000000000004E-01   8.0000000000000004E-01   8.0000000000000004E-01
 8.0000000000000004E-01   8.0000000000000004E-01   8.0000000000000004E-01   8.0000000000000004E-01   8.0000000000000004E-01   8.0000000000000004E-01   8.0000000000000004E-01   8.0000000000000004E-01   8.0000000000000004E-01   8.0000000000000004E-01   8.0000000000000004E-01
 8.2500000000000007E-01   8.2500000000000007E-01   8.2500000000000007E-01   8.2500000000000007E-01   8.2500000000000007E-01   8.2500000000000007E-01   8.2500000000000007E-01   8.2500000000000007E-01   8.2500000000000007E-01   8.2500000000000007E-01   8.2500000000000007E-01
 8.2500000000000007E-01   8.2500000000000007E-01   8.2500000000000007E-01   8.2500000000000007E-01   8.2500000000000007E-01   8.2500000000000007E-01   8.2500000000000007E-01   8.2500000000000007E-01   8.2500000000000007E-01   8.2500000000000007E-01   8.2500000000000007E-01
 8.2500000000000007E-01   8.2500000000000007E-01   8.2500000000000007E-01   8.2500000000000007E-01   8.2500000000000007E-01   8.2500000000000007E-01   8.2500000000000007E-01   8.2500000000000007E-01   8.2500000000000007E-01   8.2500000000000007E-01   8.2500000000000007E-01
 8.2500000000000007E-01   8.2500000000000007E-01   8.2500000000000007E-01   8.2500000000000007E-01   8.2500000000000007E-01   8.2500000000000007E-01   8.2500000000000007E-01   8.2500000000000007E-01   8.5000000000000009E-01   8.5000000000000009E-01   8.5000000000000009E-01
 8.5000000000000009E-01   8.5000000000000009E-01   8.5000000000000009E-01   8.5000000000000009E-01   8.5000000000000009E-01   8.5000000000000009E-01   8.5000000000000009E-01   8.5000000000000009E-01   8.5000000000000009E-01   8.5000000000000009E-01   8.5000000000000009E-01
 8.5000000000000009E-01   8.5000000000000009E-01   8.5000000000000009E-01   8.5000000000000009E-01   8.5000000000000009E-01   8.5000000000000009E-01   8.5000000000000009E-01   8.5000000000000009E-01   8.5000000000000009E-01   8.5000000000000009E-01   8.5000000000000009E-01
 8.5000000000000009E-01   8.5000000000000009E-01   8.5000000000000009E-01   8.5000000000000009E-01   8.5000000000000009E-01   8.5000000000000009E-01   8.5000000000000009E-01   8.5000000000000009E-01   8.5000000000000009E-01   8.5000000000000009E-01   8.5000000000000009E-01
 8.5000000000000009E-01   8.5000000000000009E-01   8.5000000000000009E-01   8.5000000000000009E-01   8.5000000000000009E-01   8.7500000000000000E-01   8.7500000000000000E-01   8.7500000000000000E-01   8.7500000000000000E-01   8.7500000000000000E-01   8.7500000000000000E-01
 8.7500000000000000E-01   8.7500000000000000E-01   8.7500000000000000E-01   8.7500000000000000E-01   8.7500000000000000E-01   8.7500000000000000E-01   8.7500000000000000E-01   8.7500000000000000E-01   8.7500000000000000E-01   8.7500000000000000E-01   8.7500000000000000E-01
 8.7500000000000000E-01   8.7500000000000000E-01   8.7500000000000000E-01   8.7500000000000000E-01   8.7500000000000000E-01   8.7500000000000000E-01   8.7500000000000000E-01   8.7500000000000000E-01   8.7500000000000000E-01   8.7500000000000000E-01   8.7500000000000000E-01
 8.7500000000000000E-01   8.7500000000000000E-01   8.7500000000000000E-01   8.7500000000000000E-01   8.7500000000000000E-01   8.7500000000000000E-01   8.7500000000000000E-01   8.7500000000000000E-01   8.7500000000000000E-01   8.7500000000000000E-01   8.7500000000000000E-01
 8.7500000000000000E-01   8.7500000000000000E-01   9.0000000000000002E-01   9.0000000000000002E-01   9.0000000000000002E-01   9.0000000000000002E-01   9.0000000000000002E-01   9.0000000000000002E-01   9.0000000000000002E-01   9.0000000000000002E-01   9.0000000000000002E-01
 9.0000000000000002E-01   9.0000000000000002E-01   9.0000000000000002E-01   9.0000000000000002E-01   9.0000000000000002E-01   9.0000000000000002E-01   9.0000000000000002E-01   9.0000000000000002E-01   9.0000000000000002E-01   9.0000000000000002E-01   9.0000000000000002E-01
 9.0000000000000002E-01   9.0000000000000002E-01   9.0000000000000002E-01   9.0000000000000002E-01   9.0000000000000002E-01   9.0000000000000002E-01   9.0000000000000002E-01   9.0000000000000002E-01   9.0000000000000002E-01   9.0000000000000002E-01   9.0000000000000002E-01
 9.0000000000000002E-01   9.0000000000000002E-01   9.0000000000000002E-01   9.0000000000000002E-01   9.0000000000000002E-01   9.0000000000000002E-01   9.0000000000000002E-01   9.0000000000000002E-01   9.0000000000000002E-01   9.0000000000000002E-01   9.2500000000000004E-01
 9.2500000000000004E-01   9.2500000000000004E-01   9.2500000000000004E-01   9.2500000000000004E-01   9.2500000000000004E-01   9.2500000000000004E-01   9.2500000000000004E-01   9.2500000000000004E-01   9.2500000000000004E-01   9.2500000000000004E-01   9.2500000000000004E-01
 9.2500000000000004E-01   9.2500000000000004E-01   9.2500000000000004E-01   9.2500000000000004E-01   9.2500000000000004E-01   9.2500000000000004E-01   9.2500000000000004E-01   9.2500000000000004E-01   9.2500000000000004E-01   9.2500000000000004E-01   9.2500000000000004E-01
 9.2500000000000004E-01   9.2500000000000004E-01   9.2500000000000004E-01   9.2500000000000004E-01   9.2500000000000004E-01   9.2500000000000004E-01   9.2500000000000004E-01   9.2500000000000004E-01   9.2500000000000004E-01   9.2500000000000004E-01   9.2500000000000004E-01
 9.2500000000000004E-01   9.2500000000000004E-01   9.2500000000000004E-01   9.2500000000000004E-01   9.2500000000000004E-01   9.2500000000000004E-01   9.2500000000000004E-01   9.5000000000000007E-01   9.5000000000000007E-01   9.5000000000000007E-01   9.5000000000000007E-01
 9.5000000000000007E-01   9.5000000000000007E-01   9.5000000000000007E-01   9.5000000000000007E-01   9.5000000000000007E-01   9.5000000000000007E-01   9.5000000000000007E-01   9.5000000000000007E-01   9.5000000000000007E-01   9.5000000000000007E-01   9.5000000000000007E-01
 9.5000000000000007E-01   9.5000000000000007E-01   9.5000000000000007E-01   9.5000000000000007E-01   9.5000000000000007E-01   9.5000000000000007E-01   9.5000000000000007E-01   9.5000000000000007E-01   9.5000000000000007E-01   9.5000000000000007E-01   9.5000000000000007E-01
 9.5000000000000007E-01   9.5000000000000007E-01   9.5000000000000007E-01   9.5000000000000007E-01   9.5000000000000007E-01   9.5000000000000007E-01   9.5000000000000007E-01   9.5000000000000007E-01   9.5000000000000007E-01   9.5000000000000007E-01   9.5000000000000007E-01
 9.5000000000000007E-01   9.5000000000000007E-01   9.5000000000000007E-01   9.5000000000000007E-01   9.7500000000000009E-01   9.7500000000000009E-01   9.7500000000000009E-01   9.7500000000000009E-01   9.7500000000000009E-01   9.7500000000000009E-01   9.7500000000000009E-01
 9.7500000000000009E-01   9.7500000000000009E-01   9.7500000000000009E-01   9.7500000000000009E-01   9.7500000000000009E-01   9.7500000000000009E-01   9.7500000000000009E-01   9.7500000000000009E-01   9.7500000000000009E-01   9.7500000000000009E-01   9.7500000000000009E-01
 9.7500000000000009E-01   9.7500000000000009E-01   9.7500000000000009E-01   9.7500000000000009E-01   9.7500000000000009E-01   9.7500000000000009E-01   9.7500000000000009E-01   9.7500000000000009E-01   9.7500000000000009E-01   9.7500000000000009E-01   9.7500000000000009E-01
 9.7500000000000009E-01   9.7500000000000009E-01   9.7500000000000009E-01   9.7500000000000009E-01   9.7500000000000009E-01   9.7500000000000009E-01   9.7500000000000009E-01   9.7500000000000009E-01   9.7500000000000009E-01   9.7500000000000009E-01   9.7500000000000009E-01
 9.7500000000000009E-01   1.0000000000000000E+00   1.0000000000000000E+00   1.0000000000000000E+00   1.0000000000000000E+00   1.0000000000000000E+00   1.0000000000000000E+00   1.0000000000000000E+00   1.0000000000000000E+00   1.0000000000000000E+00   1.0000000000000000E+00
 1.0000000000000000E+00   1.0000000000000000E+00   1.0000000000000000E+00   1.0000000000000000E+00   1.0000000000000000E+00   1.0000000000000000E+00   1.0000000000000000E+00   1.0000000000000000E+00   1.0000000000000000E+00   1.0000000000000000E+00   1.0000000000000000E+00
 1.0000000000000000E+00   1.0000000000000000E+00   1.0000000000000000E+00   1.0000000000000000E+00   1.0000000000000000E+00   1.0000000000000000E+00   1.0000000000000000E+00   1.0000000000000000E+00   1.0000000000000000E+00   1.0000000000000000E+00   1.0000000000000000E+00
 1.0000000000000000E+00   1.0000000000000000E+00   1.0000000000000000E+00   1.0000000000000000E+00   1.0000000000000000E+00   1.0000000000000000E+00   1.0000000000000000E+00   1.0000000000000000E+00   1.0000000000000000E+00
 1.0000098471102354E+00   1.0000098471088128E+00   1.0000098471078038E+00   1.0000098471072532E+00   1.0000098471070276E+00   1.0000098471069740E+00   1.0000098471069929E+00   1.0000098471070309E+00   1.0000098471070682E+00   1.0000098471070991E+00   1.0000098471071190E+00
 1.0000098471071368E+00   1.0000098471071515E+00   1.0000098471071659E+00   1.0000098471071803E+00   1.0000098471071961E+00   1.0000098471072116E+00   1.0000098471072254E+00   1.0000098471072378E+00   1.0000098471072478E+00   1.0000098471072532E+00   1.0000098471072563E+00
 1.0000098471072536E+00   1.0000098471072434E+00   1.0000098471072267E+00   1.0000098471072014E+00   1.0000098471071674E+00   1.0000098471071284E+00   1.0000098471070811E+00   1.0000098471070316E+00   1.0000098471069834E+00   1.0000098471069454E+00   1.0000098471069274E+00
 1.0000098471069467E+00   1.0000098471070185E+00   1.0000098471071652E+00   1.0000098471074101E+00   1.0000098471077787E+00   1.0000098471082903E+00   1.0000098471095116E+00   1.0000021102507357E+00   1.0000021102507080E+00   1.0000021102506709E+00   1.0000021102506205E+00
 1.0000021102505601E+00   1.0000021102504955E+00   1.0000021102504253E+00   1.0000021102503562E+00   1.0000021102502887E+00   1.0000021102502266E+00   1.0000021102501679E+00   1.0000021102501173E+00   1.0000021102500714E+00   1.0000021102500321E+00   1.0000021102500016E+00
 1.0000021102499745E+00   1.0000021102499526E+00   1.0000021102499355E+00   1.0000021102499199E+00   1.0000021102499090E+00   1.0000021102498959E+00   1.0000021102498844E+00   1.0000021102498722E+00   1.0000021102498580E+00   1.0000021102498402E+00   1.0000021102498193E+00
 1.0000021102497947E+00   1.0000021102497663E+00   1.0000021102497330E+00   1.0000021102496994E+00   1.0000021102496630E+00   1.0000021102496308E+00   1.0000021102496035E+00   1.0000021102495900E+00   1.0000021102495946E+00   1.0000021102496275E+00   1.0000021102496937E+00
 1.0000021102497980E+00   1.0000021102499423E+00   1.0000021102502559E+00   1.0000001612915894E+00   1.0000001612915828E+00   1.0000001612915794E+00   1.0000001612915712E+00   1.0000001612915568E+00   1.0000001612915397E+00   1.0000001612915195E+00   1.0000001612914993E+00
 1.0000001612914760E+00   1.0000001612914544E+00   1.0000001612914318E+00   1.0000001612914096E+00   1.0000001612913914E+00   1.0000001612913727E+00   1.0000001612913558E+00   1.0000001612913403E+00   1.0000001612913276E+00   1.0000001612913139E+00   1.0000001612913030E+00
 1.0000001612912925E+00   1.0000001612912819E+00   1.0000001612912712E+00   1.0000001612912601E+00   1.0000001612912486E+00   1.0000001612912361E+00   1.0000001612912206E+00   1.0000001612912039E+00   1.0000001612911846E+00   1.0000001612911633E+00   1.0000001612911384E+00
 1.0000001612911134E+00   1.0000001612910887E+00   1.0000001612910694E+00   1.0000001612910523E+00   1.0000001612910472E+00   1.0000001612910545E+00   1.0000001612910800E+00   1.0000001612911242E+00   1.0000001612911911E+00   1.0000001612913478E+00   1.0000000052402800E+00
 1.0000000052402651E+00   1.0000000052402584E+00   1.0000000052402511E+00   1.0000000052402422E+00   1.0000000052402316E+00   1.0000000052402216E+00   1.0000000052402114E+00   1.0000000052402012E+00   1.0000000052401907E+00   1.0000000052401801E+00   1.0000000052401699E+00
 1.0000000052401607E+00   1.0000000052401519E+00   1.0000000052401445E+00   1.0000000052401374E+00   1.0000000052401303E+00   1.0000000052401232E+00   1.0000000052401175E+00   1.0000000052401119E+00   1.0000000052401048E+00   1.0000000052400986E+00   1.0000000052400915E+00
 1.0000000052400846E+00   1.0000000052400753E+00   1.0000000052400664E+00   1.0000000052400555E+00   1.0000000052400420E+00   1.0000000052400273E+00   1.0000000052400120E+00   1.0000000052399971E+00   1.0000000052399800E+00   1.0000000052399656E+00   1.0000000052399536E+00
 1.0000000052399491E+00   1.0000000052399516E+00   1.0000000052399634E+00   1.0000000052399918E+00   1.0000000052400342E+00   1.0000000052401350E+00   1.0000000001779821E+00   1.0000000001779736E+00   1.0000000001779705E+00   1.0000000001779672E+00   1.0000000001779625E+00
 1.0000000001779576E+00   1.0000000001779514E+00   1.0000000001779459E+00   1.0000000001779414E+00   1.0000000001779343E+00   1.0000000001779294E+00   1.0000000001779241E+00   1.0000000001779186E+00   1.0000000001779146E+00   1.0000000001779110E+00   1.0000000001779064E+00
 1.0000000001779026E+00   1.0000000001778995E+00   1.0000000001778959E+00   1.0000000001778926E+00   1.0000000001778893E+00   1.0000000001778844E+00   1.0000000001778797E+00   1.0000000001778748E+00   1.0000000001778697E+00   1.0000000001778624E+00   1.0000000001778548E+00
 1.0000000001778471E+00   1.0000000001778373E+00   1.0000000001778262E+00   1.0000000001778162E+00   1.0000000001778051E+00   1.0000000001777938E+00   1.0000000001777856E+00   1.0000000001777809E+00   1.0000000001777825E+00   1.0000000001777878E+00   1.0000000001778051E+00
 1.0000000001778293E+00   1.0000000001778919E+00   1.0000000000238713E+00   1.0000000000238658E+00   1.0000000000238638E+00   1.0000000000238616E+00   1.0000000000238580E+00   1.0000000000238543E+00   1.0000000000238500E+00   1.0000000000238478E+00   1.0000000000238434E+00
 1.0000000000238403E+00   1.0000000000238376E+00   1.0000000000238347E+00   1.0000000000238316E+00   1.0000000000238287E+00   1.0000000000238263E+00   1.0000000000238245E+00   1.0000000000238223E+00   1.0000000000238194E+00   1.0000000000238172E+00   1.0000000000238156E+00
 1.0000000000238134E+00   1.0000000000238112E+00   1.0000000000238067E+00   1.0000000000238043E+00   1.0000000000237992E+00   1.0000000000237965E+00   1.0000000000237899E+00   1.0000000000237850E+00   1.0000000000237770E+00   1.0000000000237705E+00   1.0000000000237623E+00
 1.0000000000237541E+00   1.0000000000237457E+00   1.0000000000237399E+00   1.0000000000237370E+00   1.0000000000237368E+00   1.0000000000237408E+00   1.0000000000237508E+00   1.0000000000237690E+00   1.0000000000238101E+00   1.0000000000063713E+00   1.0000000000063676E+00
 1.0000000000063667E+00   1.0000000000063645E+00   1.0000000000063622E+00   1.0000000000063602E+00   1.0000000000063580E+00   1.0000000000063562E+00   1.0000000000063536E+00   1.0000000000063520E+00   1.0000000000063505E+00   1.0000000000063478E+00   1.0000000000063458E+00
 1.0000000000063443E+00   1.0000000000063423E+00   1.0000000000063418E+00   1.0000000000063394E+00   1.0000000000063380E+00   1.0000000000063365E+00   1.0000000000063356E+00   1.0000000000063340E+00   1.0000000000063318E+00   1.0000000000063300E+00   1.0000000000063283E+00
 1.0000000000063258E+00   1.0000000000063234E+00   1.0000000000063187E+00   1.0000000000063147E+00   1.0000000000063107E+00   1.0000000000063054E+00   1.0000000000062994E+00   1.0000000000062927E+00   1.0000000000062885E+00   1.0000000000062839E+00   1.0000000000062805E+00
 1.0000000000062801E+00   1.0000000000062832E+00   1.0000000000062890E+00   1.0000000000063023E+00   1.0000000000063300E+00   1.0000000000017775E+00   1.0000000000017744E+00   1.0000000000017737E+00   1.0000000000017719E+00   1.0000000000017706E+00   1.0000000000017684E+00
 1.0000000000017675E+00   1.0000000000017659E+00   1.0000000000017646E+00   1.0000000000017633E+00   1.0000000000017621E+00   1.0000000000017615E+00   1.0000000000017599E+00   1.0000000000017581E+00   1.0000000000017573E+00   1.0000000000017566E+00   1.0000000000017562E+00
 1.0000000000017555E+00   1.0000000000017546E+00   1.0000000000017533E+00   1.0000000000017524E+00   1.0000000000017508E+00   1.0000000000017502E+00   1.0000000000017497E+00   1.0000000000017473E+00   1.0000000000017439E+00   1.0000000000017415E+00   1.0000000000017388E+00
 1.0000000000017355E+00   1.0000000000017306E+00   1.0000000000017284E+00   1.0000000000017233E+00   1.0000000000017193E+00   1.0000000000017157E+00   1.0000000000017137E+00   1.0000000000017137E+00   1.0000000000017157E+00   1.0000000000017206E+00   1.0000000000017282E+00
 1.0000000000017479E+00   1.0000000000004741E+00   1.0000000000004712E+00   1.0000000000004707E+00   1.0000000000004701E+00   1.0000000000004687E+00   1.0000000000004676E+00   1.0000000000004667E+00   1.0000000000004658E+00   1.0000000000004650E+00   1.0000000000004636E+00
 1.0000000000004623E+00   1.0000000000004616E+00   1.0000000000004616E+00   1.0000000000004605E+00   1.0000000000004594E+00   1.0000000000004587E+00   1.0000000000004585E+00   1.0000000000004583E+00   1.0000000000004570E+00   1.0000000000004565E+00   1.0000000000004556E+00
 1.0000000000004561E+00   1.0000000000004545E+00   1.0000000000004543E+00   1.0000000000004532E+00   1.0000000000004505E+00   1.0000000000004481E+00   1.0000000000004459E+00   1.0000000000004445E+00   1.0000000000004410E+00   1.0000000000004376E+00   1.0000000000004343E+00
 1.0000000000004314E+00   1.0000000000004290E+00   1.0000000000004279E+00   1.0000000000004277E+00   1.0000000000004299E+00   1.0000000000004330E+00   1.0000000000004388E+00   1.0000000000004523E+00   1.0000000000001266E+00   1.0000000000001250E+00   1.0000000000001237E+00
 1.0000000000001235E+00   1.0000000000001235E+00   1.0000000000001226E+00   1.0000000000001217E+00   1.0000000000001208E+00   1.0000000000001197E+00   1.0000000000001188E+00   1.0000000000001177E+00   1.0000000000001168E+00   1.0000000000001159E+00   1.0000000000001157E+00
 1.0000000000001152E+00   1.0000000000001150E+00   1.0000000000001146E+00   1.0000000000001148E+00   1.0000000000001141E+00   1.0000000000001137E+00   1.0000000000001137E+00   1.0000000000001128E+00   1.0000000000001121E+00   1.0000000000001108E+00   1.0000000000001097E+00
 1.0000000000001090E+00   1.0000000000001077E+00   1.0000000000001061E+00   1.0000000000001039E+00   1.0000000000001017E+00   1.0000000000000988E+00   1.0000000000000964E+00   1.0000000000000941E+00   1.0000000000000930E+00   1.0000000000000921E+00   1.0000000000000921E+00
 1.0000000000000930E+00   1.0000000000000959E+00   1.0000000000001006E+00   1.0000000000001108E+00   1.0000000000000406E+00   1.0000000000000377E+00   1.0000000000000375E+00   1.0000000000000373E+00   1.0000000000000369E+00   1.0000000000000360E+00   1.0000000000000353E+00
 1.0000000000000346E+00   1.0000000000000335E+00   1.0000000000000329E+00   1.0000000000000320E+00   1.0000000000000315E+00   1.0000000000000309E+00   1.0000000000000304E+00   1.0000000000000300E+00   1.0000000000000293E+00   1.0000000000000291E+00   1.0000000000000291E+00
 1.0000000000000286E+00   1.0000000000000286E+00   1.0000000000000278E+00   1.0000000000000275E+00   1.0000000000000273E+00   1.0000000000000264E+00   1.0000000000000253E+00   1.0000000000000244E+00   1.0000000000000233E+00   1.0000000000000218E+00   1.0000000000000200E+00
 1.0000000000000184E+00   1.0000000000000171E+00   1.0000000000000164E+00   1.0000000000000153E+00   1.0000000000000140E+00   1.0000000000000135E+00   1.0000000000000133E+00   1.0000000000000142E+00   1.0000000000000164E+00   1.0000000000000198E+00   1.0000000000000282E+00
 1.0000000000000182E+00   1.0000000000000164E+00   1.0000000000000160E+00   1.0000000000000160E+00   1.0000000000000158E+00   1.0000000000000149E+00   1.0000000000000140E+00   1.0000000000000138E+00   1.0000000000000129E+00   1.0000000000000120E+00   1.0000000000000118E+00
 1.0000000000000107E+00   1.0000000000000102E+00   1.0000000000000100E+00   1.0000000000000095E+00   1.0000000000000091E+00   1.0000000000000084E+00   1.0000000000000082E+00   1.0000000000000075E+00   1.0000000000000078E+00   1.0000000000000073E+00   1.0000000000000069E+00
 1.0000000000000062E+00   1.0000000000000056E+00   1.0000000000000047E+00   1.0000000000000038E+00   1.0000000000000031E+00   1.0000000000000024E+00   1.0000000000000022E+00   1.0000000000000016E+00   1.0000000000000016E+00   1.0000000000000004E+00   9.9999999999999889E-01
 9.9999999999999811E-01   9.9999999999999811E-01   9.9999999999999822E-01   9.9999999999999922E-01   1.0000000000000009E+00   1.0000000000000027E+00   1.0000000000000093E+00   1.0000000000000113E+00   1.0000000000000102E+00   1.0000000000000100E+00   1.0000000000000098E+00
 1.0000000000000091E+00   1.0000000000000089E+00   1.0000000000000082E+00   1.0000000000000071E+00   1.0000000000000071E+00   1.0000000000000067E+00   1.0000000000000062E+00   1.0000000000000056E+00   1.0000000000000051E+00   1.0000000000000044E+00   1.0000000000000040E+00
 1.0000000000000038E+00   1.0000000000000031E+00   1.0000000000000022E+00   1.0000000000000018E+00   1.0000000000000016E+00   1.0000000000000011E+00   1.0000000000000000E+00   1.0000000000000000E+00   1.0000000000000000E+00   1.0000000000000000E+00   1.0000000000000000E+00
 1.0000000000000000E+00   1.0000000000000000E+00   1.0000000000000000E+00   1.0000000000000000E+00   9.9999999999999878E-01   9.9999999999999745E-01   9.9999999999999678E-01   9.9999999999999578E-01   9.9999999999999512E-01   9.9999999999999534E-01   9.9999999999999623E-01
 9.9999999999999745E-01   9.9999999999999978E-01   1.0000000000000038E+00   1.0000000000000111E+00   1.0000000000000091E+00   1.0000000000000087E+00   1.0000000000000075E+00   1.0000000000000073E+00   1.0000000000000053E+00   1.0000000000000047E+00   1.0000000000000042E+00
 1.0000000000000042E+00   1.0000000000000038E+00   1.0000000000000031E+00   1.0000000000000022E+00   1.0000000000000011E+00   1.0000000000000004E+00   1.0000000000000000E+00   1.0000000000000000E+00   1.0000000000000000E+00   1.0000000000000000E+00   1.0000000000000000E+00
 1.0000000000000000E+00   1.0000000000000000E+00   1.0000000000000000E+00   1.0000000000000000E+00   1.0000000000000000E+00   1.0000000000000000E+00   1.0000000000000000E+00   1.0000000000000000E+00   1.0000000000000000E+00   1.0000000000000000E+00   9.9999999999999989E-01
 9.9999999999999878E-01   9.9999999999999756E-01   9.9999999999999689E-01   9.9999999999999656E-01   9.9999999999999578E-01   9.9999999999999589E-01   9.9999999999999634E-01   9.9999999999999722E-01   9.9999999999999900E-01   1.0000000000000036E+00   1.0000000000000095E+00
 1.0000000000000078E+00   1.0000000000000062E+00   1.0000000000000038E+00   1.0000000000000033E+00   1.0000000000000022E+00   1.0000000000000020E+00   1.0000000000000016E+00   1.0000000000000018E+00   1.0000000000000000E+00   1.0000000000000000E+00   1.0000000000000000E+00
 1.0000000000000000E+00   1.0000000000000000E+00   1.0000000000000000E+00   1.0000000000000000E+00   1.0000000000000000E+00   1.0000000000000000E+00   1.0000000000000000E+00   1.0000000000000000E+00   1.0000000000000000E+00   1.0000000000000000E+00   1.0000000000000000E+00
 1.0000000000000000E+00   1.0000000000000000E+00   1.0000000000000000E+00   1.0000000000000000E+00   1.0000000000000000E+00   1.0000000000000000E+00   1.0000000000000000E+00   1.0000000000000000E+00   9.9999999999999967E-01   9.9999999999999856E-01   9.9999999999999789E-01
 9.9999999999999734E-01   9.9999999999999678E-01   9.9999999999999689E-01   9.9999999999999756E-01   9.9999999999999956E-01   1.0000000000000042E+00   1.0000000000000084E+00   1.0000000000000056E+00   1.0000000000000022E+00   1.0000000000000009E+00   1.0000000000000000E+00
 1.0000000000000000E+00   1.0000000000000000E+00   1.0000000000000000E+00   1.0000000000000000E+00   1.0000000000000000E+00   1.0000000000000000E+00   1.0000000000000000E+00   1.0000000000000000E+00   1.0000000000000000E+00   1.0000000000000000E+00   1.0000000000000000E+00
 1.0000000000000000E+00   1.0000000000000000E+00   1.0000000000000000E+00   1.0000000000000000E+00   1.0000000000000000E+00   1.0000000000000000E+00   1.0000000000000000E+00   1.0000000000000000E+00   1.0000000000000000E+00   1.0000000000000000E+00   1.0000000000000000E+00
 1.0000000000000000E+00   1.0000000000000000E+00   1.0000000000000000E+00   1.0000000000000000E+00   1.0000000000000000E+00   1.0000000000000000E+00   1.0000000000000000E+00   1.0000000000000000E+00   9.9999999999999845E-01   9.9999999999999911E-01   9.9999999999999845E-01
 9.9999999999999944E-01   1.0000000000000036E+00   1.0000000000000053E+00   1.0000000000000004E+00   1.0000000000000000E+00   1.0000000000000000E+00   1.0000000000000000E+00   1.0000000000000000E+00   1.0000000000000000E+00   1.0000000000000000E+00   1.0000000000000000E+00
 1.0000000000000000E+00   1.0000000000000000E+00   1.0000000000000000E+00   1.0000000000000000E+00   1.0000000000000000E+00   1.0000000000000000E+00   1.0000000000000000E+00   1.0000000000000000E+00   1.0000000000000000E+00   1.0000000000000000E+00   1.0000000000000000E+00
 1.0000000000000000E+00   1.0000000000000000E+00   1.0000000000000000E+00   1.0000000000000000E+00   1.0000000000000000E+00   1.0000000000000000E+00   1.0000000000000000E+00   1.0000000000000000E+00   1.0000000000000000E+00   1.0000000000000000E+00   1.0000000000000000E+00
 1.0000000000000000E+00   1.0000000000000000E+00   1.0000000000000000E+00   1.0000000000000000E+00   1.0000000000000000E+00   1.0000000000000000E+00   9.9999999999999878E-01   9.9999999999999989E-01   1.0000000000000000E+00   1.0000000000000018E+00   1.0000000000000000E+00
 1.0000000000000000E+00   1.0000000000000000E+00   1.0000000000000000E+00   1.0000000000000000E+00   1.0000000000000000E+00   1.0000000000000000E+00   1.0000000000000000E+00   1.0000000000000000E+00   1.0000000000000000E+00   1.0000000000000000E+00   1.0000000000000000E+00
 1.0000000000000000E+00   1.0000000000000000E+00   1.0000000000000000E+00   1.0000000000000000E+00   1.0000000000000000E+00   1.0000000000000000E+00   1.0000000000000000E+00   1.0000000000000000E+00   1.0000000000000000E+00   1.0000000000000000E+00   1.0000000000000000E+00
 1.0000000000000000E+00   1.0000000000000000E+00   1.0000000000000000E+00   1.0000000000000000E+00   1.0000000000000000E+00   1.0000000000000000E+00   1.0000000000000000E+00   1.0000000000000000E+00   1.0000000000000000E+00   1.0000000000000000E+00   1.0000000000000000E+00
 1.0000000000000000E+00   1.0000000000000000E+00   1.0000000000000000E+00   1.0000000000000000E+00   1.0000000000000000E+00   1.0000000000000000E+00   1.0000000000000000E+00   1.0000000000000000E+00   1.0000000000000000E+00   1.0000000000000000E+00   1.0000000000000000E+00
 1.0000000000000000E+00   1.0000000000000000E+00   1.0000000000000000E+00   1.0000000000000000E+00   1.0000000000000000E+00   1.0000000000000000E+00   1.0000000000000000E+00   1.0000000000000000E+00   1.0000000000000000E+00   1.0000000000000000E+00   1.0000000000000000E+00
 1.0000000000000000E+00   1.0000000000000000E+00   1.0000000000000000E+00   1.0000000000000000E+00   1.0000000000000000E+00   1.0000000000000000E+00   1.0000000000000000E+00   1.0000000000000000E+00   1.0000000000000000E+00   1.0000000000000000E+00   1.0000000000000000E+00
 1.0000000000000000E+00   1.0000000000000000E+00   1.0000000000000000E+00   1.0000000000000000E+00   1.0000000000000000E+00   1.0000000000000000E+00   1.0000000000000000E+00   1.0000000000000000E+00   1.0000000000000000E+00   1.0000000000000000E+00   1.0000000000000000E+00
 1.0000000000000000E+00   1.0000000000000000E+00   1.0000000000000000E+00   1.0000000000000000E+00   1.0000000000000000E+00   1.0000000000000000E+00   1.0000000000000000E+00   1.0000000000000000E+00   1.0000000000000000E+00   1.0000000000000000E+00   1.0000000000000000E+00
 1.0000000000000000E+00   1.0000000000000000E+00   1.0000000000000000E+00   1.0000000000000000E+00   1.0000000000000000E+00   1.0000000000000000E+00   1.0000000000000000E+00   1.0000000000000000E+00   1.0000000000000000E+00   1.0000000000000000E+00   1.0000000000000000E+00
 1.0000000000000000E+00   1.0000000000000000E+00   1.0000000000000000E+00   1.0000000000000000E+00   1.0000000000000000E+00   1.0000000000000000E+00   1.0000000000000000E+00   1.0000000000000000E+00   1.0000000000000000E+00   1.0000000000000000E+00   1.0000000000000000E+00
 1.0000000000000000E+00   1.0000000000000000E+00   1.0000000000000000E+00   1.0000000000000000E+00   1.0000000000000000E+00   1.0000000000000000E+00   1.0000000000000000E+00   1.0000000000000000E+00   1.0000000000000000E+00   1.0000000000000000E+00   1.0000000000000000E+00
 1.0000000000000000E+00   1.0000000000000000E+00   1.0000000000000000E+00   1.0000000000000000E+00   1.0000000000000000E+00   1.0000000000000000E+00   1.0000000000000000E+00   1.0000000000000000E+00   1.0000000000000000E+00   1.0000000000000000E+00   1.0000000000000000E+00
 1.0000000000000000E+00   1.0000000000000000E+00   1.0000000000000000E+00   1.0000000000000000E+00   1.0000000000000000E+00   1.0000000000000000E+00   1.0000000000000000E+00   1.0000000000000000E+00   1.0000000000000000E+00   1.0000000000000000E+00   1.0000000000000000E+00
 1.0000000000000000E+00   1.0000000000000000E+00   1.0000000000000000E+00   1.0000000000000000E+00   1.0000000000000000E+00   1.0000000000000000E+00   1.0000000000000000E+00   1.0000000000000000E+00   1.0000000000000000E+00   1.0000000000000000E+00   1.0000000000000000E+00
 1.0000000000000000E+00   1.0000000000000000E+00   1.0000000000000000E+00   1.0000000000000000E+00   1.0000000000000000E+00   1.0000000000000000E+00   1.0000000000000000E+00   1.0000000000000000E+00   1.0000000000000000E+00   1.0000000000000000E+00   1.0000000000000000E+00
 1.0000000000000000E+00   1.0000000000000000E+00   1.0000000000000000E+00   1.0000000000000000E+00   1.0000000000000000E+00   1.0000000000000000E+00   1.0000000000000000E+00   1.0000000000000000E+00   1.0000000000000000E+00   1.0000000000000000E+00   1.0000000000000000E+00
 1.0000000000000000E+00   1.0000000000000000E+00   1.0000000000000000E+00   1.0000000000000000E+00   1.0000000000000000E+00   1.0000000000000000E+00   1.0000000000000000E+00   1.0000000000000000E+00   1.0000000000000000E+00   1.0000000000000000E+00   1.0000000000000000E+00
 1.0000000000000000E+00   1.0000000000000000E+00   1.0000000000000000E+00   1.0000000000000000E+00   1.0000000000000000E+00   1.0000000000000000E+00   1.0000000000000000E+00   1.0000000000000000E+00   1.0000000000000000E+00   1.0000000000000000E+00   1.0000000000000000E+00
 1.0000000000000000E+00   1.0000000000000000E+00   1.0000000000000000E+00   1.0000000000000000E+00   1.0000000000000000E+00   1.0000000000000000E+00   1.0000000000000000E+00   1.0000000000000000E+00   1.0000000000000000E+00   1.0000000000000000E+00   1.0000000000000000E+00
 1.0000000000000000E+00   1.0000000000000000E+00   1.0000000000000000E+00   1.0000000000000000E+00   1.0000000000000000E+00   1.0000000000000000E+00   1.0000000000000000E+00   1.0000000000000000E+00   1.0000000000000000E+00   1.0000000000000000E+00   1.0000000000000000E+00
 1.0000000000000000E+00   1.0000000000000000E+00   1.0000000000000000E+00   1.0000000000000000E+00   1.0000000000000000E+00   1.0000000000000000E+00   1.0000000000000000E+00   1.0000000000000000E+00   1.0000000000000000E+00   1.0000000000000000E+00   1.0000000000000000E+00
 1.0000000000000000E+00   1.0000000000000000E+00   1.0000000000000000E+00   1.0000000000000000E+00   1.0000000000000000E+00   1.0000000000000000E+00   1.0000000000000000E+00   1.0000000000000000E+00   1.0000000000000000E+00   1.0000000000000000E+00   1.0000000000000000E+00
 1.0000000000000000E+00   1.0000000000000000E+00   1.0000000000000000E+00   1.0000000000000000E+00   1.0000000000000000E+00   1.0000000000000000E+00   1.0000000000000000E+00   1.0000000000000000E+00   1.0000000000000000E+00   1.0000000000000000E+00   1.0000000000000000E+00
 1.0000000000000000E+00   1.0000000000000000E+00   1.0000000000000000E+00   1.0000000000000000E+00   1.0000000000000000E+00   1.0000000000000000E+00   1.0000000000000000E+00   1.0000000000000000E+00   1.0000000000000000E+00   1.0000000000000000E+00   1.0000000000000000E+00
 1.0000000000000000E+00   1.0000000000000000E+00   1.0000000000000000E+00   1.0000000000000000E+00   1.0000000000000000E+00   1.0000000000000000E+00   1.0000000000000000E+00   1.0000000000000000E+00   1.0000000000000000E+00   1.0000000000000000E+00   1.0000000000000000E+00
 1.0000000000000000E+00   1.0000000000000000E+00   1.0000000000000000E+00   1.0000000000000000E+00   1.0000000000000000E+00   1.0000000000000000E+00   1.0000000000000000E+00   1.0000000000000000E+00   1.0000000000000000E+00   1.0000000000000000E+00   1.0000000000000000E+00
 1.0000000000000000E+00   1.0000000000000000E+00   1.0000000000000000E+00   1.0000000000000000E+00   1.0000000000000000E+00   1.0000000000000000E+00   1.0000000000000000E+00   1.0000000000000000E+00   1.0000000000000000E+00   1.0000000000000000E+00   1.0000000000000000E+00
 1.0000000000000000E+00   1.0000000000000000E+00   1.0000000000000000E+00   1.0000000000000000E+00   1.0000000000000000E+00   1.0000000000000000E+00   1.0000000000000000E+00   1.0000000000000000E+00   1.0000000000000000E+00   1.0000000000000000E+00   1.0000000000000000E+00
 1.0000000000000000E+00   1.0000000000000000E+00   1.0000000000000000E+00   1.0000000000000000E+00   1.0000000000000000E+00   1.0000000000000000E+00   1.0000000000000000E+00   1.0000000000000000E+00   1.0000000000000000E+00   1.0000000000000000E+00   1.0000000000000000E+00
 1.0000000000000000E+00   1.0000000000000000E+00   1.0000000000000000E+00   1.0000000000000000E+00   1.0000000000000000E+00   1.0000000000000000E+00   1.0000000000000000E+00   1.0000000000000000E+00   1.0000000000000000E+00   1.0000000000000000E+00   1.0000000000000000E+00
 1.0000000000000000E+00   1.0000000000000000E+00   1.0000000000000000E+00   1.0000000000000000E+00   1.0000000000000000E+00   1.0000000000000000E+00   1.0000000000000000E+00   1.0000000000000000E+00   1.0000000000000000E+00   1.0000000000000000E+00   1.0000000000000000E+00
 1.0000000000000000E+00   1.0000000000000000E+00   1.0000000000000000E+00   1.0000000000000000E+00   1.0000000000000000E+00   1.0000000000000000E+00   1.0000000000000000E+00   1.0000000000000000E+00   1.0000000000000000E+00   1.0000000000000000E+00   1.0000000000000000E+00
 1.0000000000000000E+00   1.0000000000000000E+00   1.0000000000000000E+00   1.0000000000000000E+00   1.0000000000000000E+00   1.0000000000000000E+00   1.0000000000000000E+00   1.0000000000000000E+00   1.0000000000000000E+00   1.0000000000000000E+00   1.0000000000000000E+00
 1.0000000000000000E+00   1.0000000000000000E+00   1.0000000000000000E+00   1.0000000000000000E+00   1.0000000000000000E+00   1.0000000000000000E+00   1.0000000000000000E+00   1.0000000000000000E+00   1.0000000000000000E+00   1.0000000000000000E+00   1.0000000000000000E+00
 1.0000000000000000E+00   1.0000000000000000E+00   1.0000000000000000E+00   1.0000000000000000E+00   1.0000000000000000E+00   1.0000000000000000E+00   1.0000000000000000E+00   1.0000000000000000E+00   1.0000000000000000E+00   1.0000000000000000E+00   1.0000000000000000E+00
 1.0000000000000000E+00   1.0000000000000000E+00   1.0000000000000000E+00   1.0000000000000000E+00   1.0000000000000000E+00   1.0000000000000000E+00   1.0000000000000000E+00   1.0000000000000000E+00   1.0000000000000000E+00   1.0000000000000000E+00   1.0000000000000000E+00
 1.0000000000000000E+00   1.0000000000000000E+00   1.0000000000000000E+00   9.9999999999999989E-01   9.9999999999999989E-01   9.9999999999999978E-01   9.9999999999999978E-01   9.9999999999999978E-01   9.9999999999999978E-01   9.9999999999999978E-01   9.9999999999999967E-01
 9.9999999999999978E-01   9.9999999999999967E-01   9.9999999999999967E-01   9.9999999999999967E-01   9.9999999999999967E-01   9.9999999999999967E-01   9.9999999999999967E-01   9.9999999999999956E-01   9.9999999999999956E-01   9.9999999999999956E-01   9.9999999999999956E-01
 9.9999999999999956E-01   9.9999999999999956E-01   9.9999999999999956E-01   9.9999999999999956E-01   9.9999999999999944E-01   9.9999999999999944E-01   9.9999999999999933E-01   9.9999999999999944E-01   9.9999999999999933E-01   9.9999999999999933E-01   9.9999999999999933E-01
 9.9999999999999933E-01   9.9999999999999933E-01   9.9999999999999922E-01   9.9999999999999933E-01   9.9999999999999933E-01   9.9999999999999944E-01   9.9999999999999944E-01   9.9999999999999956E-01   9.9999999999999967E-01   9.9999999999999600E-01   9.9999999999999589E-01
 9.9999999999999589E-01   9.9999999999999589E-01   9.9999999999999589E-01   9.9999999999999578E-01   9.9999999999999578E-01   9.9999999999999567E-01   9.9999999999999567E-01   9.9999999999999556E-01   9.9999999999999556E-01   9.9999999999999556E-01   9.9999999999999545E-01
 9.9999999999999556E-01   9.9999999999999545E-01   9.9999999999999556E-01   9.9999999999999534E-01   9.9999999999999545E-01   9.9999999999999545E-01   9.9999999999999534E-01   9.9999999999999534E-01   9.9999999999999534E-01   9.9999999999999534E-01   9.9999999999999534E-01
 9.9999999999999534E-01   9.9999999999999534E-01   9.9999999999999534E-01   9.9999999999999534E-01   9.9999999999999512E-01   9.9999999999999523E-01   9.9999999999999512E-01   9.9999999999999489E-01   9.9999999999999489E-01   9.9999999999999489E-01   9.9999999999999489E-01
 9.9999999999999512E-01   9.9999999999999523E-01   9.9999999999999523E-01   9.9999999999999534E-01   9.9999999999999567E-01   9.9999999999997535E-01   9.9999999999997513E-01   9.9999999999997535E-01   9.9999999999997513E-01   9.9999999999997469E-01   9.9999999999997469E-01
 9.9999999999997446E-01   9.9999999999997446E-01   9.9999999999997446E-01   9.9999999999997446E-01   9.9999999999997435E-01   9.9999999999997446E-01   9.9999999999997435E-01   9.9999999999997413E-01   9.9999999999997413E-01   9.9999999999997413E-01   9.9999999999997413E-01
 9.9999999999997413E-01   9.9999999999997380E-01   9.9999999999997402E-01   9.9999999999997391E-01   9.9999999999997380E-01   9.9999999999997391E-01   9.9999999999997380E-01   9.9999999999997380E-01   9.9999999999997380E-01   9.9999999999997369E-01   9.9999999999997380E-01
 9.9999999999997369E-01   9.9999999999997358E-01   9.9999999999997369E-01   9.9999999999997347E-01   9.9999999999997347E-01   9.9999999999997358E-01   9.9999999999997335E-01   9.9999999999997335E-01   9.9999999999997335E-01   9.9999999999997358E-01   9.9999999999997402E-01
 9.9999999999997458E-01   9.9999999999987810E-01   9.9999999999987799E-01   9.9999999999987810E-01   9.9999999999987810E-01   9.9999999999987776E-01   9.9999999999987788E-01   9.9999999999987788E-01   9.9999999999987788E-01   9.9999999999987765E-01   9.9999999999987776E-01
 9.9999999999987765E-01   9.9999999999987776E-01   9.9999999999987754E-01   9.9999999999987754E-01   9.9999999999987754E-01   9.9999999999987754E-01   9.9999999999987765E-01   9.9999999999987754E-01   9.9999999999987754E-01   9.9999999999987754E-01   9.9999999999987754E-01
 9.9999999999987754E-01   9.9999999999987754E-01   9.9999999999987754E-01   9.9999999999987743E-01   9.9999999999987743E-01   9.9999999999987743E-01   9.9999999999987732E-01   9.9999999999987743E-01   9.9999999999987721E-01   9.9999999999987710E-01   9.9999999999987721E-01
 9.9999999999987699E-01   9.9999999999987688E-01   9.9999999999987677E-01   9.9999999999987665E-01   9.9999999999987688E-01   9.9999999999987699E-01   9.9999999999987710E-01   9.9999999999987776E-01   9.9999999999946387E-01   9.9999999999946387E-01   9.9999999999946387E-01
 9.9999999999946398E-01   9.9999999999946387E-01   9.9999999999946398E-01   9.9999999999946398E-01   9.9999999999946387E-01   9.9999999999946376E-01   9.9999999999946376E-01   9.9999999999946387E-01   9.9999999999946387E-01   9.9999999999946376E-01   9.9999999999946387E-01
 9.9999999999946387E-01   9.9999999999946376E-01   9.9999999999946387E-01   9.9999999999946376E-01   9.9999999999946376E-01   9.9999999999946365E-01   9.9999999999946365E-01   9.9999999999946365E-01   9.9999999999946365E-01   9.9999999999946376E-01   9.9999999999946365E-01
 9.9999999999946365E-01   9.9999999999946343E-01   9.9999999999946343E-01   9.9999999999946354E-01   9.9999999999946332E-01   9.9999999999946332E-01   9.9999999999946321E-01   9.9999999999946310E-01   9.9999999999946321E-01   9.9999999999946332E-01   9.9999999999946310E-01
 9.9999999999946299E-01   9.9999999999946332E-01   9.9999999999946332E-01   9.9999999999946376E-01   9.9999999999780653E-01   9.9999999999780642E-01   9.9999999999780653E-01   9.9999999999780664E-01   9.9999999999780653E-01   9.9999999999780653E-01   9.9999999999780653E-01
 9.9999999999780642E-01   9.9999999999780642E-01   9.9999999999780642E-01   9.9999999999780642E-01   9.9999999999780620E-01   9.9999999999780631E-01   9.9999999999780598E-01   9.9999999999780620E-01   9.9999999999780620E-01   9.9999999999780620E-01   9.9999999999780598E-01
 9.9999999999780609E-01   9.9999999999780620E-01   9.9999999999780609E-01   9.9999999999780609E-01   9.9999999999780598E-01   9.9999999999780587E-01   9.9999999999780598E-01   9.9999999999780598E-01   9.9999999999780587E-01   9.9999999999780598E-01   9.9999999999780587E-01
 9.9999999999780587E-01   9.9999999999780576E-01   9.9999999999780576E-01   9.9999999999780564E-01   9.9999999999780553E-01   9.9999999999780553E-01   9.9999999999780553E-01   9.9999999999780553E-01   9.9999999999780587E-01   9.9999999999780609E-01   9.9999999999780620E-01
 9.9999999999136169E-01   9.9999999999136169E-01   9.9999999999136158E-01   9.9999999999136135E-01   9.9999999999136147E-01   9.9999999999136158E-01   9.9999999999136135E-01   9.9999999999136158E-01   9.9999999999136147E-01   9.9999999999136135E-01   9.9999999999136135E-01
 9.9999999999136147E-01   9.9999999999136124E-01   9.9999999999136135E-01   9.9999999999136135E-01   9.9999999999136135E-01   9.9999999999136124E-01   9.9999999999136124E-01   9.9999999999136124E-01   9.9999999999136135E-01   9.9999999999136135E-01   9.9999999999136124E-01
 9.9999999999136135E-01   9.9999999999136135E-01   9.9999999999136124E-01   9.9999999999136113E-01   9.9999999999136124E-01   9.9999999999136124E-01   9.9999999999136113E-01   9.9999999999136102E-01   9.9999999999136102E-01   9.9999999999136058E-01   9.9999999999136091E-01
 9.9999999999136080E-01   9.9999999999136091E-01   9.9999999999136102E-01   9.9999999999136102E-01   9.9999999999136113E-01   9.9999999999136124E-01   9.9999999999136147E-01   9.9999999996146560E-01   9.9999999996146560E-01   9.9999999996146560E-01   9.9999999996146560E-01
 9.9999999996146560E-01   9.9999999996146549E-01   9.9999999996146560E-01   9.9999999996146549E-01   9.9999999996146549E-01   9.9999999996146549E-01   9.9999999996146549E-01   9.9999999996146549E-01   9.9999999996146549E-01   9.9999999996146549E-01   9.9999999996146549E-01
 9.9999999996146549E-01   9.9999999996146560E-01   9.9999999996146549E-01   9.9999999996146538E-01   9.9999999996146538E-01   9.9999999996146549E-01   9.9999999996146560E-01   9.9999999996146549E-01   9.9999999996146549E-01   9.9999999996146549E-01   9.9999999996146538E-01
 9.9999999996146538E-01   9.9999999996146527E-01   9.9999999996146527E-01   9.9999999996146516E-01   9.9999999996146527E-01   9.9999999996146538E-01   9.9999999996146516E-01   9.9999999996146527E-01   9.9999999996146516E-01   9.9999999996146516E-01   9.9999999996146505E-01
 9.9999999996146494E-01   9.9999999996146505E-01   9.9999999996146538E-01   9.9999999970133779E-01   9.9999999970133735E-01   9.9999999970133746E-01   9.9999999970133757E-01   9.9999999970133746E-01   9.9999999970133746E-01   9.9999999970133746E-01   9.9999999970133702E-01
 9.9999999970133735E-01   9.9999999970133713E-01   9.9999999970133735E-01   9.9999999970133702E-01   9.9999999970133713E-01   9.9999999970133713E-01   9.9999999970133702E-01   9.9999999970133735E-01   9.9999999970133702E-01   9.9999999970133713E-01   9.9999999970133702E-01
 9.9999999970133702E-01   9.9999999970133702E-01   9.9999999970133702E-01   9.9999999970133702E-01   9.9999999970133691E-01   9.9999999970133724E-01   9.9999999970133679E-01   9.9999999970133691E-01   9.9999999970133691E-01   9.9999999970133679E-01   9.9999999970133668E-01
 9.9999999970133668E-01   9.9999999970133679E-01   9.9999999970133657E-01   9.9999999970133646E-01   9.9999999970133668E-01   9.9999999970133657E-01   9.9999999970133668E-01   9.9999999970133635E-01   9.9999999970133657E-01   9.9999999970133679E-01   9.9999999430421671E-01
 9.9999999430421660E-01   9.9999999430421671E-01   9.9999999430421671E-01   9.9999999430421671E-01   9.9999999430421671E-01   9.9999999430421671E-01   9.9999999430421671E-01   9.9999999430421671E-01   9.9999999430421638E-01   9.9999999430421660E-01   9.9999999430421649E-01
 9.9999999430421660E-01   9.9999999430421649E-01   9.9999999430421660E-01   9.9999999430421660E-01   9.9999999430421649E-01   9.9999999430421638E-01   9.9999999430421660E-01   9.9999999430421638E-01   9.9999999430421649E-01   9.9999999430421660E-01   9.9999999430421638E-01
 9.9999999430421649E-01   9.9999999430421649E-01   9.9999999430421638E-01   9.9999999430421627E-01   9.9999999430421638E-01   9.9999999430421638E-01   9.9999999430421627E-01   9.9999999430421638E-01   9.9999999430421616E-01   9.9999999430421616E-01   9.9999999430421604E-01
 9.9999999430421604E-01   9.9999999430421604E-01   9.9999999430421593E-01   9.9999999430421616E-01   9.9999999430421638E-01   9.9999999430421616E-01   9.9999983862715747E-01   9.9999983862715713E-01   9.9999983862715691E-01   9.9999983862715691E-01   9.9999983862715691E-01
 9.9999983862715691E-01   9.9999983862715702E-01   9.9999983862715691E-01   9.9999983862715691E-01   9.9999983862715691E-01   9.9999983862715691E-01   9.9999983862715691E-01   9.9999983862715691E-01   9.9999983862715691E-01   9.9999983862715691E-01   9.9999983862715680E-01
 9.9999983862715680E-01   9.9999983862715669E-01   9.9999983862715680E-01   9.9999983862715669E-01   9.9999983862715691E-01   9.9999983862715669E-01   9.9999983862715669E-01   9.9999983862715691E-01   9.9999983862715669E-01   9.9999983862715669E-01   9.9999983862715669E-01
 9.9999983862715669E-01   9.9999983862715658E-01   9.9999983862715669E-01   9.9999983862715647E-01   9.9999983862715647E-01   9.9999983862715658E-01   9.9999983862715647E-01   9.9999983862715669E-01   9.9999983862715680E-01   9.9999983862715680E-01   9.9999983862715691E-01
 9.9999983862715691E-01   9.9999983862715713E-01   9.9999790097760011E-01   9.9999790097760022E-01   9.9999790097760044E-01   9.9999790097760055E-01   9.9999790097760044E-01   9.9999790097760055E-01   9.9999790097760077E-01   9.9999790097760055E-01   9.9999790097760055E-01
 9.9999790097760066E-01   9.9999790097760055E-01   9.9999790097760055E-01   9.9999790097760044E-01   9.9999790097760044E-01   9.9999790097760033E-01   9.9999790097760044E-01   9.9999790097760044E-01   9.9999790097760022E-01   9.9999790097760022E-01   9.9999790097760022E-01
 9.9999790097760022E-01   9.9999790097760011E-01   9.9999790097760011E-01   9.9999790097760000E-01   9.9999790097760000E-01   9.9999790097760000E-01   9.9999790097760000E-01   9.9999790097759989E-01   9.9999790097759989E-01   9.9999790097759977E-01   9.9999790097759966E-01
 9.9999790097759966E-01   9.9999790097759966E-01   9.9999790097759977E-01   9.9999790097759989E-01   9.9999790097760011E-01   9.9999790097760022E-01   9.9999790097760033E-01   9.9999790097760088E-01   9.9999790097760166E-01   9.9999014234068739E-01   9.9999014234068895E-01
 9.9999014234068939E-01   9.9999014234069050E-01   9.9999014234069139E-01   9.9999014234069206E-01   9.9999014234069228E-01   9.9999014234069261E-01   9.9999014234069261E-01   9.9999014234069272E-01   9.9999014234069272E-01   9.9999014234069272E-01   9.9999014234069283E-01
 9.9999014234069272E-01   9.9999014234069283E-01   9.9999014234069272E-01   9.9999014234069272E-01   9.9999014234069272E-01   9.9999014234069272E-01   9.9999014234069272E-01   9.9999014234069272E-01   9.9999014234069250E-01   9.9999014234069272E-01   9.9999014234069250E-01
 9.9999014234069250E-01   9.9999014234069239E-01   9.9999014234069250E-01   9.9999014234069239E-01   9.9999014234069228E-01   9.9999014234069228E-01   9.9999014234069228E-01   9.9999014234069250E-01   9.9999014234069250E-01   9.9999014234069250E-01   9.9999014234069261E-01
 9.9999014234069294E-01   9.9999014234069306E-01   9.9999014234069339E-01   9.9999014234069428E-01   9.9999014234069550E-01
 1.4503923162197743E-03   1.4503923155274186E-03   1.4503923151698969E-03   1.4503923150231885E-03   1.4503923150125512E-03   1.4503923150679223E-03   1.4503923151415713E-03   1.4503923152119611E-03   1.4503923152676540E-03   1.4503923153105138E-03   1.4503923153440586E-03
 1.4503923153717190E-03   1.4503923153975330E-03   1.4503923154246948E-03   1.4503923154555850E-03   1.4503923154889080E-03   1.4503923155278677E-03   1.4503923155700310E-03   1.4503923156159000E-03   1.4503923156663986E-03   1.4503923157218298E-03   1.4503923157833563E-03
 1.4503923158509099E-03   1.4503923159251630E-03   1.4503923160092001E-03   1.4503923161005620E-03   1.4503923162005558E-03   1.4503923163055338E-03   1.4503923164120858E-03   1.4503923165135582E-03   1.4503923166004845E-03   1.4503923166596813E-03   1.4503923166761900E-03
 1.4503923166284828E-03   1.4503923164983976E-03   1.4503923162622384E-03   1.4503923159039668E-03   1.4503923154051516E-03   1.4503923147598868E-03   1.4503923133596973E-03   1.6176290164346986E-03   1.6176290161910715E-03   1.6176290160392177E-03   1.6176290159055935E-03
 1.6176290157863113E-03   1.6176290156802483E-03   1.6176290155839228E-03   1.6176290154991651E-03   1.6176290154238395E-03   1.6176290153605305E-03   1.6176290153070295E-03   1.6176290152639034E-03   1.6176290152317696E-03   1.6176290152101155E-03   1.6176290151966256E-03
 1.6176290151923953E-03   1.6176290151963717E-03   1.6176290152072244E-03   1.6176290152236422E-03   1.6176290152466963E-03   1.6176290152757570E-03   1.6176290153104129E-03   1.6176290153504277E-03   1.6176290153982716E-03   1.6176290154524067E-03   1.6176290155143641E-03
 1.6176290155830010E-03   1.6176290156584316E-03   1.6176290157373786E-03   1.6176290158203814E-03   1.6176290159003062E-03   1.6176290159731830E-03   1.6176290160319852E-03   1.6176290160699392E-03   1.6176290160790285E-03   1.6176290160517530E-03   1.6176290159851433E-03
 1.6176290158782796E-03   1.6176290157357527E-03   1.6176290154302931E-03   1.6410506302880603E-03   1.6410506301607272E-03   1.6410506300791696E-03   1.6410506300021869E-03   1.6410506299309869E-03   1.6410506298639440E-03   1.6410506298022373E-03   1.6410506297473060E-03
 1.6410506296965410E-03   1.6410506296507799E-03   1.6410506296104697E-03   1.6410506295758838E-03   1.6410506295458146E-03   1.6410506295226283E-03   1.6410506295043517E-03   1.6410506294907660E-03   1.6410506294825765E-03   1.6410506294773921E-03   1.6410506294785841E-03
 1.6410506294833071E-03   1.6410506294919751E-03   1.6410506295057160E-03   1.6410506295245963E-03   1.6410506295471176E-03   1.6410506295759641E-03   1.6410506296095290E-03   1.6410506296488626E-03   1.6410506296937290E-03   1.6410506297425227E-03   1.6410506297950881E-03
 1.6410506298484818E-03   1.6410506299005185E-03   1.6410506299469247E-03   1.6410506299856921E-03   1.6410506300102929E-03   1.6410506300169360E-03   1.6410506300044449E-03   1.6410506299686719E-03   1.6410506299141094E-03   1.6410506297709041E-03   1.6420985370423483E-03
 1.6420985369597866E-03   1.6420985369117120E-03   1.6420985368660118E-03   1.6420985368236162E-03   1.6420985367850453E-03   1.6420985367499757E-03   1.6420985367177076E-03   1.6420985366888202E-03   1.6420985366611843E-03   1.6420985366390544E-03   1.6420985366179114E-03
 1.6420985366003432E-03   1.6420985365850876E-03   1.6420985365734658E-03   1.6420985365636367E-03   1.6420985365577505E-03   1.6420985365527634E-03   1.6420985365511774E-03   1.6420985365514658E-03   1.6420985365551103E-03   1.6420985365609147E-03   1.6420985365702585E-03
 1.6420985365826089E-03   1.6420985365974631E-03   1.6420985366168391E-03   1.6420985366392355E-03   1.6420985366658691E-03   1.6420985366946269E-03   1.6420985367273226E-03   1.6420985367598131E-03   1.6420985367933453E-03   1.6420985368247537E-03   1.6420985368501718E-03
 1.6420985368696061E-03   1.6420985368776236E-03   1.6420985368726829E-03   1.6420985368541020E-03   1.6420985368207513E-03   1.6420985367288448E-03   1.6421209049435018E-03   1.6421209048940136E-03   1.6421209048643507E-03   1.6421209048368181E-03   1.6421209048124257E-03
 1.6421209047892276E-03   1.6421209047677333E-03   1.6421209047479284E-03   1.6421209047296952E-03   1.6421209047130711E-03   1.6421209046975731E-03   1.6421209046848821E-03   1.6421209046727863E-03   1.6421209046625970E-03   1.6421209046542503E-03   1.6421209046464933E-03
 1.6421209046409853E-03   1.6421209046369898E-03   1.6421209046336993E-03   1.6421209046331966E-03   1.6421209046330969E-03   1.6421209046355526E-03   1.6421209046401373E-03   1.6421209046458979E-03   1.6421209046549937E-03   1.6421209046656071E-03   1.6421209046790493E-03
 1.6421209046944909E-03   1.6421209047131340E-03   1.6421209047321327E-03   1.6421209047532670E-03   1.6421209047747369E-03   1.6421209047947673E-03   1.6421209048122444E-03   1.6421209048245640E-03   1.6421209048317626E-03   1.6421209048303621E-03   1.6421209048205769E-03
 1.6421209048019605E-03   1.6421209047447938E-03   1.6421214275163744E-03   1.6421214274837440E-03   1.6421214274654954E-03   1.6421214274475145E-03   1.6421214274310208E-03   1.6421214274160742E-03   1.6421214274019108E-03   1.6421214273888024E-03   1.6421214273770305E-03
 1.6421214273661874E-03   1.6421214273554753E-03   1.6421214273467457E-03   1.6421214273389943E-03   1.6421214273313800E-03   1.6421214273251098E-03   1.6421214273203105E-03   1.6421214273159147E-03   1.6421214273128117E-03   1.6421214273104094E-03   1.6421214273091927E-03
 1.6421214273088620E-03   1.6421214273104111E-03   1.6421214273125157E-03   1.6421214273164427E-03   1.6421214273210738E-03   1.6421214273285845E-03   1.6421214273371807E-03   1.6421214273484456E-03   1.6421214273597761E-03   1.6421214273727911E-03   1.6421214273879511E-03
 1.6421214274020589E-03   1.6421214274156023E-03   1.6421214274280505E-03   1.6421214274369290E-03   1.6421214274418697E-03   1.6421214274415499E-03   1.6421214274348124E-03   1.6421214274222524E-03   1.6421214273842270E-03   1.6421215124485886E-03   1.6421215124271299E-03
 1.6421215124144738E-03   1.6421215124023609E-03   1.6421215123913317E-03   1.6421215123805751E-03   1.6421215123718583E-03   1.6421215123629885E-03   1.6421215123551113E-03   1.6421215123472157E-03   1.6421215123403950E-03   1.6421215123343185E-03   1.6421215123279883E-03
 1.6421215123236584E-03   1.6421215123186205E-03   1.6421215123150910E-03   1.6421215123122441E-03   1.6421215123099419E-03   1.6421215123081187E-03   1.6421215123066514E-03   1.6421215123062077E-03   1.6421215123069270E-03   1.6421215123076397E-03   1.6421215123109635E-03
 1.6421215123143336E-03   1.6421215123185238E-03   1.6421215123246463E-03   1.6421215123316312E-03   1.6421215123396439E-03   1.6421215123490864E-03   1.6421215123588653E-03   1.6421215123695113E-03   1.6421215123788163E-03   1.6421215123869687E-03   1.6421215123940645E-03
 1.6421215123971998E-03   1.6421215123969750E-03   1.6421215123930276E-03   1.6421215123842993E-03   1.6421215123579407E-03   1.6421215363817260E-03   1.6421215363661957E-03   1.6421215363578603E-03   1.6421215363493027E-03   1.6421215363419607E-03   1.6421215363341235E-03
 1.6421215363281989E-03   1.6421215363216098E-03   1.6421215363160715E-03   1.6421215363109818E-03   1.6421215363055409E-03   1.6421215363012459E-03   1.6421215362974473E-03   1.6421215362936168E-03   1.6421215362908423E-03   1.6421215362876639E-03   1.6421215362856924E-03
 1.6421215362834890E-03   1.6421215362827817E-03   1.6421215362815691E-03   1.6421215362808900E-03   1.6421215362811576E-03   1.6421215362823584E-03   1.6421215362830473E-03   1.6421215362858461E-03   1.6421215362887084E-03   1.6421215362928566E-03   1.6421215362980089E-03
 1.6421215363036851E-03   1.6421215363098061E-03   1.6421215363171076E-03   1.6421215363244025E-03   1.6421215363310248E-03   1.6421215363368350E-03   1.6421215363423521E-03   1.6421215363444559E-03   1.6421215363443141E-03   1.6421215363417265E-03   1.6421215363347655E-03
 1.6421215363174803E-03   1.6421215427026023E-03   1.6421215426922907E-03   1.6421215426854461E-03   1.6421215426797610E-03   1.6421215426739343E-03   1.6421215426689587E-03   1.6421215426644454E-03   1.6421215426598416E-03   1.6421215426554584E-03   1.6421215426520002E-03
 1.6421215426483582E-03   1.6421215426451646E-03   1.6421215426423467E-03   1.6421215426387281E-03   1.6421215426375747E-03   1.6421215426348512E-03   1.6421215426335903E-03   1.6421215426323753E-03   1.6421215426309793E-03   1.6421215426303062E-03   1.6421215426298764E-03
 1.6421215426299439E-03   1.6421215426303528E-03   1.6421215426315684E-03   1.6421215426329222E-03   1.6421215426356025E-03   1.6421215426377924E-03   1.6421215426416296E-03   1.6421215426450952E-03   1.6421215426501632E-03   1.6421215426555805E-03   1.6421215426606550E-03
 1.6421215426655480E-03   1.6421215426698473E-03   1.6421215426737066E-03   1.6421215426750987E-03   1.6421215426754121E-03   1.6421215426739222E-03   1.6421215426692458E-03   1.6421215426555764E-03   1.6421215442343454E-03   1.6421215442273321E-03   1.6421215442215973E-03
 1.6421215442178393E-03   1.6421215442131952E-03   1.6421215442094105E-03   1.6421215442062053E-03   1.6421215442028144E-03   1.6421215441999493E-03   1.6421215441966652E-03   1.6421215441942954E-03   1.6421215441919379E-03   1.6421215441893822E-03   1.6421215441877004E-03
 1.6421215441855695E-03   1.6421215441839126E-03   1.6421215441831951E-03   1.6421215441817215E-03   1.6421215441812899E-03   1.6421215441808975E-03   1.6421215441804733E-03   1.6421215441804063E-03   1.6421215441807368E-03   1.6421215441816532E-03   1.6421215441822282E-03
 1.6421215441840258E-03   1.6421215441864174E-03   1.6421215441885003E-03   1.6421215441919659E-03   1.6421215441954856E-03   1.6421215441988291E-03   1.6421215442026494E-03   1.6421215442058430E-03   1.6421215442099233E-03   1.6421215442119854E-03   1.6421215442146129E-03
 1.6421215442139450E-03   1.6421215442126657E-03   1.6421215442092097E-03   1.6421215442000458E-03   1.6421215445723786E-03   1.6421215445661188E-03   1.6421215445626474E-03   1.6421215445595232E-03   1.6421215445562931E-03   1.6421215445538569E-03   1.6421215445504109E-03
 1.6421215445481044E-03   1.6421215445456766E-03   1.6421215445435709E-03   1.6421215445416473E-03   1.6421215445396097E-03   1.6421215445380566E-03   1.6421215445365765E-03   1.6421215445351460E-03   1.6421215445343489E-03   1.6421215445332959E-03   1.6421215445322872E-03
 1.6421215445321224E-03   1.6421215445310085E-03   1.6421215445311824E-03   1.6421215445306849E-03   1.6421215445311934E-03   1.6421215445318186E-03   1.6421215445324914E-03   1.6421215445338319E-03   1.6421215445349842E-03   1.6421215445376878E-03   1.6421215445392527E-03
 1.6421215445424401E-03   1.6421215445452076E-03   1.6421215445476495E-03   1.6421215445508201E-03   1.6421215445534577E-03   1.6421215445553642E-03   1.6421215445563218E-03   1.6421215445568229E-03   1.6421215445556602E-03   1.6421215445528846E-03   1.6421215445461700E-03
 1.6421215446383447E-03   1.6421215446328296E-03   1.6421215446303598E-03   1.6421215446278266E-03   1.6421215446250292E-03   1.6421215446235484E-03   1.6421215446206757E-03   1.6421215446191300E-03   1.6421215446173183E-03   1.6421215446155801E-03   1.6421215446143975E-03
 1.6421215446125802E-03   1.6421215446115094E-03   1.6421215446099700E-03   1.6421215446090888E-03   1.6421215446083349E-03   1.6421215446072415E-03   1.6421215446067790E-03   1.6421215446063933E-03   1.6421215446060509E-03   1.6421215446057568E-03   1.6421215446057440E-03
 1.6421215446055157E-03   1.6421215446063191E-03   1.6421215446068885E-03   1.6421215446079922E-03   1.6421215446090008E-03   1.6421215446109144E-03   1.6421215446124056E-03   1.6421215446141548E-03   1.6421215446162146E-03   1.6421215446187297E-03   1.6421215446215064E-03
 1.6421215446230954E-03   1.6421215446247488E-03   1.6421215446254863E-03   1.6421215446255984E-03   1.6421215446245818E-03   1.6421215446226743E-03   1.6421215446168786E-03   1.6421215446473568E-03   1.6421215446434248E-03   1.6421215446417248E-03   1.6421215446392090E-03
 1.6421215446374433E-03   1.6421215446352437E-03   1.6421215446336878E-03   1.6421215446324338E-03   1.6421215446308784E-03   1.6421215446296425E-03   1.6421215446281797E-03   1.6421215446272629E-03   1.6421215446261953E-03   1.6421215446250955E-03   1.6421215446244871E-03
 1.6421215446235308E-03   1.6421215446231223E-03   1.6421215446223345E-03   1.6421215446218310E-03   1.6421215446219618E-03   1.6421215446217054E-03   1.6421215446220901E-03   1.6421215446217044E-03   1.6421215446219685E-03   1.6421215446225871E-03   1.6421215446232784E-03
 1.6421215446246295E-03   1.6421215446251638E-03   1.6421215446265739E-03   1.6421215446285593E-03   1.6421215446300868E-03   1.6421215446317517E-03   1.6421215446338127E-03   1.6421215446352268E-03   1.6421215446366200E-03   1.6421215446369218E-03   1.6421215446371575E-03
 1.6421215446366768E-03   1.6421215446348449E-03   1.6421215446303021E-03   1.6421215446465081E-03   1.6421215446432722E-03   1.6421215446417402E-03   1.6421215446398923E-03   1.6421215446381983E-03   1.6421215446366288E-03   1.6421215446359271E-03   1.6421215446344489E-03
 1.6421215446333847E-03   1.6421215446320611E-03   1.6421215446312562E-03   1.6421215446300625E-03   1.6421215446292190E-03   1.6421215446287621E-03   1.6421215446280053E-03   1.6421215446273524E-03   1.6421215446264959E-03   1.6421215446264963E-03   1.6421215446259989E-03
 1.6421215446257033E-03   1.6421215446258022E-03   1.6421215446260015E-03   1.6421215446256910E-03   1.6421215446263094E-03   1.6421215446265802E-03   1.6421215446272297E-03   1.6421215446279784E-03   1.6421215446285064E-03   1.6421215446299547E-03   1.6421215446305970E-03
 1.6421215446326758E-03   1.6421215446335215E-03   1.6421215446351738E-03   1.6421215446366408E-03   1.6421215446374973E-03   1.6421215446376955E-03   1.6421215446378616E-03   1.6421215446377696E-03   1.6421215446364879E-03   1.6421215446325496E-03   1.6421215446445166E-03
 1.6421215446417662E-03   1.6421215446404441E-03   1.6421215446387233E-03   1.6421215446378243E-03   1.6421215446367537E-03   1.6421215446357342E-03   1.6421215446347211E-03   1.6421215446336959E-03   1.6421215446325509E-03   1.6421215446319837E-03   1.6421215446310790E-03
 1.6421215446306601E-03   1.6421215446295520E-03   1.6421215446291036E-03   1.6421215446285721E-03   1.6421215446282790E-03   1.6421215446278438E-03   1.6421215446275918E-03   1.6421215446276003E-03   1.6421215446273550E-03   1.6421215446272182E-03   1.6421215446278221E-03
 1.6421215446277267E-03   1.6421215446280103E-03   1.6421215446284605E-03   1.6421215446291322E-03   1.6421215446299480E-03   1.6421215446303934E-03   1.6421215446316268E-03   1.6421215446325486E-03   1.6421215446335757E-03   1.6421215446346760E-03   1.6421215446357326E-03
 1.6421215446368713E-03   1.6421215446371933E-03   1.6421215446373474E-03   1.6421215446370612E-03   1.6421215446361282E-03   1.6421215446324787E-03   1.6421215446424573E-03   1.6421215446404461E-03   1.6421215446393665E-03   1.6421215446380567E-03   1.6421215446371692E-03
 1.6421215446363188E-03   1.6421215446351580E-03   1.6421215446344908E-03   1.6421215446336371E-03   1.6421215446328244E-03   1.6421215446324286E-03   1.6421215446312796E-03   1.6421215446310638E-03   1.6421215446304318E-03   1.6421215446299703E-03   1.6421215446292849E-03
 1.6421215446292500E-03   1.6421215446287109E-03   1.6421215446286894E-03   1.6421215446286656E-03   1.6421215446286118E-03   1.6421215446282918E-03   1.6421215446288232E-03   1.6421215446287196E-03   1.6421215446290713E-03   1.6421215446289724E-03   1.6421215446296351E-03
 1.6421215446301473E-03   1.6421215446307800E-03   1.6421215446318028E-03   1.6421215446321379E-03   1.6421215446332583E-03   1.6421215446340474E-03   1.6421215446351604E-03   1.6421215446360362E-03   1.6421215446361952E-03   1.6421215446364881E-03   1.6421215446362483E-03
 1.6421215446354427E-03   1.6421215446328324E-03   1.6421215446412974E-03   1.6421215446393261E-03   1.6421215446380583E-03   1.6421215446374773E-03   1.6421215446368359E-03   1.6421215446354896E-03   1.6421215446349138E-03   1.6421215446344247E-03   1.6421215446334495E-03
 1.6421215446330510E-03   1.6421215446325271E-03   1.6421215446320058E-03   1.6421215446312675E-03   1.6421215446310333E-03   1.6421215446305384E-03   1.6421215446301097E-03   1.6421215446298166E-03   1.6421215446294653E-03   1.6421215446295846E-03   1.6421215446292027E-03
 1.6421215446293502E-03   1.6421215446292951E-03   1.6421215446292966E-03   1.6421215446295000E-03   1.6421215446296297E-03   1.6421215446297739E-03   1.6421215446298881E-03   1.6421215446306659E-03   1.6421215446309645E-03   1.6421215446312757E-03   1.6421215446321641E-03
 1.6421215446328810E-03   1.6421215446336263E-03   1.6421215446345086E-03   1.6421215446348919E-03   1.6421215446353627E-03   1.6421215446360356E-03   1.6421215446357578E-03   1.6421215446352235E-03   1.6421215446331373E-03   1.6421215446396601E-03   1.6421215446380082E-03
 1.6421215446370929E-03   1.6421215446367290E-03   1.6421215446359540E-03   1.6421215446353185E-03   1.6421215446347376E-03   1.6421215446339684E-03   1.6421215446335070E-03   1.6421215446330479E-03   1.6421215446324059E-03   1.6421215446319852E-03   1.6421215446316292E-03
 1.6421215446313618E-03   1.6421215446309687E-03   1.6421215446305985E-03   1.6421215446305061E-03   1.6421215446303279E-03   1.6421215446301113E-03   1.6421215446300115E-03   1.6421215446299189E-03   1.6421215446296466E-03   1.6421215446296297E-03   1.6421215446297396E-03
 1.6421215446298936E-03   1.6421215446300881E-03   1.6421215446305090E-03   1.6421215446306226E-03   1.6421215446311124E-03   1.6421215446315368E-03   1.6421215446325867E-03   1.6421215446329655E-03   1.6421215446335905E-03   1.6421215446344687E-03   1.6421215446345155E-03
 1.6421215446353209E-03   1.6421215446353308E-03   1.6421215446353775E-03   1.6421215446349505E-03   1.6421215446332023E-03   1.6421215446388671E-03   1.6421215446373737E-03   1.6421215446368637E-03   1.6421215446363363E-03   1.6421215446355900E-03   1.6421215446349622E-03
 1.6421215446344943E-03   1.6421215446338132E-03   1.6421215446336425E-03   1.6421215446331787E-03   1.6421215446328216E-03   1.6421215446321869E-03   1.6421215446319358E-03   1.6421215446317024E-03   1.6421215446311541E-03   1.6421215446311430E-03   1.6421215446307947E-03
 1.6421215446306738E-03   1.6421215446303851E-03   1.6421215446302631E-03   1.6421215446302904E-03   1.6421215446302366E-03   1.6421215446303162E-03   1.6421215446300777E-03   1.6421215446302949E-03   1.6421215446303090E-03   1.6421215446305679E-03   1.6421215446309580E-03
 1.6421215446313325E-03   1.6421215446318000E-03   1.6421215446322508E-03   1.6421215446330445E-03   1.6421215446332674E-03   1.6421215446340983E-03   1.6421215446345335E-03   1.6421215446347835E-03   1.6421215446348093E-03   1.6421215446347089E-03   1.6421215446345333E-03
 1.6421215446329410E-03   1.6421215446378980E-03   1.6421215446367949E-03   1.6421215446361939E-03   1.6421215446360572E-03   1.6421215446356077E-03   1.6421215446344650E-03   1.6421215446346500E-03   1.6421215446338845E-03   1.6421215446335493E-03   1.6421215446331596E-03
 1.6421215446326767E-03   1.6421215446323545E-03   1.6421215446321066E-03   1.6421215446315866E-03   1.6421215446314368E-03   1.6421215446315734E-03   1.6421215446311207E-03   1.6421215446310016E-03   1.6421215446307217E-03   1.6421215446306822E-03   1.6421215446306013E-03
 1.6421215446304305E-03   1.6421215446307418E-03   1.6421215446305087E-03   1.6421215446305892E-03   1.6421215446306161E-03   1.6421215446310589E-03   1.6421215446313178E-03   1.6421215446314641E-03   1.6421215446317222E-03   1.6421215446323096E-03   1.6421215446326917E-03
 1.6421215446335128E-03   1.6421215446336141E-03   1.6421215446339448E-03   1.6421215446343028E-03   1.6421215446345634E-03   1.6421215446342701E-03   1.6421215446342727E-03   1.6421215446330445E-03   1.6421215446371191E-03   1.6421215446365618E-03   1.6421215446359948E-03
 1.6421215446357287E-03   1.6421215446350908E-03   1.6421215446343299E-03   1.6421215446344041E-03   1.6421215446338821E-03   1.6421215446332264E-03   1.6421215446332520E-03   1.6421215446326173E-03   1.6421215446324286E-03   1.6421215446323475E-03   1.6421215446318354E-03
 1.6421215446316313E-03   1.6421215446317248E-03   1.6421215446311900E-03   1.6421215446312744E-03   1.6421215446309639E-03   1.6421215446309385E-03   1.6421215446307898E-03   1.6421215446307776E-03   1.6421215446308349E-03   1.6421215446310630E-03   1.6421215446310120E-03
 1.6421215446310105E-03   1.6421215446311898E-03   1.6421215446314314E-03   1.6421215446320598E-03   1.6421215446320763E-03   1.6421215446321311E-03   1.6421215446327255E-03   1.6421215446332149E-03   1.6421215446336646E-03   1.6421215446339355E-03   1.6421215446340732E-03
 1.6421215446340326E-03   1.6421215446344205E-03   1.6421215446339047E-03   1.6421215446326819E-03   1.6421215446368450E-03   1.6421215446362754E-03   1.6421215446353521E-03   1.6421215446350466E-03   1.6421215446349900E-03   1.6421215446344977E-03   1.6421215446339970E-03
 1.6421215446338750E-03   1.6421215446333071E-03   1.6421215446329315E-03   1.6421215446325559E-03   1.6421215446324900E-03   1.6421215446321422E-03   1.6421215446319759E-03   1.6421215446317478E-03   1.6421215446318291E-03   1.6421215446313262E-03   1.6421215446314559E-03
 1.6421215446310649E-03   1.6421215446311428E-03   1.6421215446310090E-03   1.6421215446311443E-03   1.6421215446313039E-03   1.6421215446309040E-03   1.6421215446312104E-03   1.6421215446312558E-03   1.6421215446312412E-03   1.6421215446317037E-03   1.6421215446318343E-03
 1.6421215446321955E-03   1.6421215446325869E-03   1.6421215446326843E-03   1.6421215446333602E-03   1.6421215446336345E-03   1.6421215446337351E-03   1.6421215446339775E-03   1.6421215446341128E-03   1.6421215446339775E-03   1.6421215446338143E-03   1.6421215446328747E-03
 1.6421215446361221E-03   1.6421215446357591E-03   1.6421215446352426E-03   1.6421215446344839E-03   1.6421215446348763E-03   1.6421215446341057E-03   1.6421215446338062E-03   1.6421215446335831E-03   1.6421215446330848E-03   1.6421215446331184E-03   1.6421215446328875E-03
 1.6421215446322096E-03   1.6421215446324531E-03   1.6421215446318193E-03   1.6421215446319071E-03   1.6421215446316528E-03   1.6421215446315678E-03   1.6421215446315053E-03   1.6421215446314620E-03   1.6421215446313733E-03   1.6421215446312408E-03   1.6421215446312130E-03
 1.6421215446313384E-03   1.6421215446314153E-03   1.6421215446312031E-03   1.6421215446314971E-03   1.6421215446317152E-03   1.6421215446319449E-03   1.6421215446321543E-03   1.6421215446320951E-03   1.6421215446327574E-03   1.6421215446327418E-03   1.6421215446333225E-03
 1.6421215446337811E-03   1.6421215446336876E-03   1.6421215446336037E-03   1.6421215446340938E-03   1.6421215446337969E-03   1.6421215446340107E-03   1.6421215446329423E-03   1.6421215446356906E-03   1.6421215446352133E-03   1.6421215446350116E-03   1.6421215446347725E-03
 1.6421215446344190E-03   1.6421215446343273E-03   1.6421215446337093E-03   1.6421215446335638E-03   1.6421215446332147E-03   1.6421215446330104E-03   1.6421215446326630E-03   1.6421215446323009E-03   1.6421215446322593E-03   1.6421215446322042E-03   1.6421215446318154E-03
 1.6421215446318445E-03   1.6421215446317345E-03   1.6421215446315838E-03   1.6421215446316526E-03   1.6421215446315910E-03   1.6421215446316278E-03   1.6421215446315088E-03   1.6421215446314696E-03   1.6421215446314852E-03   1.6421215446314860E-03   1.6421215446317720E-03
 1.6421215446316617E-03   1.6421215446318421E-03   1.6421215446319689E-03   1.6421215446324208E-03   1.6421215446324640E-03   1.6421215446330538E-03   1.6421215446329595E-03   1.6421215446333452E-03   1.6421215446335328E-03   1.6421215446338502E-03   1.6421215446338856E-03
 1.6421215446335877E-03   1.6421215446334886E-03   1.6421215446332702E-03   1.6421215446357049E-03   1.6421215446348440E-03   1.6421215446346886E-03   1.6421215446344166E-03   1.6421215446343134E-03   1.6421215446338188E-03   1.6421215446336681E-03   1.6421215446332754E-03
 1.6421215446331123E-03   1.6421215446329261E-03   1.6421215446326130E-03   1.6421215446326242E-03   1.6421215446323428E-03   1.6421215446323560E-03   1.6421215446320197E-03   1.6421215446320451E-03   1.6421215446318967E-03   1.6421215446319260E-03   1.6421215446318438E-03
 1.6421215446317304E-03   1.6421215446315693E-03   1.6421215446314863E-03   1.6421215446316248E-03   1.6421215446317315E-03   1.6421215446315559E-03   1.6421215446318512E-03   1.6421215446317100E-03   1.6421215446318692E-03   1.6421215446322040E-03   1.6421215446322769E-03
 1.6421215446326672E-03   1.6421215446328055E-03   1.6421215446330915E-03   1.6421215446332034E-03   1.6421215446335061E-03   1.6421215446335495E-03   1.6421215446337689E-03   1.6421215446337924E-03   1.6421215446336746E-03   1.6421215446330837E-03   1.6421215446353942E-03
 1.6421215446347148E-03   1.6421215446344893E-03   1.6421215446340463E-03   1.6421215446340886E-03   1.6421215446339860E-03   1.6421215446334931E-03   1.6421215446332539E-03   1.6421215446327296E-03   1.6421215446329714E-03   1.6421215446324057E-03   1.6421215446325017E-03
 1.6421215446324202E-03   1.6421215446322803E-03   1.6421215446322103E-03   1.6421215446319824E-03   1.6421215446318488E-03   1.6421215446318523E-03   1.6421215446317738E-03   1.6421215446317870E-03   1.6421215446318063E-03   1.6421215446316508E-03   1.6421215446317532E-03
 1.6421215446315262E-03   1.6421215446317133E-03   1.6421215446317293E-03   1.6421215446318907E-03   1.6421215446319585E-03   1.6421215446321392E-03   1.6421215446321634E-03   1.6421215446327606E-03   1.6421215446327749E-03   1.6421215446328164E-03   1.6421215446332735E-03
 1.6421215446331934E-03   1.6421215446336551E-03   1.6421215446336781E-03   1.6421215446335250E-03   1.6421215446335835E-03   1.6421215446328203E-03   1.6421215446347751E-03   1.6421215446340445E-03   1.6421215446339589E-03   1.6421215446336141E-03   1.6421215446332730E-03
 1.6421215446331013E-03   1.6421215446327509E-03   1.6421215446325093E-03   1.6421215446324135E-03   1.6421215446321019E-03   1.6421215446321548E-03   1.6421215446318996E-03   1.6421215446320058E-03   1.6421215446317926E-03   1.6421215446316075E-03   1.6421215446315916E-03
 1.6421215446314832E-03   1.6421215446313299E-03   1.6421215446315084E-03   1.6421215446314091E-03   1.6421215446313468E-03   1.6421215446313828E-03   1.6421215446314949E-03   1.6421215446313976E-03   1.6421215446313225E-03   1.6421215446315095E-03   1.6421215446316042E-03
 1.6421215446314401E-03   1.6421215446321292E-03   1.6421215446320216E-03   1.6421215446322526E-03   1.6421215446324258E-03   1.6421215446325423E-03   1.6421215446327437E-03   1.6421215446329447E-03   1.6421215446329738E-03   1.6421215446330482E-03   1.6421215446331635E-03
 1.6421215446327732E-03   1.6421215446329371E-03   1.6421215446320149E-03   1.6421215446309951E-03   1.6421215446309322E-03   1.6421215446307460E-03   1.6421215446304203E-03   1.6421215446303103E-03   1.6421215446299586E-03   1.6421215446299465E-03   1.6421215446297734E-03
 1.6421215446295724E-03   1.6421215446293289E-03   1.6421215446293285E-03   1.6421215446292354E-03   1.6421215446292359E-03   1.6421215446290067E-03   1.6421215446290594E-03   1.6421215446288018E-03   1.6421215446288820E-03   1.6421215446288519E-03   1.6421215446287452E-03
 1.6421215446287213E-03   1.6421215446286693E-03   1.6421215446287643E-03   1.6421215446289017E-03   1.6421215446288577E-03   1.6421215446287408E-03   1.6421215446290351E-03   1.6421215446289074E-03   1.6421215446292292E-03   1.6421215446292842E-03   1.6421215446292064E-03
 1.6421215446298684E-03   1.6421215446297789E-03   1.6421215446299957E-03   1.6421215446301408E-03   1.6421215446304213E-03   1.6421215446304419E-03   1.6421215446303383E-03   1.6421215446300466E-03   1.6421215446301223E-03   1.6421215446167845E-03   1.6421215446157783E-03
 1.6421215446158369E-03   1.6421215446156749E-03   1.6421215446152568E-03   1.6421215446150599E-03   1.6421215446150174E-03   1.6421215446147481E-03   1.6421215446146503E-03   1.6421215446145701E-03   1.6421215446143548E-03   1.6421215446144103E-03   1.6421215446142214E-03
 1.6421215446141679E-03   1.6421215446141681E-03   1.6421215446141581E-03   1.6421215446139549E-03   1.6421215446137700E-03   1.6421215446140521E-03   1.6421215446137160E-03   1.6421215446138350E-03   1.6421215446138860E-03   1.6421215446137817E-03   1.6421215446139564E-03
 1.6421215446138246E-03   1.6421215446140503E-03   1.6421215446138142E-03   1.6421215446141431E-03   1.6421215446141282E-03   1.6421215446143331E-03   1.6421215446144480E-03   1.6421215446147859E-03   1.6421215446148099E-03   1.6421215446149951E-03   1.6421215446151963E-03
 1.6421215446151382E-03   1.6421215446154088E-03   1.6421215446152161E-03   1.6421215446150569E-03   1.6421215446149717E-03   1.6421215445389568E-03   1.6421215445382165E-03   1.6421215445381622E-03   1.6421215445381347E-03   1.6421215445376813E-03   1.6421215445376052E-03
 1.6421215445374536E-03   1.6421215445373307E-03   1.6421215445372366E-03   1.6421215445371279E-03   1.6421215445369521E-03   1.6421215445370215E-03   1.6421215445365232E-03   1.6421215445369404E-03   1.6421215445365732E-03   1.6421215445366040E-03   1.6421215445364644E-03
 1.6421215445365184E-03   1.6421215445364176E-03   1.6421215445364163E-03   1.6421215445365101E-03   1.6421215445362423E-03   1.6421215445365067E-03   1.6421215445363709E-03   1.6421215445364477E-03   1.6421215445365279E-03   1.6421215445366101E-03   1.6421215445365318E-03
 1.6421215445368885E-03   1.6421215445368744E-03   1.6421215445370806E-03   1.6421215445371871E-03   1.6421215445373645E-03   1.6421215445373151E-03   1.6421215445375549E-03   1.6421215445375414E-03   1.6421215445375271E-03   1.6421215445377871E-03   1.6421215445374766E-03
 1.6421215445374621E-03   1.6421215441683903E-03   1.6421215441676862E-03   1.6421215441674939E-03   1.6421215441675655E-03   1.6421215441673239E-03   1.6421215441670375E-03   1.6421215441671259E-03   1.6421215441671032E-03   1.6421215441668492E-03   1.6421215441667992E-03
 1.6421215441666493E-03   1.6421215441667699E-03   1.6421215441665515E-03   1.6421215441663620E-03   1.6421215441665491E-03   1.6421215441662343E-03   1.6421215441662534E-03   1.6421215441661749E-03   1.6421215441661287E-03   1.6421215441661666E-03   1.6421215441661159E-03
 1.6421215441662616E-03   1.6421215441660196E-03   1.6421215441661454E-03   1.6421215441662150E-03   1.6421215441660046E-03   1.6421215441663698E-03   1.6421215441663960E-03   1.6421215441663455E-03   1.6421215441665780E-03   1.6421215441667833E-03   1.6421215441666773E-03
 1.6421215441668267E-03   1.6421215441669650E-03   1.6421215441672363E-03   1.6421215441671164E-03   1.6421215441674000E-03   1.6421215441672098E-03   1.6421215441669457E-03   1.6421215441668282E-03   1.6421215425343758E-03   1.6421215425338580E-03   1.6421215425337224E-03
 1.6421215425337563E-03   1.6421215425334776E-03   1.6421215425336483E-03   1.6421215425334440E-03   1.6421215425332153E-03   1.6421215425332693E-03   1.6421215425332146E-03   1.6421215425329997E-03   1.6421215425330420E-03   1.6421215425328661E-03   1.6421215425328421E-03
 1.6421215425327226E-03   1.6421215425327462E-03   1.6421215425326922E-03   1.6421215425328306E-03   1.6421215425325721E-03   1.6421215425326478E-03   1.6421215425324834E-03   1.6421215425325934E-03   1.6421215425324283E-03   1.6421215425326168E-03   1.6421215425325101E-03
 1.6421215425327931E-03   1.6421215425327913E-03   1.6421215425328727E-03   1.6421215425327354E-03   1.6421215425330587E-03   1.6421215425331884E-03   1.6421215425331899E-03   1.6421215425331142E-03   1.6421215425336097E-03   1.6421215425336251E-03   1.6421215425336884E-03
 1.6421215425335874E-03   1.6421215425334197E-03   1.6421215425333122E-03   1.6421215425331762E-03   1.6421215358997981E-03   1.6421215358990680E-03   1.6421215358993291E-03   1.6421215358990930E-03   1.6421215358990117E-03   1.6421215358989774E-03   1.6421215358989030E-03
 1.6421215358987417E-03   1.6421215358986413E-03   1.6421215358984652E-03   1.6421215358986244E-03   1.6421215358983158E-03   1.6421215358982484E-03   1.6421215358984483E-03   1.6421215358982312E-03   1.6421215358981660E-03   1.6421215358981523E-03   1.6421215358983123E-03
 1.6421215358980135E-03   1.6421215358982922E-03   1.6421215358980153E-03   1.6421215358981900E-03   1.6421215358980051E-03   1.6421215358980292E-03   1.6421215358980541E-03   1.6421215358982419E-03   1.6421215358981920E-03   1.6421215358982473E-03   1.6421215358984331E-03
 1.6421215358984696E-03   1.6421215358985253E-03   1.6421215358987675E-03   1.6421215358987430E-03   1.6421215358988763E-03   1.6421215358988883E-03   1.6421215358989271E-03   1.6421215358988681E-03   1.6421215358989735E-03   1.6421215358988930E-03   1.6421215358984262E-03
 1.6421215111445358E-03   1.6421215111444771E-03   1.6421215111442106E-03   1.6421215111440963E-03   1.6421215111440944E-03   1.6421215111437687E-03   1.6421215111438977E-03   1.6421215111438806E-03   1.6421215111437485E-03   1.6421215111436698E-03   1.6421215111435785E-03
 1.6421215111434434E-03   1.6421215111435403E-03   1.6421215111434649E-03   1.6421215111432784E-03   1.6421215111432649E-03   1.6421215111433972E-03   1.6421215111431129E-03   1.6421215111431145E-03   1.6421215111430860E-03   1.6421215111431212E-03   1.6421215111431355E-03
 1.6421215111431743E-03   1.6421215111432018E-03   1.6421215111432558E-03   1.6421215111432552E-03   1.6421215111431450E-03   1.6421215111433998E-03   1.6421215111434152E-03   1.6421215111436531E-03   1.6421215111436422E-03   1.6421215111438305E-03   1.6421215111437481E-03
 1.6421215111437461E-03   1.6421215111439499E-03   1.6421215111439040E-03   1.6421215111440412E-03   1.6421215111440848E-03   1.6421215111439751E-03   1.6421215111437036E-03   1.6421214255067629E-03   1.6421214255063197E-03   1.6421214255064006E-03   1.6421214255062141E-03
 1.6421214255061870E-03   1.6421214255060510E-03   1.6421214255058761E-03   1.6421214255060419E-03   1.6421214255057089E-03   1.6421214255057080E-03   1.6421214255056904E-03   1.6421214255055161E-03   1.6421214255056015E-03   1.6421214255055410E-03   1.6421214255054313E-03
 1.6421214255055076E-03   1.6421214255053019E-03   1.6421214255053491E-03   1.6421214255054443E-03   1.6421214255053617E-03   1.6421214255053374E-03   1.6421214255052071E-03   1.6421214255052570E-03   1.6421214255053290E-03   1.6421214255053136E-03   1.6421214255053944E-03
 1.6421214255053528E-03   1.6421214255053812E-03   1.6421214255056041E-03   1.6421214255056191E-03   1.6421214255056358E-03   1.6421214255059567E-03   1.6421214255057880E-03   1.6421214255059192E-03   1.6421214255060443E-03   1.6421214255060137E-03   1.6421214255062534E-03
 1.6421214255059817E-03   1.6421214255058776E-03   1.6421214255060439E-03   1.6421209149219248E-03   1.6421209149213242E-03   1.6421209149214057E-03   1.6421209149213160E-03   1.6421209149212993E-03   1.6421209149210332E-03   1.6421209149208625E-03   1.6421209149210362E-03
 1.6421209149210577E-03   1.6421209149209608E-03   1.6421209149207574E-03   1.6421209149208148E-03   1.6421209149206618E-03   1.6421209149206214E-03   1.6421209149205679E-03   1.6421209149205926E-03   1.6421209149203963E-03   1.6421209149205132E-03   1.6421209149203911E-03
 1.6421209149203402E-03   1.6421209149204612E-03   1.6421209149204954E-03   1.6421209149203653E-03   1.6421209149204690E-03   1.6421209149204568E-03   1.6421209149204453E-03   1.6421209149206860E-03   1.6421209149206043E-03   1.6421209149205093E-03   1.6421209149207923E-03
 1.6421209149207162E-03   1.6421209149208920E-03   1.6421209149209528E-03   1.6421209149211622E-03   1.6421209149211219E-03   1.6421209149209825E-03   1.6421209149211672E-03   1.6421209149212351E-03   1.6421209149210848E-03   1.6421209149208981E-03   1.6420986038089556E-03
 1.6420986038088792E-03   1.6420986038087337E-03   1.6420986038088523E-03   1.6420986038087227E-03   1.6420986038087112E-03   1.6420986038084401E-03   1.6420986038086190E-03   1.6420986038082419E-03   1.6420986038083428E-03   1.6420986038082751E-03   1.6420986038082489E-03
 1.6420986038082263E-03   1.6420986038081060E-03   1.6420986038082326E-03   1.6420986038081700E-03   1.6420986038079707E-03   1.6420986038082283E-03   1.6420986038080691E-03   1.6420986038080581E-03   1.6420986038080717E-03   1.6420986038080472E-03   1.6420986038080344E-03
 1.6420986038080646E-03   1.6420986038081522E-03   1.6420986038080600E-03   1.6420986038082020E-03   1.6420986038081483E-03   1.6420986038081897E-03   1.6420986038082311E-03   1.6420986038083289E-03   1.6420986038084013E-03   1.6420986038084948E-03   1.6420986038086455E-03
 1.6420986038087294E-03   1.6420986038088554E-03   1.6420986038087561E-03   1.6420986038086010E-03   1.6420986038087192E-03   1.6420986038085553E-03   1.6410497282537781E-03   1.6410497282531846E-03   1.6410497282529557E-03   1.6410497282528720E-03   1.6410497282529387E-03
 1.6410497282528221E-03   1.6410497282527494E-03   1.6410497282524532E-03   1.6410497282527085E-03   1.6410497282524738E-03   1.6410497282523676E-03   1.6410497282524988E-03   1.6410497282524637E-03   1.6410497282524036E-03   1.6410497282523166E-03   1.6410497282523372E-03
 1.6410497282523442E-03   1.6410497282523862E-03   1.6410497282524979E-03   1.6410497282524326E-03   1.6410497282525038E-03   1.6410497282523633E-03   1.6410497282523856E-03   1.6410497282526861E-03   1.6410497282525066E-03   1.6410497282527091E-03   1.6410497282527056E-03
 1.6410497282530220E-03   1.6410497282528724E-03   1.6410497282530929E-03   1.6410497282531912E-03   1.6410497282531502E-03   1.6410497282533733E-03   1.6410497282535656E-03   1.6410497282533763E-03   1.6410497282535023E-03   1.6410497282535381E-03   1.6410497282535032E-03
 1.6410497282534208E-03   1.6410497282528167E-03   1.6177920246883025E-03   1.6177920246884215E-03   1.6177920246886607E-03   1.6177920246887064E-03   1.6177920246888454E-03   1.6177920246890089E-03   1.6177920246891284E-03   1.6177920246890020E-03   1.6177920246889473E-03
 1.6177920246891011E-03   1.6177920246889968E-03   1.6177920246890553E-03   1.6177920246890989E-03   1.6177920246890816E-03   1.6177920246889773E-03   1.6177920246891345E-03   1.6177920246891327E-03   1.6177920246891707E-03   1.6177920246892229E-03   1.6177920246892279E-03
 1.6177920246892071E-03   1.6177920246895159E-03   1.6177920246892839E-03   1.6177920246895053E-03   1.6177920246895057E-03   1.6177920246897807E-03   1.6177920246896187E-03   1.6177920246899396E-03   1.6177920246899717E-03   1.6177920246900671E-03   1.6177920246899197E-03
 1.6177920246904355E-03   1.6177920246903065E-03   1.6177920246902733E-03   1.6177920246901979E-03   1.6177920246902265E-03   1.6177920246900112E-03   1.6177920246898715E-03   1.6177920246893309E-03   1.6177920246881630E-03   1.4502329772610012E-03   1.4502329772643902E-03
 1.4502329772660457E-03   1.4502329772670946E-03   1.4502329772680316E-03   1.4502329772687456E-03   1.4502329772693306E-03   1.4502329772695156E-03   1.4502329772698246E-03   1.4502329772699378E-03   1.4502329772698532E-03   1.4502329772701690E-03   1.4502329772698704E-03
 1.4502329772700961E-03   1.4502329772701590E-03   1.4502329772699116E-03   1.4502329772699432E-03   1.4502329772697776E-03   1.4502329772697531E-03   1.4502329772695538E-03   1.4502329772695082E-03   1.4502329772692832E-03   1.4502329772692142E-03   1.4502329772692398E-03
 1.4502329772690030E-03   1.4502329772686895E-03   1.4502329772686645E-03   1.4502329772687291E-03   1.4502329772683726E-03   1.4502329772681714E-03   1.4502329772682599E-03   1.4502329772676614E-03   1.4502329772674587E-03   1.4502329772669554E-03   1.4502329772669018E-03
 1.4502329772661860E-03   1.4502329772656077E-03   1.4502329772646801E-03   1.4502329772632765E-03   1.4502329772611701E-03
 1.0502194005481034E-05   1.0502194655065592E-05   1.0502195417867586E-05   1.0502196152950969E-05   1.0502196737302062E-05   1.0502197153356876E-05   1.0502197430244786E-05   1.0502197605993523E-05   1.0502197713062124E-05   1.0502197774892055E-05   1.0502197807365921E-05
 1.0502197821629629E-05   1.0502197824434821E-05   1.0502197820568849E-05   1.0502197812359334E-05   1.0502197802072902E-05   1.0502197790354154E-05   1.0502197778546486E-05   1.0502197766650741E-05   1.0502197754936287E-05   1.0502197743792775E-05   1.0502197733490382E-05
 1.0502197723879221E-05   1.0502197715366732E-05   1.0502197707801282E-05   1.0502197701563213E-05   1.0502197697140407E-05   1.0502197694751361E-05   1.0502197695015283E-05   1.0502197698947691E-05   1.0502197707736076E-05   1.0502197723437772E-05   1.0502197748835992E-05
 1.0502197788088605E-05   1.0502197846430906E-05   1.0502197931029335E-05   1.0502198050168396E-05   1.0502198213155777E-05   1.0502198428984133E-05   1.0502198910709776E-05   2.9240724473293372E-06   2.9240727190197451E-06   2.9240728542272027E-06   2.9240729694117293E-06
 2.9240730685865494E-06   2.9240731540682758E-06   2.9240732277762854E-06   2.9240732908794616E-06   2.9240733443400307E-06   2.9240733891930536E-06   2.9240734265506871E-06   2.9240734571845641E-06   2.9240734821619534E-06   2.9240735024594759E-06   2.9240735185667095E-06
 2.9240735311138615E-06   2.9240735408530899E-06   2.9240735476243069E-06   2.9240735523194461E-06   2.9240735547148819E-06   2.9240735555526343E-06   2.9240735544489864E-06   2.9240735518740473E-06   2.9240735477168600E-06   2.9240735425144463E-06   2.9240735358814063E-06
 2.9240735283700062E-06   2.9240735201767569E-06   2.9240735121012591E-06   2.9240735047753847E-06   2.9240734993815970E-06   2.9240734973437340E-06   2.9240735009250617E-06   2.9240735125319690E-06   2.9240735343802771E-06   2.9240735688247034E-06   2.9240736170239710E-06
 2.9240736766377187E-06   2.9240737406957225E-06   2.9240738286268044E-06   3.0447010390140249E-07   3.0447021681003112E-07   3.0447027545011364E-07   3.0447032485245775E-07   3.0447036572941858E-07   3.0447039964038236E-07   3.0447042818624125E-07   3.0447045245881961E-07
 3.0447047328312838E-07   3.0447049161631309E-07   3.0447050791492535E-07   3.0447052291164802E-07   3.0447053663189104E-07   3.0447054940515148E-07   3.0447056130935575E-07   3.0447057244868895E-07   3.0447058287481967E-07   3.0447059273767390E-07   3.0447060142992791E-07
 3.0447060960803292E-07   3.0447061670532405E-07   3.0447062302165097E-07   3.0447062813857959E-07   3.0447063228226758E-07   3.0447063552640705E-07   3.0447063773293227E-07   3.0447063896537008E-07   3.0447063956168704E-07   3.0447063952103597E-07   3.0447063927879212E-07
 3.0447063957187314E-07   3.0447064103724740E-07   3.0447064484890095E-07   3.0447065200972151E-07   3.0447066395373273E-07   3.0447068205736278E-07   3.0447070682967655E-07   3.0447073796743624E-07   3.0447077283467455E-07   3.0447082617736510E-07   1.2475239674215562E-08
 1.2475284887140169E-08   1.2475308961510553E-08   1.2475330077194876E-08   1.2475347929261288E-08   1.2475362630365177E-08   1.2475375071585166E-08   1.2475385445197744E-08   1.2475394394947946E-08   1.2475402252872687E-08   1.2475409206166247E-08   1.2475415563995643E-08
 1.2475421472897566E-08   1.2475427205616634E-08   1.2475432644415251E-08   1.2475437950229694E-08   1.2475442927395353E-08   1.2475447854586070E-08   1.2475452532749086E-08   1.2475456971201776E-08   1.2475461380855364E-08   1.2475465464401259E-08   1.2475469201510691E-08
 1.2475472825964741E-08   1.2475475912552900E-08   1.2475479116878633E-08   1.2475481883288360E-08   1.2475484464197906E-08   1.2475487240772076E-08   1.2475490001252628E-08   1.2475493269105907E-08   1.2475497608455886E-08   1.2475503573262049E-08   1.2475511695461086E-08
 1.2475522829709176E-08   1.2475538137288488E-08   1.2475558301754578E-08   1.2475583653450201E-08   1.2475613607075630E-08   1.2475666386544071E-08   4.6094770821129041E-10   4.6097574415481049E-10   4.6099120250609659E-10   4.6100485413610655E-10   4.6101632211517953E-10
 4.6102597151451522E-10   4.6103374388884068E-10   4.6104017286891178E-10   4.6104550748241468E-10   4.6104998405154340E-10   4.6105371861980945E-10   4.6105690600479182E-10   4.6105977405835330E-10   4.6106233209785540E-10   4.6106471818966900E-10   4.6106695096851972E-10
 4.6106900671748411E-10   4.6107118952139021E-10   4.6107309365145693E-10   4.6107516295294827E-10   4.6107705183642183E-10   4.6107893648473139E-10   4.6108084739106220E-10   4.6108250164641015E-10   4.6108427448637077E-10   4.6108607358435379E-10   4.6108780576673413E-10
 4.6108978782383391E-10   4.6109197655697375E-10   4.6109452358505080E-10   4.6109751445839164E-10   4.6110148619588571E-10   4.6110647606698233E-10   4.6111294316353725E-10   4.6112152699542534E-10   4.6113267225494263E-10   4.6114643399923176E-10   4.6116330520146421E-10
 4.6118296907132003E-10   4.6121672672236501E-10   6.6342213195224672E-11   6.6360728488418626E-11   6.6370875943126629E-11   6.6379780800501049E-11   6.6387364286477869E-11   6.6393581508310818E-11   6.6398587473029246E-11   6.6402656619307908E-11   6.6405981223626101E-11
 6.6408605331696837E-11   6.6410784747470251E-11   6.6412647372921406E-11   6.6414152550468845E-11   6.6415592506479332E-11   6.6416918113041914E-11   6.6418091253673952E-11   6.6419194937604353E-11   6.6420361301972891E-11   6.6421557312494530E-11   6.6422761793345590E-11
 6.6423779926948319E-11   6.6424831094835991E-11   6.6425905979646315E-11   6.6426968158962314E-11   6.6427908365534077E-11   6.6428972238915983E-11   6.6430090322406773E-11   6.6431240593149441E-11   6.6432540788723981E-11   6.6434079847589529E-11   6.6436005153479142E-11
 6.6438471713422038E-11   6.6441829352025432E-11   6.6446212747527758E-11   6.6452148754422155E-11   6.6459759345453079E-11   6.6469581539508936E-11   6.6481573831975219E-11   6.6495562581097573E-11   6.6519157530872993E-11   1.8853580365353104E-11   1.8865970763305530E-11
 1.8872967255449825E-11   1.8879032858385116E-11   1.8884097268376760E-11   1.8888317186519990E-11   1.8891635861607355E-11   1.8894276910336910E-11   1.8896429221055919E-11   1.8898185120355596E-11   1.8899536137906486E-11   1.8900755865350575E-11   1.8901668119834800E-11
 1.8902500753221977E-11   1.8903383361553048E-11   1.8904166019996314E-11   1.8905059639755706E-11   1.8905795711386893E-11   1.8906438609393885E-11   1.8907216185639474E-11   1.8907939551776455E-11   1.8908572285388093E-11   1.8909354096798437E-11   1.8909927538103758E-11
 1.8910614481824023E-11   1.8911220110381352E-11   1.8911724942017999E-11   1.8912513529691964E-11   1.8913352092309817E-11   1.8914318556902728E-11   1.8915645010498235E-11   1.8917202704088352E-11   1.8919421930410223E-11   1.8922354358473688E-11   1.8926514984310637E-11
 1.8931850444845366E-11   1.8938762233694861E-11   1.8947251197892078E-11   1.8957355453919558E-11   1.8974571398571869E-11   5.4217969089929372E-12   5.4305772525241761E-12   5.4353926348293119E-12   5.4395854479182231E-12   5.4431311278354304E-12   5.4461101427109311E-12
 5.4485165633140806E-12   5.4503868120616237E-12   5.4517759460951256E-12   5.4531100229870560E-12   5.4539291038470557E-12   5.4547439495423160E-12   5.4554800211734872E-12   5.4560720972036269E-12   5.4566040338945066E-12   5.4571571464090661E-12   5.4575942154098509E-12
 5.4580702479262111E-12   5.4586191252760351E-12   5.4590553472438775E-12   5.4595567907486561E-12   5.4599743779916606E-12   5.4604698922658067E-12   5.4610255458792072E-12   5.4614346627927439E-12   5.4618386975086012E-12   5.4623740223312788E-12   5.4628847831984869E-12
 5.4634201080211686E-12   5.4642214011892962E-12   5.4651700780902315E-12   5.4662966319101064E-12   5.4678534784671784E-12   5.4700566111630030E-12   5.4728518198889478E-12   5.4767879819948321E-12   5.4816567273756304E-12   5.4878781843731761E-12   5.4951126927756210E-12
 5.5073751887528914E-12   1.4228222278745761E-12   1.4290394497074239E-12   1.4325512483067392E-12   1.4356395304324278E-12   1.4382102754273454E-12   1.4402922824116970E-12   1.4420346291841995E-12   1.4433627768454949E-12   1.4444876365994494E-12   1.4453321284478636E-12
 1.4460690471119764E-12   1.4466407943513737E-12   1.4471151328018359E-12   1.4474480167501082E-12   1.4478088527856400E-12   1.4482162756332701E-12   1.4486262395797414E-12   1.4488930549581267E-12   1.4493250417612280E-12   1.4496240443916094E-12   1.4499560813069343E-12
 1.4503338580014089E-12   1.4506032144786378E-12   1.4508522421651307E-12   1.4512495006173944E-12   1.4516238891800847E-12   1.4518619054382665E-12   1.4523328557569430E-12   1.4527233379456288E-12   1.4532696741966129E-12   1.4538617502267481E-12   1.4547468996566333E-12
 1.4560030495174150E-12   1.4575929303594144E-12   1.4598646727239510E-12   1.4626835983724125E-12   1.4663139815843396E-12   1.4709065942243458E-12   1.4762471369567734E-12   1.4851901108138603E-12   3.2652527193586065E-13   3.3109755578513931E-13   3.3369879396615742E-13
 3.3602728753815924E-13   3.3791955914232515E-13   3.3947047646874787E-13   3.4071053270352832E-13   3.4180405223843377E-13   3.4257146408864647E-13   3.4322029132624347E-13   3.4367853615070840E-13   3.4409697042665227E-13   3.4449168778007303E-13   3.4478560821277032E-13
 3.4500498974610929E-13   3.4522775941123727E-13   3.4544205874689271E-13   3.4564365258833913E-13   3.4592571455977501E-13   3.4607733345733369E-13   3.4637972421950342E-13   3.4660249388463160E-13   3.4685745080175535E-13   3.4709377299403970E-13   3.4740548111862964E-13
 3.4762570968491596E-13   3.4793402967771698E-13   3.4824489076935981E-13   3.4855405779510839E-13   3.4902924327851876E-13   3.4953661601392504E-13   3.5018883138331166E-13   3.5112734388887008E-13   3.5242923352880025E-13   3.5402165546963848E-13   3.5624935212091709E-13
 3.5905049007748646E-13   3.6243099856997701E-13   3.6651539144163517E-13   3.7319170513188907E-13   5.4737810150412429E-14   5.8174222817423151E-14   6.0138492222105810E-14   6.1879991961660601E-14   6.3359758520513839E-14   6.4581180030454553E-14   6.5639124181575174E-14
 6.6340467461901760E-14   6.6925767228454532E-14   6.7439916227437917E-14   6.7818539954860640E-14   6.8135330277133774E-14   6.8372499502365016E-14   6.8657949605589740E-14   6.8812956634937302E-14   6.9118735528896130E-14   6.9187345197623753E-14   6.9377080577808704E-14
 6.9541404969576064E-14   6.9719281888499467E-14   6.9872594851952546E-14   7.0025907815405586E-14   7.0131786933812387E-14   7.0285099897265478E-14   7.0470600112714246E-14   7.0665417690582785E-14   7.0857694169609587E-14   7.1151614602306930E-14   7.1420971079533924E-14
 7.1700491952127944E-14   7.2115538096282640E-14   7.2747424674934386E-14   7.3547870810089775E-14   7.4522805732379551E-14   7.5802672515680824E-14   7.7535701925763109E-14   7.9694788908314220E-14   8.2313814781224302E-14   8.5407179104596666E-14   9.0582550412319583E-14
-4.5968478047490043E-15  -1.8050272105988844E-15  -3.1763735522035755E-16   1.0486267887008071E-15   2.1853450039160606E-15   3.1221634435793045E-15   3.9039748538950158E-15   4.4850394557114588E-15   4.9915651581695280E-15   5.3498600948580970E-15   5.6869792078653054E-15
 5.9233014001492592E-15   6.0850846930748313E-15   6.3214068853587803E-15   6.4645554534447587E-15   6.6093980874252456E-15   6.7423822601441739E-15   6.8499554444454708E-15   6.9676930241138217E-15   7.0845835708349128E-15   7.2345084024989256E-15   7.3717277399541254E-15
 7.4809949901499348E-15   7.6808947657019529E-15   7.8130319054736300E-15   7.9527923417705959E-15   8.1137286017489177E-15   8.2865233229887997E-15   8.5406332071650914E-15   8.8201540797590152E-15   9.1454147315046666E-15   9.5934951606022009E-15   1.0173712729471412E-14
 1.0940277546736564E-14   1.2027867851011087E-14   1.3263688921055113E-14   1.5009423825346215E-14   1.6928800483824431E-14   1.9304727900872709E-14   2.3377262311271217E-14  -1.4479181200364846E-14  -1.2184568946252986E-14  -1.0920795788949585E-14  -9.8899566921411145E-15
-9.0192068223637080E-15  -8.2136784895248778E-15  -7.6055088333962996E-15  -7.1193119216723439E-15  -6.7881220392959148E-15  -6.4687906181810483E-15  -6.2375506235806290E-15  -6.0249453538198052E-15  -5.8385981054238623E-15  -5.7276367893335536E-15  -5.6073581108234462E-15
-5.5023260253639145E-15  -5.3710359185395019E-15  -5.2829444920250594E-15  -5.2033233949831575E-15  -5.0788095517367769E-15  -4.9703893344882289E-15  -4.9195673576529764E-15  -4.8323229640857834E-15  -4.7383023069405561E-15  -4.6349642873755315E-15  -4.4977449499203348E-15
-4.3385027558365263E-15  -4.1953541877505496E-15  -4.0462763890337927E-15  -3.8319770533784547E-15  -3.5245040935251480E-15  -3.2153370677773324E-15  -2.7265990572116015E-15  -2.1150412692939970E-15  -1.3145951341386806E-15  -2.1429933565533900E-16   1.1036839302723575E-15
 2.7520100456292289E-15   4.7476196693603542E-15   7.8816415742012347E-15  -1.4124274395465302E-14  -1.2453078390532610E-14  -1.1529812478025437E-14  -1.0620946125621591E-14  -9.8797922967740866E-15  -9.2495997840169108E-15  -8.7981312231303766E-15  -8.3187105749844489E-15
-8.0019202527113422E-15  -7.7147760835921391E-15  -7.5445224611940295E-15  -7.3454697185892768E-15  -7.1921567551362563E-15  -7.0507022529447929E-15  -6.9981862102150294E-15  -6.9228002779093967E-15  -6.8575787409708155E-15  -6.7584758861420624E-15  -6.6686903937331066E-15
-6.6517497347880206E-15  -6.6051629226890340E-15  -6.5018249031240094E-15  -6.4442266627107170E-15  -6.3307242477786407E-15  -6.2824433697851456E-15  -6.1935049103234441E-15  -6.1418359005409318E-15  -5.9868288711933948E-15  -5.9029726094152191E-15  -5.6768148124983217E-15
-5.4159286647440027E-15  -5.1169260343632410E-15  -4.7857361519868119E-15  -4.2419409998495511E-15  -3.6168306847758774E-15  -2.7113524641610264E-15  -1.6491731483041289E-15  -3.0831999280056616E-16   1.2383621688857883E-15   3.5829493668856778E-15  -1.2368375095807175E-14
-1.0898772932320997E-14  -1.0112726357269029E-14  -9.4240885711513093E-15  -8.7540855098731656E-15  -8.2373954120480519E-15  -7.8443721245220597E-15  -7.5123352091983787E-15  -7.3107413677518536E-15  -7.1252411523031745E-15  -6.9329646732764483E-15  -6.7898161051904715E-15
-6.7008776457287700E-15  -6.6407383064737147E-15  -6.5382473198559443E-15  -6.4899664418624492E-15  -6.3917106199809504E-15  -6.3519000714599982E-15  -6.3646055656688127E-15  -6.2722789744180940E-15  -6.2214569975828360E-15  -6.1257422745431001E-15  -6.0859317260221479E-15
-6.0308745844506184E-15  -5.9427831579361712E-15  -5.8369040395293836E-15  -5.7445774482786649E-15  -5.6480156922916747E-15  -5.5531480021991930E-15  -5.4159286647439964E-15  -5.2753211954997825E-15  -5.0491633985828859E-15  -4.7620192294636836E-15  -4.3808544031992508E-15
-3.8489177123235510E-15  -3.1577388273640419E-15  -2.2014386299139333E-15  -1.0740377771184554E-15   2.2615779691689829E-16   2.2065208275974429E-15  -1.0653980410564500E-14  -9.5206503271382837E-15  -8.8752112213305400E-15  -8.2704296969909806E-15  -7.7444222367460680E-15
-7.3293760925914608E-15  -7.0269853304216756E-15  -6.7584758861420624E-15  -6.5433295175394701E-15  -6.3798521587193902E-15  -6.2782082050488741E-15  -6.1562354606442549E-15  -6.0427330457121786E-15  -5.9622649157230201E-15  -5.8860319504701331E-15  -5.8275866771095863E-15
-5.7632121731182595E-15  -5.6810499772345924E-15  -5.6522508570279462E-15  -5.5683945952497704E-15  -5.5167255854672581E-15  -5.4642095427374915E-15  -5.4260930601110480E-15  -5.3812003139065701E-15  -5.3041203157064287E-15  -5.2549924047656793E-15  -5.2024763620359127E-15
-5.2134877903502186E-15  -5.0644099916334617E-15  -4.9678482356464715E-15  -4.8475695571363608E-15  -4.6366583532700401E-15  -4.3647607772014096E-15  -4.0251005653524352E-15  -3.5905726634109791E-15  -2.9730856448625989E-15  -2.2200733547535232E-15  -1.2976544751935901E-15
-2.9053230090822516E-16   1.4636729328554259E-15  -9.1987778071816528E-15  -8.2085962918414214E-15  -7.6038147675018541E-15  -7.0922068673602567E-15  -6.6813958879419211E-15  -6.3425827090402009E-15  -6.0732262318133334E-15  -5.8436803031074180E-15  -5.7293308552280875E-15
-5.5811000894585849E-15  -5.4828442675770861E-15  -5.3236020734932776E-15  -5.2702389978162567E-15  -5.2016293290886584E-15  -5.1618187805677063E-15  -5.0728803211060047E-15  -5.0389990032158327E-15  -4.9585308732266742E-15  -4.9195673576529764E-15  -4.8670513149232097E-15
-4.8441814253473436E-15  -4.7815009872505254E-15  -4.7467726364130991E-15  -4.7476196693603534E-15  -4.7001858243141126E-15  -4.6925625277888239E-15  -4.6637634075821777E-15  -4.5816012116985105E-15  -4.5155326418126751E-15  -4.3952539633025645E-15  -4.2978451743683199E-15
-4.1165801236558996E-15  -3.8963515573697816E-15  -3.5710909056241302E-15  -3.1983964088322381E-15  -2.7969027918336997E-15  -2.1675573120237546E-15  -1.3662641439211880E-15  -4.1674021004911582E-16   9.7578195523695399E-16  -7.9697330007156977E-15  -7.1345585147229718E-15
-6.6813958879419211E-15  -6.2646556778928053E-15  -5.9012785435207105E-15  -5.6115932755597397E-15  -5.3803532809593158E-15  -5.2075585597194385E-15  -5.0288346078487811E-15  -4.8907682374463302E-15  -4.7645603283054394E-15  -4.7306790104152674E-15  -4.7222086809427244E-15
-4.6358113203227858E-15  -4.6239528590612256E-15  -4.5731308822259675E-15  -4.5172267077071837E-15  -4.5197678065489466E-15  -4.4706398956081972E-15  -4.4232060505619564E-15  -4.4045713257223618E-15  -4.4105005563531419E-15  -4.3596785795178838E-15  -4.3850895679355129E-15
-4.3588315465706295E-15  -4.3249502286804575E-15  -4.2741282518451995E-15  -4.2402469339550275E-15  -4.1707902322801749E-15  -4.1030275964998308E-15  -3.9395502376797509E-15  -3.7786139777014338E-15  -3.5626205761515872E-15  -3.3102047578698057E-15  -2.9764737766516114E-15
-2.5173819192397806E-15  -2.0057740190981832E-15  -1.3256065624529800E-15  -6.2256921623191075E-16   6.4205097401875966E-16  -7.0193620338963869E-15  -6.3586763350380326E-15  -5.9410890920416626E-15  -5.5582301998827188E-15  -5.2948029532866314E-15  -5.0339168055323069E-15
-4.8170763710352060E-15  -4.6519049463206175E-15  -4.5087563782346407E-15  -4.4308293470872451E-15  -4.3630667113069010E-15  -4.3029273720518457E-15  -4.2122948466956356E-15  -4.2300825385879759E-15  -4.1250504531284427E-15  -4.1530025403878346E-15  -4.1343678155482400E-15
-4.1182741895504082E-15  -4.0869339705019991E-15  -4.0581348502953529E-15  -4.0716873774514217E-15  -4.0115480381963664E-15  -3.9514086989413111E-15  -3.9336210070489708E-15  -3.9454794683105310E-15  -3.9073629856840875E-15  -3.8167304603278773E-15  -3.7955546366465198E-15
-3.7049221112903097E-15  -3.6329243107736942E-15  -3.5651616749933501E-15  -3.3915199208062186E-15  -3.2483713527202418E-15  -2.9705445460208313E-15  -2.7011880687939638E-15  -2.3140940118987485E-15  -1.8473788579616290E-15  -1.3239124965584714E-15  -7.2760130169144399E-16
 1.9735867671025198E-16  -6.1765642513783581E-15  -5.5387484420958699E-15  -5.2202640539282530E-15  -4.8780627432375157E-15  -4.6663045064239406E-15  -4.4274412152982279E-15  -4.2758223177397081E-15  -4.1284385849174599E-15  -4.0140891370381293E-15  -3.9149862822093762E-15
-3.8556939759015751E-15  -3.7650614505453650E-15  -3.7836961753849596E-15  -3.7464267257057704E-15  -3.6812051887671893E-15  -3.6710407934001377E-15  -3.6862873864507151E-15  -3.6286891460374227E-15  -3.6939106829760038E-15  -3.6473238708770173E-15  -3.5990429928835221E-15
-3.6261480471956598E-15  -3.6261480471956598E-15  -3.5719379385713845E-15  -3.5524561807845356E-15  -3.5050223357382948E-15  -3.4863876108987002E-15  -3.4287893704854078E-15  -3.3889788219644557E-15  -3.3728851959666240E-15  -3.2271955290388843E-15  -3.1687502556783376E-15
-2.9713915789680856E-15  -2.8011379565699712E-15  -2.5461810394464268E-15  -2.2048267617029438E-15  -1.7601344643944361E-15  -1.3332298589782687E-15  -7.7588217968493911E-16   8.3856261778175734E-17  -5.4684447074737630E-15  -4.9695423015409801E-15  -4.6307291226392600E-15
-4.3715370407794440E-15  -4.1301326508119685E-15  -3.9624201272556170E-15  -3.7921665048575026E-15  -3.6922166170814952E-15  -3.6617234309803404E-15  -3.5651616749933501E-15  -3.5194218958416179E-15  -3.4728350837426314E-15  -3.4186249751183562E-15  -3.4084605797513046E-15
-3.4118487115403218E-15  -3.4067665138567960E-15  -3.3779673936501498E-15  -3.3703440971248610E-15  -3.3703440971248610E-15  -3.3474742075489949E-15  -3.3178280543950944E-15  -3.3313805815511632E-15  -3.3000403625027541E-15  -3.2576887151400391E-15  -3.2356658585114273E-15
-3.2077137712520354E-15  -3.1916201452542037E-15  -3.1365630036826742E-15  -3.1035287187397564E-15  -3.0755766314803645E-15  -2.9891792708604259E-15  -2.8756768559283497E-15  -2.7071172994247439E-15  -2.6080144445959907E-15  -2.3632219228394979E-15  -2.0811599514038159E-15
-1.7474289701856216E-15  -1.2857960139320279E-15  -7.9705800336629662E-16  -6.0986372202309624E-17  -4.9424372472288425E-15  -4.4841924227642660E-15  -4.2393999010077732E-15  -3.9725845226226686E-15  -3.7616733187563478E-15  -3.5956548610945049E-15  -3.4821524461624287E-15
-3.3898258549117100E-15  -3.3237572850258745E-15  -3.2797115717686509E-15  -3.1950082770432209E-15  -3.1721383874673548E-15  -3.1086109164232822E-15  -3.0891291586364333E-15  -3.0764236644276188E-15  -3.0484715771682269E-15  -3.0374601488539210E-15  -3.0230605887505979E-15
-3.0179783910670721E-15  -3.0306838852758866E-15  -2.9874852049659173E-15  -2.9781678425461200E-15  -2.9739326778098485E-15  -2.9264988327636077E-15  -2.9307339974998792E-15  -2.9400513599196765E-15  -2.8993937784514701E-15  -2.8375603733019061E-15  -2.7977498247809540E-15
-2.7393045514204073E-15  -2.6842474098488778E-15  -2.5978500492289391E-15  -2.5216170839760521E-15  -2.3234113743185458E-15  -2.1472285212896514E-15  -1.9015889665859043E-15  -1.5703990842094728E-15  -1.2146452463626667E-15  -7.8519954210473641E-16  -1.4653669987499396E-16
-4.3808544031992414E-15  -4.0090069393546035E-15  -3.7709906811761451E-15  -3.6058192564615565E-15  -3.4457300294304938E-15  -3.3008873954500084E-15  -3.1518095967332516E-15  -3.0891291586364333E-15  -3.0095080615945291E-15  -2.9053230090822502E-15  -2.8909234489789271E-15
-2.8485718016162120E-15  -2.8494188345634663E-15  -2.8392544391964147E-15  -2.8104553189897685E-15  -2.8104553189897685E-15  -2.7672566386797992E-15  -2.7613274080490191E-15  -2.7511630126819675E-15  -2.7858913635193938E-15  -2.7740329022578336E-15  -2.7757269681523422E-15
-2.7740329022578336E-15  -2.7401515843676616E-15  -2.7553981774182390E-15  -2.6952588381631837E-15  -2.6715419156400633E-15  -2.6486720260641972E-15  -2.6368135648026370E-15  -2.5656627972332757E-15  -2.4953590626111688E-15  -2.4419959869341479E-15  -2.3479753297889205E-15
-2.1844979709688406E-15  -1.9922214919421144E-15  -1.7787691892340307E-15  -1.5272004038995035E-15  -1.1782228296307318E-15  -8.5042107904331754E-16  -2.3208702754767829E-16  -3.9090570515785961E-15  -3.5778671692021646E-15  -3.3940610196479815E-15  -3.2509124515620047E-15
-3.1018346528452478E-15  -2.9637682824427969E-15  -2.8900764160316728E-15  -2.8257019120403459E-15  -2.7748799352050879E-15  -2.7138935630027783E-15  -2.6791652121653520E-15  -2.6622245532202660E-15  -2.6910236734269122E-15  -2.6190258729102966E-15  -2.6351194989081284E-15
-2.6139436752267708E-15  -2.6012381810179563E-15  -2.5995441151234477E-15  -2.5817564232311074E-15  -2.5724390608113101E-15  -2.5436399406046639E-15  -2.5233111498705607E-15  -2.5080645568199833E-15  -2.4894298319803887E-15  -2.4589366458792339E-15  -2.4665599424045226E-15
-2.4309845586198420E-15  -2.4013384054659415E-15  -2.3522104945251920E-15  -2.3632219228394979E-15  -2.2836008257975937E-15  -2.2158381900172497E-15  -2.0811599514038159E-15  -1.9625753387882139E-15  -1.8262030342802715E-15  -1.5737872159984900E-15  -1.3315357930837601E-15
-1.1079190950086248E-15  -7.6317668547612461E-16  -3.5744790374131474E-16  -3.5024812368965319E-15  -3.2068667383047811E-15  -3.0069669627527662E-15  -2.8519599334052292E-15  -2.7528570785764761E-15  -2.6825533439543692E-15  -2.5546513689189698E-15  -2.4835006013496086E-15
-2.4335256574616049E-15  -2.3996443395714329E-15  -2.3479753297889205E-15  -2.3742333511538039E-15  -2.3174821436877657E-15  -2.3225643413712915E-15  -2.2827537928503394E-15  -2.3166351107405114E-15  -2.2768245622195593E-15  -2.2615779691689819E-15  -2.2548017055909475E-15
-2.2327788489623357E-15  -2.2276966512788099E-15  -2.2124500582282325E-15  -2.2183792888590126E-15  -2.2022856628611809E-15  -2.1938153333886379E-15  -2.1912742345468750E-15  -2.2039797287556895E-15  -2.1497696201314143E-15  -2.1565458837094487E-15  -2.0997946762434105E-15
-2.0532078641444240E-15  -1.9803630306805542E-15  -1.9142944607947188E-15  -1.8236619354385086E-15  -1.6966069933503636E-15  -1.5246593050577406E-15  -1.2883371127737908E-15  -1.0706496453294356E-15  -7.3353053232222409E-16  -2.7020351017412181E-16  -3.1416452013662000E-15
-2.8951586137151986E-15  -2.7164346618445412E-15  -2.5656627972332757E-15  -2.4521603823011995E-15  -2.3335757696855974E-15  -2.3208702754767829E-15  -2.2776715951668136E-15  -2.2073678605447067E-15  -2.1870390698106035E-15  -2.1412992906588713E-15  -2.0972535774016476E-15
-2.1133472033994793E-15  -2.0879362149818503E-15  -2.0947124785598847E-15  -2.0659133583532385E-15  -2.0633722595114756E-15  -2.0709955560367643E-15  -2.0464316005663896E-15  -2.0633722595114756E-15  -2.0447375346718810E-15  -2.0218676450960149E-15  -2.0125502826762176E-15
-2.0040799532036746E-15  -2.0117032497289633E-15  -1.9786689647860456E-15  -1.9710456682607569E-15  -1.9058241313221758E-15  -1.9236118232145161E-15  -1.8965067689023785E-15  -1.8516140226979005E-15  -1.7779221562867764E-15  -1.6618786425129373E-15  -1.5983511714688647E-15
-1.4950131519038401E-15  -1.3129010682441655E-15  -1.1485766764768313E-15  -9.1733668187640727E-16  -6.9880218148479778E-16  -3.4135427774348304E-16  -2.2336258819095900E-15  -2.0066210520454375E-15  -1.8804131429045468E-15  -1.7177828170317211E-15  -1.6678078731437174E-15
-1.5737872159984900E-15  -1.5399058981083180E-15  -1.4501204056993622E-15  -1.4043806265476300E-15  -1.3781226051827467E-15  -1.3391590896090488E-15  -1.3501705179233547E-15  -1.3315357930837601E-15  -1.3154421670859284E-15  -1.3095129364551483E-15  -1.2586909596198903E-15
-1.2544557948836188E-15  -1.2315859053077527E-15  -1.2502206301473473E-15  -1.2409032677275500E-15  -1.2358210700440242E-15  -1.2248096417297183E-15  -1.2705494208814505E-15  -1.2044808509956151E-15  -1.1858461261560205E-15  -1.2222685428879554E-15  -1.1494237094240856E-15
-1.1545059071076114E-15  -1.1477296435295770E-15  -1.1087661279558791E-15  -1.0494738216480781E-15  -1.0342272285975007E-15  -9.2495997840169597E-16  -8.6651470504114925E-16  -7.5724745484534450E-16  -6.7000306127815157E-16  -4.5655075857006788E-16  -2.5665098301805300E-16
-4.9974943888003720E-17   2.7952087259391911E-16   1.0181336025996690E-15   1.2010927192065981E-15   1.3239124965584716E-15   1.4289445820180051E-15   1.5288944697940125E-15   1.5881867761018135E-15   1.6644197413547006E-15   1.7287942453460274E-15   1.7465819372383679E-15
 1.7694518268142338E-15   1.7990979799681347E-15   1.8134975400714578E-15   1.8473788579616298E-15   1.8804131429045475E-15   1.8744839122737674E-15   1.8838012746935647E-15   1.8338263308055610E-15   1.9041300654276680E-15   1.8727898463792588E-15   1.8871894064825819E-15
 1.8778720440627846E-15   1.9015889665859051E-15   1.9346232515288228E-15   1.9202236914254997E-15   1.9354702844760775E-15   1.9346232515288232E-15   1.9642694046827237E-15   1.9574931411046893E-15   1.9642694046827237E-15   1.9922214919421156E-15   2.0455845676191365E-15
 2.0786188525620546E-15   2.1285937964500583E-15   2.2285436842260658E-15   2.3428931321053963E-15   2.4182790644110290E-15   2.6063203787014837E-15   2.7808091658358696E-15   2.9968025673857158E-15   3.3017344283972639E-15   1.6793275212263825E-14   1.6959293669925671E-14
 1.7096513007380867E-14   1.7176134104422772E-14   1.7298953881774648E-14   1.7340458496190109E-14   1.7415844428495742E-14   1.7447184647544154E-14   1.7491230360801378E-14   1.7513253217429993E-14   1.7551369700056436E-14   1.7597109479208168E-14   1.7578474754368574E-14
 1.7597956512155423E-14   1.7594568380366406E-14   1.7612356072258746E-14   1.7631837830045598E-14   1.7608967940469729E-14   1.7646237390148918E-14   1.7636920027729124E-14   1.7642002225412650E-14   1.7633531895940107E-14   1.7648778488990684E-14   1.7615744204047766E-14
 1.7628449698256581E-14   1.7627602665309326E-14   1.7687742004564382E-14   1.7689436070458890E-14   1.7727552553085337E-14   1.7753810574450220E-14   1.7795315188865684E-14   1.7837666836228402E-14   1.7873242220013083E-14   1.7964721778316547E-14   1.8051966171883740E-14
 1.8191726608180697E-14   1.8287441331220433E-14   1.8454306821829530E-14   1.8603384620546284E-14   1.8872741097773148E-14   9.0848518757762217E-14   9.0985738095217439E-14   9.1076370620573636E-14   9.1190720068452992E-14   9.1250859407708085E-14   9.1310998746963141E-14
 9.1322857208224726E-14   9.1421960063053479E-14   9.1431277425473277E-14   9.1460923578627177E-14   9.1485487534097564E-14   9.1496498962411858E-14   9.1496498962411870E-14   9.1508357423673456E-14   9.1552403136930679E-14   9.1563414565244985E-14   9.1540544675669119E-14
 9.1558332367561459E-14   9.1560873466403248E-14   9.1542238741563628E-14   9.1550709071036183E-14   9.1604072146713217E-14   9.1591366652504390E-14   9.1604072146713217E-14   9.1591366652504402E-14   9.1614236542080269E-14   9.1641341596392419E-14   9.1643035662286915E-14
 9.1698939836805711E-14   9.1702327968594741E-14   9.1698092803858457E-14   9.1737056319432180E-14   9.1788725329214692E-14   9.1865805327414821E-14   9.1892910381726984E-14   9.1993707302450246E-14   9.2124150376327408E-14   9.2283392570411204E-14   9.2491762675435724E-14
 9.2692509483934955E-14   4.1436258856622343E-13   4.1452098372736009E-13   4.1462432174692506E-13   4.1465142680123720E-13   4.1477594064448373E-13   4.1478017580921995E-13   4.1486996130162896E-13   4.1488520789467954E-13   4.1490977185014996E-13   4.1495127646456542E-13
 4.1499193404603368E-13   4.1496398195877424E-13   4.1501395690266234E-13   4.1501141580382058E-13   4.1501649800150411E-13   4.1503513272634370E-13   4.1505715558297226E-13   4.1505122635234153E-13   4.1505546151707780E-13   4.1504529712171075E-13   4.1506562591244486E-13
 4.1509442503265150E-13   4.1509866019738777E-13   4.1507917843960092E-13   4.1510713052686037E-13   4.1510628349391311E-13   4.1512153008696369E-13   4.1510967162570218E-13   4.1511475382338566E-13   4.1514778810832867E-13   4.1516896393201008E-13   4.1522910327126509E-13
 4.1525197316084105E-13   4.1532142986251596E-13   4.1538834546534910E-13   4.1547558985891634E-13   4.1562382062468579E-13   4.1573562897372331E-13   4.1589317710191256E-13   4.1609900610809510E-13   1.7283537882143813E-12   1.7284444207397377E-12   1.7285037130460455E-12
 1.7286358501858170E-12   1.7286434734823425E-12   1.7287535877654853E-12   1.7287391882053820E-12   1.7288120330388463E-12   1.7288408321590531E-12   1.7288865719382049E-12   1.7289136769925168E-12   1.7288865719382047E-12   1.7288670901804180E-12   1.7289043596300970E-12
 1.7289390879809344E-12   1.7289077477618862E-12   1.7289229943549366E-12   1.7289069007289390E-12   1.7289035125971499E-12   1.7289069007289392E-12   1.7288984303994666E-12   1.7289128299595699E-12   1.7289179121572535E-12   1.7289433231456709E-12   1.7289551816069327E-12
 1.7289382409479876E-12   1.7289678871011419E-12   1.7289865218259815E-12   1.7289856747930340E-12   1.7289721222658783E-12   1.7290483552311312E-12   1.7290187090779775E-12   1.7291220470975428E-12   1.7291576224813272E-12   1.7291864216015337E-12   1.7292397846772111E-12
 1.7293770040146667E-12   1.7294532369799190E-12   1.7296395842283151E-12   1.7298377899379718E-12   6.6907547549908098E-12   6.6907979536711206E-12   6.6909224675143662E-12   6.6909682072935179E-12   6.6910029356443562E-12   6.6911037325650794E-12   6.6910876389390816E-12
 6.6911426960806539E-12   6.6911520134430737E-12   6.6911604837725463E-12   6.6912070705846452E-12   6.6912129998152776E-12   6.6912045294858043E-12   6.6911901299257034E-12   6.6912240112435919E-12   6.6912045294858051E-12   6.6912494222320096E-12   6.6912426459684332E-12
 6.6912189290459092E-12   6.6912655158580074E-12   6.6912968560770566E-12   6.6912324815730653E-12   6.6912451870672749E-12   6.6912858446487439E-12   6.6912646688250618E-12   6.6912951620111629E-12   6.6912917738793747E-12   6.6913010912417937E-12   6.6913112556371616E-12
 6.6913341255267374E-12   6.6913502191527361E-12   6.6913832534376790E-12   6.6913866415694688E-12   6.6914865914572456E-12   6.6915103083797687E-12   6.6915746828837601E-12   6.6916788679362732E-12   6.6918025347465699E-12   6.6919355189192880E-12   6.6920812085862149E-12
 2.4565821484169718E-11   2.4565949386144754E-11   2.4565997667022751E-11   2.4566076441086852E-11   2.4566098463943477E-11   2.4566161991414521E-11   2.4566224671852624E-11   2.4566230601083249E-11   2.4566242459544514E-11   2.4566267870532934E-11   2.4566298363719036E-11
 2.4566266176467037E-11   2.4566283117125988E-11   2.4566315304377981E-11   2.4566294975587247E-11   2.4566328856905137E-11   2.4566321233608615E-11   2.4566329703938087E-11   2.4566326315806298E-11   2.4566303445916719E-11   2.4566338174267556E-11   2.4566302598883775E-11
 2.4566343256465240E-11   2.4566283117125985E-11   2.4566344950531138E-11   2.4566333092069879E-11   2.4566319539542720E-11   2.4566309375147353E-11   2.4566339021300510E-11   2.4566349185695877E-11   2.4566331398003985E-11   2.4566377984816097E-11   2.4566394925475032E-11
 2.4566448288550712E-11   2.4566499110527548E-11   2.4566560096899747E-11   2.4566665128985206E-11   2.4566755761510563E-11   2.4566864181727808E-11   2.4567050528976201E-11   9.8701547562806400E-11   9.8701658524122503E-11   9.8701720357527652E-11   9.8701771179504488E-11
 9.8701834706975532E-11   9.8701839789173228E-11   9.8701919410270257E-11   9.8701909245874903E-11   9.8701909245874903E-11   9.8701954138621107E-11   9.8701987172906050E-11   9.8701983784774261E-11   9.8702009195762679E-11   9.8701983784774261E-11   9.8702028677520466E-11
 9.8701999031367312E-11   9.8701976161477723E-11   9.8701992255103734E-11   9.8702016819059217E-11   9.8701967691148276E-11   9.8702007501696784E-11   9.8702020207190993E-11   9.8702027830487519E-11   9.8702010889828574E-11   9.8702047312245318E-11   9.8702021901256901E-11
 9.8702017666092164E-11   9.8702049006311226E-11   9.8702021054223966E-11   9.8702082887629129E-11   9.8702071029167854E-11   9.8702099828288061E-11   9.8702132862573017E-11   9.8702172673121538E-11   9.8702215871801861E-11   9.8702313280590795E-11   9.8702354785205223E-11
 9.8702483534213219E-11   9.8702581790035100E-11   9.8702707997944203E-11   6.8950662528712420E-10   6.8950673031920997E-10   6.8950682772799880E-10   6.8950688278514037E-10   6.8950692937195258E-10   6.8950697511173173E-10   6.8950697765283057E-10   6.8950702000447824E-10
 6.8950707844975140E-10   6.8950704710953245E-10   6.8950710047260803E-10   6.8950708946117992E-10   6.8950710640183876E-10   6.8950710724887171E-10   6.8950708183788339E-10   6.8950710216667392E-10   6.8950712503656370E-10   6.8950711233106939E-10   6.8950711741326718E-10
 6.8950711910733307E-10   6.8950712334249781E-10   6.8950711826030013E-10   6.8950713520095907E-10   6.8950715383568401E-10   6.8950710470777287E-10   6.8950716061194769E-10   6.8950713096579444E-10   6.8950718941106780E-10   6.8950721058689158E-10   6.8950716992931022E-10
 6.8950723091568242E-10   6.8950722583348463E-10   6.8950724362117673E-10   6.8950727919656052E-10   6.8950733848886672E-10   6.8950741302776618E-10   6.8950744097985334E-10   6.8950750196622585E-10   6.8950766544358457E-10   6.8950774421764846E-10   1.3104552283471926E-08
 1.3104552361398958E-08   1.3104552437631922E-08   1.3104552473207306E-08   1.3104552475748405E-08   1.3104552593485986E-08   1.3104552574851261E-08   1.3104552618896974E-08   1.3104552634143567E-08   1.3104552656166429E-08   1.3104552670565986E-08   1.3104552678189284E-08
 1.3104552673954118E-08   1.3104552698518075E-08   1.3104552669718953E-08   1.3104552699365106E-08   1.3104552701906207E-08   1.3104552674801154E-08   1.3104552698518073E-08   1.3104552693435879E-08   1.3104552706141371E-08   1.3104552698518073E-08   1.3104552684118516E-08
 1.3104552676495218E-08   1.3104552693435877E-08   1.3104552707835439E-08   1.3104552688353683E-08   1.3104552734940493E-08   1.3104552697671043E-08   1.3104552693435880E-08   1.3104552761198514E-08   1.3104552756116320E-08   1.3104552793385770E-08   1.3104552798467969E-08
 1.3104552873006868E-08   1.3104552884018297E-08   1.3104552959404231E-08   1.3104552989897414E-08   1.3104553085612135E-08   1.3104553240619168E-08   3.0521284268203723E-07   3.0521284305557897E-07   3.0521284324616144E-07   3.0521284334865248E-07   3.0521284345453160E-07
 3.0521284354092896E-07   3.0521284358836280E-07   3.0521284362055011E-07   3.0521284358836280E-07   3.0521284366120769E-07   3.0521284367730132E-07   3.0521284370610044E-07   3.0521284374082879E-07   3.0521284371118263E-07   3.0521284374082879E-07   3.0521284372050000E-07
 3.0521284375353433E-07   3.0521284377725126E-07   3.0521284374845214E-07   3.0521284377555719E-07   3.0521284379758000E-07   3.0521284378656862E-07   3.0521284380520334E-07   3.0521284381197956E-07   3.0521284380689741E-07   3.0521284380859148E-07   3.0521284384162576E-07
 3.0521284382637917E-07   3.0521284383739065E-07   3.0521284387211900E-07   3.0521284386449576E-07   3.0521284390515334E-07   3.0521284394326977E-07   3.0521284394496389E-07   3.0521284392209394E-07   3.0521284393225829E-07   3.0521284389498884E-07   3.0521284387889516E-07
 3.0521284382299098E-07   3.0521284359259792E-07   2.9361904966331489E-06   2.9361904970405721E-06   2.9361904972133668E-06   2.9361904973099282E-06   2.9361904973675268E-06   2.9361904974166548E-06   2.9361904974285124E-06   2.9361904975072873E-06   2.9361904975877558E-06
 2.9361904976394244E-06   2.9361904976851646E-06   2.9361904977486925E-06   2.9361904977698683E-06   2.9361904978333962E-06   2.9361904979223351E-06   2.9361904979723096E-06   2.9361904980375316E-06   2.9361904981036010E-06   2.9361904981578111E-06   2.9361904981705166E-06
 2.9361904983043482E-06   2.9361904983475473E-06   2.9361904984026045E-06   2.9361904984881552E-06   2.9361904985322010E-06   2.9361904985711645E-06   2.9361904986245280E-06   2.9361904987414189E-06   2.9361904987736062E-06   2.9361904987981706E-06   2.9361904988752510E-06
 2.9361904989243793E-06   2.9361904989464022E-06   2.9361904989006620E-06   2.9361904989243785E-06   2.9361904989142132E-06   2.9361904987930871E-06   2.9361904986956779E-06   2.9361904983898965E-06   2.9361904976589032E-06   1.0278055216847730E-05   1.0278055215236641E-05
 1.0278055214749587E-05   1.0278055214278622E-05   1.0278055214027888E-05   1.0278055213847462E-05   1.0278055213784778E-05   1.0278055213711929E-05   1.0278055213690754E-05   1.0278055213670423E-05   1.0278055213722939E-05   1.0278055213718704E-05   1.0278055213771220E-05
 1.0278055213782233E-05   1.0278055213838136E-05   1.0278055213894042E-05   1.0278055213907594E-05   1.0278055213999075E-05   1.0278055214017710E-05   1.0278055214050744E-05   1.0278055214100721E-05   1.0278055214146462E-05   1.0278055214188812E-05   1.0278055214238791E-05
 1.0278055214304859E-05   1.0278055214319261E-05   1.0278055214379398E-05   1.0278055214414975E-05   1.0278055214452246E-05   1.0278055214492904E-05   1.0278055214519164E-05   1.0278055214537795E-05   1.0278055214608100E-05   1.0278055214649605E-05   1.0278055214695345E-05
 1.0278055214764798E-05   1.0278055214854584E-05   1.0278055215018906E-05   1.0278055215206941E-05   1.0278055215694823E-05
 2.0000019889733860E+00   2.0000019889681053E+00   2.0000019889633038E+00   2.0000019889592755E+00   2.0000019889563849E+00   2.0000019889544971E+00   2.0000019889533465E+00   2.0000019889526754E+00   2.0000019889523126E+00   2.0000019889521323E+00   2.0000019889520728E+00
 2.0000019889520728E+00   2.0000019889521172E+00   2.0000019889521763E+00   2.0000019889522433E+00   2.0000019889523180E+00   2.0000019889523828E+00   2.0000019889524503E+00   2.0000019889525009E+00   2.0000019889525400E+00   2.0000019889525675E+00   2.0000019889525746E+00
 2.0000019889525684E+00   2.0000019889525391E+00   2.0000019889524960E+00   2.0000019889524290E+00   2.0000019889523464E+00   2.0000019889522478E+00   2.0000019889521430E+00   2.0000019889520346E+00   2.0000019889519312E+00   2.0000019889518348E+00   2.0000019889517664E+00
 2.0000019889517175E+00   2.0000019889517020E+00   2.0000019889517140E+00   2.0000019889517642E+00   2.0000019889518375E+00   2.0000019889519582E+00   2.0000019889523486E+00   2.0000017167678945E+00   2.0000017167672426E+00   2.0000017167668127E+00   2.0000017167663633E+00
 2.0000017167659085E+00   2.0000017167654711E+00   2.0000017167650603E+00   2.0000017167646793E+00   2.0000017167643342E+00   2.0000017167640296E+00   2.0000017167637663E+00   2.0000017167635344E+00   2.0000017167633435E+00   2.0000017167631854E+00   2.0000017167630522E+00
 2.0000017167629447E+00   2.0000017167628634E+00   2.0000017167627915E+00   2.0000017167627324E+00   2.0000017167626809E+00   2.0000017167626405E+00   2.0000017167625948E+00   2.0000017167625495E+00   2.0000017167624971E+00   2.0000017167624407E+00   2.0000017167623723E+00
 2.0000017167622950E+00   2.0000017167622111E+00   2.0000017167621169E+00   2.0000017167620121E+00   2.0000017167619082E+00   2.0000017167618003E+00   2.0000017167616977E+00   2.0000017167615960E+00   2.0000017167615027E+00   2.0000017167614121E+00   2.0000017167613167E+00
 2.0000017167612305E+00   2.0000017167611435E+00   2.0000017167610338E+00   2.0000003219664846E+00   2.0000003219662075E+00   2.0000003219660485E+00   2.0000003219658895E+00   2.0000003219657358E+00   2.0000003219655831E+00   2.0000003219654441E+00   2.0000003219653073E+00
 2.0000003219651883E+00   2.0000003219650697E+00   2.0000003219649605E+00   2.0000003219648663E+00   2.0000003219647740E+00   2.0000003219646914E+00   2.0000003219646221E+00   2.0000003219645572E+00   2.0000003219644951E+00   2.0000003219644453E+00   2.0000003219643934E+00
 2.0000003219643485E+00   2.0000003219643050E+00   2.0000003219642633E+00   2.0000003219642206E+00   2.0000003219641727E+00   2.0000003219641158E+00   2.0000003219640687E+00   2.0000003219640075E+00   2.0000003219639417E+00   2.0000003219638658E+00   2.0000003219637956E+00
 2.0000003219637179E+00   2.0000003219636313E+00   2.0000003219635443E+00   2.0000003219634652E+00   2.0000003219633791E+00   2.0000003219632938E+00   2.0000003219632072E+00   2.0000003219631237E+00   2.0000003219630362E+00   2.0000003219629132E+00   2.0000000179918249E+00
 2.0000000179916531E+00   2.0000000179915571E+00   2.0000000179914625E+00   2.0000000179913764E+00   2.0000000179912973E+00   2.0000000179912210E+00   2.0000000179911570E+00   2.0000000179910926E+00   2.0000000179910371E+00   2.0000000179909865E+00   2.0000000179909430E+00
 2.0000000179908977E+00   2.0000000179908586E+00   2.0000000179908222E+00   2.0000000179907849E+00   2.0000000179907556E+00   2.0000000179907262E+00   2.0000000179906978E+00   2.0000000179906694E+00   2.0000000179906472E+00   2.0000000179906161E+00   2.0000000179905841E+00
 2.0000000179905539E+00   2.0000000179905202E+00   2.0000000179904838E+00   2.0000000179904451E+00   2.0000000179903985E+00   2.0000000179903523E+00   2.0000000179902955E+00   2.0000000179902413E+00   2.0000000179901858E+00   2.0000000179901258E+00   2.0000000179900708E+00
 2.0000000179900113E+00   2.0000000179899531E+00   2.0000000179899002E+00   2.0000000179898407E+00   2.0000000179897812E+00   2.0000000179897137E+00   2.0000000007349596E+00   2.0000000007348522E+00   2.0000000007347900E+00   2.0000000007347314E+00   2.0000000007346790E+00
 2.0000000007346328E+00   2.0000000007345919E+00   2.0000000007345538E+00   2.0000000007345156E+00   2.0000000007344849E+00   2.0000000007344578E+00   2.0000000007344312E+00   2.0000000007344099E+00   2.0000000007343885E+00   2.0000000007343699E+00   2.0000000007343512E+00
 2.0000000007343370E+00   2.0000000007343193E+00   2.0000000007343042E+00   2.0000000007342864E+00   2.0000000007342695E+00   2.0000000007342544E+00   2.0000000007342349E+00   2.0000000007342162E+00   2.0000000007341940E+00   2.0000000007341683E+00   2.0000000007341407E+00
 2.0000000007341097E+00   2.0000000007340777E+00   2.0000000007340439E+00   2.0000000007340049E+00   2.0000000007339658E+00   2.0000000007339285E+00   2.0000000007338876E+00   2.0000000007338459E+00   2.0000000007338037E+00   2.0000000007337646E+00   2.0000000007337211E+00
 2.0000000007336807E+00   2.0000000007336256E+00   2.0000000001217844E+00   2.0000000001217195E+00   2.0000000001216813E+00   2.0000000001216418E+00   2.0000000001216072E+00   2.0000000001215774E+00   2.0000000001215517E+00   2.0000000001215255E+00   2.0000000001215059E+00
 2.0000000001214877E+00   2.0000000001214704E+00   2.0000000001214548E+00   2.0000000001214424E+00   2.0000000001214300E+00   2.0000000001214184E+00   2.0000000001214087E+00   2.0000000001213971E+00   2.0000000001213927E+00   2.0000000001213811E+00   2.0000000001213705E+00
 2.0000000001213625E+00   2.0000000001213500E+00   2.0000000001213412E+00   2.0000000001213274E+00   2.0000000001213163E+00   2.0000000001212941E+00   2.0000000001212790E+00   2.0000000001212594E+00   2.0000000001212364E+00   2.0000000001212106E+00   2.0000000001211857E+00
 2.0000000001211578E+00   2.0000000001211311E+00   2.0000000001211049E+00   2.0000000001210738E+00   2.0000000001210405E+00   2.0000000001210099E+00   2.0000000001209806E+00   2.0000000001209468E+00   2.0000000001209073E+00   2.0000000000382592E+00   2.0000000000382157E+00
 2.0000000000381863E+00   2.0000000000381615E+00   2.0000000000381393E+00   2.0000000000381180E+00   2.0000000000380975E+00   2.0000000000380833E+00   2.0000000000380727E+00   2.0000000000380580E+00   2.0000000000380442E+00   2.0000000000380345E+00   2.0000000000380282E+00
 2.0000000000380203E+00   2.0000000000380167E+00   2.0000000000380083E+00   2.0000000000380043E+00   2.0000000000379980E+00   2.0000000000379945E+00   2.0000000000379883E+00   2.0000000000379830E+00   2.0000000000379767E+00   2.0000000000379696E+00   2.0000000000379599E+00
 2.0000000000379492E+00   2.0000000000379368E+00   2.0000000000379279E+00   2.0000000000379092E+00   2.0000000000378928E+00   2.0000000000378773E+00   2.0000000000378604E+00   2.0000000000378417E+00   2.0000000000378151E+00   2.0000000000377973E+00   2.0000000000377769E+00
 2.0000000000377529E+00   2.0000000000377294E+00   2.0000000000377058E+00   2.0000000000376819E+00   2.0000000000376534E+00   2.0000000000117835E+00   2.0000000000117533E+00   2.0000000000117319E+00   2.0000000000117186E+00   2.0000000000117044E+00   2.0000000000116893E+00
 2.0000000000116724E+00   2.0000000000116627E+00   2.0000000000116565E+00   2.0000000000116471E+00   2.0000000000116387E+00   2.0000000000116320E+00   2.0000000000116280E+00   2.0000000000116245E+00   2.0000000000116192E+00   2.0000000000116160E+00   2.0000000000116080E+00
 2.0000000000116058E+00   2.0000000000116049E+00   2.0000000000116005E+00   2.0000000000115969E+00   2.0000000000115912E+00   2.0000000000115854E+00   2.0000000000115792E+00   2.0000000000115712E+00   2.0000000000115667E+00   2.0000000000115588E+00   2.0000000000115472E+00
 2.0000000000115348E+00   2.0000000000115241E+00   2.0000000000115072E+00   2.0000000000114957E+00   2.0000000000114788E+00   2.0000000000114637E+00   2.0000000000114477E+00   2.0000000000114300E+00   2.0000000000114087E+00   2.0000000000113953E+00   2.0000000000113749E+00
 2.0000000000113562E+00   2.0000000000033866E+00   2.0000000000033680E+00   2.0000000000033555E+00   2.0000000000033413E+00   2.0000000000033276E+00   2.0000000000033182E+00   2.0000000000033094E+00   2.0000000000033031E+00   2.0000000000032951E+00   2.0000000000032898E+00
 2.0000000000032854E+00   2.0000000000032832E+00   2.0000000000032756E+00   2.0000000000032712E+00   2.0000000000032703E+00   2.0000000000032703E+00   2.0000000000032636E+00   2.0000000000032605E+00   2.0000000000032587E+00   2.0000000000032570E+00   2.0000000000032543E+00
 2.0000000000032490E+00   2.0000000000032472E+00   2.0000000000032410E+00   2.0000000000032365E+00   2.0000000000032334E+00   2.0000000000032276E+00   2.0000000000032214E+00   2.0000000000032090E+00   2.0000000000032001E+00   2.0000000000031921E+00   2.0000000000031823E+00
 2.0000000000031726E+00   2.0000000000031575E+00   2.0000000000031450E+00   2.0000000000031282E+00   2.0000000000031157E+00   2.0000000000031024E+00   2.0000000000030882E+00   2.0000000000030744E+00   2.0000000000009495E+00   2.0000000000009326E+00   2.0000000000009224E+00
 2.0000000000009148E+00   2.0000000000009033E+00   2.0000000000008988E+00   2.0000000000008900E+00   2.0000000000008873E+00   2.0000000000008811E+00   2.0000000000008740E+00   2.0000000000008722E+00   2.0000000000008695E+00   2.0000000000008695E+00   2.0000000000008660E+00
 2.0000000000008633E+00   2.0000000000008606E+00   2.0000000000008598E+00   2.0000000000008593E+00   2.0000000000008580E+00   2.0000000000008535E+00   2.0000000000008500E+00   2.0000000000008482E+00   2.0000000000008469E+00   2.0000000000008447E+00   2.0000000000008438E+00
 2.0000000000008340E+00   2.0000000000008309E+00   2.0000000000008251E+00   2.0000000000008198E+00   2.0000000000008118E+00   2.0000000000008047E+00   2.0000000000008002E+00   2.0000000000007905E+00   2.0000000000007798E+00   2.0000000000007634E+00   2.0000000000007518E+00
 2.0000000000007425E+00   2.0000000000007319E+00   2.0000000000007208E+00   2.0000000000007061E+00   2.0000000000002891E+00   2.0000000000002807E+00   2.0000000000002744E+00   2.0000000000002682E+00   2.0000000000002593E+00   2.0000000000002593E+00   2.0000000000002505E+00
 2.0000000000002451E+00   2.0000000000002442E+00   2.0000000000002407E+00   2.0000000000002380E+00   2.0000000000002336E+00   2.0000000000002323E+00   2.0000000000002300E+00   2.0000000000002283E+00   2.0000000000002300E+00   2.0000000000002292E+00   2.0000000000002265E+00
 2.0000000000002247E+00   2.0000000000002234E+00   2.0000000000002207E+00   2.0000000000002203E+00   2.0000000000002180E+00   2.0000000000002158E+00   2.0000000000002149E+00   2.0000000000002114E+00   2.0000000000002074E+00   2.0000000000002043E+00   2.0000000000001981E+00
 2.0000000000001941E+00   2.0000000000001839E+00   2.0000000000001794E+00   2.0000000000001719E+00   2.0000000000001594E+00   2.0000000000001457E+00   2.0000000000001377E+00   2.0000000000001297E+00   2.0000000000001252E+00   2.0000000000001168E+00   2.0000000000001021E+00
 2.0000000000001243E+00   2.0000000000001155E+00   2.0000000000001110E+00   2.0000000000001039E+00   2.0000000000000986E+00   2.0000000000000959E+00   2.0000000000000919E+00   2.0000000000000897E+00   2.0000000000000853E+00   2.0000000000000844E+00   2.0000000000000799E+00
 2.0000000000000826E+00   2.0000000000000808E+00   2.0000000000000768E+00   2.0000000000000759E+00   2.0000000000000759E+00   2.0000000000000764E+00   2.0000000000000737E+00   2.0000000000000755E+00   2.0000000000000728E+00   2.0000000000000719E+00   2.0000000000000711E+00
 2.0000000000000711E+00   2.0000000000000688E+00   2.0000000000000662E+00   2.0000000000000653E+00   2.0000000000000622E+00   2.0000000000000586E+00   2.0000000000000506E+00   2.0000000000000444E+00   2.0000000000000382E+00   2.0000000000000338E+00   2.0000000000000240E+00
 2.0000000000000124E+00   2.0000000000000062E+00   1.9999999999999973E+00   1.9999999999999938E+00   1.9999999999999849E+00   1.9999999999999800E+00   1.9999999999999774E+00   2.0000000000000773E+00   2.0000000000000719E+00   2.0000000000000666E+00   2.0000000000000622E+00
 2.0000000000000586E+00   2.0000000000000542E+00   2.0000000000000528E+00   2.0000000000000515E+00   2.0000000000000480E+00   2.0000000000000471E+00   2.0000000000000453E+00   2.0000000000000435E+00   2.0000000000000426E+00   2.0000000000000426E+00   2.0000000000000426E+00
 2.0000000000000409E+00   2.0000000000000417E+00   2.0000000000000417E+00   2.0000000000000417E+00   2.0000000000000413E+00   2.0000000000000409E+00   2.0000000000000409E+00   2.0000000000000400E+00   2.0000000000000382E+00   2.0000000000000373E+00   2.0000000000000302E+00
 2.0000000000000240E+00   2.0000000000000195E+00   2.0000000000000151E+00   2.0000000000000115E+00   2.0000000000000089E+00   2.0000000000000044E+00   1.9999999999999942E+00   1.9999999999999862E+00   1.9999999999999845E+00   1.9999999999999765E+00   1.9999999999999742E+00
 1.9999999999999716E+00   1.9999999999999654E+00   1.9999999999999596E+00   2.0000000000000542E+00   2.0000000000000520E+00   2.0000000000000493E+00   2.0000000000000480E+00   2.0000000000000440E+00   2.0000000000000444E+00   2.0000000000000431E+00   2.0000000000000422E+00
 2.0000000000000395E+00   2.0000000000000377E+00   2.0000000000000382E+00   2.0000000000000373E+00   2.0000000000000382E+00   2.0000000000000382E+00   2.0000000000000382E+00   2.0000000000000373E+00   2.0000000000000355E+00   2.0000000000000338E+00   2.0000000000000329E+00
 2.0000000000000329E+00   2.0000000000000320E+00   2.0000000000000329E+00   2.0000000000000320E+00   2.0000000000000240E+00   2.0000000000000195E+00   2.0000000000000169E+00   2.0000000000000142E+00   2.0000000000000115E+00   2.0000000000000089E+00   2.0000000000000053E+00
 2.0000000000000018E+00   1.9999999999999996E+00   1.9999999999999969E+00   1.9999999999999898E+00   1.9999999999999800E+00   1.9999999999999747E+00   1.9999999999999805E+00   1.9999999999999769E+00   1.9999999999999711E+00   1.9999999999999640E+00   2.0000000000000515E+00
 2.0000000000000493E+00   2.0000000000000471E+00   2.0000000000000493E+00   2.0000000000000462E+00   2.0000000000000462E+00   2.0000000000000426E+00   2.0000000000000417E+00   2.0000000000000391E+00   2.0000000000000391E+00   2.0000000000000364E+00   2.0000000000000355E+00
 2.0000000000000329E+00   2.0000000000000302E+00   2.0000000000000293E+00   2.0000000000000284E+00   2.0000000000000284E+00   2.0000000000000293E+00   2.0000000000000293E+00   2.0000000000000293E+00   2.0000000000000302E+00   2.0000000000000240E+00   2.0000000000000204E+00
 2.0000000000000178E+00   2.0000000000000142E+00   2.0000000000000124E+00   2.0000000000000098E+00   2.0000000000000062E+00   2.0000000000000044E+00   2.0000000000000009E+00   1.9999999999999996E+00   1.9999999999999960E+00   1.9999999999999947E+00   1.9999999999999996E+00
 1.9999999999999942E+00   1.9999999999999787E+00   1.9999999999999871E+00   1.9999999999999827E+00   1.9999999999999667E+00   1.9999999999999711E+00   2.0000000000000506E+00   2.0000000000000462E+00   2.0000000000000497E+00   2.0000000000000488E+00   2.0000000000000480E+00
 2.0000000000000444E+00   2.0000000000000417E+00   2.0000000000000382E+00   2.0000000000000355E+00   2.0000000000000320E+00   2.0000000000000284E+00   2.0000000000000266E+00   2.0000000000000258E+00   2.0000000000000258E+00   2.0000000000000249E+00   2.0000000000000258E+00
 2.0000000000000258E+00   2.0000000000000258E+00   2.0000000000000266E+00   2.0000000000000258E+00   2.0000000000000213E+00   2.0000000000000178E+00   2.0000000000000133E+00   2.0000000000000107E+00   2.0000000000000089E+00   2.0000000000000053E+00   2.0000000000000027E+00
 2.0000000000000000E+00   2.0000000000000000E+00   1.9999999999999996E+00   1.9999999999999996E+00   1.9999999999999996E+00   1.9999999999999996E+00   1.9999999999999996E+00   1.9999999999999996E+00   1.9999999999999862E+00   1.9999999999999960E+00   1.9999999999999782E+00
 1.9999999999999849E+00   1.9999999999999774E+00   2.0000000000000497E+00   2.0000000000000515E+00   2.0000000000000480E+00   2.0000000000000435E+00   2.0000000000000409E+00   2.0000000000000382E+00   2.0000000000000338E+00   2.0000000000000320E+00   2.0000000000000258E+00
 2.0000000000000258E+00   2.0000000000000249E+00   2.0000000000000240E+00   2.0000000000000222E+00   2.0000000000000222E+00   2.0000000000000213E+00   2.0000000000000213E+00   2.0000000000000222E+00   2.0000000000000213E+00   2.0000000000000213E+00   2.0000000000000187E+00
 2.0000000000000142E+00   2.0000000000000107E+00   2.0000000000000062E+00   2.0000000000000044E+00   2.0000000000000009E+00   2.0000000000000000E+00   2.0000000000000000E+00   2.0000000000000000E+00   2.0000000000000000E+00   1.9999999999999996E+00   1.9999999999999996E+00
 1.9999999999999996E+00   1.9999999999999996E+00   1.9999999999999996E+00   1.9999999999999996E+00   1.9999999999999996E+00   1.9999999999999996E+00   1.9999999999999996E+00   1.9999999999999929E+00   1.9999999999999885E+00   2.0000000000000391E+00   2.0000000000000373E+00
 2.0000000000000346E+00   2.0000000000000329E+00   2.0000000000000302E+00   2.0000000000000284E+00   2.0000000000000275E+00   2.0000000000000258E+00   2.0000000000000240E+00   2.0000000000000231E+00   2.0000000000000222E+00   2.0000000000000222E+00   2.0000000000000204E+00
 2.0000000000000204E+00   2.0000000000000195E+00   2.0000000000000178E+00   2.0000000000000178E+00   2.0000000000000178E+00   2.0000000000000169E+00   2.0000000000000142E+00   2.0000000000000071E+00   2.0000000000000036E+00   2.0000000000000000E+00   2.0000000000000000E+00
 2.0000000000000000E+00   2.0000000000000000E+00   2.0000000000000000E+00   2.0000000000000000E+00   2.0000000000000000E+00   2.0000000000000000E+00   1.9999999999999996E+00   1.9999999999999996E+00   1.9999999999999996E+00   1.9999999999999996E+00   1.9999999999999996E+00
 1.9999999999999996E+00   1.9999999999999996E+00   1.9999999999999996E+00   1.9999999999999836E+00   1.9999999999999867E+00   2.0000000000000382E+00   2.0000000000000346E+00   2.0000000000000320E+00   2.0000000000000302E+00   2.0000000000000284E+00   2.0000000000000266E+00
 2.0000000000000258E+00   2.0000000000000240E+00   2.0000000000000231E+00   2.0000000000000213E+00   2.0000000000000204E+00   2.0000000000000195E+00   2.0000000000000178E+00   2.0000000000000169E+00   2.0000000000000151E+00   2.0000000000000151E+00   2.0000000000000142E+00
 2.0000000000000133E+00   2.0000000000000098E+00   2.0000000000000071E+00   2.0000000000000027E+00   2.0000000000000000E+00   2.0000000000000000E+00   2.0000000000000000E+00   2.0000000000000000E+00   2.0000000000000000E+00   2.0000000000000000E+00   2.0000000000000000E+00
 2.0000000000000000E+00   2.0000000000000000E+00   2.0000000000000000E+00   2.0000000000000000E+00   1.9999999999999996E+00   1.9999999999999996E+00   1.9999999999999996E+00   1.9999999999999996E+00   1.9999999999999996E+00   1.9999999999999996E+00   1.9999999999999996E+00
 1.9999999999999898E+00   2.0000000000000355E+00   2.0000000000000320E+00   2.0000000000000311E+00   2.0000000000000284E+00   2.0000000000000275E+00   2.0000000000000249E+00   2.0000000000000231E+00   2.0000000000000222E+00   2.0000000000000204E+00   2.0000000000000187E+00
 2.0000000000000178E+00   2.0000000000000178E+00   2.0000000000000160E+00   2.0000000000000142E+00   2.0000000000000133E+00   2.0000000000000124E+00   2.0000000000000098E+00   2.0000000000000080E+00   2.0000000000000053E+00   2.0000000000000000E+00   2.0000000000000000E+00
 2.0000000000000000E+00   2.0000000000000000E+00   2.0000000000000000E+00   2.0000000000000000E+00   2.0000000000000000E+00   2.0000000000000000E+00   2.0000000000000000E+00   2.0000000000000000E+00   2.0000000000000000E+00   2.0000000000000000E+00   2.0000000000000000E+00
 2.0000000000000000E+00   2.0000000000000000E+00   1.9999999999999996E+00   1.9999999999999996E+00   1.9999999999999996E+00   1.9999999999999996E+00   1.9999999999999996E+00   1.9999999999999982E+00   2.0000000000000355E+00   2.0000000000000311E+00   2.0000000000000293E+00
 2.0000000000000266E+00   2.0000000000000249E+00   2.0000000000000231E+00   2.0000000000000213E+00   2.0000000000000195E+00   2.0000000000000187E+00   2.0000000000000169E+00   2.0000000000000160E+00   2.0000000000000133E+00   2.0000000000000124E+00   2.0000000000000115E+00
 2.0000000000000098E+00   2.0000000000000080E+00   2.0000000000000062E+00   2.0000000000000027E+00   2.0000000000000000E+00   2.0000000000000000E+00   2.0000000000000000E+00   2.0000000000000009E+00   2.0000000000000000E+00   2.0000000000000000E+00   2.0000000000000000E+00
 2.0000000000000000E+00   2.0000000000000000E+00   2.0000000000000000E+00   2.0000000000000000E+00   2.0000000000000000E+00   2.0000000000000000E+00   2.0000000000000000E+00   2.0000000000000000E+00   2.0000000000000000E+00   2.0000000000000000E+00   1.9999999999999996E+00
 1.9999999999999996E+00   1.9999999999999996E+00   1.9999999999999996E+00   1.9999999999999996E+00   2.0000000000000329E+00   2.0000000000000293E+00   2.0000000000000266E+00   2.0000000000000249E+00   2.0000000000000222E+00   2.0000000000000213E+00   2.0000000000000195E+00
 2.0000000000000178E+00   2.0000000000000160E+00   2.0000000000000151E+00   2.0000000000000124E+00   2.0000000000000115E+00   2.0000000000000098E+00   2.0000000000000080E+00   2.0000000000000053E+00   2.0000000000000036E+00   2.0000000000000027E+00   2.0000000000000000E+00
 2.0000000000000000E+00   2.0000000000000000E+00   2.0000000000000000E+00   2.0000000000000000E+00   2.0000000000000000E+00   2.0000000000000000E+00   2.0000000000000000E+00   2.0000000000000000E+00   2.0000000000000000E+00   2.0000000000000000E+00   2.0000000000000000E+00
 2.0000000000000000E+00   2.0000000000000000E+00   2.0000000000000000E+00   2.0000000000000000E+00   2.0000000000000000E+00   2.0000000000000000E+00   2.0000000000000000E+00   1.9999999999999996E+00   1.9999999999999996E+00   1.9999999999999996E+00   1.9999999999999996E+00
 2.0000000000000311E+00   2.0000000000000266E+00   2.0000000000000249E+00   2.0000000000000231E+00   2.0000000000000204E+00   2.0000000000000187E+00   2.0000000000000169E+00   2.0000000000000160E+00   2.0000000000000133E+00   2.0000000000000124E+00   2.0000000000000098E+00
 2.0000000000000089E+00   2.0000000000000071E+00   2.0000000000000044E+00   2.0000000000000027E+00   2.0000000000000000E+00   2.0000000000000000E+00   2.0000000000000000E+00   2.0000000000000000E+00   2.0000000000000000E+00   2.0000000000000000E+00   2.0000000000000000E+00
 2.0000000000000000E+00   2.0000000000000000E+00   2.0000000000000000E+00   2.0000000000000000E+00   2.0000000000000000E+00   2.0000000000000000E+00   2.0000000000000000E+00   2.0000000000000000E+00   2.0000000000000000E+00   2.0000000000000000E+00   2.0000000000000000E+00
 2.0000000000000000E+00   2.0000000000000000E+00   2.0000000000000000E+00   2.0000000000000000E+00   1.9999999999999996E+00   1.9999999999999996E+00   1.9999999999999996E+00   2.0000000000000293E+00   2.0000000000000249E+00   2.0000000000000222E+00   2.0000000000000204E+00
 2.0000000000000178E+00   2.0000000000000160E+00   2.0000000000000142E+00   2.0000000000000124E+00   2.0000000000000107E+00   2.0000000000000089E+00   2.0000000000000062E+00   2.0000000000000044E+00   2.0000000000000018E+00   2.0000000000000000E+00   2.0000000000000000E+00
 2.0000000000000000E+00   2.0000000000000000E+00   2.0000000000000000E+00   2.0000000000000000E+00   2.0000000000000000E+00   2.0000000000000000E+00   2.0000000000000000E+00   2.0000000000000000E+00   2.0000000000000000E+00   2.0000000000000000E+00   2.0000000000000000E+00
 2.0000000000000000E+00   2.0000000000000000E+00   2.0000000000000000E+00   2.0000000000000000E+00   2.0000000000000000E+00   2.0000000000000000E+00   2.0000000000000000E+00   2.0000000000000000E+00   2.0000000000000000E+00   2.0000000000000000E+00   2.0000000000000000E+00
 2.0000000000000000E+00   1.9999999999999996E+00   1.9999999999999996E+00   2.0000000000000222E+00   2.0000000000000222E+00   2.0000000000000195E+00   2.0000000000000178E+00   2.0000000000000151E+00   2.0000000000000133E+00   2.0000000000000107E+00   2.0000000000000098E+00
 2.0000000000000080E+00   2.0000000000000053E+00   2.0000000000000027E+00   2.0000000000000009E+00   2.0000000000000000E+00   2.0000000000000000E+00   2.0000000000000000E+00   2.0000000000000000E+00   2.0000000000000000E+00   2.0000000000000000E+00   2.0000000000000000E+00
 2.0000000000000000E+00   2.0000000000000000E+00   2.0000000000000000E+00   2.0000000000000000E+00   2.0000000000000000E+00   2.0000000000000000E+00   2.0000000000000000E+00   2.0000000000000000E+00   2.0000000000000000E+00   2.0000000000000000E+00   2.0000000000000000E+00
 2.0000000000000000E+00   2.0000000000000000E+00   2.0000000000000000E+00   2.0000000000000000E+00   2.0000000000000000E+00   2.0000000000000000E+00   2.0000000000000000E+00   2.0000000000000000E+00   1.9999999999999996E+00   1.9999999999999996E+00   2.0000000000000133E+00
 2.0000000000000142E+00   2.0000000000000142E+00   2.0000000000000133E+00   2.0000000000000089E+00   2.0000000000000080E+00   2.0000000000000071E+00   2.0000000000000036E+00   2.0000000000000000E+00   2.0000000000000000E+00   2.0000000000000000E+00   2.0000000000000000E+00
 2.0000000000000000E+00   2.0000000000000000E+00   2.0000000000000000E+00   2.0000000000000000E+00   2.0000000000000000E+00   2.0000000000000000E+00   2.0000000000000000E+00   2.0000000000000000E+00   2.0000000000000000E+00   2.0000000000000000E+00   2.0000000000000000E+00
 2.0000000000000000E+00   2.0000000000000000E+00   2.0000000000000000E+00   2.0000000000000000E+00   2.0000000000000000E+00   2.0000000000000000E+00   2.0000000000000000E+00   2.0000000000000000E+00   2.0000000000000000E+00   2.0000000000000000E+00   2.0000000000000000E+00
 2.0000000000000000E+00   2.0000000000000000E+00   2.0000000000000000E+00   2.0000000000000000E+00   2.0000000000000000E+00   1.9999999999999996E+00   2.0000000000000062E+00   2.0000000000000053E+00   2.0000000000000027E+00   2.0000000000000000E+00   2.0000000000000000E+00
 2.0000000000000000E+00   2.0000000000000000E+00   2.0000000000000000E+00   2.0000000000000000E+00   2.0000000000000000E+00   2.0000000000000000E+00   2.0000000000000000E+00   2.0000000000000000E+00   2.0000000000000000E+00   2.0000000000000000E+00   2.0000000000000000E+00
 2.0000000000000000E+00   2.0000000000000000E+00   2.0000000000000000E+00   2.0000000000000000E+00   2.0000000000000000E+00   2.0000000000000000E+00   1.9999999999999996E+00   1.9999999999999996E+00   1.9999999999999996E+00   1.9999999999999996E+00   1.9999999999999996E+00
 1.9999999999999996E+00   1.9999999999999996E+00   1.9999999999999996E+00   1.9999999999999996E+00   1.9999999999999996E+00   1.9999999999999996E+00   1.9999999999999996E+00   1.9999999999999996E+00   1.9999999999999996E+00   1.9999999999999996E+00   1.9999999999999996E+00
 1.9999999999999996E+00   1.9999999999999996E+00   1.9999999999999960E+00   1.9999999999999960E+00   1.9999999999999956E+00   1.9999999999999960E+00   1.9999999999999960E+00   1.9999999999999960E+00   1.9999999999999960E+00   1.9999999999999951E+00   1.9999999999999951E+00
 1.9999999999999951E+00   1.9999999999999951E+00   1.9999999999999951E+00   1.9999999999999951E+00   1.9999999999999951E+00   1.9999999999999951E+00   1.9999999999999951E+00   1.9999999999999956E+00   1.9999999999999956E+00   1.9999999999999956E+00   1.9999999999999947E+00
 1.9999999999999947E+00   1.9999999999999947E+00   1.9999999999999947E+00   1.9999999999999947E+00   1.9999999999999947E+00   1.9999999999999938E+00   1.9999999999999942E+00   1.9999999999999938E+00   1.9999999999999942E+00   1.9999999999999942E+00   1.9999999999999938E+00
 1.9999999999999929E+00   1.9999999999999929E+00   1.9999999999999933E+00   1.9999999999999929E+00   1.9999999999999929E+00   1.9999999999999925E+00   1.9999999999999933E+00   1.9999999999999938E+00   1.9999999999999933E+00   1.9999999999999596E+00   1.9999999999999600E+00
 1.9999999999999600E+00   1.9999999999999591E+00   1.9999999999999591E+00   1.9999999999999596E+00   1.9999999999999591E+00   1.9999999999999596E+00   1.9999999999999578E+00   1.9999999999999583E+00   1.9999999999999583E+00   1.9999999999999583E+00   1.9999999999999578E+00
 1.9999999999999583E+00   1.9999999999999578E+00   1.9999999999999583E+00   1.9999999999999578E+00   1.9999999999999578E+00   1.9999999999999578E+00   1.9999999999999569E+00   1.9999999999999569E+00   1.9999999999999556E+00   1.9999999999999547E+00   1.9999999999999547E+00
 1.9999999999999543E+00   1.9999999999999543E+00   1.9999999999999543E+00   1.9999999999999543E+00   1.9999999999999551E+00   1.9999999999999551E+00   1.9999999999999551E+00   1.9999999999999565E+00   1.9999999999999565E+00   1.9999999999999556E+00   1.9999999999999556E+00
 1.9999999999999551E+00   1.9999999999999543E+00   1.9999999999999543E+00   1.9999999999999543E+00   1.9999999999999551E+00   1.9999999999997899E+00   1.9999999999997886E+00   1.9999999999997868E+00   1.9999999999997891E+00   1.9999999999997877E+00   1.9999999999997877E+00
 1.9999999999997891E+00   1.9999999999997899E+00   1.9999999999997891E+00   1.9999999999997882E+00   1.9999999999997891E+00   1.9999999999997882E+00   1.9999999999997873E+00   1.9999999999997873E+00   1.9999999999997882E+00   1.9999999999997873E+00   1.9999999999997873E+00
 1.9999999999997873E+00   1.9999999999997895E+00   1.9999999999997873E+00   1.9999999999997864E+00   1.9999999999997882E+00   1.9999999999997873E+00   1.9999999999997873E+00   1.9999999999997873E+00   1.9999999999997873E+00   1.9999999999997855E+00   1.9999999999997873E+00
 1.9999999999997846E+00   1.9999999999997837E+00   1.9999999999997846E+00   1.9999999999997855E+00   1.9999999999997846E+00   1.9999999999997828E+00   1.9999999999997846E+00   1.9999999999997846E+00   1.9999999999997846E+00   1.9999999999997828E+00   1.9999999999997837E+00
 1.9999999999997828E+00   1.9999999999990767E+00   1.9999999999990776E+00   1.9999999999990767E+00   1.9999999999990767E+00   1.9999999999990785E+00   1.9999999999990790E+00   1.9999999999990772E+00   1.9999999999990781E+00   1.9999999999990767E+00   1.9999999999990776E+00
 1.9999999999990759E+00   1.9999999999990759E+00   1.9999999999990745E+00   1.9999999999990745E+00   1.9999999999990736E+00   1.9999999999990736E+00   1.9999999999990732E+00   1.9999999999990736E+00   1.9999999999990732E+00   1.9999999999990727E+00   1.9999999999990732E+00
 1.9999999999990732E+00   1.9999999999990723E+00   1.9999999999990732E+00   1.9999999999990727E+00   1.9999999999990727E+00   1.9999999999990727E+00   1.9999999999990736E+00   1.9999999999990719E+00   1.9999999999990723E+00   1.9999999999990741E+00   1.9999999999990732E+00
 1.9999999999990732E+00   1.9999999999990741E+00   1.9999999999990732E+00   1.9999999999990750E+00   1.9999999999990736E+00   1.9999999999990723E+00   1.9999999999990719E+00   1.9999999999990714E+00   1.9999999999963456E+00   1.9999999999963447E+00   1.9999999999963447E+00
 1.9999999999963465E+00   1.9999999999963447E+00   1.9999999999963465E+00   1.9999999999963456E+00   1.9999999999963429E+00   1.9999999999963434E+00   1.9999999999963434E+00   1.9999999999963429E+00   1.9999999999963429E+00   1.9999999999963425E+00   1.9999999999963420E+00
 1.9999999999963420E+00   1.9999999999963425E+00   1.9999999999963420E+00   1.9999999999963416E+00   1.9999999999963420E+00   1.9999999999963420E+00   1.9999999999963429E+00   1.9999999999963407E+00   1.9999999999963420E+00   1.9999999999963420E+00   1.9999999999963420E+00
 1.9999999999963429E+00   1.9999999999963403E+00   1.9999999999963403E+00   1.9999999999963420E+00   1.9999999999963394E+00   1.9999999999963394E+00   1.9999999999963411E+00   1.9999999999963411E+00   1.9999999999963403E+00   1.9999999999963394E+00   1.9999999999963403E+00
 1.9999999999963394E+00   1.9999999999963398E+00   1.9999999999963398E+00   1.9999999999963380E+00   1.9999999999867604E+00   1.9999999999867630E+00   1.9999999999867595E+00   1.9999999999867590E+00   1.9999999999867586E+00   1.9999999999867586E+00   1.9999999999867577E+00
 1.9999999999867613E+00   1.9999999999867621E+00   1.9999999999867595E+00   1.9999999999867595E+00   1.9999999999867617E+00   1.9999999999867626E+00   1.9999999999867630E+00   1.9999999999867617E+00   1.9999999999867617E+00   1.9999999999867608E+00   1.9999999999867630E+00
 1.9999999999867613E+00   1.9999999999867599E+00   1.9999999999867595E+00   1.9999999999867586E+00   1.9999999999867613E+00   1.9999999999867599E+00   1.9999999999867604E+00   1.9999999999867595E+00   1.9999999999867573E+00   1.9999999999867595E+00   1.9999999999867573E+00
 1.9999999999867573E+00   1.9999999999867555E+00   1.9999999999867564E+00   1.9999999999867568E+00   1.9999999999867573E+00   1.9999999999867573E+00   1.9999999999867577E+00   1.9999999999867542E+00   1.9999999999867555E+00   1.9999999999867524E+00   1.9999999999867528E+00
 1.9999999999556919E+00   1.9999999999556919E+00   1.9999999999556919E+00   1.9999999999556919E+00   1.9999999999556910E+00   1.9999999999556892E+00   1.9999999999556910E+00   1.9999999999556883E+00   1.9999999999556892E+00   1.9999999999556892E+00   1.9999999999556901E+00
 1.9999999999556892E+00   1.9999999999556883E+00   1.9999999999556892E+00   1.9999999999556901E+00   1.9999999999556892E+00   1.9999999999556883E+00   1.9999999999556883E+00   1.9999999999556883E+00   1.9999999999556910E+00   1.9999999999556901E+00   1.9999999999556883E+00
 1.9999999999556910E+00   1.9999999999556901E+00   1.9999999999556910E+00   1.9999999999556874E+00   1.9999999999556883E+00   1.9999999999556883E+00   1.9999999999556892E+00   1.9999999999556888E+00   1.9999999999556879E+00   1.9999999999556897E+00   1.9999999999556883E+00
 1.9999999999556874E+00   1.9999999999556883E+00   1.9999999999556883E+00   1.9999999999556848E+00   1.9999999999556839E+00   1.9999999999556848E+00   1.9999999999556839E+00   1.9999999998507199E+00   1.9999999998507181E+00   1.9999999998507181E+00   1.9999999998507190E+00
 1.9999999998507190E+00   1.9999999998507181E+00   1.9999999998507163E+00   1.9999999998507172E+00   1.9999999998507172E+00   1.9999999998507172E+00   1.9999999998507172E+00   1.9999999998507172E+00   1.9999999998507172E+00   1.9999999998507172E+00   1.9999999998507190E+00
 1.9999999998507163E+00   1.9999999998507181E+00   1.9999999998507172E+00   1.9999999998507172E+00   1.9999999998507163E+00   1.9999999998507172E+00   1.9999999998507181E+00   1.9999999998507172E+00   1.9999999998507172E+00   1.9999999998507181E+00   1.9999999998507163E+00
 1.9999999998507163E+00   1.9999999998507172E+00   1.9999999998507172E+00   1.9999999998507163E+00   1.9999999998507154E+00   1.9999999998507154E+00   1.9999999998507163E+00   1.9999999998507154E+00   1.9999999998507154E+00   1.9999999998507145E+00   1.9999999998507128E+00
 1.9999999998507128E+00   1.9999999998507136E+00   1.9999999998507128E+00   1.9999999991327448E+00   1.9999999991327475E+00   1.9999999991327457E+00   1.9999999991327466E+00   1.9999999991327448E+00   1.9999999991327448E+00   1.9999999991327448E+00   1.9999999991327448E+00
 1.9999999991327466E+00   1.9999999991327440E+00   1.9999999991327448E+00   1.9999999991327475E+00   1.9999999991327457E+00   1.9999999991327440E+00   1.9999999991327440E+00   1.9999999991327448E+00   1.9999999991327457E+00   1.9999999991327448E+00   1.9999999991327448E+00
 1.9999999991327475E+00   1.9999999991327448E+00   1.9999999991327457E+00   1.9999999991327466E+00   1.9999999991327466E+00   1.9999999991327448E+00   1.9999999991327466E+00   1.9999999991327475E+00   1.9999999991327466E+00   1.9999999991327466E+00   1.9999999991327457E+00
 1.9999999991327457E+00   1.9999999991327448E+00   1.9999999991327431E+00   1.9999999991327440E+00   1.9999999991327431E+00   1.9999999991327431E+00   1.9999999991327422E+00   1.9999999991327448E+00   1.9999999991327440E+00   1.9999999991327413E+00   1.9999999818082841E+00
 1.9999999818082823E+00   1.9999999818082814E+00   1.9999999818082814E+00   1.9999999818082805E+00   1.9999999818082796E+00   1.9999999818082796E+00   1.9999999818082788E+00   1.9999999818082788E+00   1.9999999818082823E+00   1.9999999818082788E+00   1.9999999818082788E+00
 1.9999999818082788E+00   1.9999999818082788E+00   1.9999999818082788E+00   1.9999999818082788E+00   1.9999999818082788E+00   1.9999999818082783E+00   1.9999999818082788E+00   1.9999999818082783E+00   1.9999999818082788E+00   1.9999999818082788E+00   1.9999999818082783E+00
 1.9999999818082788E+00   1.9999999818082788E+00   1.9999999818082779E+00   1.9999999818082788E+00   1.9999999818082779E+00   1.9999999818082770E+00   1.9999999818082779E+00   1.9999999818082770E+00   1.9999999818082814E+00   1.9999999818082814E+00   1.9999999818082805E+00
 1.9999999818082805E+00   1.9999999818082796E+00   1.9999999818082796E+00   1.9999999818082770E+00   1.9999999818082783E+00   1.9999999818082805E+00   1.9999996745135558E+00   1.9999996745135553E+00   1.9999996745135549E+00   1.9999996745135540E+00   1.9999996745135540E+00
 1.9999996745135531E+00   1.9999996745135531E+00   1.9999996745135531E+00   1.9999996745135531E+00   1.9999996745135531E+00   1.9999996745135531E+00   1.9999996745135531E+00   1.9999996745135531E+00   1.9999996745135531E+00   1.9999996745135522E+00   1.9999996745135513E+00
 1.9999996745135522E+00   1.9999996745135522E+00   1.9999996745135504E+00   1.9999996745135522E+00   1.9999996745135531E+00   1.9999996745135522E+00   1.9999996745135513E+00   1.9999996745135531E+00   1.9999996745135513E+00   1.9999996745135513E+00   1.9999996745135513E+00
 1.9999996745135513E+00   1.9999996745135513E+00   1.9999996745135513E+00   1.9999996745135522E+00   1.9999996745135522E+00   1.9999996745135504E+00   1.9999996745135522E+00   1.9999996745135487E+00   1.9999996745135478E+00   1.9999996745135478E+00   1.9999996745135504E+00
 1.9999996745135478E+00   1.9999996745135500E+00   1.9999982479391361E+00   1.9999982479391383E+00   1.9999982479391378E+00   1.9999982479391378E+00   1.9999982479391378E+00   1.9999982479391378E+00   1.9999982479391365E+00   1.9999982479391369E+00   1.9999982479391369E+00
 1.9999982479391356E+00   1.9999982479391369E+00   1.9999982479391361E+00   1.9999982479391365E+00   1.9999982479391365E+00   1.9999982479391365E+00   1.9999982479391356E+00   1.9999982479391361E+00   1.9999982479391352E+00   1.9999982479391343E+00   1.9999982479391343E+00
 1.9999982479391338E+00   1.9999982479391343E+00   1.9999982479391343E+00   1.9999982479391347E+00   1.9999982479391347E+00   1.9999982479391347E+00   1.9999982479391347E+00   1.9999982479391356E+00   1.9999982479391329E+00   1.9999982479391352E+00   1.9999982479391352E+00
 1.9999982479391343E+00   1.9999982479391352E+00   1.9999982479391329E+00   1.9999982479391329E+00   1.9999982479391343E+00   1.9999982479391325E+00   1.9999982479391338E+00   1.9999982479391325E+00   1.9999982479391352E+00   1.9999981906653388E+00   1.9999981906653437E+00
 1.9999981906653472E+00   1.9999981906653486E+00   1.9999981906653499E+00   1.9999981906653503E+00   1.9999981906653499E+00   1.9999981906653499E+00   1.9999981906653508E+00   1.9999981906653495E+00   1.9999981906653495E+00   1.9999981906653495E+00   1.9999981906653495E+00
 1.9999981906653495E+00   1.9999981906653503E+00   1.9999981906653495E+00   1.9999981906653495E+00   1.9999981906653495E+00   1.9999981906653495E+00   1.9999981906653495E+00   1.9999981906653495E+00   1.9999981906653517E+00   1.9999981906653495E+00   1.9999981906653499E+00
 1.9999981906653508E+00   1.9999981906653503E+00   1.9999981906653517E+00   1.9999981906653503E+00   1.9999981906653495E+00   1.9999981906653503E+00   1.9999981906653512E+00   1.9999981906653486E+00   1.9999981906653512E+00   1.9999981906653503E+00   1.9999981906653521E+00
 1.9999981906653539E+00   1.9999981906653557E+00   1.9999981906653548E+00   1.9999981906653521E+00   1.9999981906653530E+00
 1.0000108416067213E+00   1.0000108416026583E+00   1.0000108415992484E+00   1.0000108415966835E+00   1.0000108415950129E+00   1.0000108415940152E+00   1.0000108415934590E+00   1.0000108415931612E+00   1.0000108415930173E+00   1.0000108415929581E+00   1.0000108415929481E+00
 1.0000108415929660E+00   1.0000108415930027E+00   1.0000108415930467E+00   1.0000108415930946E+00   1.0000108415931479E+00   1.0000108415931959E+00   1.0000108415932434E+00   1.0000108415932811E+00   1.0000108415933104E+00   1.0000108415933298E+00   1.0000108415933362E+00
 1.0000108415933306E+00   1.0000108415933058E+00   1.0000108415932674E+00   1.0000108415932087E+00   1.0000108415931335E+00   1.0000108415930449E+00   1.0000108415929454E+00   1.0000108415928415E+00   1.0000108415927416E+00   1.0000108415926556E+00   1.0000108415926034E+00
 1.0000108415925981E+00   1.0000108415926621E+00   1.0000108415928151E+00   1.0000108415930848E+00   1.0000108415934903E+00   1.0000108415940623E+00   1.0000108415954785E+00   1.0000029686364944E+00   1.0000029686361407E+00   1.0000029686358887E+00   1.0000029686356136E+00
 1.0000029686353258E+00   1.0000029686350425E+00   1.0000029686347669E+00   1.0000029686345073E+00   1.0000029686342673E+00   1.0000029686340528E+00   1.0000029686338625E+00   1.0000029686336960E+00   1.0000029686335545E+00   1.0000029686334362E+00   1.0000029686333392E+00
 1.0000029686332583E+00   1.0000029686331957E+00   1.0000029686331426E+00   1.0000029686330976E+00   1.0000029686330609E+00   1.0000029686330276E+00   1.0000029686329932E+00   1.0000029686329583E+00   1.0000029686329179E+00   1.0000029686328720E+00   1.0000029686328169E+00
 1.0000029686327536E+00   1.0000029686326832E+00   1.0000029686326029E+00   1.0000029686325169E+00   1.0000029686324285E+00   1.0000029686323424E+00   1.0000029686322638E+00   1.0000029686321994E+00   1.0000029686321574E+00   1.0000029686321450E+00   1.0000029686321634E+00
 1.0000029686322247E+00   1.0000029686323255E+00   1.0000029686325842E+00   1.0000003222748577E+00   1.0000003222747125E+00   1.0000003222746296E+00   1.0000003222745419E+00   1.0000003222744507E+00   1.0000003222743572E+00   1.0000003222742675E+00   1.0000003222741789E+00
 1.0000003222740961E+00   1.0000003222740153E+00   1.0000003222739380E+00   1.0000003222738687E+00   1.0000003222738043E+00   1.0000003222737444E+00   1.0000003222736928E+00   1.0000003222736449E+00   1.0000003222736011E+00   1.0000003222735625E+00   1.0000003222735256E+00
 1.0000003222734928E+00   1.0000003222734604E+00   1.0000003222734288E+00   1.0000003222733964E+00   1.0000003222733609E+00   1.0000003222733200E+00   1.0000003222732810E+00   1.0000003222732337E+00   1.0000003222731815E+00   1.0000003222731222E+00   1.0000003222730622E+00
 1.0000003222729983E+00   1.0000003222729303E+00   1.0000003222728675E+00   1.0000003222728109E+00   1.0000003222727627E+00   1.0000003222727274E+00   1.0000003222727096E+00   1.0000003222727121E+00   1.0000003222727352E+00   1.0000003222728304E+00   1.0000000142361924E+00
 1.0000000142360919E+00   1.0000000142360372E+00   1.0000000142359824E+00   1.0000000142359307E+00   1.0000000142358803E+00   1.0000000142358321E+00   1.0000000142357899E+00   1.0000000142357477E+00   1.0000000142357093E+00   1.0000000142356735E+00   1.0000000142356413E+00
 1.0000000142356096E+00   1.0000000142355812E+00   1.0000000142355558E+00   1.0000000142355299E+00   1.0000000142355081E+00   1.0000000142354863E+00   1.0000000142354664E+00   1.0000000142354466E+00   1.0000000142354284E+00   1.0000000142354066E+00   1.0000000142353835E+00
 1.0000000142353616E+00   1.0000000142353354E+00   1.0000000142353085E+00   1.0000000142352783E+00   1.0000000142352412E+00   1.0000000142352035E+00   1.0000000142351597E+00   1.0000000142351178E+00   1.0000000142350731E+00   1.0000000142350285E+00   1.0000000142349892E+00
 1.0000000142349548E+00   1.0000000142349283E+00   1.0000000142349135E+00   1.0000000142349124E+00   1.0000000142349248E+00   1.0000000142349919E+00   1.0000000005454619E+00   1.0000000005453997E+00   1.0000000005453655E+00   1.0000000005453329E+00   1.0000000005453020E+00
 1.0000000005452740E+00   1.0000000005452474E+00   1.0000000005452228E+00   1.0000000005451992E+00   1.0000000005451768E+00   1.0000000005451584E+00   1.0000000005451397E+00   1.0000000005451235E+00   1.0000000005451088E+00   1.0000000005450960E+00   1.0000000005450820E+00
 1.0000000005450711E+00   1.0000000005450591E+00   1.0000000005450480E+00   1.0000000005450358E+00   1.0000000005450240E+00   1.0000000005450116E+00   1.0000000005449972E+00   1.0000000005449829E+00   1.0000000005449667E+00   1.0000000005449465E+00   1.0000000005449252E+00
 1.0000000005449019E+00   1.0000000005448761E+00   1.0000000005448482E+00   1.0000000005448186E+00   1.0000000005447880E+00   1.0000000005447580E+00   1.0000000005447294E+00   1.0000000005447038E+00   1.0000000005446843E+00   1.0000000005446701E+00   1.0000000005446656E+00
 1.0000000005446696E+00   1.0000000005447047E+00   1.0000000000847635E+00   1.0000000000847256E+00   1.0000000000847045E+00   1.0000000000846825E+00   1.0000000000846616E+00   1.0000000000846430E+00   1.0000000000846259E+00   1.0000000000846105E+00   1.0000000000845963E+00
 1.0000000000845841E+00   1.0000000000845728E+00   1.0000000000845621E+00   1.0000000000845528E+00   1.0000000000845437E+00   1.0000000000845355E+00   1.0000000000845288E+00   1.0000000000845208E+00   1.0000000000845157E+00   1.0000000000845077E+00   1.0000000000845009E+00
 1.0000000000844946E+00   1.0000000000844862E+00   1.0000000000844773E+00   1.0000000000844680E+00   1.0000000000844573E+00   1.0000000000844436E+00   1.0000000000844294E+00   1.0000000000844147E+00   1.0000000000843952E+00   1.0000000000843758E+00   1.0000000000843552E+00
 1.0000000000843330E+00   1.0000000000843112E+00   1.0000000000842924E+00   1.0000000000842739E+00   1.0000000000842570E+00   1.0000000000842457E+00   1.0000000000842411E+00   1.0000000000842424E+00   1.0000000000842637E+00   1.0000000000255009E+00   1.0000000000254754E+00
 1.0000000000254599E+00   1.0000000000254452E+00   1.0000000000254319E+00   1.0000000000254192E+00   1.0000000000254068E+00   1.0000000000253979E+00   1.0000000000253899E+00   1.0000000000253810E+00   1.0000000000253726E+00   1.0000000000253650E+00   1.0000000000253599E+00
 1.0000000000253544E+00   1.0000000000253506E+00   1.0000000000253459E+00   1.0000000000253415E+00   1.0000000000253371E+00   1.0000000000253337E+00   1.0000000000253297E+00   1.0000000000253255E+00   1.0000000000253202E+00   1.0000000000253149E+00   1.0000000000253082E+00
 1.0000000000253004E+00   1.0000000000252918E+00   1.0000000000252827E+00   1.0000000000252693E+00   1.0000000000252571E+00   1.0000000000252440E+00   1.0000000000252296E+00   1.0000000000252136E+00   1.0000000000251961E+00   1.0000000000251825E+00   1.0000000000251690E+00
 1.0000000000251565E+00   1.0000000000251479E+00   1.0000000000251419E+00   1.0000000000251432E+00   1.0000000000251568E+00   1.0000000000076692E+00   1.0000000000076510E+00   1.0000000000076397E+00   1.0000000000076312E+00   1.0000000000076228E+00   1.0000000000076130E+00
 1.0000000000076037E+00   1.0000000000075973E+00   1.0000000000075928E+00   1.0000000000075868E+00   1.0000000000075815E+00   1.0000000000075775E+00   1.0000000000075739E+00   1.0000000000075704E+00   1.0000000000075668E+00   1.0000000000075646E+00   1.0000000000075602E+00
 1.0000000000075584E+00   1.0000000000075571E+00   1.0000000000075535E+00   1.0000000000075508E+00   1.0000000000075464E+00   1.0000000000075429E+00   1.0000000000075393E+00   1.0000000000075329E+00   1.0000000000075273E+00   1.0000000000075209E+00   1.0000000000075124E+00
 1.0000000000075029E+00   1.0000000000074927E+00   1.0000000000074820E+00   1.0000000000074711E+00   1.0000000000074587E+00   1.0000000000074476E+00   1.0000000000074376E+00   1.0000000000074287E+00   1.0000000000074201E+00   1.0000000000074183E+00   1.0000000000074156E+00
 1.0000000000074261E+00   1.0000000000021674E+00   1.0000000000021552E+00   1.0000000000021485E+00   1.0000000000021407E+00   1.0000000000021325E+00   1.0000000000021267E+00   1.0000000000021214E+00   1.0000000000021174E+00   1.0000000000021125E+00   1.0000000000021085E+00
 1.0000000000021050E+00   1.0000000000021032E+00   1.0000000000020994E+00   1.0000000000020961E+00   1.0000000000020945E+00   1.0000000000020939E+00   1.0000000000020903E+00   1.0000000000020886E+00   1.0000000000020863E+00   1.0000000000020850E+00   1.0000000000020828E+00
 1.0000000000020806E+00   1.0000000000020781E+00   1.0000000000020748E+00   1.0000000000020715E+00   1.0000000000020672E+00   1.0000000000020619E+00   1.0000000000020566E+00   1.0000000000020490E+00   1.0000000000020410E+00   1.0000000000020337E+00   1.0000000000020255E+00
 1.0000000000020177E+00   1.0000000000020077E+00   1.0000000000020004E+00   1.0000000000019917E+00   1.0000000000019877E+00   1.0000000000019842E+00   1.0000000000019829E+00   1.0000000000019895E+00   1.0000000000006013E+00   1.0000000000005913E+00   1.0000000000005849E+00
 1.0000000000005809E+00   1.0000000000005751E+00   1.0000000000005720E+00   1.0000000000005667E+00   1.0000000000005644E+00   1.0000000000005602E+00   1.0000000000005558E+00   1.0000000000005538E+00   1.0000000000005516E+00   1.0000000000005507E+00   1.0000000000005487E+00
 1.0000000000005469E+00   1.0000000000005453E+00   1.0000000000005445E+00   1.0000000000005445E+00   1.0000000000005431E+00   1.0000000000005405E+00   1.0000000000005387E+00   1.0000000000005369E+00   1.0000000000005356E+00   1.0000000000005331E+00   1.0000000000005316E+00
 1.0000000000005260E+00   1.0000000000005231E+00   1.0000000000005187E+00   1.0000000000005138E+00   1.0000000000005076E+00   1.0000000000005012E+00   1.0000000000004965E+00   1.0000000000004894E+00   1.0000000000004829E+00   1.0000000000004738E+00   1.0000000000004681E+00
 1.0000000000004643E+00   1.0000000000004619E+00   1.0000000000004610E+00   1.0000000000004639E+00   1.0000000000001852E+00   1.0000000000001781E+00   1.0000000000001747E+00   1.0000000000001714E+00   1.0000000000001665E+00   1.0000000000001656E+00   1.0000000000001605E+00
 1.0000000000001572E+00   1.0000000000001557E+00   1.0000000000001532E+00   1.0000000000001510E+00   1.0000000000001483E+00   1.0000000000001470E+00   1.0000000000001454E+00   1.0000000000001441E+00   1.0000000000001443E+00   1.0000000000001437E+00   1.0000000000001423E+00
 1.0000000000001410E+00   1.0000000000001403E+00   1.0000000000001381E+00   1.0000000000001377E+00   1.0000000000001363E+00   1.0000000000001343E+00   1.0000000000001328E+00   1.0000000000001301E+00   1.0000000000001270E+00   1.0000000000001239E+00   1.0000000000001190E+00
 1.0000000000001155E+00   1.0000000000001090E+00   1.0000000000001061E+00   1.0000000000001013E+00   1.0000000000000937E+00   1.0000000000000864E+00   1.0000000000000822E+00   1.0000000000000790E+00   1.0000000000000790E+00   1.0000000000000782E+00   1.0000000000000793E+00
 1.0000000000000804E+00   1.0000000000000742E+00   1.0000000000000715E+00   1.0000000000000679E+00   1.0000000000000651E+00   1.0000000000000628E+00   1.0000000000000600E+00   1.0000000000000586E+00   1.0000000000000555E+00   1.0000000000000542E+00   1.0000000000000517E+00
 1.0000000000000520E+00   1.0000000000000506E+00   1.0000000000000484E+00   1.0000000000000475E+00   1.0000000000000471E+00   1.0000000000000466E+00   1.0000000000000451E+00   1.0000000000000453E+00   1.0000000000000442E+00   1.0000000000000433E+00   1.0000000000000424E+00
 1.0000000000000417E+00   1.0000000000000400E+00   1.0000000000000377E+00   1.0000000000000364E+00   1.0000000000000342E+00   1.0000000000000318E+00   1.0000000000000275E+00   1.0000000000000238E+00   1.0000000000000207E+00   1.0000000000000173E+00   1.0000000000000109E+00
 1.0000000000000042E+00   1.0000000000000013E+00   9.9999999999999689E-01   9.9999999999999611E-01   9.9999999999999334E-01   9.9999999999999267E-01   9.9999999999999800E-01   1.0000000000000500E+00   1.0000000000000462E+00   1.0000000000000433E+00   1.0000000000000409E+00
 1.0000000000000384E+00   1.0000000000000360E+00   1.0000000000000346E+00   1.0000000000000329E+00   1.0000000000000311E+00   1.0000000000000302E+00   1.0000000000000289E+00   1.0000000000000273E+00   1.0000000000000264E+00   1.0000000000000258E+00   1.0000000000000253E+00
 1.0000000000000242E+00   1.0000000000000240E+00   1.0000000000000231E+00   1.0000000000000226E+00   1.0000000000000222E+00   1.0000000000000215E+00   1.0000000000000204E+00   1.0000000000000200E+00   1.0000000000000191E+00   1.0000000000000187E+00   1.0000000000000151E+00
 1.0000000000000120E+00   1.0000000000000098E+00   1.0000000000000075E+00   1.0000000000000058E+00   1.0000000000000031E+00   9.9999999999999956E-01   9.9999999999999389E-01   9.9999999999998890E-01   9.9999999999998734E-01   9.9999999999998357E-01   9.9999999999998335E-01
 9.9999999999998324E-01   9.9999999999998246E-01   9.9999999999998357E-01   1.0000000000000382E+00   1.0000000000000351E+00   1.0000000000000333E+00   1.0000000000000315E+00   1.0000000000000293E+00   1.0000000000000275E+00   1.0000000000000262E+00   1.0000000000000253E+00
 1.0000000000000240E+00   1.0000000000000226E+00   1.0000000000000222E+00   1.0000000000000209E+00   1.0000000000000202E+00   1.0000000000000195E+00   1.0000000000000191E+00   1.0000000000000187E+00   1.0000000000000178E+00   1.0000000000000169E+00   1.0000000000000164E+00
 1.0000000000000164E+00   1.0000000000000160E+00   1.0000000000000164E+00   1.0000000000000160E+00   1.0000000000000120E+00   1.0000000000000098E+00   1.0000000000000084E+00   1.0000000000000071E+00   1.0000000000000058E+00   1.0000000000000044E+00   1.0000000000000024E+00
 9.9999999999999956E-01   9.9999999999999734E-01   9.9999999999999534E-01   9.9999999999999145E-01   9.9999999999998579E-01   9.9999999999998324E-01   9.9999999999998657E-01   9.9999999999998568E-01   9.9999999999998457E-01   9.9999999999998557E-01   1.0000000000000353E+00
 1.0000000000000324E+00   1.0000000000000298E+00   1.0000000000000284E+00   1.0000000000000264E+00   1.0000000000000253E+00   1.0000000000000233E+00   1.0000000000000224E+00   1.0000000000000213E+00   1.0000000000000195E+00   1.0000000000000182E+00   1.0000000000000178E+00
 1.0000000000000164E+00   1.0000000000000151E+00   1.0000000000000147E+00   1.0000000000000142E+00   1.0000000000000142E+00   1.0000000000000147E+00   1.0000000000000147E+00   1.0000000000000147E+00   1.0000000000000151E+00   1.0000000000000120E+00   1.0000000000000102E+00
 1.0000000000000089E+00   1.0000000000000071E+00   1.0000000000000062E+00   1.0000000000000049E+00   1.0000000000000031E+00   1.0000000000000022E+00   1.0000000000000004E+00   9.9999999999999978E-01   9.9999999999999767E-01   9.9999999999999589E-01   9.9999999999999767E-01
 9.9999999999999445E-01   9.9999999999998612E-01   9.9999999999999045E-01   9.9999999999998890E-01   9.9999999999998290E-01   9.9999999999998979E-01   1.0000000000000338E+00   1.0000000000000286E+00   1.0000000000000271E+00   1.0000000000000253E+00   1.0000000000000240E+00
 1.0000000000000222E+00   1.0000000000000209E+00   1.0000000000000191E+00   1.0000000000000178E+00   1.0000000000000160E+00   1.0000000000000142E+00   1.0000000000000133E+00   1.0000000000000129E+00   1.0000000000000129E+00   1.0000000000000124E+00   1.0000000000000129E+00
 1.0000000000000129E+00   1.0000000000000129E+00   1.0000000000000133E+00   1.0000000000000129E+00   1.0000000000000107E+00   1.0000000000000089E+00   1.0000000000000067E+00   1.0000000000000053E+00   1.0000000000000044E+00   1.0000000000000027E+00   1.0000000000000013E+00
 1.0000000000000000E+00   1.0000000000000000E+00   9.9999999999999978E-01   9.9999999999999978E-01   9.9999999999999978E-01   9.9999999999999978E-01   9.9999999999999978E-01   9.9999999999999978E-01   9.9999999999999156E-01   9.9999999999999711E-01   9.9999999999998757E-01
 9.9999999999999190E-01   9.9999999999999223E-01   1.0000000000000302E+00   1.0000000000000262E+00   1.0000000000000240E+00   1.0000000000000218E+00   1.0000000000000204E+00   1.0000000000000191E+00   1.0000000000000169E+00   1.0000000000000160E+00   1.0000000000000129E+00
 1.0000000000000129E+00   1.0000000000000124E+00   1.0000000000000120E+00   1.0000000000000111E+00   1.0000000000000111E+00   1.0000000000000107E+00   1.0000000000000107E+00   1.0000000000000111E+00   1.0000000000000107E+00   1.0000000000000107E+00   1.0000000000000093E+00
 1.0000000000000071E+00   1.0000000000000053E+00   1.0000000000000031E+00   1.0000000000000022E+00   1.0000000000000004E+00   1.0000000000000000E+00   1.0000000000000000E+00   1.0000000000000000E+00   1.0000000000000000E+00   9.9999999999999978E-01   9.9999999999999978E-01
 9.9999999999999978E-01   9.9999999999999978E-01   9.9999999999999978E-01   9.9999999999999978E-01   9.9999999999999978E-01   9.9999999999999978E-01   9.9999999999999856E-01   9.9999999999999634E-01   9.9999999999999423E-01   1.0000000000000213E+00   1.0000000000000187E+00
 1.0000000000000173E+00   1.0000000000000164E+00   1.0000000000000151E+00   1.0000000000000142E+00   1.0000000000000138E+00   1.0000000000000129E+00   1.0000000000000120E+00   1.0000000000000115E+00   1.0000000000000111E+00   1.0000000000000111E+00   1.0000000000000102E+00
 1.0000000000000102E+00   1.0000000000000098E+00   1.0000000000000089E+00   1.0000000000000089E+00   1.0000000000000089E+00   1.0000000000000084E+00   1.0000000000000071E+00   1.0000000000000036E+00   1.0000000000000018E+00   1.0000000000000000E+00   1.0000000000000000E+00
 1.0000000000000000E+00   1.0000000000000000E+00   1.0000000000000000E+00   1.0000000000000000E+00   1.0000000000000000E+00   1.0000000000000000E+00   9.9999999999999978E-01   9.9999999999999978E-01   9.9999999999999978E-01   9.9999999999999978E-01   9.9999999999999978E-01
 9.9999999999999978E-01   9.9999999999999978E-01   9.9999999999999978E-01   9.9999999999999178E-01   9.9999999999999334E-01   1.0000000000000191E+00   1.0000000000000173E+00   1.0000000000000160E+00   1.0000000000000151E+00   1.0000000000000142E+00   1.0000000000000133E+00
 1.0000000000000129E+00   1.0000000000000120E+00   1.0000000000000115E+00   1.0000000000000107E+00   1.0000000000000102E+00   1.0000000000000098E+00   1.0000000000000089E+00   1.0000000000000084E+00   1.0000000000000075E+00   1.0000000000000075E+00   1.0000000000000071E+00
 1.0000000000000067E+00   1.0000000000000049E+00   1.0000000000000036E+00   1.0000000000000013E+00   1.0000000000000000E+00   1.0000000000000000E+00   1.0000000000000000E+00   1.0000000000000000E+00   1.0000000000000000E+00   1.0000000000000000E+00   1.0000000000000000E+00
 1.0000000000000000E+00   1.0000000000000000E+00   1.0000000000000000E+00   1.0000000000000000E+00   9.9999999999999978E-01   9.9999999999999978E-01   9.9999999999999978E-01   9.9999999999999978E-01   9.9999999999999978E-01   9.9999999999999978E-01   9.9999999999999978E-01
 9.9999999999999489E-01   1.0000000000000178E+00   1.0000000000000160E+00   1.0000000000000155E+00   1.0000000000000142E+00   1.0000000000000138E+00   1.0000000000000124E+00   1.0000000000000115E+00   1.0000000000000111E+00   1.0000000000000102E+00   1.0000000000000093E+00
 1.0000000000000089E+00   1.0000000000000089E+00   1.0000000000000080E+00   1.0000000000000071E+00   1.0000000000000067E+00   1.0000000000000062E+00   1.0000000000000049E+00   1.0000000000000040E+00   1.0000000000000027E+00   1.0000000000000000E+00   1.0000000000000000E+00
 1.0000000000000000E+00   1.0000000000000000E+00   1.0000000000000000E+00   1.0000000000000000E+00   1.0000000000000000E+00   1.0000000000000000E+00   1.0000000000000000E+00   1.0000000000000000E+00   1.0000000000000000E+00   1.0000000000000000E+00   1.0000000000000000E+00
 1.0000000000000000E+00   1.0000000000000000E+00   9.9999999999999978E-01   9.9999999999999978E-01   9.9999999999999978E-01   9.9999999999999978E-01   9.9999999999999978E-01   9.9999999999999911E-01   1.0000000000000178E+00   1.0000000000000155E+00   1.0000000000000147E+00
 1.0000000000000133E+00   1.0000000000000124E+00   1.0000000000000115E+00   1.0000000000000107E+00   1.0000000000000098E+00   1.0000000000000093E+00   1.0000000000000084E+00   1.0000000000000080E+00   1.0000000000000067E+00   1.0000000000000062E+00   1.0000000000000058E+00
 1.0000000000000049E+00   1.0000000000000040E+00   1.0000000000000031E+00   1.0000000000000013E+00   1.0000000000000000E+00   1.0000000000000000E+00   1.0000000000000000E+00   1.0000000000000004E+00   1.0000000000000000E+00   1.0000000000000000E+00   1.0000000000000000E+00
 1.0000000000000000E+00   1.0000000000000000E+00   1.0000000000000000E+00   1.0000000000000000E+00   1.0000000000000000E+00   1.0000000000000000E+00   1.0000000000000000E+00   1.0000000000000000E+00   1.0000000000000000E+00   1.0000000000000000E+00   9.9999999999999978E-01
 9.9999999999999978E-01   9.9999999999999978E-01   9.9999999999999978E-01   9.9999999999999978E-01   1.0000000000000164E+00   1.0000000000000147E+00   1.0000000000000133E+00   1.0000000000000124E+00   1.0000000000000111E+00   1.0000000000000107E+00   1.0000000000000098E+00
 1.0000000000000089E+00   1.0000000000000080E+00   1.0000000000000075E+00   1.0000000000000062E+00   1.0000000000000058E+00   1.0000000000000049E+00   1.0000000000000040E+00   1.0000000000000027E+00   1.0000000000000018E+00   1.0000000000000013E+00   1.0000000000000000E+00
 1.0000000000000000E+00   1.0000000000000000E+00   1.0000000000000000E+00   1.0000000000000000E+00   1.0000000000000000E+00   1.0000000000000000E+00   1.0000000000000000E+00   1.0000000000000000E+00   1.0000000000000000E+00   1.0000000000000000E+00   1.0000000000000000E+00
 1.0000000000000000E+00   1.0000000000000000E+00   1.0000000000000000E+00   1.0000000000000000E+00   1.0000000000000000E+00   1.0000000000000000E+00   1.0000000000000000E+00   9.9999999999999978E-01   9.9999999999999978E-01   9.9999999999999978E-01   9.9999999999999978E-01
 1.0000000000000155E+00   1.0000000000000133E+00   1.0000000000000124E+00   1.0000000000000115E+00   1.0000000000000102E+00   1.0000000000000093E+00   1.0000000000000084E+00   1.0000000000000080E+00   1.0000000000000067E+00   1.0000000000000062E+00   1.0000000000000049E+00
 1.0000000000000044E+00   1.0000000000000036E+00   1.0000000000000022E+00   1.0000000000000013E+00   1.0000000000000000E+00   1.0000000000000000E+00   1.0000000000000000E+00   1.0000000000000000E+00   1.0000000000000000E+00   1.0000000000000000E+00   1.0000000000000000E+00
 1.0000000000000000E+00   1.0000000000000000E+00   1.0000000000000000E+00   1.0000000000000000E+00   1.0000000000000000E+00   1.0000000000000000E+00   1.0000000000000000E+00   1.0000000000000000E+00   1.0000000000000000E+00   1.0000000000000000E+00   1.0000000000000000E+00
 1.0000000000000000E+00   1.0000000000000000E+00   1.0000000000000000E+00   1.0000000000000000E+00   9.9999999999999978E-01   9.9999999999999978E-01   9.9999999999999978E-01   1.0000000000000147E+00   1.0000000000000124E+00   1.0000000000000111E+00   1.0000000000000102E+00
 1.0000000000000089E+00   1.0000000000000080E+00   1.0000000000000071E+00   1.0000000000000062E+00   1.0000000000000053E+00   1.0000000000000044E+00   1.0000000000000031E+00   1.0000000000000022E+00   1.0000000000000009E+00   1.0000000000000000E+00   1.0000000000000000E+00
 1.0000000000000000E+00   1.0000000000000000E+00   1.0000000000000000E+00   1.0000000000000000E+00   1.0000000000000000E+00   1.0000000000000000E+00   1.0000000000000000E+00   1.0000000000000000E+00   1.0000000000000000E+00   1.0000000000000000E+00   1.0000000000000000E+00
 1.0000000000000000E+00   1.0000000000000000E+00   1.0000000000000000E+00   1.0000000000000000E+00   1.0000000000000000E+00   1.0000000000000000E+00   1.0000000000000000E+00   1.0000000000000000E+00   1.0000000000000000E+00   1.0000000000000000E+00   1.0000000000000000E+00
 1.0000000000000000E+00   9.9999999999999978E-01   9.9999999999999978E-01   1.0000000000000111E+00   1.0000000000000111E+00   1.0000000000000098E+00   1.0000000000000089E+00   1.0000000000000075E+00   1.0000000000000067E+00   1.0000000000000053E+00   1.0000000000000049E+00
 1.0000000000000040E+00   1.0000000000000027E+00   1.0000000000000013E+00   1.0000000000000004E+00   1.0000000000000000E+00   1.0000000000000000E+00   1.0000000000000000E+00   1.0000000000000000E+00   1.0000000000000000E+00   1.0000000000000000E+00   1.0000000000000000E+00
 1.0000000000000000E+00   1.0000000000000000E+00   1.0000000000000000E+00   1.0000000000000000E+00   1.0000000000000000E+00   1.0000000000000000E+00   1.0000000000000000E+00   1.0000000000000000E+00   1.0000000000000000E+00   1.0000000000000000E+00   1.0000000000000000E+00
 1.0000000000000000E+00   1.0000000000000000E+00   1.0000000000000000E+00   1.0000000000000000E+00   1.0000000000000000E+00   1.0000000000000000E+00   1.0000000000000000E+00   1.0000000000000000E+00   9.9999999999999978E-01   9.9999999999999978E-01   1.0000000000000067E+00
 1.0000000000000071E+00   1.0000000000000071E+00   1.0000000000000067E+00   1.0000000000000044E+00   1.0000000000000040E+00   1.0000000000000036E+00   1.0000000000000018E+00   1.0000000000000000E+00   1.0000000000000000E+00   1.0000000000000000E+00   1.0000000000000000E+00
 1.0000000000000000E+00   1.0000000000000000E+00   1.0000000000000000E+00   1.0000000000000000E+00   1.0000000000000000E+00   1.0000000000000000E+00   1.0000000000000000E+00   1.0000000000000000E+00   1.0000000000000000E+00   1.0000000000000000E+00   1.0000000000000000E+00
 1.0000000000000000E+00   1.0000000000000000E+00   1.0000000000000000E+00   1.0000000000000000E+00   1.0000000000000000E+00   1.0000000000000000E+00   1.0000000000000000E+00   1.0000000000000000E+00   1.0000000000000000E+00   1.0000000000000000E+00   1.0000000000000000E+00
 1.0000000000000000E+00   1.0000000000000000E+00   1.0000000000000000E+00   1.0000000000000000E+00   1.0000000000000000E+00   9.9999999999999978E-01   1.0000000000000031E+00   1.0000000000000027E+00   1.0000000000000013E+00   1.0000000000000000E+00   1.0000000000000000E+00
 1.0000000000000000E+00   1.0000000000000000E+00   1.0000000000000000E+00   1.0000000000000000E+00   1.0000000000000000E+00   1.0000000000000000E+00   1.0000000000000000E+00   1.0000000000000000E+00   1.0000000000000000E+00   1.0000000000000000E+00   1.0000000000000000E+00
 1.0000000000000000E+00   1.0000000000000000E+00   1.0000000000000000E+00   1.0000000000000000E+00   1.0000000000000000E+00   1.0000000000000000E+00   9.9999999999999978E-01   9.9999999999999978E-01   9.9999999999999978E-01   9.9999999999999978E-01   9.9999999999999978E-01
 9.9999999999999978E-01   9.9999999999999978E-01   9.9999999999999978E-01   9.9999999999999978E-01   9.9999999999999978E-01   9.9999999999999978E-01   9.9999999999999978E-01   9.9999999999999978E-01   9.9999999999999978E-01   9.9999999999999978E-01   9.9999999999999978E-01
 9.9999999999999978E-01   9.9999999999999978E-01   9.9999999999999800E-01   9.9999999999999789E-01   9.9999999999999767E-01   9.9999999999999778E-01   9.9999999999999778E-01   9.9999999999999778E-01   9.9999999999999778E-01   9.9999999999999734E-01   9.9999999999999722E-01
 9.9999999999999734E-01   9.9999999999999722E-01   9.9999999999999722E-01   9.9999999999999722E-01   9.9999999999999722E-01   9.9999999999999722E-01   9.9999999999999722E-01   9.9999999999999734E-01   9.9999999999999734E-01   9.9999999999999734E-01   9.9999999999999689E-01
 9.9999999999999689E-01   9.9999999999999689E-01   9.9999999999999689E-01   9.9999999999999689E-01   9.9999999999999678E-01   9.9999999999999634E-01   9.9999999999999645E-01   9.9999999999999634E-01   9.9999999999999645E-01   9.9999999999999645E-01   9.9999999999999623E-01
 9.9999999999999578E-01   9.9999999999999578E-01   9.9999999999999589E-01   9.9999999999999578E-01   9.9999999999999578E-01   9.9999999999999567E-01   9.9999999999999611E-01   9.9999999999999645E-01   9.9999999999999634E-01   9.9999999999997580E-01   9.9999999999997591E-01
 9.9999999999997591E-01   9.9999999999997546E-01   9.9999999999997546E-01   9.9999999999997558E-01   9.9999999999997535E-01   9.9999999999997546E-01   9.9999999999997458E-01   9.9999999999997469E-01   9.9999999999997469E-01   9.9999999999997469E-01   9.9999999999997435E-01
 9.9999999999997469E-01   9.9999999999997435E-01   9.9999999999997469E-01   9.9999999999997424E-01   9.9999999999997435E-01   9.9999999999997435E-01   9.9999999999997380E-01   9.9999999999997380E-01   9.9999999999997313E-01   9.9999999999997269E-01   9.9999999999997269E-01
 9.9999999999997247E-01   9.9999999999997247E-01   9.9999999999997247E-01   9.9999999999997247E-01   9.9999999999997269E-01   9.9999999999997280E-01   9.9999999999997269E-01   9.9999999999997313E-01   9.9999999999997313E-01   9.9999999999997269E-01   9.9999999999997269E-01
 9.9999999999997269E-01   9.9999999999997236E-01   9.9999999999997236E-01   9.9999999999997247E-01   9.9999999999997324E-01   9.9999999999987033E-01   9.9999999999986944E-01   9.9999999999986877E-01   9.9999999999986966E-01   9.9999999999986855E-01   9.9999999999986855E-01
 9.9999999999986899E-01   9.9999999999986944E-01   9.9999999999986899E-01   9.9999999999986855E-01   9.9999999999986888E-01   9.9999999999986855E-01   9.9999999999986799E-01   9.9999999999986777E-01   9.9999999999986822E-01   9.9999999999986777E-01   9.9999999999986777E-01
 9.9999999999986777E-01   9.9999999999986855E-01   9.9999999999986766E-01   9.9999999999986711E-01   9.9999999999986788E-01   9.9999999999986755E-01   9.9999999999986744E-01   9.9999999999986744E-01   9.9999999999986744E-01   9.9999999999986644E-01   9.9999999999986744E-01
 9.9999999999986600E-01   9.9999999999986544E-01   9.9999999999986600E-01   9.9999999999986622E-01   9.9999999999986577E-01   9.9999999999986500E-01   9.9999999999986566E-01   9.9999999999986566E-01   9.9999999999986566E-01   9.9999999999986500E-01   9.9999999999986589E-01
 9.9999999999986600E-01   9.9999999999941647E-01   9.9999999999941680E-01   9.9999999999941647E-01   9.9999999999941647E-01   9.9999999999941702E-01   9.9999999999941735E-01   9.9999999999941647E-01   9.9999999999941691E-01   9.9999999999941602E-01   9.9999999999941658E-01
 9.9999999999941558E-01   9.9999999999941569E-01   9.9999999999941480E-01   9.9999999999941480E-01   9.9999999999941436E-01   9.9999999999941436E-01   9.9999999999941425E-01   9.9999999999941436E-01   9.9999999999941414E-01   9.9999999999941391E-01   9.9999999999941414E-01
 9.9999999999941414E-01   9.9999999999941369E-01   9.9999999999941414E-01   9.9999999999941380E-01   9.9999999999941380E-01   9.9999999999941380E-01   9.9999999999941414E-01   9.9999999999941336E-01   9.9999999999941336E-01   9.9999999999941414E-01   9.9999999999941380E-01
 9.9999999999941358E-01   9.9999999999941391E-01   9.9999999999941336E-01   9.9999999999941414E-01   9.9999999999941369E-01   9.9999999999941314E-01   9.9999999999941303E-01   9.9999999999941347E-01   9.9999999999763667E-01   9.9999999999763622E-01   9.9999999999763622E-01
 9.9999999999763722E-01   9.9999999999763622E-01   9.9999999999763722E-01   9.9999999999763678E-01   9.9999999999763534E-01   9.9999999999763545E-01   9.9999999999763545E-01   9.9999999999763534E-01   9.9999999999763534E-01   9.9999999999763500E-01   9.9999999999763489E-01
 9.9999999999763489E-01   9.9999999999763500E-01   9.9999999999763489E-01   9.9999999999763456E-01   9.9999999999763478E-01   9.9999999999763467E-01   9.9999999999763511E-01   9.9999999999763400E-01   9.9999999999763467E-01   9.9999999999763478E-01   9.9999999999763467E-01
 9.9999999999763511E-01   9.9999999999763356E-01   9.9999999999763356E-01   9.9999999999763456E-01   9.9999999999763300E-01   9.9999999999763300E-01   9.9999999999763378E-01   9.9999999999763367E-01   9.9999999999763334E-01   9.9999999999763300E-01   9.9999999999763323E-01
 9.9999999999763267E-01   9.9999999999763323E-01   9.9999999999763323E-01   9.9999999999763278E-01   9.9999999999118672E-01   9.9999999999118794E-01   9.9999999999118627E-01   9.9999999999118616E-01   9.9999999999118583E-01   9.9999999999118583E-01   9.9999999999118538E-01
 9.9999999999118705E-01   9.9999999999118749E-01   9.9999999999118616E-01   9.9999999999118616E-01   9.9999999999118705E-01   9.9999999999118760E-01   9.9999999999118749E-01   9.9999999999118705E-01   9.9999999999118705E-01   9.9999999999118661E-01   9.9999999999118749E-01
 9.9999999999118672E-01   9.9999999999118616E-01   9.9999999999118583E-01   9.9999999999118538E-01   9.9999999999118661E-01   9.9999999999118583E-01   9.9999999999118616E-01   9.9999999999118572E-01   9.9999999999118450E-01   9.9999999999118572E-01   9.9999999999118450E-01
 9.9999999999118450E-01   9.9999999999118350E-01   9.9999999999118394E-01   9.9999999999118405E-01   9.9999999999118416E-01   9.9999999999118416E-01   9.9999999999118439E-01   9.9999999999118261E-01   9.9999999999118361E-01   9.9999999999118228E-01   9.9999999999118261E-01
 9.9999999996920763E-01   9.9999999996920763E-01   9.9999999996920752E-01   9.9999999996920730E-01   9.9999999996920697E-01   9.9999999996920619E-01   9.9999999996920685E-01   9.9999999996920574E-01   9.9999999996920608E-01   9.9999999996920597E-01   9.9999999996920641E-01
 9.9999999996920608E-01   9.9999999996920541E-01   9.9999999996920597E-01   9.9999999996920641E-01   9.9999999996920597E-01   9.9999999996920541E-01   9.9999999996920541E-01   9.9999999996920541E-01   9.9999999996920685E-01   9.9999999996920641E-01   9.9999999996920541E-01
 9.9999999996920685E-01   9.9999999996920641E-01   9.9999999996920674E-01   9.9999999996920486E-01   9.9999999996920541E-01   9.9999999996920541E-01   9.9999999996920574E-01   9.9999999996920541E-01   9.9999999996920497E-01   9.9999999996920541E-01   9.9999999996920508E-01
 9.9999999996920452E-01   9.9999999996920508E-01   9.9999999996920519E-01   9.9999999996920341E-01   9.9999999996920308E-01   9.9999999996920363E-01   9.9999999996920341E-01   9.9999999988682553E-01   9.9999999988682464E-01   9.9999999988682464E-01   9.9999999988682509E-01
 9.9999999988682509E-01   9.9999999988682453E-01   9.9999999988682375E-01   9.9999999988682409E-01   9.9999999988682409E-01   9.9999999988682409E-01   9.9999999988682409E-01   9.9999999988682409E-01   9.9999999988682409E-01   9.9999999988682409E-01   9.9999999988682498E-01
 9.9999999988682364E-01   9.9999999988682464E-01   9.9999999988682409E-01   9.9999999988682398E-01   9.9999999988682353E-01   9.9999999988682409E-01   9.9999999988682464E-01   9.9999999988682409E-01   9.9999999988682409E-01   9.9999999988682453E-01   9.9999999988682353E-01
 9.9999999988682353E-01   9.9999999988682386E-01   9.9999999988682386E-01   9.9999999988682331E-01   9.9999999988682298E-01   9.9999999988682309E-01   9.9999999988682331E-01   9.9999999988682298E-01   9.9999999988682287E-01   9.9999999988682242E-01   9.9999999988682142E-01
 9.9999999988682131E-01   9.9999999988682187E-01   9.9999999988682176E-01   9.9999999926771022E-01   9.9999999926771110E-01   9.9999999926771033E-01   9.9999999926771088E-01   9.9999999926770988E-01   9.9999999926770988E-01   9.9999999926770988E-01   9.9999999926770944E-01
 9.9999999926771066E-01   9.9999999926770911E-01   9.9999999926770977E-01   9.9999999926771077E-01   9.9999999926770999E-01   9.9999999926770911E-01   9.9999999926770899E-01   9.9999999926770977E-01   9.9999999926770988E-01   9.9999999926770955E-01   9.9999999926770944E-01
 9.9999999926771077E-01   9.9999999926770944E-01   9.9999999926770988E-01   9.9999999926771033E-01   9.9999999926771022E-01   9.9999999926770966E-01   9.9999999926771010E-01   9.9999999926771066E-01   9.9999999926771022E-01   9.9999999926771010E-01   9.9999999926770955E-01
 9.9999999926770955E-01   9.9999999926770922E-01   9.9999999926770811E-01   9.9999999926770844E-01   9.9999999926770822E-01   9.9999999926770811E-01   9.9999999926770777E-01   9.9999999926770877E-01   9.9999999926770855E-01   9.9999999926770744E-01   9.9999998520835875E-01
 9.9999998520835776E-01   9.9999998520835742E-01   9.9999998520835742E-01   9.9999998520835698E-01   9.9999998520835653E-01   9.9999998520835653E-01   9.9999998520835609E-01   9.9999998520835609E-01   9.9999998520835753E-01   9.9999998520835598E-01   9.9999998520835587E-01
 9.9999998520835598E-01   9.9999998520835587E-01   9.9999998520835598E-01   9.9999998520835598E-01   9.9999998520835587E-01   9.9999998520835554E-01   9.9999998520835598E-01   9.9999998520835554E-01   9.9999998520835587E-01   9.9999998520835598E-01   9.9999998520835554E-01
 9.9999998520835587E-01   9.9999998520835587E-01   9.9999998520835531E-01   9.9999998520835565E-01   9.9999998520835531E-01   9.9999998520835487E-01   9.9999998520835520E-01   9.9999998520835487E-01   9.9999998520835687E-01   9.9999998520835687E-01   9.9999998520835631E-01
 9.9999998520835631E-01   9.9999998520835587E-01   9.9999998520835576E-01   9.9999998520835465E-01   9.9999998520835554E-01   9.9999998520835642E-01   9.9999967588396155E-01   9.9999967588396099E-01   9.9999967588396055E-01   9.9999967588396010E-01   9.9999967588396010E-01
 9.9999967588395966E-01   9.9999967588395977E-01   9.9999967588395966E-01   9.9999967588395966E-01   9.9999967588395966E-01   9.9999967588395966E-01   9.9999967588395966E-01   9.9999967588395966E-01   9.9999967588395966E-01   9.9999967588395922E-01   9.9999967588395866E-01
 9.9999967588395910E-01   9.9999967588395899E-01   9.9999967588395822E-01   9.9999967588395899E-01   9.9999967588395966E-01   9.9999967588395899E-01   9.9999967588395855E-01   9.9999967588395966E-01   9.9999967588395855E-01   9.9999967588395855E-01   9.9999967588395855E-01
 9.9999967588395855E-01   9.9999967588395844E-01   9.9999967588395855E-01   9.9999967588395877E-01   9.9999967588395877E-01   9.9999967588395799E-01   9.9999967588395877E-01   9.9999967588395722E-01   9.9999967588395688E-01   9.9999967588395688E-01   9.9999967588395833E-01
 9.9999967588395700E-01   9.9999967588395833E-01   9.9999702494900700E-01   9.9999702494900822E-01   9.9999702494900822E-01   9.9999702494900833E-01   9.9999702494900822E-01   9.9999702494900833E-01   9.9999702494900788E-01   9.9999702494900788E-01   9.9999702494900788E-01
 9.9999702494900733E-01   9.9999702494900788E-01   9.9999702494900744E-01   9.9999702494900755E-01   9.9999702494900755E-01   9.9999702494900744E-01   9.9999702494900711E-01   9.9999702494900733E-01   9.9999702494900666E-01   9.9999702494900622E-01   9.9999702494900622E-01
 9.9999702494900600E-01   9.9999702494900611E-01   9.9999702494900611E-01   9.9999702494900622E-01   9.9999702494900622E-01   9.9999702494900622E-01   9.9999702494900622E-01   9.9999702494900655E-01   9.9999702494900522E-01   9.9999702494900622E-01   9.9999702494900611E-01
 9.9999702494900566E-01   9.9999702494900611E-01   9.9999702494900511E-01   9.9999702494900522E-01   9.9999702494900611E-01   9.9999702494900533E-01   9.9999702494900611E-01   9.9999702494900600E-01   9.9999702494900811E-01   9.9998923768227466E-01   9.9998923768227865E-01
 9.9998923768228087E-01   9.9998923768228265E-01   9.9998923768228420E-01   9.9998923768228509E-01   9.9998923768228509E-01   9.9998923768228543E-01   9.9998923768228587E-01   9.9998923768228531E-01   9.9998923768228531E-01   9.9998923768228531E-01   9.9998923768228543E-01
 9.9998923768228531E-01   9.9998923768228587E-01   9.9998923768228531E-01   9.9998923768228531E-01   9.9998923768228531E-01   9.9998923768228531E-01   9.9998923768228531E-01   9.9998923768228531E-01   9.9998923768228620E-01   9.9998923768228531E-01   9.9998923768228531E-01
 9.9998923768228576E-01   9.9998923768228543E-01   9.9998923768228620E-01   9.9998923768228543E-01   9.9998923768228487E-01   9.9998923768228531E-01   9.9998923768228576E-01   9.9998923768228465E-01   9.9998923768228598E-01   9.9998923768228554E-01   9.9998923768228654E-01
 9.9998923768228776E-01   9.9998923768228876E-01   9.9998923768228865E-01   9.9998923768228820E-01   9.9998923768228987E-01
 1.4466292824615371E-04   1.4466292713894682E-04   1.4466292744011260E-04   1.4466292821533859E-04   1.4466292911111632E-04   1.4466292996043555E-04   1.4466293071249220E-04   1.4466293135818986E-04   1.4466293191806278E-04   1.4466293240164124E-04   1.4466293282176308E-04
 1.4466293319094633E-04   1.4466293351787259E-04   1.4466293380894433E-04   1.4466293406910119E-04   1.4466293430891557E-04   1.4466293452678884E-04   1.4466293473351302E-04   1.4466293493141369E-04   1.4466293512226363E-04   1.4466293530859071E-04   1.4466293549223797E-04
 1.4466293567577394E-04   1.4466293586016952E-04   1.4466293603894033E-04   1.4466293621621015E-04   1.4466293638455056E-04   1.4466293654312462E-04   1.4466293668622917E-04   1.4466293681000481E-04   1.4466293691200717E-04   1.4466293699209252E-04   1.4466293705154757E-04
 1.4466293710356347E-04   1.4466293715353749E-04   1.4466293722178590E-04   1.4466293731471542E-04   1.4466293745126309E-04   1.4466293762718002E-04   1.4466293803694507E-04   1.9465415128931156E-04   1.9465415068001604E-04   1.9465415031394672E-04   1.9465415000974318E-04
 1.9465414977389779E-04   1.9465414960297627E-04   1.9465414949904839E-04   1.9465414944929013E-04   1.9465414945115891E-04   1.9465414949027898E-04   1.9465414956494547E-04   1.9465414966617187E-04   1.9465414978599464E-04   1.9465414991971862E-04   1.9465415006703784E-04
 1.9465415022079674E-04   1.9465415037950423E-04   1.9465415054295161E-04   1.9465415071173064E-04   1.9465415088228388E-04   1.9465415105466630E-04   1.9465415123078454E-04   1.9465415141149917E-04   1.9465415159074072E-04   1.9465415177303481E-04   1.9465415195444688E-04
 1.9465415213504824E-04   1.9465415231078751E-04   1.9465415248375321E-04   1.9465415264357695E-04   1.9465415279614918E-04   1.9465415293731494E-04   1.9465415306917533E-04   1.9465415319338546E-04   1.9465415331555814E-04   1.9465415344451696E-04   1.9465415358220294E-04
 1.9465415373284318E-04   1.9465415389653858E-04   1.9465415418204506E-04   2.1268854065299516E-04   2.1268854037869098E-04   2.1268854020200029E-04   2.1268854003637488E-04   2.1268853988368945E-04   2.1268853975137353E-04   2.1268853963841695E-04   2.1268853954212525E-04
 2.1268853946873606E-04   2.1268853941595658E-04   2.1268853938178427E-04   2.1268853936488418E-04   2.1268853936631538E-04   2.1268853937896179E-04   2.1268853940582707E-04   2.1268853944614058E-04   2.1268853949571402E-04   2.1268853955940363E-04   2.1268853962774363E-04
 2.1268853970676590E-04   2.1268853979479368E-04   2.1268853988875845E-04   2.1268853998884172E-04   2.1268854009872377E-04   2.1268854021133464E-04   2.1268854033006560E-04   2.1268854045236894E-04   2.1268854057588488E-04   2.1268854070118662E-04   2.1268854082396159E-04
 2.1268854094565339E-04   2.1268854106369579E-04   2.1268854117988798E-04   2.1268854129056044E-04   2.1268854140371851E-04   2.1268854152092559E-04   2.1268854164045931E-04   2.1268854177072504E-04   2.1268854190255237E-04   2.1268854211948442E-04   2.1449805408824531E-04
 2.1449805393693178E-04   2.1449805383812689E-04   2.1449805374569106E-04   2.1449805365965162E-04   2.1449805358022324E-04   2.1449805350930203E-04   2.1449805344846395E-04   2.1449805339666131E-04   2.1449805335898136E-04   2.1449805332454701E-04   2.1449805330405416E-04
 2.1449805329060943E-04   2.1449805328685359E-04   2.1449805328907487E-04   2.1449805330096383E-04   2.1449805331648773E-04   2.1449805334288179E-04   2.1449805337311737E-04   2.1449805341164997E-04   2.1449805345439982E-04   2.1449805350477364E-04   2.1449805355927375E-04
 2.1449805361932874E-04   2.1449805368649474E-04   2.1449805375598082E-04   2.1449805383108220E-04   2.1449805390753054E-04   2.1449805398906526E-04   2.1449805406849819E-04   2.1449805415198100E-04   2.1449805423274921E-04   2.1449805431251795E-04   2.1449805439548213E-04
 2.1449805447540919E-04   2.1449805456047409E-04   2.1449805465017661E-04   2.1449805474290233E-04   2.1449805484050210E-04   2.1449805498339309E-04   2.1456943333805349E-04   2.1456943324473475E-04   2.1456943318728006E-04   2.1456943313126394E-04   2.1456943307572333E-04
 2.1456943302679098E-04   2.1456943298294725E-04   2.1456943294439972E-04   2.1456943291117580E-04   2.1456943288296806E-04   2.1456943286131348E-04   2.1456943284250827E-04   2.1456943283096661E-04   2.1456943282360924E-04   2.1456943282014345E-04   2.1456943282317616E-04
 2.1456943282898892E-04   2.1456943283912328E-04   2.1456943285523894E-04   2.1456943287287791E-04   2.1456943289764607E-04   2.1456943292463070E-04   2.1456943295565842E-04   2.1456943299275662E-04   2.1456943303098353E-04   2.1456943307471624E-04   2.1456943312029466E-04
 2.1456943316956520E-04   2.1456943321868793E-04   2.1456943327334620E-04   2.1456943332617983E-04   2.1456943337905233E-04   2.1456943343316258E-04   2.1456943348796602E-04   2.1456943354577286E-04   2.1456943360338230E-04   2.1456943366638699E-04   2.1456943373180545E-04
 2.1456943379983005E-04   2.1456943390053905E-04   2.1457264993199869E-04   2.1457264987506834E-04   2.1457264983595071E-04   2.1457264979962291E-04   2.1457264976447498E-04   2.1457264973092572E-04   2.1457264970118711E-04   2.1457264967443386E-04   2.1457264965056417E-04
 2.1457264962996609E-04   2.1457264961471741E-04   2.1457264960032162E-04   2.1457264958905651E-04   2.1457264958302870E-04   2.1457264957893527E-04   2.1457264957642369E-04   2.1457264957832175E-04   2.1457264958239930E-04   2.1457264959043676E-04   2.1457264960097759E-04
 2.1457264961481819E-04   2.1457264963032645E-04   2.1457264965027420E-04   2.1457264967233631E-04   2.1457264969926417E-04   2.1457264972582545E-04   2.1457264975647115E-04   2.1457264978691306E-04   2.1457264982294763E-04   2.1457264985950738E-04   2.1457264989423351E-04
 2.1457264993258407E-04   2.1457264997131145E-04   2.1457265000913848E-04   2.1457265004975150E-04   2.1457265009146748E-04   2.1457265013544050E-04   2.1457265018300889E-04   2.1457265023215339E-04   2.1457265030225961E-04   2.1457330974682218E-04   2.1457330970762190E-04
 2.1457330968249785E-04   2.1457330965823042E-04   2.1457330963432561E-04   2.1457330961329891E-04   2.1457330959083129E-04   2.1457330957214133E-04   2.1457330955491281E-04   2.1457330954159447E-04   2.1457330952897468E-04   2.1457330951827691E-04   2.1457330951181629E-04
 2.1457330950413052E-04   2.1457330950201760E-04   2.1457330949974440E-04   2.1457330949940063E-04   2.1457330950086951E-04   2.1457330950502767E-04   2.1457330951199155E-04   2.1457330952027128E-04   2.1457330952994369E-04   2.1457330954382549E-04   2.1457330955642194E-04
 2.1457330957317641E-04   2.1457330959283519E-04   2.1457330961264026E-04   2.1457330963467087E-04   2.1457330965870511E-04   2.1457330968283994E-04   2.1457330970871253E-04   2.1457330973367338E-04   2.1457330976132994E-04   2.1457330978947233E-04   2.1457330981658452E-04
 2.1457330984745013E-04   2.1457330987966885E-04   2.1457330991277748E-04   2.1457330994875456E-04   2.1457330999934140E-04   2.1457349914856015E-04   2.1457349912316196E-04   2.1457349910488290E-04   2.1457349908846109E-04   2.1457349907128760E-04   2.1457349905735045E-04
 2.1457349904111751E-04   2.1457349902884854E-04   2.1457349901689618E-04   2.1457349900608021E-04   2.1457349899873637E-04   2.1457349899105805E-04   2.1457349898477073E-04   2.1457349898106363E-04   2.1457349897700966E-04   2.1457349897654432E-04   2.1457349897527643E-04
 2.1457349897695025E-04   2.1457349897763779E-04   2.1457349898210612E-04   2.1457349898785428E-04   2.1457349899435985E-04   2.1457349900166146E-04   2.1457349901319662E-04   2.1457349902322364E-04   2.1457349903663102E-04   2.1457349905026522E-04   2.1457349906530589E-04
 2.1457349908189470E-04   2.1457349909999150E-04   2.1457349911712542E-04   2.1457349913528261E-04   2.1457349915549265E-04   2.1457349917624355E-04   2.1457349919514534E-04   2.1457349921811191E-04   2.1457349924147023E-04   2.1457349926497839E-04   2.1457349929345865E-04
 2.1457349932690379E-04   2.1457355026742290E-04   2.1457355024740224E-04   2.1457355023634780E-04   2.1457355022348672E-04   2.1457355021252151E-04   2.1457355020109740E-04   2.1457355018994427E-04   2.1457355018077937E-04   2.1457355017312179E-04   2.1457355016457974E-04
 2.1457355015851553E-04   2.1457355015294511E-04   2.1457355014832164E-04   2.1457355014744807E-04   2.1457355014213974E-04   2.1457355014267872E-04   2.1457355014117938E-04   2.1457355014144436E-04   2.1457355014356698E-04   2.1457355014596681E-04   2.1457355014964111E-04
 2.1457355015380816E-04   2.1457355015979968E-04   2.1457355016609751E-04   2.1457355017452277E-04   2.1457355018227305E-04   2.1457355019402564E-04   2.1457355020417697E-04   2.1457355021735534E-04   2.1457355022896362E-04   2.1457355024118182E-04   2.1457355025503156E-04
 2.1457355026943952E-04   2.1457355028468627E-04   2.1457355029910971E-04   2.1457355031666718E-04   2.1457355033310932E-04   2.1457355034979600E-04   2.1457355037005473E-04   2.1457355039767293E-04   2.1457356298319017E-04   2.1457356296693812E-04   2.1457356296046380E-04
 2.1457356294977183E-04   2.1457356294221955E-04   2.1457356293396753E-04   2.1457356292550099E-04   2.1457356291870944E-04   2.1457356291194009E-04   2.1457356290749811E-04   2.1457356290214831E-04   2.1457356289781947E-04   2.1457356289553278E-04   2.1457356289233845E-04
 2.1457356289140446E-04   2.1457356289058516E-04   2.1457356288872450E-04   2.1457356289000335E-04   2.1457356289012825E-04   2.1457356289152931E-04   2.1457356289430730E-04   2.1457356289761285E-04   2.1457356290167495E-04   2.1457356290598468E-04   2.1457356291329908E-04
 2.1457356291952826E-04   2.1457356292602027E-04   2.1457356293567249E-04   2.1457356294338596E-04   2.1457356295233866E-04   2.1457356296310679E-04   2.1457356297329352E-04   2.1457356298550426E-04   2.1457356299478647E-04   2.1457356300775285E-04   2.1457356301678642E-04
 2.1457356303151640E-04   2.1457356304449164E-04   2.1457356305976637E-04   2.1457356307818691E-04   2.1457356590883940E-04   2.1457356589866397E-04   2.1457356589153737E-04   2.1457356588442793E-04   2.1457356587824790E-04   2.1457356587075804E-04   2.1457356586684201E-04
 2.1457356586070209E-04   2.1457356585626329E-04   2.1457356585195413E-04   2.1457356584827451E-04   2.1457356584572899E-04   2.1457356584305418E-04   2.1457356584099951E-04   2.1457356583976612E-04   2.1457356583794572E-04   2.1457356583779781E-04   2.1457356583847245E-04
 2.1457356583794526E-04   2.1457356584095075E-04   2.1457356584153749E-04   2.1457356584506226E-04   2.1457356584753739E-04   2.1457356585091077E-04   2.1457356585556834E-04   2.1457356586026302E-04   2.1457356586717042E-04   2.1457356587171604E-04   2.1457356588024370E-04
 2.1457356588608359E-04   2.1457356589379812E-04   2.1457356590270574E-04   2.1457356591040116E-04   2.1457356591866688E-04   2.1457356592747385E-04   2.1457356593707785E-04   2.1457356594552939E-04   2.1457356595608868E-04   2.1457356596828102E-04   2.1457356598145370E-04
 2.1457356654572995E-04   2.1457356653983500E-04   2.1457356653411361E-04   2.1457356652887941E-04   2.1457356652466574E-04   2.1457356651781792E-04   2.1457356651545653E-04   2.1457356651014058E-04   2.1457356650656030E-04   2.1457356650341785E-04   2.1457356649980368E-04
 2.1457356649827003E-04   2.1457356649573817E-04   2.1457356649498804E-04   2.1457356649346845E-04   2.1457356649224395E-04   2.1457356649285701E-04   2.1457356649246732E-04   2.1457356649273677E-04   2.1457356649360053E-04   2.1457356649512996E-04   2.1457356649716208E-04
 2.1457356650060437E-04   2.1457356650246321E-04   2.1457356650605178E-04   2.1457356650933192E-04   2.1457356651437824E-04   2.1457356651834389E-04   2.1457356652422537E-04   2.1457356653036612E-04   2.1457356653667025E-04   2.1457356654232439E-04   2.1457356654752612E-04
 2.1457356655462637E-04   2.1457356656087674E-04   2.1457356656850836E-04   2.1457356657584830E-04   2.1457356658429797E-04   2.1457356659283381E-04   2.1457356660426689E-04   2.1457356669157059E-04   2.1457356668604240E-04   2.1457356668074895E-04   2.1457356667801944E-04
 2.1457356667358967E-04   2.1457356667075618E-04   2.1457356666687710E-04   2.1457356666301140E-04   2.1457356666052286E-04   2.1457356665760598E-04   2.1457356665608964E-04   2.1457356665370879E-04   2.1457356665200819E-04   2.1457356665128142E-04   2.1457356664967975E-04
 2.1457356664966479E-04   2.1457356664874737E-04   2.1457356664964365E-04   2.1457356665010948E-04   2.1457356664989760E-04   2.1457356665109225E-04   2.1457356665154268E-04   2.1457356665481109E-04   2.1457356665744148E-04   2.1457356665992251E-04   2.1457356666328983E-04
 2.1457356666552418E-04   2.1457356667092115E-04   2.1457356667469945E-04   2.1457356667817302E-04   2.1457356668324408E-04   2.1457356668858031E-04   2.1457356669276917E-04   2.1457356669799853E-04   2.1457356670266696E-04   2.1457356670915356E-04   2.1457356671495656E-04
 2.1457356672101421E-04   2.1457356672905929E-04   2.1457356673848518E-04   2.1457356673689490E-04   2.1457356673270704E-04   2.1457356672891187E-04   2.1457356672618242E-04   2.1457356672349701E-04   2.1457356672088229E-04   2.1457356671668125E-04   2.1457356671479089E-04
 2.1457356671239668E-04   2.1457356671093227E-04   2.1457356670868556E-04   2.1457356670759049E-04   2.1457356670623209E-04   2.1457356670445433E-04   2.1457356670384216E-04   2.1457356670336327E-04   2.1457356670401352E-04   2.1457356670299597E-04   2.1457356670366638E-04
 2.1457356670430153E-04   2.1457356670458587E-04   2.1457356670556886E-04   2.1457356670815793E-04   2.1457356670927285E-04   2.1457356671173960E-04   2.1457356671419209E-04   2.1457356671677978E-04   2.1457356672061512E-04   2.1457356672287075E-04   2.1457356672782951E-04
 2.1457356672972979E-04   2.1457356673491791E-04   2.1457356673834681E-04   2.1457356674194671E-04   2.1457356674644686E-04   2.1457356675142110E-04   2.1457356675615703E-04   2.1457356676047299E-04   2.1457356676660191E-04   2.1457356677525029E-04   2.1457356676181664E-04
 2.1457356675879695E-04   2.1457356675601280E-04   2.1457356675454108E-04   2.1457356675133477E-04   2.1457356674900278E-04   2.1457356674678814E-04   2.1457356674477055E-04   2.1457356674297123E-04   2.1457356674196528E-04   2.1457356673963734E-04   2.1457356673847561E-04
 2.1457356673668709E-04   2.1457356673698229E-04   2.1457356673593086E-04   2.1457356673554355E-04   2.1457356673502175E-04   2.1457356673502655E-04   2.1457356673535777E-04   2.1457356673544467E-04   2.1457356673671617E-04   2.1457356673823479E-04   2.1457356673833760E-04
 2.1457356674078762E-04   2.1457356674238815E-04   2.1457356674423259E-04   2.1457356674623961E-04   2.1457356674835118E-04   2.1457356675150398E-04   2.1457356675348122E-04   2.1457356675672317E-04   2.1457356675987627E-04   2.1457356676295603E-04   2.1457356676659982E-04
 2.1457356676972950E-04   2.1457356677386283E-04   2.1457356677768158E-04   2.1457356678216392E-04   2.1457356678669561E-04   2.1457356679379348E-04   2.1457356678282637E-04   2.1457356677973585E-04   2.1457356677774254E-04   2.1457356677612369E-04   2.1457356677394968E-04
 2.1457356677189783E-04   2.1457356677063657E-04   2.1457356676866682E-04   2.1457356676700122E-04   2.1457356676558866E-04   2.1457356676346227E-04   2.1457356676373305E-04   2.1457356676164035E-04   2.1457356676130325E-04   2.1457356676075974E-04   2.1457356676083265E-04
 2.1457356675996721E-04   2.1457356676077651E-04   2.1457356676050021E-04   2.1457356676076876E-04   2.1457356676156104E-04   2.1457356676304865E-04   2.1457356676306052E-04   2.1457356676489618E-04   2.1457356676578482E-04   2.1457356676842163E-04   2.1457356676936378E-04
 2.1457356677109671E-04   2.1457356677312403E-04   2.1457356677437810E-04   2.1457356677795190E-04   2.1457356677976030E-04   2.1457356678290107E-04   2.1457356678520541E-04   2.1457356678819637E-04   2.1457356679227467E-04   2.1457356679532505E-04   2.1457356679906094E-04
 2.1457356680282757E-04   2.1457356680866011E-04   2.1457356680008879E-04   2.1457356679860951E-04   2.1457356679758109E-04   2.1457356679535750E-04   2.1457356679285339E-04   2.1457356679262799E-04   2.1457356679058454E-04   2.1457356678852095E-04   2.1457356678798647E-04
 2.1457356678633143E-04   2.1457356678516488E-04   2.1457356678407716E-04   2.1457356678404081E-04   2.1457356678272868E-04   2.1457356678229481E-04   2.1457356678223960E-04   2.1457356678200901E-04   2.1457356678242933E-04   2.1457356678187045E-04   2.1457356678293961E-04
 2.1457356678287459E-04   2.1457356678366353E-04   2.1457356678449615E-04   2.1457356678542273E-04   2.1457356678607670E-04   2.1457356678739324E-04   2.1457356678932261E-04   2.1457356678972029E-04   2.1457356679190312E-04   2.1457356679463403E-04   2.1457356679618805E-04
 2.1457356679811603E-04   2.1457356680033472E-04   2.1457356680232065E-04   2.1457356680551254E-04   2.1457356680831577E-04   2.1457356681019507E-04   2.1457356681407915E-04   2.1457356681760326E-04   2.1457356682251508E-04   2.1457356681678954E-04   2.1457356681525626E-04
 2.1457356681422028E-04   2.1457356681171583E-04   2.1457356681043384E-04   2.1457356680916795E-04   2.1457356680778316E-04   2.1457356680708656E-04   2.1457356680583636E-04   2.1457356680484033E-04   2.1457356680404396E-04   2.1457356680329892E-04   2.1457356680266645E-04
 2.1457356680187705E-04   2.1457356680150956E-04   2.1457356680142648E-04   2.1457356680073831E-04   2.1457356680086253E-04   2.1457356680107205E-04   2.1457356680140808E-04   2.1457356680180007E-04   2.1457356680275021E-04   2.1457356680319912E-04   2.1457356680358290E-04
 2.1457356680439727E-04   2.1457356680532240E-04   2.1457356680603491E-04   2.1457356680792069E-04   2.1457356680939545E-04   2.1457356681127434E-04   2.1457356681196121E-04   2.1457356681438673E-04   2.1457356681636632E-04   2.1457356681765848E-04   2.1457356682090406E-04
 2.1457356682242314E-04   2.1457356682558988E-04   2.1457356682830664E-04   2.1457356683102512E-04   2.1457356683456566E-04   2.1457356683100330E-04   2.1457356683012962E-04   2.1457356682858848E-04   2.1457356682704162E-04   2.1457356682618730E-04   2.1457356682516929E-04
 2.1457356682416868E-04   2.1457356682344925E-04   2.1457356682180167E-04   2.1457356682095882E-04   2.1457356682017957E-04   2.1457356682015949E-04   2.1457356681925803E-04   2.1457356681863296E-04   2.1457356681872674E-04   2.1457356681780709E-04   2.1457356681809129E-04
 2.1457356681771602E-04   2.1457356681836654E-04   2.1457356681837372E-04   2.1457356681827869E-04   2.1457356681842539E-04   2.1457356681882711E-04   2.1457356681996710E-04   2.1457356682061035E-04   2.1457356682184407E-04   2.1457356682266760E-04   2.1457356682352580E-04
 2.1457356682501696E-04   2.1457356682627054E-04   2.1457356682789923E-04   2.1457356682882549E-04   2.1457356683116652E-04   2.1457356683202448E-04   2.1457356683390590E-04   2.1457356683613637E-04   2.1457356683864446E-04   2.1457356684105616E-04   2.1457356684343387E-04
 2.1457356684755232E-04   2.1457356684489017E-04   2.1457356684358189E-04   2.1457356684282384E-04   2.1457356684081782E-04   2.1457356683959221E-04   2.1457356684029689E-04   2.1457356683773421E-04   2.1457356683778490E-04   2.1457356683671263E-04   2.1457356683596149E-04
 2.1457356683555695E-04   2.1457356683480177E-04   2.1457356683437015E-04   2.1457356683426829E-04   2.1457356683367022E-04   2.1457356683251847E-04   2.1457356683298121E-04   2.1457356683286989E-04   2.1457356683319444E-04   2.1457356683302384E-04   2.1457356683320529E-04
 2.1457356683384090E-04   2.1457356683355066E-04   2.1457356683451522E-04   2.1457356683529248E-04   2.1457356683623544E-04   2.1457356683652636E-04   2.1457356683777601E-04   2.1457356683909454E-04   2.1457356684074483E-04   2.1457356684141720E-04   2.1457356684298238E-04
 2.1457356684342825E-04   2.1457356684554622E-04   2.1457356684743023E-04   2.1457356684879156E-04   2.1457356685011673E-04   2.1457356685280151E-04   2.1457356685440634E-04   2.1457356685783570E-04   2.1457356685713739E-04   2.1457356685530211E-04   2.1457356685461917E-04
 2.1457356685339893E-04   2.1457356685297059E-04   2.1457356685314523E-04   2.1457356685104217E-04   2.1457356685062955E-04   2.1457356685041466E-04   2.1457356684884647E-04   2.1457356684903822E-04   2.1457356684810586E-04   2.1457356684715195E-04   2.1457356684763558E-04
 2.1457356684721602E-04   2.1457356684640954E-04   2.1457356684698040E-04   2.1457356684640588E-04   2.1457356684669105E-04   2.1457356684676055E-04   2.1457356684706410E-04   2.1457356684738058E-04   2.1457356684762862E-04   2.1457356684743598E-04   2.1457356684836821E-04
 2.1457356684935627E-04   2.1457356685013941E-04   2.1457356685086466E-04   2.1457356685100008E-04   2.1457356685272499E-04   2.1457356685454943E-04   2.1457356685501046E-04   2.1457356685607957E-04   2.1457356685715157E-04   2.1457356685878319E-04   2.1457356686016985E-04
 2.1457356686222369E-04   2.1457356686287011E-04   2.1457356686543176E-04   2.1457356686858681E-04   2.1457356686734622E-04   2.1457356686627614E-04   2.1457356686684662E-04   2.1457356686590084E-04   2.1457356686433644E-04   2.1457356686394610E-04   2.1457356686350922E-04
 2.1457356686218316E-04   2.1457356686192895E-04   2.1457356686142311E-04   2.1457356686120188E-04   2.1457356686009575E-04   2.1457356686018029E-04   2.1457356685953294E-04   2.1457356685933873E-04   2.1457356685861302E-04   2.1457356685928593E-04   2.1457356685842955E-04
 2.1457356685909527E-04   2.1457356685894864E-04   2.1457356685935581E-04   2.1457356685918749E-04   2.1457356685927029E-04   2.1457356686065243E-04   2.1457356686066138E-04   2.1457356686142590E-04   2.1457356686239090E-04   2.1457356686255925E-04   2.1457356686363654E-04
 2.1457356686416324E-04   2.1457356686503901E-04   2.1457356686657372E-04   2.1457356686673931E-04   2.1457356686785240E-04   2.1457356686936817E-04   2.1457356687081577E-04   2.1457356687191458E-04   2.1457356687380736E-04   2.1457356687521576E-04   2.1457356687765007E-04
 2.1457356687826115E-04   2.1457356687691807E-04   2.1457356687678520E-04   2.1457356687712342E-04   2.1457356687471765E-04   2.1457356687495528E-04   2.1457356687417498E-04   2.1457356687345816E-04   2.1457356687320291E-04   2.1457356687192060E-04   2.1457356687135394E-04
 2.1457356687212866E-04   2.1457356687042315E-04   2.1457356687130751E-04   2.1457356687028730E-04   2.1457356687050526E-04   2.1457356687013112E-04   2.1457356687002620E-04   2.1457356687007968E-04   2.1457356687031839E-04   2.1457356687067992E-04   2.1457356687096105E-04
 2.1457356687086451E-04   2.1457356687107023E-04   2.1457356687229647E-04   2.1457356687224632E-04   2.1457356687272548E-04   2.1457356687316556E-04   2.1457356687396747E-04   2.1457356687535240E-04   2.1457356687507509E-04   2.1457356687669404E-04   2.1457356687699228E-04
 2.1457356687744111E-04   2.1457356687939542E-04   2.1457356688129694E-04   2.1457356688131502E-04   2.1457356688322701E-04   2.1457356688379001E-04   2.1457356688651399E-04   2.1457356688792443E-04   2.1457356688712597E-04   2.1457356688620111E-04   2.1457356688565137E-04
 2.1457356688507113E-04   2.1457356688398173E-04   2.1457356688398614E-04   2.1457356688302711E-04   2.1457356688263320E-04   2.1457356688212869E-04   2.1457356688196305E-04   2.1457356688180476E-04   2.1457356688120302E-04   2.1457356688061436E-04   2.1457356688105278E-04
 2.1457356688042804E-04   2.1457356688045051E-04   2.1457356688054825E-04   2.1457356688042229E-04   2.1457356688038917E-04   2.1457356688046495E-04   2.1457356688076555E-04   2.1457356688116570E-04   2.1457356688154821E-04   2.1457356688203019E-04   2.1457356688199465E-04
 2.1457356688315383E-04   2.1457356688337246E-04   2.1457356688421513E-04   2.1457356688427313E-04   2.1457356688557515E-04   2.1457356688567866E-04   2.1457356688730245E-04   2.1457356688776481E-04   2.1457356688887508E-04   2.1457356688943724E-04   2.1457356689063732E-04
 2.1457356689245089E-04   2.1457356689366533E-04   2.1457356689419540E-04   2.1457356689588955E-04   2.1457356689604982E-04   2.1457356689520428E-04   2.1457356689465561E-04   2.1457356689368685E-04   2.1457356689348755E-04   2.1457356689245834E-04   2.1457356689241606E-04
 2.1457356689177164E-04   2.1457356689116733E-04   2.1457356689108580E-04   2.1457356689006643E-04   2.1457356689010397E-04   2.1457356688961253E-04   2.1457356688996110E-04   2.1457356688962063E-04   2.1457356688971016E-04   2.1457356688951078E-04   2.1457356688945041E-04
 2.1457356688977513E-04   2.1457356689013924E-04   2.1457356689058541E-04   2.1457356689043276E-04   2.1457356689047149E-04   2.1457356689137130E-04   2.1457356689110103E-04   2.1457356689233827E-04   2.1457356689265299E-04   2.1457356689293596E-04   2.1457356689385111E-04
 2.1457356689397522E-04   2.1457356689479626E-04   2.1457356689550883E-04   2.1457356689651386E-04   2.1457356689713210E-04   2.1457356689831935E-04   2.1457356689873582E-04   2.1457356689965156E-04   2.1457356690081494E-04   2.1457356690254573E-04   2.1457356690307287E-04
 2.1457356690310488E-04   2.1457356690269319E-04   2.1457356690270164E-04   2.1457356690121298E-04   2.1457356690046808E-04   2.1457356690060067E-04   2.1457356689987204E-04   2.1457356689998707E-04   2.1457356689869852E-04   2.1457356689908000E-04   2.1457356689839031E-04
 2.1457356689792560E-04   2.1457356689782856E-04   2.1457356689781138E-04   2.1457356689796739E-04   2.1457356689791137E-04   2.1457356689773380E-04   2.1457356689803635E-04   2.1457356689782447E-04   2.1457356689789966E-04   2.1457356689840359E-04   2.1457356689832222E-04
 2.1457356689900915E-04   2.1457356689918116E-04   2.1457356689948766E-04   2.1457356689973011E-04   2.1457356690022920E-04   2.1457356690084448E-04   2.1457356690176438E-04   2.1457356690120227E-04   2.1457356690233304E-04   2.1457356690342995E-04   2.1457356690343291E-04
 2.1457356690476846E-04   2.1457356690483186E-04   2.1457356690581927E-04   2.1457356690717877E-04   2.1457356690786646E-04   2.1457356690997867E-04   2.1457356690712944E-04   2.1457356690693553E-04   2.1457356690596189E-04   2.1457356690531882E-04   2.1457356690502883E-04
 2.1457356690432090E-04   2.1457356690399241E-04   2.1457356690381189E-04   2.1457356690309220E-04   2.1457356690340212E-04   2.1457356690273026E-04   2.1457356690260859E-04   2.1457356690183417E-04   2.1457356690205660E-04   2.1457356690215068E-04   2.1457356690187594E-04
 2.1457356690198463E-04   2.1457356690226625E-04   2.1457356690154886E-04   2.1457356690180013E-04   2.1457356690211978E-04   2.1457356690219692E-04   2.1457356690203952E-04   2.1457356690230328E-04   2.1457356690306509E-04   2.1457356690285714E-04   2.1457356690328513E-04
 2.1457356690427463E-04   2.1457356690353138E-04   2.1457356690452248E-04   2.1457356690499316E-04   2.1457356690537846E-04   2.1457356690642967E-04   2.1457356690676686E-04   2.1457356690752019E-04   2.1457356690856156E-04   2.1457356690941906E-04   2.1457356691001689E-04
 2.1457356691166902E-04   2.1457356691184971E-04   2.1457356688934148E-04   2.1457356688981243E-04   2.1457356688881074E-04   2.1457356688811473E-04   2.1457356688781853E-04   2.1457356688725469E-04   2.1457356688722322E-04   2.1457356688658544E-04   2.1457356688614493E-04
 2.1457356688613064E-04   2.1457356688612064E-04   2.1457356688562435E-04   2.1457356688541629E-04   2.1457356688504630E-04   2.1457356688535682E-04   2.1457356688511114E-04   2.1457356688538029E-04   2.1457356688497285E-04   2.1457356688495466E-04   2.1457356688519281E-04
 2.1457356688551227E-04   2.1457356688573632E-04   2.1457356688551088E-04   2.1457356688528556E-04   2.1457356688575686E-04   2.1457356688647081E-04   2.1457356688640649E-04   2.1457356688711664E-04   2.1457356688703123E-04   2.1457356688766500E-04   2.1457356688879821E-04
 2.1457356688814905E-04   2.1457356688923189E-04   2.1457356688987702E-04   2.1457356689039546E-04   2.1457356689058517E-04   2.1457356689148489E-04   2.1457356689264168E-04   2.1457356689421532E-04   2.1457356689451120E-04   2.1457356676274312E-04   2.1457356676349016E-04
 2.1457356676232272E-04   2.1457356676178436E-04   2.1457356676185370E-04   2.1457356676138454E-04   2.1457356676066053E-04   2.1457356676077291E-04   2.1457356676025786E-04   2.1457356675994631E-04   2.1457356676002375E-04   2.1457356675944875E-04   2.1457356675952518E-04
 2.1457356675942752E-04   2.1457356675909771E-04   2.1457356675887770E-04   2.1457356675938413E-04   2.1457356675953445E-04   2.1457356675886303E-04   2.1457356675964984E-04   2.1457356675922849E-04   2.1457356675932588E-04   2.1457356675963073E-04   2.1457356675964228E-04
 2.1457356675999925E-04   2.1457356675994390E-04   2.1457356676083037E-04   2.1457356676054222E-04   2.1457356676122584E-04   2.1457356676161870E-04   2.1457356676203053E-04   2.1457356676209228E-04   2.1457356676290453E-04   2.1457356676330279E-04   2.1457356676372362E-04
 2.1457356676454845E-04   2.1457356676460838E-04   2.1457356676606184E-04   2.1457356676706494E-04   2.1457356676763764E-04   2.1457356609367071E-04   2.1457356609379106E-04   2.1457356609298292E-04   2.1457356609202785E-04   2.1457356609255697E-04   2.1457356609187611E-04
 2.1457356609150101E-04   2.1457356609128102E-04   2.1457356609107817E-04   2.1457356609089570E-04   2.1457356609068311E-04   2.1457356609022154E-04   2.1457356609111441E-04   2.1457356608974352E-04   2.1457356609044592E-04   2.1457356609026385E-04   2.1457356609036219E-04
 2.1457356609000801E-04   2.1457356609022428E-04   2.1457356609023135E-04   2.1457356609000269E-04   2.1457356609085932E-04   2.1457356609023870E-04   2.1457356609076741E-04   2.1457356609090532E-04   2.1457356609100794E-04   2.1457356609139779E-04   2.1457356609201454E-04
 2.1457356609183990E-04   2.1457356609234959E-04   2.1457356609266788E-04   2.1457356609320147E-04   2.1457356609326083E-04   2.1457356609420498E-04   2.1457356609454832E-04   2.1457356609533667E-04   2.1457356609601806E-04   2.1457356609595101E-04   2.1457356609723064E-04
 2.1457356609744807E-04   2.1457356292252272E-04   2.1457356292308013E-04   2.1457356292266919E-04   2.1457356292185707E-04   2.1457356292159307E-04   2.1457356292186230E-04   2.1457356292115031E-04   2.1457356292056196E-04   2.1457356292078905E-04   2.1457356292048970E-04
 2.1457356292044628E-04   2.1457356291983907E-04   2.1457356291997137E-04   2.1457356292031108E-04   2.1457356291944556E-04   2.1457356292012972E-04   2.1457356291998590E-04   2.1457356291986111E-04   2.1457356291989437E-04   2.1457356291977925E-04   2.1457356291985100E-04
 2.1457356291988550E-04   2.1457356292040850E-04   2.1457356292025877E-04   2.1457356292039836E-04   2.1457356292113098E-04   2.1457356292078943E-04   2.1457356292117776E-04   2.1457356292172707E-04   2.1457356292155813E-04   2.1457356292180983E-04   2.1457356292271739E-04
 2.1457356292303183E-04   2.1457356292339889E-04   2.1457356292351449E-04   2.1457356292447618E-04   2.1457356292440077E-04   2.1457356292538143E-04   2.1457356292635827E-04   2.1457356292680152E-04   2.1457354916051550E-04   2.1457354916060666E-04   2.1457354916030910E-04
 2.1457354915965532E-04   2.1457354915974282E-04   2.1457354915867802E-04   2.1457354915898773E-04   2.1457354915889061E-04   2.1457354915831761E-04   2.1457354915800745E-04   2.1457354915839375E-04   2.1457354915789946E-04   2.1457354915795822E-04   2.1457354915771617E-04
 2.1457354915775868E-04   2.1457354915740409E-04   2.1457354915753083E-04   2.1457354915708474E-04   2.1457354915780036E-04   2.1457354915745488E-04   2.1457354915806962E-04   2.1457354915776846E-04   2.1457354915832203E-04   2.1457354915805247E-04   2.1457354915867632E-04
 2.1457354915803767E-04   2.1457354915853464E-04   2.1457354915876118E-04   2.1457354915960431E-04   2.1457354915947689E-04   2.1457354915933760E-04   2.1457354915996378E-04   2.1457354916095482E-04   2.1457354916048195E-04   2.1457354916108739E-04   2.1457354916129458E-04
 2.1457354916206071E-04   2.1457354916287494E-04   2.1457354916349335E-04   2.1457354916372859E-04   2.1457349427099525E-04   2.1457349427210081E-04   2.1457349427084124E-04   2.1457349427104311E-04   2.1457349427052351E-04   2.1457349427007340E-04   2.1457349426980886E-04
 2.1457349426982144E-04   2.1457349426981864E-04   2.1457349426979509E-04   2.1457349426904225E-04   2.1457349426950095E-04   2.1457349426954776E-04   2.1457349426872246E-04   2.1457349426924572E-04   2.1457349426920040E-04   2.1457349426906792E-04   2.1457349426870503E-04
 2.1457349426930216E-04   2.1457349426872867E-04   2.1457349426931061E-04   2.1457349426901007E-04   2.1457349426952661E-04   2.1457349426966878E-04   2.1457349426975584E-04   2.1457349426987407E-04   2.1457349427023555E-04   2.1457349427052614E-04   2.1457349427036053E-04
 2.1457349427069956E-04   2.1457349427098248E-04   2.1457349427093629E-04   2.1457349427167480E-04   2.1457349427193910E-04   2.1457349427241951E-04   2.1457349427298316E-04   2.1457349427346295E-04   2.1457349427341836E-04   2.1457349427386570E-04   2.1457349427477133E-04
 2.1457329275865827E-04   2.1457329275800639E-04   2.1457329275825744E-04   2.1457329275795511E-04   2.1457329275757610E-04   2.1457329275810416E-04   2.1457329275751237E-04   2.1457329275721980E-04   2.1457329275711317E-04   2.1457329275679601E-04   2.1457329275665534E-04
 2.1457329275687809E-04   2.1457329275618647E-04   2.1457329275624586E-04   2.1457329275652564E-04   2.1457329275636136E-04   2.1457329275609480E-04   2.1457329275648596E-04   2.1457329275638765E-04   2.1457329275638144E-04   2.1457329275650246E-04   2.1457329275641662E-04
 2.1457329275649455E-04   2.1457329275653174E-04   2.1457329275674194E-04   2.1457329275697206E-04   2.1457329275754110E-04   2.1457329275745827E-04   2.1457329275764212E-04   2.1457329275744881E-04   2.1457329275795898E-04   2.1457329275830192E-04   2.1457329275898288E-04
 2.1457329275946730E-04   2.1457329275954688E-04   2.1457329276012297E-04   2.1457329276016078E-04   2.1457329276012240E-04   2.1457329276063417E-04   2.1457329276113995E-04   2.1457259774866882E-04   2.1457259774887685E-04   2.1457259774818524E-04   2.1457259774823584E-04
 2.1457259774791606E-04   2.1457259774801019E-04   2.1457259774785737E-04   2.1457259774715484E-04   2.1457259774757676E-04   2.1457259774715018E-04   2.1457259774690138E-04   2.1457259774692675E-04   2.1457259774671452E-04   2.1457259774652915E-04   2.1457259774669031E-04
 2.1457259774633881E-04   2.1457259774688379E-04   2.1457259774679548E-04   2.1457259774637866E-04   2.1457259774650052E-04   2.1457259774673785E-04   2.1457259774705051E-04   2.1457259774697191E-04   2.1457259774698849E-04   2.1457259774714904E-04   2.1457259774711570E-04
 2.1457259774742673E-04   2.1457259774774090E-04   2.1457259774769220E-04   2.1457259774816916E-04   2.1457259774846214E-04   2.1457259774815613E-04   2.1457259774914316E-04   2.1457259774922046E-04   2.1457259774964669E-04   2.1457259775005535E-04   2.1457259774971789E-04
 2.1457259775061024E-04   2.1457259775102433E-04   2.1457259775060707E-04   2.1456927857995621E-04   2.1456927858087054E-04   2.1456927858007780E-04   2.1456927858004720E-04   2.1456927857955386E-04   2.1456927857963583E-04   2.1456927857970456E-04   2.1456927857884181E-04
 2.1456927857848213E-04   2.1456927857856341E-04   2.1456927857890559E-04   2.1456927857853349E-04   2.1456927857875453E-04   2.1456927857855932E-04   2.1456927857843420E-04   2.1456927857828385E-04   2.1456927857870753E-04   2.1456927857827859E-04   2.1456927857856881E-04
 2.1456927857870965E-04   2.1456927857844263E-04   2.1456927857848088E-04   2.1456927857887954E-04   2.1456927857867885E-04   2.1456927857877109E-04   2.1456927857889992E-04   2.1456927857882864E-04   2.1456927857917832E-04   2.1456927857977032E-04   2.1456927857948949E-04
 2.1456927858023786E-04   2.1456927858000424E-04   2.1456927858034619E-04   2.1456927858040154E-04   2.1456927858092345E-04   2.1456927858157392E-04   2.1456927858155383E-04   2.1456927858167076E-04   2.1456927858220885E-04   2.1456927858267230E-04   2.1449762583436720E-04
 2.1449762583383928E-04   2.1449762583389173E-04   2.1449762583318133E-04   2.1449762583315246E-04   2.1449762583271894E-04   2.1449762583286786E-04   2.1449762583219498E-04   2.1449762583280468E-04   2.1449762583235015E-04   2.1449762583231830E-04   2.1449762583224854E-04
 2.1449762583209889E-04   2.1449762583207994E-04   2.1449762583181757E-04   2.1449762583186362E-04   2.1449762583219080E-04   2.1449762583161821E-04   2.1449762583185654E-04   2.1449762583185931E-04   2.1449762583188213E-04   2.1449762583193246E-04   2.1449762583222373E-04
 2.1449762583209767E-04   2.1449762583219124E-04   2.1449762583248920E-04   2.1449762583266864E-04   2.1449762583291708E-04   2.1449762583312221E-04   2.1449762583326647E-04   2.1449762583318203E-04   2.1449762583333984E-04   2.1449762583367873E-04   2.1449762583410613E-04
 2.1449762583430706E-04   2.1449762583439959E-04   2.1449762583509920E-04   2.1449762583561916E-04   2.1449762583535347E-04   2.1449762583554500E-04   2.1268846799710986E-04   2.1268846799714846E-04   2.1268846799717979E-04   2.1268846799690349E-04   2.1268846799632046E-04
 2.1268846799607713E-04   2.1268846799579933E-04   2.1268846799639396E-04   2.1268846799539791E-04   2.1268846799583715E-04   2.1268846799582002E-04   2.1268846799555536E-04   2.1268846799554869E-04   2.1268846799545776E-04   2.1268846799560475E-04   2.1268846799555737E-04
 2.1268846799557035E-04   2.1268846799559296E-04   2.1268846799544594E-04   2.1268846799560545E-04   2.1268846799563418E-04   2.1268846799596072E-04   2.1268846799614471E-04   2.1268846799559401E-04   2.1268846799653600E-04   2.1268846799620399E-04   2.1268846799655866E-04
 2.1268846799622280E-04   2.1268846799717174E-04   2.1268846799704736E-04   2.1268846799725146E-04   2.1268846799792667E-04   2.1268846799805545E-04   2.1268846799806805E-04   2.1268846799897182E-04   2.1268846799896388E-04   2.1268846799893975E-04   2.1268846799935511E-04
 2.1268846799935316E-04   2.1268846799979803E-04   1.9454349643866059E-04   1.9454349643892825E-04   1.9454349643887139E-04   1.9454349643890378E-04   1.9454349643887605E-04   1.9454349643881333E-04   1.9454349643859830E-04   1.9454349643885797E-04   1.9454349643900057E-04
 1.9454349643856794E-04   1.9454349643883867E-04   1.9454349643856830E-04   1.9454349643841437E-04   1.9454349643860015E-04   1.9454349643894370E-04   1.9454349643845402E-04   1.9454349643854892E-04   1.9454349643847159E-04   1.9454349643847039E-04   1.9454349643855697E-04
 1.9454349643872109E-04   1.9454349643832609E-04   1.9454349643887694E-04   1.9454349643870323E-04   1.9454349643900068E-04   1.9454349643857028E-04   1.9454349643928224E-04   1.9454349643892966E-04   1.9454349643925715E-04   1.9454349643924259E-04   1.9454349644007905E-04
 1.9454349643905207E-04   1.9454349643974864E-04   1.9454349643984671E-04   1.9454349643989214E-04   1.9454349643962461E-04   1.9454349643994095E-04   1.9454349643950792E-04   1.9454349643959257E-04   1.9454349643985232E-04   1.4482298229403601E-04   1.4482298229447698E-04
 1.4482298229451877E-04   1.4482298229562626E-04   1.4482298229604202E-04   1.4482298229627542E-04   1.4482298229653683E-04   1.4482298229715059E-04   1.4482298229718998E-04   1.4482298229729802E-04   1.4482298229796857E-04   1.4482298229726002E-04   1.4482298229794664E-04
 1.4482298229720822E-04   1.4482298229701724E-04   1.4482298229731634E-04   1.4482298229690394E-04   1.4482298229711121E-04   1.4482298229694720E-04   1.4482298229681850E-04   1.4482298229656003E-04   1.4482298229694085E-04   1.4482298229665983E-04   1.4482298229620896E-04
 1.4482298229618403E-04   1.4482298229657770E-04   1.4482298229606013E-04   1.4482298229540782E-04   1.4482298229589647E-04   1.4482298229560626E-04   1.4482298229472195E-04   1.4482298229520030E-04   1.4482298229472117E-04   1.4482298229460695E-04   1.4482298229323719E-04
 1.4482298229344774E-04   1.4482298229267135E-04   1.4482298229246210E-04   1.4482298229281704E-04   1.4482298229242415E-04
 9.4801247467237622E-05   9.4801246354608333E-05   9.4801244357047674E-05   9.4801242271448294E-05   9.4801240479691000E-05   9.4801239077480594E-05   9.4801238023878415E-05   9.4801237240159391E-05   9.4801236649744793E-05   9.4801236199346610E-05   9.4801235845340926E-05
 9.4801235561945197E-05   9.4801235327909804E-05   9.4801235129675918E-05   9.4801234960086681E-05   9.4801234811996144E-05   9.4801234681668524E-05   9.4801234565109214E-05   9.4801234461039385E-05   9.4801234368484000E-05   9.4801234284875831E-05   9.4801234209724330E-05
 9.4801234144154887E-05   9.4801234085718382E-05   9.4801234036298888E-05   9.4801233994858973E-05   9.4801233961806542E-05   9.4801233937913667E-05   9.4801233921881041E-05   9.4801233915922076E-05   9.4801233920809131E-05   9.4801233935584922E-05   9.4801233961894728E-05
 9.4801233999296315E-05   9.4801234049867353E-05   9.4801234113749751E-05   9.4801234191876465E-05   9.4801234289671921E-05   9.4801234412799463E-05   9.4801234747321519E-05   1.0057282606763191E-04   1.0057282607368066E-04   1.0057282600207296E-04   1.0057282588230943E-04
 1.0057282573270147E-04   1.0057282556418394E-04   1.0057282538272207E-04   1.0057282519519904E-04   1.0057282500638011E-04   1.0057282481942820E-04   1.0057282463742575E-04   1.0057282446341204E-04   1.0057282429712178E-04   1.0057282414003973E-04   1.0057282399320723E-04
 1.0057282385658638E-04   1.0057282372883694E-04   1.0057282360833367E-04   1.0057282349662000E-04   1.0057282339320896E-04   1.0057282329498327E-04   1.0057282320332803E-04   1.0057282311701939E-04   1.0057282303499085E-04   1.0057282295874340E-04   1.0057282288563530E-04
 1.0057282281625929E-04   1.0057282275185217E-04   1.0057282269178817E-04   1.0057282263743368E-04   1.0057282258849156E-04   1.0057282254428095E-04   1.0057282250730138E-04   1.0057282247525859E-04   1.0057282245016442E-04   1.0057282242841825E-04   1.0057282241037057E-04
 1.0057282239888086E-04   1.0057282239724343E-04   1.0057282246584417E-04   1.0104477106335854E-04   1.0104477111045575E-04   1.0104477111245377E-04   1.0104477109822948E-04   1.0104477106877715E-04   1.0104477102932273E-04   1.0104477098230791E-04   1.0104477092747144E-04
 1.0104477086757626E-04   1.0104477080501204E-04   1.0104477073891975E-04   1.0104477067004833E-04   1.0104477060091476E-04   1.0104477053107424E-04   1.0104477046056985E-04   1.0104477039172557E-04   1.0104477032345462E-04   1.0104477025535925E-04   1.0104477019034304E-04
 1.0104477012548705E-04   1.0104477006292334E-04   1.0104477000048146E-04   1.0104476994109832E-04   1.0104476988165627E-04   1.0104476982443342E-04   1.0104476976653510E-04   1.0104476971120268E-04   1.0104476965648690E-04   1.0104476960382459E-04   1.0104476955257034E-04
 1.0104476950362346E-04   1.0104476945675821E-04   1.0104476941287416E-04   1.0104476937135858E-04   1.0104476933116930E-04   1.0104476929402894E-04   1.0104476925838898E-04   1.0104476922664738E-04   1.0104476919981801E-04   1.0104476919760470E-04   1.0083916635926197E-04
 1.0083916637749266E-04   1.0083916637772990E-04   1.0083916636916766E-04   1.0083916635697708E-04   1.0083916634021964E-04   1.0083916631987183E-04   1.0083916629693498E-04   1.0083916627109916E-04   1.0083916624258188E-04   1.0083916621291491E-04   1.0083916617940142E-04
 1.0083916614654474E-04   1.0083916611097413E-04   1.0083916607463594E-04   1.0083916603822389E-04   1.0083916600046817E-04   1.0083916596284022E-04   1.0083916592309967E-04   1.0083916588426095E-04   1.0083916584451443E-04   1.0083916580565831E-04   1.0083916576656242E-04
 1.0083916572812496E-04   1.0083916569093392E-04   1.0083916565244967E-04   1.0083916561527132E-04   1.0083916557757002E-04   1.0083916554209400E-04   1.0083916550671847E-04   1.0083916547275101E-04   1.0083916543921050E-04   1.0083916540765273E-04   1.0083916537699105E-04
 1.0083916534853649E-04   1.0083916532278617E-04   1.0083916529710147E-04   1.0083916527433079E-04   1.0083916525716284E-04   1.0083916525919427E-04   1.0081749805190172E-04   1.0081749806197854E-04   1.0081749806168936E-04   1.0081749805778181E-04   1.0081749805283927E-04
 1.0081749804422178E-04   1.0081749803577589E-04   1.0081749802528442E-04   1.0081749801271041E-04   1.0081749799828651E-04   1.0081749798337849E-04   1.0081749796591024E-04   1.0081749794753319E-04   1.0081749792837259E-04   1.0081749790853577E-04   1.0081749788598657E-04
 1.0081749786410425E-04   1.0081749784013487E-04   1.0081749781649012E-04   1.0081749779187953E-04   1.0081749776763936E-04   1.0081749774210364E-04   1.0081749771662983E-04   1.0081749769199075E-04   1.0081749766616415E-04   1.0081749764102154E-04   1.0081749761493192E-04
 1.0081749758956643E-04   1.0081749756524016E-04   1.0081749754142193E-04   1.0081749751767947E-04   1.0081749749515711E-04   1.0081749747302741E-04   1.0081749745187137E-04   1.0081749743267173E-04   1.0081749741221543E-04   1.0081749739479008E-04   1.0081749737899732E-04
 1.0081749736543247E-04   1.0081749736457966E-04   1.0081655422297450E-04   1.0081655422946387E-04   1.0081655422896823E-04   1.0081655422851399E-04   1.0081655422462339E-04   1.0081655422072248E-04   1.0081655421572399E-04   1.0081655420914199E-04   1.0081655420185360E-04
 1.0081655419349449E-04   1.0081655418542031E-04   1.0081655417502449E-04   1.0081655416531691E-04   1.0081655415316386E-04   1.0081655414197233E-04   1.0081655412918255E-04   1.0081655411620085E-04   1.0081655410194964E-04   1.0081655408713263E-04   1.0081655407179199E-04
 1.0081655405745631E-04   1.0081655404143617E-04   1.0081655402456122E-04   1.0081655400818429E-04   1.0081655399133281E-04   1.0081655397439283E-04   1.0081655395727631E-04   1.0081655394076277E-04   1.0081655392328143E-04   1.0081655390659517E-04   1.0081655388989897E-04
 1.0081655387406038E-04   1.0081655385844459E-04   1.0081655384296768E-04   1.0081655382701106E-04   1.0081655381364604E-04   1.0081655379932372E-04   1.0081655378676253E-04   1.0081655377524431E-04   1.0081655377210978E-04   1.0081641442991178E-04   1.0081641443487587E-04
 1.0081641443473736E-04   1.0081641443422568E-04   1.0081641443130602E-04   1.0081641442885528E-04   1.0081641442597909E-04   1.0081641442220729E-04   1.0081641441795295E-04   1.0081641441290587E-04   1.0081641440792489E-04   1.0081641440110922E-04   1.0081641439506688E-04
 1.0081641438881377E-04   1.0081641438031076E-04   1.0081641437286952E-04   1.0081641436407702E-04   1.0081641435527996E-04   1.0081641434684319E-04   1.0081641433647251E-04   1.0081641432609315E-04   1.0081641431615067E-04   1.0081641430542397E-04   1.0081641429444805E-04
 1.0081641428292154E-04   1.0081641427123612E-04   1.0081641425973152E-04   1.0081641424814245E-04   1.0081641423560844E-04   1.0081641422386465E-04   1.0081641421148422E-04   1.0081641419941590E-04   1.0081641418779596E-04   1.0081641417660610E-04   1.0081641416467027E-04
 1.0081641415396296E-04   1.0081641414355698E-04   1.0081641413331364E-04   1.0081641412471067E-04   1.0081641412091148E-04   1.0081636573972014E-04   1.0081636574301571E-04   1.0081636574369056E-04   1.0081636574275151E-04   1.0081636574161903E-04   1.0081636573985324E-04
 1.0081636573725682E-04   1.0081636573506420E-04   1.0081636573274692E-04   1.0081636572933102E-04   1.0081636572604836E-04   1.0081636572191563E-04   1.0081636571722802E-04   1.0081636571254929E-04   1.0081636570744687E-04   1.0081636570177090E-04   1.0081636569608110E-04
 1.0081636569013042E-04   1.0081636568395078E-04   1.0081636567744502E-04   1.0081636566998601E-04   1.0081636566282105E-04   1.0081636565481458E-04   1.0081636564810066E-04   1.0081636564016343E-04   1.0081636563269562E-04   1.0081636562372139E-04   1.0081636561514050E-04
 1.0081636560734382E-04   1.0081636559777636E-04   1.0081636558920945E-04   1.0081636558066156E-04   1.0081636557155001E-04   1.0081636556265051E-04   1.0081636555381255E-04   1.0081636554641977E-04   1.0081636553911959E-04   1.0081636553077019E-04   1.0081636552369061E-04
 1.0081636552147683E-04   1.0081634919414692E-04   1.0081634919801219E-04   1.0081634919785151E-04   1.0081634919745028E-04   1.0081634919615972E-04   1.0081634919594678E-04   1.0081634919417978E-04   1.0081634919285109E-04   1.0081634919136585E-04   1.0081634918890753E-04
 1.0081634918593970E-04   1.0081634918276792E-04   1.0081634918047288E-04   1.0081634917802530E-04   1.0081634917392941E-04   1.0081634916948562E-04   1.0081634916545761E-04   1.0081634916165895E-04   1.0081634915703082E-04   1.0081634915271640E-04   1.0081634914709250E-04
 1.0081634914196746E-04   1.0081634913673159E-04   1.0081634913158943E-04   1.0081634912560716E-04   1.0081634911908681E-04   1.0081634911372079E-04   1.0081634910727304E-04   1.0081634910146583E-04   1.0081634909431931E-04   1.0081634908720976E-04   1.0081634908158164E-04
 1.0081634907526916E-04   1.0081634906839937E-04   1.0081634906139276E-04   1.0081634905560758E-04   1.0081634904947814E-04   1.0081634904377012E-04   1.0081634903840825E-04   1.0081634903576036E-04   1.0081634409578984E-04   1.0081634409777343E-04   1.0081634409773259E-04
 1.0081634409673001E-04   1.0081634409774424E-04   1.0081634409659892E-04   1.0081634409618106E-04   1.0081634409517194E-04   1.0081634409389745E-04   1.0081634409196722E-04   1.0081634409033305E-04   1.0081634408805535E-04   1.0081634408589478E-04   1.0081634408256689E-04
 1.0081634408097674E-04   1.0081634407877188E-04   1.0081634407466595E-04   1.0081634407243172E-04   1.0081634406879013E-04   1.0081634406580228E-04   1.0081634406180410E-04   1.0081634405792460E-04   1.0081634405405793E-04   1.0081634405012608E-04   1.0081634404542329E-04
 1.0081634404030519E-04   1.0081634403631504E-04   1.0081634403198846E-04   1.0081634402716330E-04   1.0081634402171009E-04   1.0081634401706571E-04   1.0081634401252405E-04   1.0081634400792533E-04   1.0081634400251243E-04   1.0081634399769200E-04   1.0081634399297427E-04
 1.0081634398737742E-04   1.0081634398400550E-04   1.0081634397942111E-04   1.0081634397697770E-04   1.0081634265215958E-04   1.0081634265461196E-04   1.0081634265423580E-04   1.0081634265455353E-04   1.0081634265413456E-04   1.0081634265422793E-04   1.0081634265232286E-04
 1.0081634265261351E-04   1.0081634265127826E-04   1.0081634265029799E-04   1.0081634264937073E-04   1.0081634264757261E-04   1.0081634264574131E-04   1.0081634264287287E-04   1.0081634264082056E-04   1.0081634263875193E-04   1.0081634263701115E-04   1.0081634263508543E-04
 1.0081634263250870E-04   1.0081634263024449E-04   1.0081634262729437E-04   1.0081634262384620E-04   1.0081634262130502E-04   1.0081634261831023E-04   1.0081634261484266E-04   1.0081634261131805E-04   1.0081634260785127E-04   1.0081634260414005E-04   1.0081634260055988E-04
 1.0081634259776603E-04   1.0081634259309025E-04   1.0081634258946276E-04   1.0081634258522557E-04   1.0081634258182270E-04   1.0081634257843797E-04   1.0081634257420725E-04   1.0081634257066329E-04   1.0081634256649908E-04   1.0081634256349190E-04   1.0081634256151642E-04
 1.0081634225439628E-04   1.0081634225556858E-04   1.0081634225590902E-04   1.0081634225572457E-04   1.0081634225510889E-04   1.0081634225482990E-04   1.0081634225490296E-04   1.0081634225472779E-04   1.0081634225389224E-04   1.0081634225314213E-04   1.0081634225212590E-04
 1.0081634225100017E-04   1.0081634224910283E-04   1.0081634224788488E-04   1.0081634224591915E-04   1.0081634224453723E-04   1.0081634224321327E-04   1.0081634224136228E-04   1.0081634223924959E-04   1.0081634223717395E-04   1.0081634223541075E-04   1.0081634223262858E-04
 1.0081634223044790E-04   1.0081634222763216E-04   1.0081634222483146E-04   1.0081634222213163E-04   1.0081634221966219E-04   1.0081634221668834E-04   1.0081634221433328E-04   1.0081634221065782E-04   1.0081634220731890E-04   1.0081634220523994E-04   1.0081634220230624E-04
 1.0081634219931923E-04   1.0081634219669247E-04   1.0081634219310459E-04   1.0081634219014448E-04   1.0081634218791394E-04   1.0081634218536153E-04   1.0081634218439766E-04   1.0081634212922200E-04   1.0081634212987654E-04   1.0081634213012301E-04   1.0081634212999388E-04
 1.0081634212951916E-04   1.0081634212915075E-04   1.0081634212925543E-04   1.0081634212869818E-04   1.0081634212836790E-04   1.0081634212766328E-04   1.0081634212695753E-04   1.0081634212621116E-04   1.0081634212514753E-04   1.0081634212415593E-04   1.0081634212269951E-04
 1.0081634212106620E-04   1.0081634211969066E-04   1.0081634211787078E-04   1.0081634211670739E-04   1.0081634211521778E-04   1.0081634211353508E-04   1.0081634211141517E-04   1.0081634210979617E-04   1.0081634210759508E-04   1.0081634210579228E-04   1.0081634210345591E-04
 1.0081634210195998E-04   1.0081634209952470E-04   1.0081634209705522E-04   1.0081634209520177E-04   1.0081634209243028E-04   1.0081634209067766E-04   1.0081634208797891E-04   1.0081634208583315E-04   1.0081634208262574E-04   1.0081634208059458E-04   1.0081634207778780E-04
 1.0081634207625914E-04   1.0081634207351248E-04   1.0081634207255063E-04   1.0081634207099018E-04   1.0081634207178380E-04   1.0081634207173168E-04   1.0081634207145191E-04   1.0081634207102825E-04   1.0081634207160062E-04   1.0081634207163207E-04   1.0081634207073960E-04
 1.0081634207148509E-04   1.0081634207078143E-04   1.0081634206976354E-04   1.0081634206835699E-04   1.0081634206699050E-04   1.0081634206618784E-04   1.0081634206555384E-04   1.0081634206447710E-04   1.0081634206307041E-04   1.0081634206232068E-04   1.0081634206067421E-04
 1.0081634205970762E-04   1.0081634205847770E-04   1.0081634205667391E-04   1.0081634205505918E-04   1.0081634205340833E-04   1.0081634205176722E-04   1.0081634205032337E-04   1.0081634204849354E-04   1.0081634204681518E-04   1.0081634204570165E-04   1.0081634204403618E-04
 1.0081634204201345E-04   1.0081634203972566E-04   1.0081634203845650E-04   1.0081634203625020E-04   1.0081634203370624E-04   1.0081634203159374E-04   1.0081634202976668E-04   1.0081634202761850E-04   1.0081634202625570E-04   1.0081634202559059E-04   1.0081634203029859E-04
 1.0081634203137885E-04   1.0081634203182333E-04   1.0081634203178388E-04   1.0081634203280276E-04   1.0081634203185692E-04   1.0081634203148407E-04   1.0081634203126749E-04   1.0081634203040978E-04   1.0081634203034769E-04   1.0081634202970337E-04   1.0081634202905683E-04
 1.0081634202857449E-04   1.0081634202807602E-04   1.0081634202685284E-04   1.0081634202610484E-04   1.0081634202463514E-04   1.0081634202446659E-04   1.0081634202372024E-04   1.0081634202224643E-04   1.0081634202181859E-04   1.0081634202000530E-04   1.0081634201848269E-04
 1.0081634201772301E-04   1.0081634201651227E-04   1.0081634201440092E-04   1.0081634201341026E-04   1.0081634201217277E-04   1.0081634201066552E-04   1.0081634200895583E-04   1.0081634200738623E-04   1.0081634200568521E-04   1.0081634200468022E-04   1.0081634200294835E-04
 1.0081634200114286E-04   1.0081634200000443E-04   1.0081634199859263E-04   1.0081634199640025E-04   1.0081634199508829E-04   1.0081634199510142E-04   1.0081634199773337E-04   1.0081634199840893E-04   1.0081634199935629E-04   1.0081634199924878E-04   1.0081634199891257E-04
 1.0081634199893987E-04   1.0081634199843366E-04   1.0081634199843226E-04   1.0081634199819070E-04   1.0081634199761915E-04   1.0081634199757991E-04   1.0081634199686657E-04   1.0081634199653467E-04   1.0081634199560292E-04   1.0081634199516577E-04   1.0081634199458260E-04
 1.0081634199437167E-04   1.0081634199367918E-04   1.0081634199262311E-04   1.0081634199207865E-04   1.0081634199058207E-04   1.0081634198943417E-04   1.0081634198840350E-04   1.0081634198778116E-04   1.0081634198668907E-04   1.0081634198561225E-04   1.0081634198429375E-04
 1.0081634198281176E-04   1.0081634198174864E-04   1.0081634198016271E-04   1.0081634197902438E-04   1.0081634197688384E-04   1.0081634197579473E-04   1.0081634197477415E-04   1.0081634197280289E-04   1.0081634197183276E-04   1.0081634197053000E-04   1.0081634196938816E-04
 1.0081634196826855E-04   1.0081634196738061E-04   1.0081634197003667E-04   1.0081634197004338E-04   1.0081634197001207E-04   1.0081634197048275E-04   1.0081634197049847E-04   1.0081634197021285E-04   1.0081634197021810E-04   1.0081634197033831E-04   1.0081634197051695E-04
 1.0081634196990880E-04   1.0081634196951871E-04   1.0081634196934178E-04   1.0081634196883524E-04   1.0081634196824921E-04   1.0081634196782749E-04   1.0081634196685124E-04   1.0081634196624321E-04   1.0081634196550678E-04   1.0081634196495882E-04   1.0081634196439608E-04
 1.0081634196390124E-04   1.0081634196287232E-04   1.0081634196181232E-04   1.0081634196078723E-04   1.0081634195939950E-04   1.0081634195897521E-04   1.0081634195804062E-04   1.0081634195684064E-04   1.0081634195570002E-04   1.0081634195459847E-04   1.0081634195365432E-04
 1.0081634195263418E-04   1.0081634195162779E-04   1.0081634195053880E-04   1.0081634194882526E-04   1.0081634194809364E-04   1.0081634194717081E-04   1.0081634194589467E-04   1.0081634194540320E-04   1.0081634194513333E-04   1.0081634194436850E-04   1.0081634194492861E-04
 1.0081634194512328E-04   1.0081634194471487E-04   1.0081634194510630E-04   1.0081634194490405E-04   1.0081634194459066E-04   1.0081634194490453E-04   1.0081634194461075E-04   1.0081634194425096E-04   1.0081634194407281E-04   1.0081634194375424E-04   1.0081634194379270E-04
 1.0081634194348600E-04   1.0081634194313100E-04   1.0081634194261945E-04   1.0081634194200751E-04   1.0081634194135656E-04   1.0081634194065527E-04   1.0081634194013868E-04   1.0081634193942750E-04   1.0081634193865077E-04   1.0081634193773367E-04   1.0081634193720799E-04
 1.0081634193646501E-04   1.0081634193566067E-04   1.0081634193468436E-04   1.0081634193392103E-04   1.0081634193257994E-04   1.0081634193164544E-04   1.0081634193108775E-04   1.0081634192950862E-04   1.0081634192844336E-04   1.0081634192757926E-04   1.0081634192678711E-04
 1.0081634192657641E-04   1.0081634192567703E-04   1.0081634192474625E-04   1.0081634192304133E-04   1.0081634192325892E-04   1.0081634192248153E-04   1.0081634192270559E-04   1.0081634192268781E-04   1.0081634192270932E-04   1.0081634192271023E-04   1.0081634192243613E-04
 1.0081634192269821E-04   1.0081634192251574E-04   1.0081634192215576E-04   1.0081634192197674E-04   1.0081634192158140E-04   1.0081634192121379E-04   1.0081634192032118E-04   1.0081634192036621E-04   1.0081634191985844E-04   1.0081634191957614E-04   1.0081634191902913E-04
 1.0081634191860287E-04   1.0081634191822556E-04   1.0081634191770471E-04   1.0081634191714581E-04   1.0081634191652220E-04   1.0081634191619825E-04   1.0081634191546293E-04   1.0081634191503541E-04   1.0081634191439696E-04   1.0081634191353892E-04   1.0081634191325889E-04
 1.0081634191210954E-04   1.0081634191142145E-04   1.0081634191041755E-04   1.0081634190969181E-04   1.0081634190938669E-04   1.0081634190842565E-04   1.0081634190762868E-04   1.0081634190660606E-04   1.0081634190567062E-04   1.0081634190496210E-04   1.0081634190474206E-04
 1.0081634190396314E-04   1.0081634190157345E-04   1.0081634190121755E-04   1.0081634190172009E-04   1.0081634190139042E-04   1.0081634190183726E-04   1.0081634190171831E-04   1.0081634190170290E-04   1.0081634190143372E-04   1.0081634190102682E-04   1.0081634190109520E-04
 1.0081634190149017E-04   1.0081634190079491E-04   1.0081634190106529E-04   1.0081634190066624E-04   1.0081634190000835E-04   1.0081634189992434E-04   1.0081634189968034E-04   1.0081634189917808E-04   1.0081634189894158E-04   1.0081634189835749E-04   1.0081634189733033E-04
 1.0081634189682040E-04   1.0081634189622687E-04   1.0081634189545423E-04   1.0081634189495475E-04   1.0081634189460440E-04   1.0081634189388608E-04   1.0081634189298253E-04   1.0081634189266523E-04   1.0081634189194527E-04   1.0081634189106623E-04   1.0081634189033583E-04
 1.0081634189020864E-04   1.0081634188949136E-04   1.0081634188925550E-04   1.0081634188796341E-04   1.0081634188787339E-04   1.0081634188748338E-04   1.0081634188673804E-04   1.0081634188650583E-04   1.0081634188328562E-04   1.0081634188359891E-04   1.0081634188362238E-04
 1.0081634188363056E-04   1.0081634188329945E-04   1.0081634188330314E-04   1.0081634188279077E-04   1.0081634188245780E-04   1.0081634188270288E-04   1.0081634188269520E-04   1.0081634188282986E-04   1.0081634188260630E-04   1.0081634188261475E-04   1.0081634188191254E-04
 1.0081634188160758E-04   1.0081634188153205E-04   1.0081634188109489E-04   1.0081634188089229E-04   1.0081634188058525E-04   1.0081634188045569E-04   1.0081634187969525E-04   1.0081634187964748E-04   1.0081634187918835E-04   1.0081634187891338E-04   1.0081634187865690E-04
 1.0081634187768882E-04   1.0081634187729834E-04   1.0081634187648818E-04   1.0081634187611950E-04   1.0081634187586501E-04   1.0081634187505903E-04   1.0081634187459332E-04   1.0081634187386516E-04   1.0081634187335308E-04   1.0081634187261964E-04   1.0081634187202179E-04
 1.0081634187165335E-04   1.0081634187055501E-04   1.0081634187023227E-04   1.0081634186965606E-04   1.0081634186669301E-04   1.0081634186683281E-04   1.0081634186719608E-04   1.0081634186663272E-04   1.0081634186644415E-04   1.0081634186621050E-04   1.0081634186651207E-04
 1.0081634186686359E-04   1.0081634186668068E-04   1.0081634186635034E-04   1.0081634186607007E-04   1.0081634186613043E-04   1.0081634186598735E-04   1.0081634186547896E-04   1.0081634186532464E-04   1.0081634186502467E-04   1.0081634186464043E-04   1.0081634186416778E-04
 1.0081634186413024E-04   1.0081634186398069E-04   1.0081634186355560E-04   1.0081634186300736E-04   1.0081634186261716E-04   1.0081634186200782E-04   1.0081634186178869E-04   1.0081634186126063E-04   1.0081634186082599E-04   1.0081634186015545E-04   1.0081634185959435E-04
 1.0081634185926445E-04   1.0081634185867360E-04   1.0081634185837633E-04   1.0081634185784846E-04   1.0081634185695201E-04   1.0081634185690786E-04   1.0081634185647326E-04   1.0081634185589684E-04   1.0081634185572926E-04   1.0081634185540327E-04   1.0081634185531575E-04
 1.0081634185152626E-04   1.0081634185164852E-04   1.0081634185180452E-04   1.0081634185168642E-04   1.0081634185210011E-04   1.0081634185170663E-04   1.0081634185146381E-04   1.0081634185092501E-04   1.0081634185094277E-04   1.0081634185099545E-04   1.0081634185079059E-04
 1.0081634185058897E-04   1.0081634185044338E-04   1.0081634185010765E-04   1.0081634185002621E-04   1.0081634184977465E-04   1.0081634184921063E-04   1.0081634184912758E-04   1.0081634184857762E-04   1.0081634184861187E-04   1.0081634184828025E-04   1.0081634184815416E-04
 1.0081634184776603E-04   1.0081634184719903E-04   1.0081634184685516E-04   1.0081634184664224E-04   1.0081634184643231E-04   1.0081634184631013E-04   1.0081634184595219E-04   1.0081634184514596E-04   1.0081634184462557E-04   1.0081634184406532E-04   1.0081634184400588E-04
 1.0081634184350608E-04   1.0081634184267251E-04   1.0081634184234275E-04   1.0081634184171134E-04   1.0081634184147744E-04   1.0081634184106727E-04   1.0081634184092825E-04   1.0081634183652865E-04   1.0081634183647100E-04   1.0081634183668685E-04   1.0081634183684622E-04
 1.0081634183712068E-04   1.0081634183717600E-04   1.0081634183725402E-04   1.0081634183686499E-04   1.0081634183655322E-04   1.0081634183656306E-04   1.0081634183666916E-04   1.0081634183650824E-04   1.0081634183659810E-04   1.0081634183658449E-04   1.0081634183654559E-04
 1.0081634183634392E-04   1.0081634183601679E-04   1.0081634183553605E-04   1.0081634183515794E-04   1.0081634183495327E-04   1.0081634183462616E-04   1.0081634183424920E-04   1.0081634183412221E-04   1.0081634183347097E-04   1.0081634183328498E-04   1.0081634183301420E-04
 1.0081634183257202E-04   1.0081634183218512E-04   1.0081634183185422E-04   1.0081634183168872E-04   1.0081634183103767E-04   1.0081634183081413E-04   1.0081634183042873E-04   1.0081634182987913E-04   1.0081634182962628E-04   1.0081634182949724E-04   1.0081634182872734E-04
 1.0081634182845557E-04   1.0081634182797125E-04   1.0081634182800376E-04   1.0081634182407656E-04   1.0081634182421549E-04   1.0081634182417239E-04   1.0081634182393840E-04   1.0081634182414533E-04   1.0081634182407041E-04   1.0081634182436142E-04   1.0081634182457031E-04
 1.0081634182420232E-04   1.0081634182397710E-04   1.0081634182395319E-04   1.0081634182392667E-04   1.0081634182330891E-04   1.0081634182326860E-04   1.0081634182305026E-04   1.0081634182303635E-04   1.0081634182291995E-04   1.0081634182280965E-04   1.0081634182263951E-04
 1.0081634182229049E-04   1.0081634182229336E-04   1.0081634182193875E-04   1.0081634182177960E-04   1.0081634182167560E-04   1.0081634182133096E-04   1.0081634182110352E-04   1.0081634182064018E-04   1.0081634182031742E-04   1.0081634181998670E-04   1.0081634181959897E-04
 1.0081634181939290E-04   1.0081634181910730E-04   1.0081634181858253E-04   1.0081634181825350E-04   1.0081634181806000E-04   1.0081634181759199E-04   1.0081634181716243E-04   1.0081634181664257E-04   1.0081634181626554E-04   1.0081634181600453E-04   1.0081634181314028E-04
 1.0081634181371217E-04   1.0081634181336982E-04   1.0081634181322888E-04   1.0081634181315558E-04   1.0081634181318307E-04   1.0081634181293969E-04   1.0081634181300522E-04   1.0081634181312267E-04   1.0081634181340698E-04   1.0081634181328769E-04   1.0081634181308789E-04
 1.0081634181323629E-04   1.0081634181273222E-04   1.0081634181280509E-04   1.0081634181257869E-04   1.0081634181201342E-04   1.0081634181184655E-04   1.0081634181137972E-04   1.0081634181125002E-04   1.0081634181118636E-04   1.0081634181085523E-04   1.0081634181053135E-04
 1.0081634181056140E-04   1.0081634181018621E-04   1.0081634180989262E-04   1.0081634180947176E-04   1.0081634180922725E-04   1.0081634180899249E-04   1.0081634180860165E-04   1.0081634180829680E-04   1.0081634180815669E-04   1.0081634180771572E-04   1.0081634180743269E-04
 1.0081634180678843E-04   1.0081634180656177E-04   1.0081634180601496E-04   1.0081634180540628E-04   1.0081634180562954E-04   1.0081634180590521E-04   1.0081634180522683E-04   1.0081634180571159E-04   1.0081634180507435E-04   1.0081634180520521E-04   1.0081634180536586E-04
 1.0081634180521298E-04   1.0081634180493382E-04   1.0081634180484051E-04   1.0081634180459853E-04   1.0081634180460960E-04   1.0081634180461024E-04   1.0081634180436170E-04   1.0081634180432320E-04   1.0081634180410274E-04   1.0081634180404507E-04   1.0081634180389399E-04
 1.0081634180377017E-04   1.0081634180378401E-04   1.0081634180351180E-04   1.0081634180345451E-04   1.0081634180329085E-04   1.0081634180306032E-04   1.0081634180283455E-04   1.0081634180258839E-04   1.0081634180240663E-04   1.0081634180234837E-04   1.0081634180198544E-04
 1.0081634180163118E-04   1.0081634180127060E-04   1.0081634180107455E-04   1.0081634180082425E-04   1.0081634180073492E-04   1.0081634180054057E-04   1.0081634180040370E-04   1.0081634180004667E-04   1.0081634180007975E-04   1.0081634179980770E-04   1.0081634179968119E-04
 1.0081634179909541E-04   1.0081634179919696E-04   1.0081634181415198E-04   1.0081634181405372E-04   1.0081634181426178E-04   1.0081634181430060E-04   1.0081634181396355E-04   1.0081634181383184E-04   1.0081634181374830E-04   1.0081634181362545E-04   1.0081634181369542E-04
 1.0081634181380620E-04   1.0081634181401736E-04   1.0081634181405910E-04   1.0081634181383450E-04   1.0081634181370729E-04   1.0081634181349140E-04   1.0081634181355097E-04   1.0081634181337032E-04   1.0081634181317231E-04   1.0081634181315708E-04   1.0081634181315393E-04
 1.0081634181305235E-04   1.0081634181254491E-04   1.0081634181236273E-04   1.0081634181255948E-04   1.0081634181214879E-04   1.0081634181211451E-04   1.0081634181175080E-04   1.0081634181162987E-04   1.0081634181147979E-04   1.0081634181115062E-04   1.0081634181055412E-04
 1.0081634181004863E-04   1.0081634180983256E-04   1.0081634180973529E-04   1.0081634180943704E-04   1.0081634180950678E-04   1.0081634180904322E-04   1.0081634180892423E-04   1.0081634180891683E-04   1.0081634180893638E-04   1.0081634189282323E-04   1.0081634189323923E-04
 1.0081634189332984E-04   1.0081634189329593E-04   1.0081634189339968E-04   1.0081634189345146E-04   1.0081634189331702E-04   1.0081634189323875E-04   1.0081634189344638E-04   1.0081634189364641E-04   1.0081634189339714E-04   1.0081634189327260E-04   1.0081634189324148E-04
 1.0081634189317816E-04   1.0081634189313616E-04   1.0081634189283878E-04   1.0081634189286462E-04   1.0081634189252284E-04   1.0081634189233815E-04   1.0081634189213908E-04   1.0081634189210429E-04   1.0081634189208343E-04   1.0081634189188555E-04   1.0081634189185320E-04
 1.0081634189165942E-04   1.0081634189151672E-04   1.0081634189108862E-04   1.0081634189087865E-04   1.0081634189043391E-04   1.0081634189033910E-04   1.0081634189031726E-04   1.0081634189005111E-04   1.0081634188987071E-04   1.0081634188963381E-04   1.0081634188930844E-04
 1.0081634188927807E-04   1.0081634188930283E-04   1.0081634188900980E-04   1.0081634188875870E-04   1.0081634188878741E-04   1.0081634226967569E-04   1.0081634226965373E-04   1.0081634226981277E-04   1.0081634226971826E-04   1.0081634227003923E-04   1.0081634226991699E-04
 1.0081634226969832E-04   1.0081634226967424E-04   1.0081634226956378E-04   1.0081634226961724E-04   1.0081634226968690E-04   1.0081634226943768E-04   1.0081634226949881E-04   1.0081634226935625E-04   1.0081634226917767E-04   1.0081634226930253E-04   1.0081634226893730E-04
 1.0081634226886282E-04   1.0081634226891023E-04   1.0081634226859666E-04   1.0081634226858548E-04   1.0081634226826786E-04   1.0081634226852147E-04   1.0081634226797884E-04   1.0081634226806333E-04   1.0081634226777963E-04   1.0081634226763819E-04   1.0081634226738829E-04
 1.0081634226713116E-04   1.0081634226706692E-04   1.0081634226707813E-04   1.0081634226646294E-04   1.0081634226627292E-04   1.0081634226584539E-04   1.0081634226569386E-04   1.0081634226569557E-04   1.0081634226552252E-04   1.0081634226526892E-04   1.0081634226493633E-04
 1.0081634226503012E-04   1.0081634379510499E-04   1.0081634379501607E-04   1.0081634379484871E-04   1.0081634379510841E-04   1.0081634379487022E-04   1.0081634379484537E-04   1.0081634379488251E-04   1.0081634379520284E-04   1.0081634379485328E-04   1.0081634379480363E-04
 1.0081634379467806E-04   1.0081634379481010E-04   1.0081634379436039E-04   1.0081634379410253E-04   1.0081634379398759E-04   1.0081634379407012E-04   1.0081634379392301E-04   1.0081634379391881E-04   1.0081634379368972E-04   1.0081634379362317E-04   1.0081634379356727E-04
 1.0081634379341833E-04   1.0081634379328027E-04   1.0081634379329550E-04   1.0081634379312081E-04   1.0081634379296142E-04   1.0081634379245168E-04   1.0081634379249426E-04   1.0081634379213624E-04   1.0081634379216527E-04   1.0081634379206401E-04   1.0081634379211738E-04
 1.0081634379195304E-04   1.0081634379178443E-04   1.0081634379155305E-04   1.0081634379143402E-04   1.0081634379108885E-04   1.0081634379118236E-04   1.0081634379053371E-04   1.0081634379046009E-04   1.0081634928235185E-04   1.0081634928242784E-04   1.0081634928244070E-04
 1.0081634928208159E-04   1.0081634928215756E-04   1.0081634928193883E-04   1.0081634928206950E-04   1.0081634928201129E-04   1.0081634928214642E-04   1.0081634928234754E-04   1.0081634928223804E-04   1.0081634928227600E-04   1.0081634928228744E-04   1.0081634928211397E-04
 1.0081634928174877E-04   1.0081634928203657E-04   1.0081634928165326E-04   1.0081634928156480E-04   1.0081634928160244E-04   1.0081634928157186E-04   1.0081634928154102E-04   1.0081634928131706E-04   1.0081634928121047E-04   1.0081634928110753E-04   1.0081634928089136E-04
 1.0081634928090996E-04   1.0081634928064697E-04   1.0081634928039919E-04   1.0081634928014092E-04   1.0081634927994392E-04   1.0081634927986598E-04   1.0081634927982591E-04   1.0081634927926962E-04   1.0081634927912688E-04   1.0081634927906654E-04   1.0081634927892254E-04
 1.0081634927909754E-04   1.0081634927871788E-04   1.0081634927809898E-04   1.0081634927830473E-04   1.0081636691769251E-04   1.0081636691780870E-04   1.0081636691768411E-04   1.0081636691751902E-04   1.0081636691736531E-04   1.0081636691753283E-04   1.0081636691765767E-04
 1.0081636691777292E-04   1.0081636691785079E-04   1.0081636691763722E-04   1.0081636691751003E-04   1.0081636691747358E-04   1.0081636691746332E-04   1.0081636691783595E-04   1.0081636691753056E-04   1.0081636691735634E-04   1.0081636691716965E-04   1.0081636691708076E-04
 1.0081636691709491E-04   1.0081636691689988E-04   1.0081636691692290E-04   1.0081636691675695E-04   1.0081636691652389E-04   1.0081636691636396E-04   1.0081636691601000E-04   1.0081636691605362E-04   1.0081636691592747E-04   1.0081636691592895E-04   1.0081636691592353E-04
 1.0081636691562448E-04   1.0081636691553251E-04   1.0081636691507965E-04   1.0081636691505038E-04   1.0081636691489397E-04   1.0081636691481256E-04   1.0081636691482110E-04   1.0081636691445656E-04   1.0081636691446241E-04   1.0081636691403085E-04   1.0081636691440590E-04
 1.0081641742050004E-04   1.0081641742055765E-04   1.0081641742061675E-04   1.0081641742034252E-04   1.0081641742050767E-04   1.0081641742065757E-04   1.0081641742046834E-04   1.0081641742046541E-04   1.0081641742074515E-04   1.0081641742083790E-04   1.0081641742059793E-04
 1.0081641742084289E-04   1.0081641742071424E-04   1.0081641742063586E-04   1.0081641742064627E-04   1.0081641742064829E-04   1.0081641742044355E-04   1.0081641742046109E-04   1.0081641742032307E-04   1.0081641742034143E-04   1.0081641742015166E-04   1.0081641742009436E-04
 1.0081641742004172E-04   1.0081641742015807E-04   1.0081641741968579E-04   1.0081641741971018E-04   1.0081641741989951E-04   1.0081641741974300E-04   1.0081641741948117E-04   1.0081641741897663E-04   1.0081641741900666E-04   1.0081641741865568E-04   1.0081641741848333E-04
 1.0081641741813641E-04   1.0081641741773794E-04   1.0081641741793814E-04   1.0081641741796761E-04   1.0081641741777187E-04   1.0081641741772664E-04   1.0081641741824906E-04   1.0081655533894075E-04   1.0081655533895191E-04   1.0081655533907761E-04   1.0081655533921598E-04
 1.0081655533912483E-04   1.0081655533908897E-04   1.0081655533906327E-04   1.0081655533902869E-04   1.0081655533904612E-04   1.0081655533922131E-04   1.0081655533916196E-04   1.0081655533892787E-04   1.0081655533886886E-04   1.0081655533879226E-04   1.0081655533868613E-04
 1.0081655533856436E-04   1.0081655533878362E-04   1.0081655533841438E-04   1.0081655533852219E-04   1.0081655533848836E-04   1.0081655533850481E-04   1.0081655533851942E-04   1.0081655533843266E-04   1.0081655533845516E-04   1.0081655533760644E-04   1.0081655533804659E-04
 1.0081655533793637E-04   1.0081655533759414E-04   1.0081655533762091E-04   1.0081655533740896E-04   1.0081655533731641E-04   1.0081655533732001E-04   1.0081655533680515E-04   1.0081655533658996E-04   1.0081655533659647E-04   1.0081655533652577E-04   1.0081655533615551E-04
 1.0081655533625814E-04   1.0081655533597471E-04   1.0081655533614369E-04   1.0081741696800882E-04   1.0081741696813468E-04   1.0081741696826384E-04   1.0081741696818824E-04   1.0081741696836613E-04   1.0081741696793183E-04   1.0081741696799443E-04   1.0081741696767167E-04
 1.0081741696757080E-04   1.0081741696761356E-04   1.0081741696747389E-04   1.0081741696739770E-04   1.0081741696751838E-04   1.0081741696751311E-04   1.0081741696729401E-04   1.0081741696731962E-04   1.0081741696730275E-04   1.0081741696719400E-04   1.0081741696704538E-04
 1.0081741696711950E-04   1.0081741696682993E-04   1.0081741696689270E-04   1.0081741696702542E-04   1.0081741696676444E-04   1.0081741696659086E-04   1.0081741696652647E-04   1.0081741696664149E-04   1.0081741696632396E-04   1.0081741696630918E-04   1.0081741696633053E-04
 1.0081741696578767E-04   1.0081741696589368E-04   1.0081741696584794E-04   1.0081741696585200E-04   1.0081741696547560E-04   1.0081741696503325E-04   1.0081741696498066E-04   1.0081741696509171E-04   1.0081741696520316E-04   1.0081741696507754E-04   1.0083879459468974E-04
 1.0083879459504705E-04   1.0083879459497567E-04   1.0083879459478419E-04   1.0083879459481516E-04   1.0083879459471263E-04   1.0083879459451977E-04   1.0083879459472228E-04   1.0083879459456236E-04   1.0083879459445545E-04   1.0083879459426263E-04   1.0083879459440990E-04
 1.0083879459449285E-04   1.0083879459432473E-04   1.0083879459434540E-04   1.0083879459432985E-04   1.0083879459432428E-04   1.0083879459425481E-04   1.0083879459422543E-04   1.0083879459418877E-04   1.0083879459396037E-04   1.0083879459382329E-04   1.0083879459382809E-04
 1.0083879459367669E-04   1.0083879459363441E-04   1.0083879459355474E-04   1.0083879459338573E-04   1.0083879459337364E-04   1.0083879459345362E-04   1.0083879459330130E-04   1.0083879459305438E-04   1.0083879459310429E-04   1.0083879459250807E-04   1.0083879459262267E-04
 1.0083879459237300E-04   1.0083879459249632E-04   1.0083879459255861E-04   1.0083879459253534E-04   1.0083879459233626E-04   1.0083879459181057E-04   1.0105040309496748E-04   1.0105040309545333E-04   1.0105040309550206E-04   1.0105040309560327E-04   1.0105040309567381E-04
 1.0105040309558594E-04   1.0105040309588039E-04   1.0105040309587099E-04   1.0105040309592921E-04   1.0105040309585226E-04   1.0105040309593943E-04   1.0105040309595541E-04   1.0105040309580943E-04   1.0105040309591976E-04   1.0105040309573798E-04   1.0105040309589330E-04
 1.0105040309567698E-04   1.0105040309538084E-04   1.0105040309571078E-04   1.0105040309554471E-04   1.0105040309515134E-04   1.0105040309517852E-04   1.0105040309523692E-04   1.0105040309512530E-04   1.0105040309512262E-04   1.0105040309506846E-04   1.0105040309493806E-04
 1.0105040309477165E-04   1.0105040309477199E-04   1.0105040309477340E-04   1.0105040309449816E-04   1.0105040309423596E-04   1.0105040309406928E-04   1.0105040309404931E-04   1.0105040309409787E-04   1.0105040309372182E-04   1.0105040309358038E-04   1.0105040309321304E-04
 1.0105040309299460E-04   1.0105040309286706E-04   1.0060528447469427E-04   1.0060528447502297E-04   1.0060528447477646E-04   1.0060528447476435E-04   1.0060528447477887E-04   1.0060528447474197E-04   1.0060528447483669E-04   1.0060528447489261E-04   1.0060528447436118E-04
 1.0060528447438174E-04   1.0060528447424569E-04   1.0060528447399810E-04   1.0060528447444589E-04   1.0060528447442803E-04   1.0060528447448657E-04   1.0060528447411347E-04   1.0060528447419654E-04   1.0060528447432134E-04   1.0060528447434496E-04   1.0060528447430992E-04
 1.0060528447411857E-04   1.0060528447465525E-04   1.0060528447413498E-04   1.0060528447409062E-04   1.0060528447374484E-04   1.0060528447396610E-04   1.0060528447405658E-04   1.0060528447392605E-04   1.0060528447409915E-04   1.0060528447409119E-04   1.0060528447414317E-04
 1.0060528447419929E-04   1.0060528447412109E-04   1.0060528447423593E-04   1.0060528447395804E-04   1.0060528447368834E-04   1.0060528447348076E-04   1.0060528447308108E-04   1.0060528447298663E-04   1.0060528447253350E-04   9.5382318113470749E-05   9.5382318112928132E-05
 9.5382318112550857E-05   9.5382318112010504E-05   9.5382318112020845E-05   9.5382318111916680E-05   9.5382318111601177E-05   9.5382318111646104E-05   9.5382318111688266E-05   9.5382318111922792E-05   9.5382318111909118E-05   9.5382318112100412E-05   9.5382318112515932E-05
 9.5382318112621669E-05   9.5382318112464894E-05   9.5382318112394732E-05   9.5382318112292573E-05   9.5382318112251306E-05   9.5382318112452466E-05   9.5382318112663194E-05   9.5382318112974916E-05   9.5382318113504535E-05   9.5382318113424751E-05   9.5382318113458795E-05
 9.5382318113418029E-05   9.5382318113680000E-05   9.5382318113920164E-05   9.5382318114332906E-05   9.5382318114308091E-05   9.5382318114484843E-05   9.5382318114716917E-05   9.5382318114985975E-05   9.5382318115032298E-05   9.5382318115094002E-05   9.5382318115364348E-05
 9.5382318116091861E-05   9.5382318116577814E-05   9.5382318116833781E-05   9.5382318117419386E-05   9.5382318117854341E-05
 1.2562344526401113E-02   1.3050383136138188E-02   1.3975424859373687E-02   1.5258194519667130E-02   1.6817030058842140E-02   1.8582585934148133E-02   2.0501524333570907E-02   2.2534695471649935E-02   2.4653853654145026E-02   2.6838638191979861E-02   2.9074258374032515E-02
 3.1349840509961133E-02   3.3657280044590655E-02   3.5990450122219922E-02   3.8344654125444917E-02   4.0716243687255828E-02   4.3102349123916667E-02   4.5500686808003246E-02   4.7909419741841999E-02   5.0327055347993491E-02   5.2752369615022984E-02   5.5184350136610286E-02
 5.7622152858080547E-02   6.0065068883669824E-02   6.2512498750249931E-02   6.4963932300931421E-02   6.7418932800809003E-02   6.9877124296868431E-02   7.2338181481151440E-02   7.4801821501885898E-02   7.7267797302627950E-02   7.9735892169085318E-02   8.2205915237286917E-02
 8.4677697772199745E-02   8.7151090067766807E-02   8.9625958851216755E-02   9.2102185098943218E-02   9.4579662190134722E-02   9.7058294339020815E-02   9.9537995258092288E-02   3.7520827549509091E-02   3.7687033579203340E-02   3.8017265814363876E-02   3.8507304501873410E-02
 3.9151149408414569E-02   3.9941363271676147E-02   4.0869456810679543E-02   4.1926274578121057E-02   4.3102349123916674E-02   4.4388202261411762E-02   4.5774583559001387E-02   4.7252645428589500E-02   4.8814060474416596E-02   5.0451090176526422E-02   5.2156615112562671E-02
 5.3924136525307483E-02   5.5747757802444398E-02   5.7622152858080554E-02   5.9542526819072773E-02   6.1504573000712721E-02   6.3504428979402699E-02   6.5538633644591643E-02   6.7604086414949804E-02   6.9698009297253255E-02   7.1817912111116128E-02   7.3961560962435072E-02
 7.6126949892925580E-02   7.8312275538385434E-02   8.0515914575939596E-02   8.2736403716864554E-02   8.4972421996786701E-02   8.7222775122097557E-02   8.9486381645477217E-02   9.1762260761164782E-02   9.4049521529883398E-02   9.6347353362715688E-02   9.8655017611878212E-02
 1.0097184013377196E-01   1.0329720470564535E-01   1.0563054719161499E-01   6.2512498750249931E-02   6.2612398931840965E-02   6.2811722632005559E-02   6.3109527806821691E-02   6.3504428979402686E-02   6.3994628680851026E-02   6.4577956765447447E-02   6.5251915680690942E-02
 6.6013729632554460E-02   6.6860395601581663E-02   6.7788734314781246E-02   6.8795439529085067E-02   6.9877124296868431E-02   7.1030363225876858E-02   7.2251730083092131E-02   7.3537830400413645E-02   7.4885329003750792E-02   7.6290972598335643E-02   7.7751607700419931E-02
 7.9264194312438446E-02   8.0825815801636058E-02   8.2433685468987730E-02   8.4085150294210695E-02   8.5777692321488810E-02   8.7508928115935691E-02   8.9276606678345471E-02   9.1078606159734357E-02   9.2912929670740663E-02   9.4777700436336820E-02   9.6671156504926539E-02
 9.8591645183554982E-02   1.0053761733798947E-01   1.0250762166785454E-01   1.0450029904263433E-01   1.0651437696386343E-01   1.0854866420182240E-01   1.1060204564111822E-01   1.1267347735824966E-01   1.1476198194524177E-01   1.1686664408632602E-01   8.7508928115935705E-02
 8.7580320278016807E-02   8.7722930297613758E-02   8.7936411684807800E-02   8.8220249942969453E-02   8.8573768690284382E-02   8.8996137556637822E-02   8.9486381645477217E-02   9.0043392317260024E-02   9.0665939028942960E-02   9.1352681952967321E-02   9.2102185098943246E-02
 9.2912929670740663E-02   9.3783327409513478E-02   9.4711733697573089E-02   9.5696460227116031E-02   9.6735787069729282E-02   9.7827974015615812E-02   9.8971271084087847E-02   1.0016392813782815E-01   1.0140420356178535E-01   1.0269037199270437E-01   1.0402073110683274E-01
 1.0539360749115670E-01   1.0680736163766991E-01   1.0826039211087313E-01   1.0975113894625423E-01   1.1127808634228036E-01   1.1283976471085005E-01   1.1443475215160821E-01   1.1606167541441059E-01   1.1771921041189497E-01   1.1940608234089251E-01   1.2112106546757258E-01
 1.2286298262698982E-01   1.2463070448328534E-01   1.2642314859233653E-01   1.2823927830426995E-01   1.3007810153903693E-01   1.3193866946426283E-01   1.1250694423012297E-01   1.1256248264852727E-01   1.1267347735824966E-01   1.1283976471085005E-01   1.1306110073761001E-01
 1.1333716292549413E-01   1.1366755253809242E-01   1.1405179744309162E-01   1.1448935540040393E-01   1.1497961775897501E-01   1.1552191350562023E-01   1.1611551360606386E-01   1.1675963557668378E-01   1.1745344822524369E-01   1.1819607650002600E-01   1.1898660638912263E-01
 1.1982408981502843E-01   1.2070754947392480E-01   1.2163598357394081E-01   1.2260837043203862E-01   1.2362367289479795E-01   1.2468084255409891E-01   1.2577882373436319E-01   1.2691655723348313E-01   1.2809298380473461E-01   1.2930704737175000E-01   1.3055769797296518E-01
 1.3184389443580616E-01   1.3316460678423528E-01   1.3451881838612767E-01   1.3590552784931156E-01   1.3732375067700417E-01   1.3877252069484075E-01   1.4025089126276524E-01   1.4175793628576852E-01   1.4329275103786654E-01   1.4485445281385037E-01   1.4644218142324977E-01
 1.4805509954067778E-01   1.4969239292629402E-01   1.3750568170079375E-01   1.3755112685834311E-01   1.3764197215965776E-01   1.3777812779973461E-01   1.3795945962492026E-01   1.3818578979041224E-01   1.3845689762521765E-01   1.3877252069484075E-01   1.3913235604991386E-01
 1.3953606164715987E-01   1.3998325792751076E-01   1.4047352953492698E-01   1.4100642715848097E-01   1.4158146947958974E-01   1.4219814520590626E-01   1.4285591517329621E-01   1.4355421449752007E-01   1.4429245475768995E-01   1.4507002619424869E-01   1.4588629990509736E-01
 1.4674063002454366E-01   1.4763235587092691E-01   1.4856080405005892E-01   1.4952529050297814E-01   1.5052512248790897E-01   1.5155960048772893E-01   1.5262802003564091E-01   1.5372967345311056E-01   1.5486385149543455E-01   1.5602984490154440E-01   1.5722694584580596E-01
 1.5845444929064001E-01   1.5971165423975797E-01   1.6099786489267490E-01   1.6231239170192768E-01   1.6365455233509393E-01   1.6502367254427469E-01   1.6641908694617935E-01   1.6784013971633843E-01   1.6928618520127389E-01   1.6250480762119010E-01   1.6254326347160622E-01
 1.6262014789072110E-01   1.6273540641175785E-01   1.6288895757539859E-01   1.6308069321657914E-01   1.6331047884321448E-01   1.6357815410378002E-01   1.6388353333999117E-01   1.6422640622019347E-01   1.6460653844850759E-01   1.6502367254427469E-01   1.6547752868592158E-01
 1.6596780561301641E-01   1.6649418158001800E-01   1.6705631535503232E-01   1.6765384725678084E-01   1.6828640022295327E-01   1.6895358090315815E-01   1.6965498076979646E-01   1.7039017724035621E-01   1.7115873480485885E-01   1.7196020615247007E-01   1.7279413329161383E-01
 1.7366004865829102E-01   1.7455747620769499E-01   1.7548593248462968E-01   1.7644492766866382E-01   1.7743396659039104E-01   1.7845254971560368E-01   1.7950017409462310E-01   1.8057633427445580E-01   1.8168052317185793E-01   1.8281223290578780E-01   1.8397095558810364E-01
 1.8515618407171822E-01   1.8636741265575374E-01   1.8760413774754545E-01   1.8886585848162182E-01   1.9015207729604219E-01   1.8750416662037142E-01   1.8753749625074981E-01   1.8760413774754542E-01   1.8770405563013284E-01   1.8783719679552291E-01   1.8800349065908326E-01
 1.8820284934081100E-01   1.8843516789601669E-01   1.8870032458901601E-01   1.8899818120817988E-01   1.8932858342046505E-01   1.8969136116333818E-01   1.9008632907181935E-01   1.9051328693820807E-01   1.9097202020191334E-01   1.9146230046669763E-01   1.9198388604255306E-01
 1.9253652250936704E-01   1.9311994329949456E-01   1.9373387029634234E-01   1.9437801444607875E-01   1.9505207637961713E-01   1.9575574704207283E-01   1.9648870832696722E-01   1.9725063371254350E-01   1.9804118889766339E-01   1.9886003243487615E-01   1.9970681635838072E-01
 2.0058118680474499E-01   2.0148278462439415E-01   2.0241124598203530E-01   2.0336620294434374E-01   2.0434728405339769E-01   2.0535411488450872E-01   2.0638631858725520E-01   2.0744351640868414E-01   2.0852532819779951E-01   2.0963137289060529E-01   2.1076126897511319E-01
 2.1191463493586279E-01   2.1250367643878543E-01   2.1253308565962151E-01   2.1259189189618688E-01   2.1268007076357676E-01   2.1279758574758317E-01   2.1294438828013293E-01   2.1312041783930513E-01   2.1332560207345017E-01   2.1355985694881893E-01   2.1382308692000498E-01
 2.1411518512240091E-01   2.1443603358577590E-01   2.1478550346799480E-01   2.1516345530781944E-01   2.1556973929566275E-01   2.1600419556110481E-01   2.1646665447592617E-01   2.1695693697137231E-01   2.1747485486832727E-01   2.1802021121905191E-01   2.1859280065912512E-01
 2.1919240976822169E-01   2.1981881743836221E-01   2.2047179524828114E-01   2.2115110784257899E-01   2.2185651331434922E-01   2.2258776359000512E-01   2.2334460481507049E-01   2.2412677773974266E-01   2.2493401810308730E-01   2.2576605701477803E-01   2.2662262133335234E-01
 2.2750343404001622E-01   2.2840821460709335E-01   2.2933667936028029E-01   2.3028854183393496E-01   2.3126351311869325E-01   2.3226130220077559E-01   2.3328161629241173E-01   2.3432416115287816E-01   2.3750328945090426E-01   2.3752960341818449E-01   2.3758222260935266E-01
 2.3766112955214197E-01   2.3776629807439070E-01   2.3789769334737151E-01   2.3805527194330314E-01   2.3823898190682399E-01   2.3844876284015401E-01   2.3868454600162115E-01   2.3894625441718059E-01   2.3923380300450856E-01   2.3954709870921001E-01   2.3988604065263991E-01
 2.4025052029079980E-01   2.4064042158373974E-01   2.4105562117486498E-01   2.4149598857952073E-01   2.4196138638220768E-01   2.4245167044176041E-01   2.4296669010380828E-01   2.4350628841982705E-01   2.4407030237208296E-01   2.4465856310376713E-01   2.4527089615362033E-01
 2.4590712169435031E-01   2.4656705477415267E-01   2.4725050556065606E-01   2.4795727958662558E-01   2.4868717799677570E-01   2.4943999779506093E-01   2.5021553209183478E-01   2.5101357035029004E-01   2.5183389863161793E-01   2.5267629983835049E-01   2.5354055395537811E-01
 2.5442643828816219E-01   2.5533372769769375E-01   2.5626219483177776E-01   2.5721161035225454E-01   2.6250297617360457E-01   2.6252678434780707E-01   2.6257439422000006E-01   2.6264579284656359E-01   2.6274096083405041E-01   2.6285987236548680E-01   2.6300249523531138E-01
 2.6316879089284123E-01   2.6335871449412873E-01   2.6357221496204791E-01   2.6380923505442339E-01   2.6406971143999081E-01   2.6435357478195753E-01   2.6466074982890830E-01   2.6499115551278313E-01   2.6534470505363394E-01   2.6572130607085315E-01   2.6612086070054708E-01
 2.6654326571871967E-01   2.6698841266991347E-01   2.6745618800095089E-01   2.6794647319940601E-01   2.6845914493643164E-01   2.6899407521356306E-01   2.6955113151311388E-01   2.7013017695178004E-01   2.7073107043706673E-01   2.7135366682615514E-01   2.7199781708682885E-01
 2.7266336846008488E-01   2.7335016462405870E-01   2.7405804585890198E-01   2.7478684921225760E-01   2.7553640866498930E-01   2.7630655529682968E-01   2.7709711745162563E-01   2.7790792090186994E-01   2.7873878901222199E-01   2.7958954290173299E-01   2.8046000160450690E-01
 2.8750271737846239E-01   2.8752445548161637E-01   2.8756792675818355E-01   2.8763312135426966E-01   2.8772002450298800E-01   2.8782861654116326E-01   2.8795887293153516E-01   2.8811076429040278E-01   2.8828425642063776E-01   2.8847931034997992E-01   2.8869588237451538E-01
 2.8893392410722563E-01   2.8919338253148191E-01   2.8947420005934899E-01   2.8977631459455072E-01   2.9009965959993822E-01   2.9044416416929436E-01   2.9080975310329604E-01   2.9119634698944974E-01   2.9160386228580720E-01   2.9203221140826230E-01   2.9248130282122309E-01
 2.9295104113144915E-01   2.9344132718483951E-01   2.9395205816595332E-01   2.9448312770004331E-01   2.9503442595737878E-01   2.9560583975963672E-01   2.9619725268813690E-01   2.9680854519369892E-01   2.9743959470790032E-01   2.9809027575551678E-01   2.9876046006792806E-01
 2.9945001669727789E-01   3.0015881213117834E-01   3.0088671040775467E-01   3.0163357323083251E-01   3.0239926008507362E-01   3.0318362835087254E-01   3.0398653341883425E-01   3.1250249999000007E-01   3.1252249919005831E-01   3.1256249375124967E-01   3.1262247599940729E-01
 3.1270243443248086E-01   3.1280235373155363E-01   3.1292221477549337E-01   3.1306199465920481E-01   3.1322166671544294E-01   3.1340120054013831E-01   3.1360056202118008E-01   3.1381971337059117E-01   3.1405861316002781E-01   3.1431721635952425E-01   3.1459547437940044E-01
 3.1489333511524181E-01   3.1521074299585666E-01   3.1554763903410843E-01   3.1590396088051825E-01   3.1627964287952520E-01   3.1667461612829029E-01   3.1708880853792365E-01   3.1752214489701341E-01   3.1797454693732957E-01   3.1844593340157445E-01   3.1893622011305017E-01
 3.1944532004710918E-01   3.1997314340425509E-01   3.2051959768475935E-01   3.2108458776465743E-01   3.2166801597299038E-01   3.2226978217015634E-01   3.2288978382723726E-01   3.2352791610616849E-01   3.2418407194061832E-01   3.2485814211744796E-01   3.2555001535862349E-01
 3.2625957840345471E-01   3.2698671609103636E-01   3.2773131144277318E-01   3.3750231480687654E-01   3.3752083269036892E-01   3.3755786540976945E-01   3.3761340687241675E-01   3.3768744794558181E-01   3.3777997646396984E-01   3.3789097723970080E-01   3.3802043207474902E-01
 3.3816831977581818E-01   3.3833461617162380E-01   3.3851929413255016E-01   3.3872232359264426E-01   3.3894367157390626E-01   3.3918330221283005E-01   3.3944117678914565E-01   3.3971725375670869E-01   3.4001148877648241E-01   3.4032383475154954E-01   3.4065424186409304E-01
 3.4100265761427728E-01   3.4136902686096171E-01   3.4175329186417502E-01   3.4215539232927489E-01   3.4257526545271771E-01   3.4301284596936016E-01   3.4346806620121179E-01   3.4394085610755815E-01   3.4443114333637137E-01   3.4493885327692503E-01   3.4546390911352809E-01
 3.4600623188029433E-01   3.4656574051686068E-01   3.4714235192497045E-01   3.4773598102583519E-01   3.4834654081819155E-01   3.4897394243696767E-01   3.4961809521247611E-01   3.5027890673005135E-01   3.5095628289004888E-01   3.5165012796812689E-01   3.6250215516600731E-01
 3.6251939603281924E-01   3.6255387530682942E-01   3.6260558807056464E-01   3.6267452695219726E-01   3.6276068213079549E-01   3.6286404134331085E-01   3.6298458989329013E-01   3.6312231066129774E-01   3.6327718411703208E-01   3.6344918833311490E-01   3.6363829900053157E-01
 3.6384448944569714E-01   3.6406773064911979E-01   3.6430799126563229E-01   3.6456523764615850E-01   3.6483943386097950E-01   3.6513054172446330E-01   3.6543852082121836E-01   3.6576332853362986E-01   3.6610492007073608E-01   3.6646324849839995E-01   3.6683826477072978E-01
 3.6722991776270086E-01   3.6763815430392971E-01   3.6806291921354972E-01   3.6850415533613734E-01   3.6896180357863606E-01   3.6943580294822537E-01   3.6992609059108017E-01   3.7043260183196625E-01   3.7095527021461772E-01   3.7149402754283956E-01   3.7204880392228118E-01
 3.7261952780282470E-01   3.7320612602153252E-01   3.7380852384609964E-01   3.7442664501875400E-01   3.7506041180055250E-01   3.7570974501601639E-01   3.8750201612378743E-01   3.8751814473647556E-01   3.8755039994818741E-01   3.8759877773285095E-01   3.8766327205449841E-01
 3.8774387487102879E-01   3.8784057613921730E-01   3.8795336382096240E-01   3.8808222389076263E-01   3.8822714034441230E-01   3.8838809520890316E-01   3.8856506855351780E-01   3.8875803850209967E-01   3.8896698124648066E-01   3.8919187106104874E-01   3.8943268031843453E-01
 3.8968937950629345E-01   3.8996193724516248E-01   3.9025032030736378E-01   3.9055449363693157E-01   3.9087442037053288E-01   3.9121006185935459E-01   3.9156137769192717E-01   3.9192832571785369E-01   3.9231086207241322E-01   3.9270894120200522E-01   3.9312251589040281E-01
 3.9355153728577918E-01   3.9399595492847389E-01   3.9445571677946312E-01   3.9493076924949772E-01   3.9542105722887344E-01   3.9592652411779639E-01   3.9644711185730691E-01   3.9698276096072488E-01   3.9753341054557917E-01   3.9809899836598434E-01   3.9867946084542655E-01
 3.9927473310992273E-01   3.9988474902151500E-01   4.1250189393504610E-01   4.1251704510238124E-01   4.1254734576773128E-01   4.1259279259337533E-01   4.1265338057502937E-01   4.1272910304459998E-01   4.1281995167385022E-01   4.1292591647897331E-01   4.1304698582606802E-01
 4.1318314643750903E-01   4.1333438339920386E-01   4.1350068016872721E-01   4.1368201858432285E-01   4.1387837887476081E-01   4.1408973967003820E-01   4.1431607801291037E-01   4.1455736937123677E-01   4.1481358765112797E-01   4.1508470521087626E-01   4.1537069287565298E-01
 4.1567151995295520E-01   4.1598715424878213E-01   4.1631756208452225E-01   4.1666270831453112E-01   4.1702255634437813E-01   4.1739706814974159E-01   4.1778620429592939E-01   4.1818992395800264E-01   4.1860818494147967E-01   4.1904094370359568E-01   4.1948815537509521E-01
 4.1994977378253229E-01   4.2042575147105349E-01   4.2091603972763980E-01   4.2142058860478099E-01   4.2193934694455792E-01   4.2247226240310742E-01   4.2301928147544293E-01   4.2358034952060752E-01   4.2415541078713126E-01   4.3750178571064141E-01   4.3751607113339275E-01
 4.3754464057967846E-01   4.3758749125174956E-01   4.3764461895469481E-01   4.3771601809849270E-01   4.3780168170074452E-01   4.3790160139008399E-01   4.3801576741026116E-01   4.3814416862489453E-01   4.3828679252288677E-01   4.3844362522449792E-01   4.3861465148806872E-01
 4.3879985471738708E-01   4.3899921696968891E-01   4.3921271896428499E-01   4.3944034009180361E-01   4.3968205842403896E-01   4.3993785072439495E-01   4.4020769245891195E-01   4.4049155780786536E-01   4.4078941967792284E-01   4.4110124971484721E-01   4.4142701831673148E-01
 4.4176669464775181E-01   4.4212024665242372E-01   4.4248764107034677E-01   4.4286884345142186E-01   4.4326381817152638E-01   4.4367252844862959E-01   4.4409493635933295E-01   4.4453100285581881E-01   4.4498068778318906E-01   4.4544394989717845E-01   4.4592074688222344E-01
 4.4641103536987076E-01   4.4691477095750592E-01   4.4743190822738604E-01   4.4796240076595717E-01   4.4850620118343959E-01   4.6250168918610451E-01   4.6251520245284911E-01   4.6254222780195975E-01   4.6258276286519801E-01   4.6263680409150332E-01   4.6270434674854743E-01
 4.6278538492480509E-01   4.6287991153213814E-01   4.6298791830889069E-01   4.6310939582349225E-01   4.6324433347856508E-01   4.6339271951553146E-01   4.6355454101971649E-01   4.6372978392594111E-01   4.6391843302459973E-01   4.6412047196821649E-01   4.6433588327847336E-01
 4.6456464835370331E-01   4.6480674747684120E-01   4.6506215982382404E-01   4.6533086347243297E-01   4.6561283541156812E-01   4.6590805155094717E-01   4.6621648673121807E-01   4.6653811473447698E-01   4.6687290829518047E-01   4.6722083911144208E-01   4.6758187785670224E-01
 4.6795599419176159E-01   4.6834315677716487E-01   4.6874333328592527E-01   4.6915649041657737E-01   4.6958259390654589E-01   4.7002160854581998E-01   4.7047349819091833E-01   4.7093822577913552E-01   4.7141575334305497E-01   4.7190604202531677E-01   4.7240905209362788E-01
 4.7292474295600145E-01   4.8750160256146857E-01   4.8751442286357027E-01   4.8754006245640985E-01   4.8757851931765822E-01   4.8762979041481874E-01   4.8769387170642203E-01   4.8777075814361814E-01   4.8786044367216336E-01   4.8796292123480045E-01   4.8807818277403059E-01
 4.8820621923527363E-01   4.8834702057041368E-01   4.8850057574172834E-01   4.8866687272619580E-01   4.8884589852017785E-01   4.8903763914447324E-01   4.8924207964973743E-01   4.8945920412226396E-01   4.8968899569012170E-01   4.8993143652964344E-01   4.9018650787225881E-01
 4.9045419001166668E-01   4.9073446231134005E-01   4.9102730321235705E-01   4.9133269024155113E-01   4.9165060001997357E-01   4.9198100827166086E-01   4.9232388983269953E-01   4.9267921866058045E-01   4.9304696784383539E-01   4.9342710961194669E-01   4.9381961534552277E-01
 4.9422445558673039E-01   4.9464160004997559E-01   4.9507101763282413E-01   4.9551267642715258E-01   4.9596654373052224E-01   4.9643258605776480E-01   4.9691076915277260E-01   4.9740105800048318E-01   5.1250152438797691E-01   5.1251371932856604E-01   5.1253810833927282E-01
 5.1257468967946518E-01   5.1262346073897169E-01   5.1268441803901166E-01   5.1275755723343575E-01   5.1284287311027354E-01   5.1294035959358875E-01   5.1305000974563886E-01   5.1317181576933868E-01   5.1330576901102531E-01   5.1345185996352194E-01   5.1361007826949823E-01
 5.1378041272512531E-01   5.1396285128402042E-01   5.1415738106148012E-01   5.1436398833899721E-01   5.1458265856905838E-01   5.1481337638021807E-01   5.1505612558244573E-01   5.1531088917274015E-01   5.1557764934100869E-01   5.1585638747620455E-01   5.1614708417271926E-01
 5.1644971923702321E-01   5.1676427169455130E-01   5.1709071979682641E-01   5.1742904102881593E-01   5.1777921211651601E-01   5.1814120903475736E-01   5.1851500701522624E-01   5.1890058055469557E-01   5.1929790342345894E-01   5.1970694867396194E-01   5.2012768864962389E-01
 5.2056009499384426E-01   5.2100413865918582E-01   5.2145978991672992E-01   5.2192701836559496E-01   5.3750145348640688E-01   5.3751308123616859E-01   5.3753633598111294E-01   5.3757121621232662E-01   5.3761771966705107E-01   5.3767584332941720E-01   5.3774558343142154E-01
 5.3782693545414773E-01   5.3791989412922814E-01   5.3802445344054761E-01   5.3814060662618646E-01   5.3826834618060160E-01   5.3840766385704431E-01   5.3855855067021263E-01   5.3872099689913699E-01   5.3889499209029579E-01   5.3908052506095960E-01   5.3927758390276148E-01
 5.3948615598548955E-01   5.3970622796110101E-01   5.3993778576795304E-01   5.4018081463524781E-01   5.4043529908768906E-01   5.4070122295034617E-01   5.4097856935372224E-01   5.4126732073902262E-01   5.4156745886362112E-01   5.4187896480671760E-01   5.4220181897518560E-01
 5.4253600110960376E-01   5.4288149029046839E-01   5.4323826494458205E-01   5.4360630285161338E-01   5.4398558115082418E-01   5.4437607634796004E-01   5.4477776432229685E-01   5.4519062033384247E-01   5.4561461903068542E-01   5.4604973445648697E-01   5.4649594005811242E-01
 5.6250138888717416E-01   5.6251249986111418E-01   5.6253472115061487E-01   5.6256805143911259E-01   5.6261248875224945E-01   5.6266803045845781E-01   5.6273467326973903E-01   5.6281241324263631E-01   5.6290124577939959E-01   5.6300116562934399E-01   5.6311216689039845E-01
 5.6323424301084535E-01   5.6336738679124831E-01   5.6351159038656873E-01   5.6366684530846767E-01   5.6383314242779303E-01   5.6401047197724974E-01   5.6419882355425022E-01   5.6439818612394566E-01   5.6460854802243299E-01   5.6482989696013786E-01   5.6506222002537032E-01
 5.6530550368805010E-01   5.6555973380360103E-01   5.6582489561700977E-01   5.6610097376704804E-01   5.6638795229065386E-01   5.6668581462747059E-01   5.6699454362453960E-01   5.6731412154114402E-01   5.6764453005380044E-01   5.6798575026139519E-01   5.6833776269046210E-01
 5.6870054730059827E-01   5.6907408349001454E-01   5.6945835010121681E-01   5.6985332542681544E-01   5.7025898721545809E-01   5.7067531267788341E-01   5.7110227849309092E-01   5.8750132978572911E-01   5.8751196796320670E-01   5.8753324374030114E-01   5.8756515596144743E-01
 5.8760770289369080E-01   5.8766088222715662E-01   5.8772469107567704E-01   5.8779912597757411E-01   5.8788418289659750E-01   5.8797985722301749E-01   5.8808614377487256E-01   5.8820303679936914E-01   5.8833052997443547E-01   5.8846861641042514E-01   5.8861728865197294E-01
 5.8877653867999868E-01   5.8894635791385963E-01   5.8912673721364917E-01   5.8931766688264153E-01   5.8951913666987954E-01   5.8973113577290459E-01   5.8995365284062784E-01   5.9018667597633889E-01   5.9043019274085240E-01   5.9068419015578877E-01   5.9094865470698899E-01
 5.9122357234805856E-01   5.9150892850404213E-01   5.9180470807522312E-01   5.9211089544104833E-01   5.9242747446417443E-01   5.9275442849463389E-01   5.9309174037411783E-01   5.9343939244037391E-01   5.9379736653171511E-01   5.9416564399163985E-01   5.9454420567355637E-01
 5.9493303194561320E-01   5.9533210269562997E-01   5.9574139733612608E-01   6.1250127550887601E-01   6.1251147948426243E-01   6.1253188692508087E-01   6.1256249681154984E-01   6.1260330761431581E-01   6.1265431729483477E-01   6.1271552330588142E-01   6.1278692259218459E-01
 6.1286851159118960E-01   6.1296028623394527E-01   6.1306224194611769E-01   6.1317437364912775E-01   6.1329667576141322E-01   6.1342914219981437E-01   6.1357176638108124E-01   6.1372454122350373E-01   6.1388745914866194E-01   6.1406051208329626E-01   6.1424369146129620E-01
 6.1443698822580672E-01   6.1464039283145078E-01   6.1485389524666756E-01   6.1507748495616399E-01   6.1531115096347810E-01   6.1555488179365458E-01   6.1580866549602897E-01   6.1607248964711947E-01   6.1634634135362565E-01   6.1663020725553175E-01   6.1692407352931211E-01
 6.1722792589123843E-01   6.1754174960078612E-01   6.1786552946413842E-01   6.1819924983778496E-01   6.1854289463221557E-01   6.1889644731570415E-01   6.1925989091818312E-01   6.1963320803520539E-01   6.2001638083199062E-01   6.2040939104755666E-01   6.3750122548901822E-01
 6.3751102931635628E-01   6.3753063651874808E-01   6.3756004619172935E-01   6.3759925697886444E-01   6.3764826707205913E-01   6.3770707421197714E-01   6.3777567568856064E-01   6.3785406834165448E-01   6.3794224856173309E-01   6.3804021229073027E-01   6.3814795502297117E-01
 6.3826547180620707E-01   6.3839275724274946E-01   6.3852980549070693E-01   6.3867661026532052E-01   6.3883316484039876E-01   6.3899946204985181E-01   6.3917549428932274E-01   6.3936125351791540E-01   6.3955673126001888E-01   6.3976191860722698E-01   6.3997680622035058E-01
 6.4020138433152429E-01   6.4043564274640430E-01   6.4067957084645688E-01   6.4093315759133573E-01   6.4119639152134977E-01   6.4146926076001498E-01   6.4175175301669418E-01   6.4204385558932042E-01   6.4234555536720273E-01   6.4265683883391456E-01   6.4297769207026156E-01
 6.4330810075732769E-01   6.4364805017959936E-01   6.4399752522816434E-01   6.4435651040398445E-01   6.4472498982124160E-01   6.4510294721075334E-01   6.6250117924423357E-01   6.6251061312253723E-01   6.6252948047615223E-01   6.6255778049918035E-01   6.6259551198298960E-01
 6.6264267331647164E-01   6.6269926248638611E-01   6.6276527707779032E-01   6.6284071427455338E-01   6.6292557085995718E-01   6.6301984321738072E-01   6.6312352733106983E-01   6.6323661878699081E-01   6.6335911277376758E-01   6.6349100408370276E-01   6.6363228711388067E-01
 6.6378295586735281E-01   6.6394300395440575E-01   6.6411242459390873E-01   6.6429121061474250E-01   6.6447935445730755E-01   6.6467684817511141E-01   6.6488368343643400E-01   6.6509985152606976E-01   6.6532534334714777E-01   6.6556014942302555E-01   6.6580425989925907E-01
 6.6605766454564586E-01   6.6632035275834112E-01   6.6659231356204529E-01   6.6687353561226292E-01   6.6716400719763058E-01   6.6746371624231393E-01   6.6777265030847144E-01   6.6809079659878579E-01   6.6841814195905858E-01   6.6875467288087054E-01   6.6910037550430357E-01
 6.6945523562072473E-01   6.6981923867562965E-01   6.8750113636269727E-01   6.8751022719665777E-01   6.8752840850396868E-01   6.8755567956348085E-01   6.8759203929364976E-01   6.8763748625274934E-01   6.8769201863915796E-01   6.8775563429171560E-01   6.8782833069015126E-01
 6.8791010495558214E-01   6.8800095385108295E-01   6.8810087378232565E-01   6.8820986079828872E-01   6.8832791059203757E-01   6.8845501850157209E-01   6.8859117951074567E-01   6.8873638825025063E-01   6.8889063899867298E-01   6.8905392568361445E-01   6.8922624188288129E-01
 6.8940758082574050E-01   6.8959793539424119E-01   6.8979729812460122E-01   6.9000566120865992E-01   6.9022301649539330E-01   6.9044935549249375E-01   6.9068466936801198E-01   6.9092894895206114E-01   6.9118218473858251E-01   6.9144436688717048E-01   6.9171548522495863E-01
 6.9199552924856389E-01   6.9228448812608823E-01   6.9258235069917862E-01   6.9288910548514182E-01   6.9320474067911564E-01   6.9352924415629369E-01   6.9386260347420370E-01   6.9420480587503863E-01   6.9455583828803857E-01   7.1250109649038440E-01   7.1250986835271279E-01
 7.1252741175340051E-01   7.1255372604456990E-01   7.1258881025455345E-01   7.1263266308807371E-01   7.1268528292648226E-01   7.1274666782805796E-01   7.1281681552836562E-01   7.1289572344067265E-01   7.1298338865642585E-01   7.1307980794578674E-01   7.1318497775822509E-01
 7.1329889422317205E-01   7.1342155315073008E-01   7.1355295003244157E-01   7.1369308004211451E-01   7.1384193803670581E-01   7.1399951855726063E-01   7.1416581582990935E-01   7.1434082376691876E-01   7.1452453596780008E-01   7.1471694572047195E-01   7.1491804600247710E-01
 7.1512782948225417E-01   7.1534628852046200E-01   7.1557341517135753E-01   7.1580920118422620E-01   7.1605363800486344E-01   7.1630671677710800E-01   7.1656842834442547E-01   7.1683876325154183E-01   7.1711771174612615E-01   7.1740526378052183E-01   7.1770140901352564E-01
 7.1800613681221415E-01   7.1831943625381600E-01   7.1864129612763006E-01   7.1897170493698848E-01   7.1931065090126389E-01   7.3750105932127319E-01   7.3750953383668205E-01   7.3752648257537168E-01   7.3755190495313616E-01   7.3758580009379249E-01   7.3762816682933141E-01
 7.3767900370011885E-01   7.3773830895514703E-01   7.3780608055233599E-01   7.3788231615888455E-01   7.3796701315167201E-01   7.3806016861770829E-01   7.3816177935463445E-01   7.3827184187127171E-01   7.3839035238822026E-01   7.3851730683850603E-01   7.3865270086827683E-01
 7.3879652983754607E-01   7.3894878882098458E-01   7.3910947260876048E-01   7.3927857570742583E-01   7.3945609234085019E-01   7.3964201645120187E-01   7.3983634169997359E-01   7.4003906146905518E-01   7.4025016886185180E-01   7.4046965670444598E-01   7.4069751754680535E-01
 7.4093374366403375E-01   7.4117832705766573E-01   7.4143125945700461E-01   7.4169253232050281E-01   7.4196213683718393E-01   7.4224006392810682E-01   7.4252630424786981E-01   7.4282084818615590E-01   7.4312368586931743E-01   7.4343480716199994E-01   7.4375420166880402E-01
 7.4408185873598609E-01   7.6250102458947566E-01   7.6250922125571707E-01   7.6252561432387311E-01   7.6255020326533263E-01   7.6258298728728546E-01   7.6262396533285004E-01   7.6267313608124421E-01   7.6273049794799741E-01   7.6279604908520604E-01   7.6286978738183109E-01
 7.6295171046403720E-01   7.6304181569557517E-01   7.6314010017820455E-01   7.6324656075215958E-01   7.6336119399665592E-01   7.6348399623043839E-01   7.6361496351237124E-01   7.6375409164206787E-01   7.6390137616056175E-01   7.6405681235101885E-01   7.6422039523948859E-01
 7.6439211959569553E-01   7.6457197993387127E-01   7.6475997051362465E-01   7.6495608534085147E-01   7.6516031816868302E-01   7.6537266249847213E-01   7.6559311158081889E-01   7.6582165841663175E-01   7.6605829575822759E-01   7.6630301611046803E-01   7.6655581173193132E-01
 7.6681667463612191E-01   7.6708559659271414E-01   7.6736256912883116E-01   7.6764758353035945E-01   7.6794063084329645E-01   7.6824170187513263E-01   7.6855078719626602E-01   7.6886787714145022E-01   7.8750099206286728E-01   7.8750892852081378E-01   7.8752480119676238E-01
 7.8754860961086093E-01   7.8758035304342133E-01   7.8762003053502905E-01   7.8766764088668784E-01   7.8772318266000030E-01   7.8778665417738591E-01   7.8785805352233351E-01   7.8793737853969092E-01   7.8802462683598928E-01   7.8811979577980418E-01   7.8822288250215122E-01
 7.8833388389691850E-01   7.8845279662133239E-01   7.8857961709646041E-01   7.8871434150774777E-01   7.8885696580558895E-01   7.8900748570593426E-01   7.8916589669093040E-01   7.8933219400959453E-01   7.8950637267852386E-01   7.8968842748263712E-01   7.8987835297595044E-01
 7.9007614348238631E-01   7.9028179309661450E-01   7.9049529568492705E-01   7.9071664488614390E-01   7.9094583411255170E-01   7.9118285655087361E-01   7.9142770516327021E-01   7.9168037268837232E-01   7.9194085164234340E-01   7.9220913431997253E-01   7.9248521279579731E-01
 7.9276907892525683E-01   7.9306072434587260E-01   7.9336014047845904E-01   7.9366731852836181E-01   8.1250096153789264E-01   8.1250865380006876E-01   8.1252403810595042E-01   8.1254711401862723E-01   8.1257788088281113E-01   8.1261633782492948E-01   8.1266248375324923E-01
 8.1271631735803118E-01   8.1277783711171647E-01   8.1284704126914309E-01   8.1292392786779255E-01   8.1300849472806869E-01   8.1310073945360550E-01   8.1320065943160669E-01   8.1330825183321487E-01   8.1342351361391074E-01   8.1354644151394329E-01   8.1367703205878927E-01
 8.1381528155964233E-01   8.1396118611393253E-01   8.1411474160587460E-01   8.1427594370704581E-01   8.1444478787699293E-01   8.1462126936386825E-01   8.1480538320509388E-01   8.1499712422805515E-01   8.1519648705082137E-01   8.1540346608289571E-01   8.1561805552599187E-01
 8.1584024937483934E-01   8.1607004141801454E-01   8.1630742523880062E-01   8.1655239421607229E-01   8.1680494152520899E-01   8.1706506013903202E-01   8.1733274282876989E-01   8.1760798216504704E-01   8.1789077051890002E-01   8.1818110006281619E-01   8.1847896277179899E-01
 8.3750093283530147E-01   8.3750839548030798E-01   8.3752332057083634E-01   8.3754570770794357E-01   8.3757555629328151E-01   8.3761286552917746E-01   8.3765763441874030E-01   8.3770986176599360E-01   8.3776954617603527E-01   8.3783668605522399E-01   8.3791127961139178E-01
 8.3799332485408262E-01   8.3808281959481790E-01   8.3817976144738782E-01   8.3828414782816929E-01   8.3839597595646886E-01   8.3851524285489287E-01   8.3864194534974223E-01   8.3877608007143356E-01   8.3891764345494602E-01   8.3906663174029272E-01   8.3922304097301803E-01
 8.3938686700472032E-01   8.3955810549359833E-01   8.3973675190502406E-01   8.3992280151213894E-01   8.4011624939647489E-01   8.4031709044859970E-01   8.4052531936878616E-01   8.4074093066770572E-01   8.4096391866714471E-01   8.4119427750074482E-01   8.4143200111476624E-01
 8.4167708326887458E-01   8.4192951753694922E-01   8.4218929730791525E-01   8.4245641578659725E-01   8.4273086599459501E-01   8.4301264077118088E-01   8.4330173277421883E-01   8.6250090579662586E-01   8.6250815213538712E-01   8.6252264463027295E-01   8.6254438291603297E-01
 8.6257336644484917E-01   8.6260959448640495E-01   8.6265306612797710E-01   8.6270378027455064E-01   8.6276173564895664E-01   8.6282693079203321E-01   8.6289936406280898E-01   8.6297903363870909E-01   8.6306593751578453E-01   8.6316007350896395E-01   8.6326143925232757E-01
 8.6337003219940411E-01   8.6348584962348984E-01   8.6360888861799012E-01   8.6373914609678315E-01   8.6387661879460542E-01   8.6402130326746007E-01   8.6417319589304553E-01   8.6433229287120827E-01   8.6449859022441444E-01   8.6467208379824545E-01   8.6485276926191323E-01
 8.6504064210879716E-01   8.6523569765700270E-01   8.6543793104993960E-01   8.6564733725692256E-01   8.6586391107379002E-01   8.6608764712354613E-01   8.6631853985702056E-01   8.6655658355354970E-01   8.6680177232167688E-01   8.6705410009987272E-01   8.6731356065727472E-01
 8.6758014759444568E-01   8.6785385434415174E-01   8.6813467417215862E-01   8.8750088028125373E-01   8.8750792249985022E-01   8.8752200676940973E-01   8.8754313275468488E-01   8.8757129995285455E-01   8.8760650769358385E-01   8.8764875513910357E-01   8.8769804128430985E-01
 8.8775436495688387E-01   8.8781772481743126E-01   8.8788811935964107E-01   8.8796554691046437E-01   8.8805000563031367E-01   8.8814149351328031E-01   8.8824000838737283E-01   8.8834554791477405E-01   8.8845810959211813E-01   8.8857769075078641E-01   8.8870428855722317E-01
 8.8883790001327023E-01   8.8897852195652072E-01   8.8912615106069182E-01   8.8928078383601661E-01   8.8944241662965462E-01   8.8961104562612092E-01   8.8978666684773389E-01   8.8996927615508181E-01   8.9015886924750698E-01   8.9035544166360892E-01   8.9055898878176520E-01
 8.9076950582066972E-01   8.9098698783988994E-01   8.9121142974044054E-01   8.9144282626537541E-01   8.9168117200039620E-01   8.9192646137447906E-01   8.9217868866051719E-01   8.9243784797598102E-01   8.9270393328359443E-01   8.9297693839202819E-01   9.1250085616398202E-01
 9.1250770544691850E-01   9.1252140385856162E-01   9.1254195109046921E-01   9.1256934668002088E-01   9.1260359001047120E-01   9.1264468031101798E-01   9.1269261665688972E-01   9.1274739796944926E-01   9.1280902301631539E-01   9.1287749041150101E-01   9.1295279861556933E-01
 9.1303494593580603E-01   9.1312393052641005E-01   9.1321975038870040E-01   9.1332240337133974E-01   9.1343188717057622E-01   9.1354819933050069E-01   9.1367133724332195E-01   9.1380129814965805E-01   9.1393807913884417E-01   9.1408167714925792E-01   9.1423208896866015E-01
 9.1438931123455303E-01   9.1455334043455339E-01   9.1472417290678409E-01   9.1490180484027916E-01   9.1508623227540709E-01   9.1527745110430869E-01   9.1547545707135169E-01   9.1568024577359985E-01   9.1589181266129915E-01   9.1611015303837795E-01   9.1633526206296367E-01
 9.1656713474791374E-01   9.1680576596136232E-01   9.1705115042728136E-01   9.1730328272605688E-01   9.1756215729507951E-01   9.1782776842934977E-01   9.3750083333296297E-01   9.3750749997000027E-01   9.3752083310185697E-01   9.3754083244411279E-01   9.3756749757017499E-01
 9.3760082791132382E-01   9.3764082275677396E-01   9.3768748125374912E-01   9.3774080240757363E-01   9.3780078508177844E-01   9.3786742799822198E-01   9.3794072973722598E-01   9.3802068873772715E-01   9.3810730329744263E-01   9.3820057157305126E-01   9.3830049158038920E-01
 9.3840706119466089E-01   9.3852027815066419E-01   9.3864014004303054E-01   9.3876664432648005E-01   9.3889978831609078E-01   9.3903956918758225E-01   9.3918598397761455E-01   9.3933902958410065E-01   9.3949870276653391E-01   9.3966500014632881E-01   9.3983791820717688E-01
 9.4001745329541619E-01   9.4020360162041494E-01   9.4039635925496867E-01   9.4059572213571119E-01   9.4080168606354020E-01   9.4101424670405498E-01   9.4123339958800867E-01   9.4145914011177356E-01   9.4169146353781930E-01   9.4193036499520488E-01   9.4217583948008343E-01
 9.4242788185621928E-01   9.4268648685551870E-01   9.6250081168796953E-01   9.6250730516708294E-01   9.6252029199388833E-01   9.6253977190555617E-01   9.6256574450787524E-01   9.6259820927529260E-01   9.6263716555096712E-01   9.6268261254683529E-01   9.6273454934369118E-01
 9.6279297489127957E-01   9.6285788800840189E-01   9.6292928738303529E-01   9.6300717157246551E-01   9.6309153900343247E-01   9.6318238797228850E-01   9.6327971664517054E-01   9.6338352305818475E-01   9.6349380511760430E-01   9.6361056060007977E-01   9.6373378715286306E-01
 9.6386348229404362E-01   9.6399964341279720E-01   9.6414226776964829E-01   9.6429135249674414E-01   9.6444689459814226E-01   9.6460889095010949E-01   9.6477733830143431E-01   9.6495223327375124E-01   9.6513357236187780E-01   9.6532135193416302E-01   9.6551556823284845E-01
 9.6571621737444180E-01   9.6592329535010180E-01   9.6613679802603525E-01   9.6635672114390558E-01   9.6658306032125352E-01   9.6681581105192937E-01   9.6705496870653640E-01   9.6730052853288573E-01   9.6755248565646301E-01   9.8750079113892364E-01   9.8750712022749487E-01
 9.8751977828294657E-01   9.8753876506190885E-01   9.8756408019935604E-01   9.8759572320864164E-01   9.8763369348154584E-01   9.8767799028833281E-01   9.8772861277782176E-01   9.8778555997746798E-01   9.8784883079345698E-01   9.8791842401080876E-01   9.8799433829349448E-01
 9.8807657218456502E-01   9.8816512410629032E-01   9.8825999236031004E-01   9.8836117512779709E-01   9.8846867046963105E-01   9.8858247632658347E-01   9.8870259051951515E-01   9.8882901074958363E-01   9.8896173459846259E-01   9.8910075952857301E-01   9.8924608288332383E-01
 9.8939770188736542E-01   9.8955561364685318E-01   9.8971981514972207E-01   9.8989030326597305E-01   9.9006707474796884E-01   9.9025012623074182E-01   9.9043945423231206E-01   9.9063505515401584E-01   9.9083692528084566E-01   9.9104506078179921E-01   9.9125945771024049E-01
 9.9148011200427011E-01   9.9170701948710638E-01   9.9194017586747640E-01   9.9217957674001744E-01   9.9242521758568791E-01
 1.2562344526401113E-02   1.3050383136138188E-02   1.3975424859373687E-02   1.5258194519667130E-02   1.6817030058842140E-02   1.8582585934148133E-02   2.0501524333570907E-02   2.2534695471649935E-02   2.4653853654145026E-02   2.6838638191979861E-02   2.9074258374032515E-02
 3.1349840509961133E-02   3.3657280044590655E-02   3.5990450122219922E-02   3.8344654125444917E-02   4.0716243687255828E-02   4.3102349123916667E-02   4.5500686808003246E-02   4.7909419741841999E-02   5.0327055347993491E-02   5.2752369615022984E-02   5.5184350136610286E-02
 5.7622152858080547E-02   6.0065068883669824E-02   6.2512498750249931E-02   6.4963932300931421E-02   6.7418932800809003E-02   6.9877124296868431E-02   7.2338181481151440E-02   7.4801821501885898E-02   7.7267797302627950E-02   7.9735892169085318E-02   8.2205915237286917E-02
 8.4677697772199745E-02   8.7151090067766807E-02   8.9625958851216755E-02   9.2102185098943218E-02   9.4579662190134722E-02   9.7058294339020815E-02   9.9537995258092288E-02   1.2562344526401113E-02   1.3050383136138188E-02   1.3975424859373687E-02   1.5258194519667130E-02
 1.6817030058842140E-02   1.8582585934148133E-02   2.0501524333570907E-02   2.2534695471649935E-02   2.4653853654145026E-02   2.6838638191979861E-02   2.9074258374032515E-02   3.1349840509961133E-02   3.3657280044590655E-02   3.5990450122219922E-02   3.8344654125444917E-02
 4.0716243687255828E-02   4.3102349123916667E-02   4.5500686808003246E-02   4.7909419741841999E-02   5.0327055347993491E-02   5.2752369615022984E-02   5.5184350136610286E-02   5.7622152858080547E-02   6.0065068883669824E-02   6.2512498750249931E-02   6.4963932300931421E-02
 6.7418932800809003E-02   6.9877124296868431E-02   7.2338181481151440E-02   7.4801821501885898E-02   7.7267797302627950E-02   7.9735892169085318E-02   8.2205915237286917E-02   8.4677697772199745E-02   8.7151090067766807E-02   8.9625958851216755E-02   9.2102185098943218E-02
 9.4579662190134722E-02   9.7058294339020815E-02   9.9537995258092288E-02   1.2562344526401113E-02   1.3050383136138188E-02   1.3975424859373687E-02   1.5258194519667130E-02   1.6817030058842140E-02   1.8582585934148133E-02   2.0501524333570907E-02   2.2534695471649935E-02
 2.4653853654145026E-02   2.6838638191979861E-02   2.9074258374032515E-02   3.1349840509961133E-02   3.3657280044590655E-02   3.5990450122219922E-02   3.8344654125444917E-02   4.0716243687255828E-02   4.3102349123916667E-02   4.5500686808003246E-02   4.7909419741841999E-02
 5.0327055347993491E-02   5.2752369615022984E-02   5.5184350136610286E-02   5.7622152858080547E-02   6.0065068883669824E-02   6.2512498750249931E-02   6.4963932300931421E-02   6.7418932800809003E-02   6.9877124296868431E-02   7.2338181481151440E-02   7.4801821501885898E-02
 7.7267797302627950E-02   7.9735892169085318E-02   8.2205915237286917E-02   8.4677697772199745E-02   8.7151090067766807E-02   8.9625958851216755E-02   9.2102185098943218E-02   9.4579662190134722E-02   9.7058294339020815E-02   9.9537995258092288E-02   1.2562344526401113E-02
 1.3050383136138188E-02   1.3975424859373687E-02   1.5258194519667130E-02   1.6817030058842140E-02   1.8582585934148133E-02   2.0501524333570907E-02   2.2534695471649935E-02   2.4653853654145026E-02   2.6838638191979861E-02   2.9074258374032515E-02   3.1349840509961133E-02
 3.3657280044590655E-02   3.5990450122219922E-02   3.8344654125444917E-02   4.0716243687255828E-02   4.3102349123916667E-02   4.5500686808003246E-02   4.7909419741841999E-02   5.0327055347993491E-02   5.2752369615022984E-02   5.5184350136610286E-02   5.7622152858080547E-02
 6.0065068883669824E-02   6.2512498750249931E-02   6.4963932300931421E-02   6.7418932800809003E-02   6.9877124296868431E-02   7.2338181481151440E-02   7.4801821501885898E-02   7.7267797302627950E-02   7.9735892169085318E-02   8.2205915237286917E-02   8.4677697772199745E-02
 8.7151090067766807E-02   8.9625958851216755E-02   9.2102185098943218E-02   9.4579662190134722E-02   9.7058294339020815E-02   9.9537995258092288E-02   1.2562344526401113E-02   1.3050383136138188E-02   1.3975424859373687E-02   1.5258194519667130E-02   1.6817030058842140E-02
 1.8582585934148133E-02   2.0501524333570907E-02   2.2534695471649935E-02   2.4653853654145026E-02   2.6838638191979861E-02   2.9074258374032515E-02   3.1349840509961133E-02   3.3657280044590655E-02   3.5990450122219922E-02   3.8344654125444917E-02   4.0716243687255828E-02
 4.3102349123916667E-02   4.5500686808003246E-02   4.7909419741841999E-02   5.0327055347993491E-02   5.2752369615022984E-02   5.5184350136610286E-02   5.7622152858080547E-02   6.0065068883669824E-02   6.2512498750249931E-02   6.4963932300931421E-02   6.7418932800809003E-02
 6.9877124296868431E-02   7.2338181481151440E-02   7.4801821501885898E-02   7.7267797302627950E-02   7.9735892169085318E-02   8.2205915237286917E-02   8.4677697772199745E-02   8.7151090067766807E-02   8.9625958851216755E-02   9.2102185098943218E-02   9.4579662190134722E-02
 9.7058294339020815E-02   9.9537995258092288E-02   1.2562344526401113E-02   1.3050383136138188E-02   1.3975424859373687E-02   1.5258194519667130E-02   1.6817030058842140E-02   1.8582585934148133E-02   2.0501524333570907E-02   2.2534695471649935E-02   2.4653853654145026E-02
 2.6838638191979861E-02   2.9074258374032515E-02   3.1349840509961133E-02   3.3657280044590655E-02   3.5990450122219922E-02   3.8344654125444917E-02   4.0716243687255828E-02   4.3102349123916667E-02   4.5500686808003246E-02   4.7909419741841999E-02   5.0327055347993491E-02
 5.2752369615022984E-02   5.5184350136610286E-02   5.7622152858080547E-02   6.0065068883669824E-02   6.2512498750249931E-02   6.4963932300931421E-02   6.7418932800809003E-02   6.9877124296868431E-02   7.2338181481151440E-02   7.4801821501885898E-02   7.7267797302627950E-02
 7.9735892169085318E-02   8.2205915237286917E-02   8.4677697772199745E-02   8.7151090067766807E-02   8.9625958851216755E-02   9.2102185098943218E-02   9.4579662190134722E-02   9.7058294339020815E-02   9.9537995258092288E-02   1.2562344526401113E-02   1.3050383136138188E-02
 1.3975424859373687E-02   1.5258194519667130E-02   1.6817030058842140E-02   1.8582585934148133E-02   2.0501524333570907E-02   2.2534695471649935E-02   2.4653853654145026E-02   2.6838638191979861E-02   2.9074258374032515E-02   3.1349840509961133E-02   3.3657280044590655E-02
 3.5990450122219922E-02   3.8344654125444917E-02   4.0716243687255828E-02   4.3102349123916667E-02   4.5500686808003246E-02   4.7909419741841999E-02   5.0327055347993491E-02   5.2752369615022984E-02   5.5184350136610286E-02   5.7622152858080547E-02   6.0065068883669824E-02
 6.2512498750249931E-02   6.4963932300931421E-02   6.7418932800809003E-02   6.9877124296868431E-02   7.2338181481151440E-02   7.4801821501885898E-02   7.7267797302627950E-02   7.9735892169085318E-02   8.2205915237286917E-02   8.4677697772199745E-02   8.7151090067766807E-02
 8.9625958851216755E-02   9.2102185098943218E-02   9.4579662190134722E-02   9.7058294339020815E-02   9.9537995258092288E-02   1.2562344526401113E-02   1.3050383136138188E-02   1.3975424859373687E-02   1.5258194519667130E-02   1.6817030058842140E-02   1.8582585934148133E-02
 2.0501524333570907E-02   2.2534695471649935E-02   2.4653853654145026E-02   2.6838638191979861E-02   2.9074258374032515E-02   3.1349840509961133E-02   3.3657280044590655E-02   3.5990450122219922E-02   3.8344654125444917E-02   4.0716243687255828E-02   4.3102349123916667E-02
 4.5500686808003246E-02   4.7909419741841999E-02   5.0327055347993491E-02   5.2752369615022984E-02   5.5184350136610286E-02   5.7622152858080547E-02   6.0065068883669824E-02   6.2512498750249931E-02   6.4963932300931421E-02   6.7418932800809003E-02   6.9877124296868431E-02
 7.2338181481151440E-02   7.4801821501885898E-02   7.7267797302627950E-02   7.9735892169085318E-02   8.2205915237286917E-02   8.4677697772199745E-02   8.7151090067766807E-02   8.9625958851216755E-02   9.2102185098943218E-02   9.4579662190134722E-02   9.7058294339020815E-02
 9.9537995258092288E-02   1.2562344526401113E-02   1.3050383136138188E-02   1.3975424859373687E-02   1.5258194519667130E-02   1.6817030058842140E-02   1.8582585934148133E-02   2.0501524333570907E-02   2.2534695471649935E-02   2.4653853654145026E-02   2.6838638191979861E-02
 2.9074258374032515E-02   3.1349840509961133E-02   3.3657280044590655E-02   3.5990450122219922E-02   3.8344654125444917E-02   4.0716243687255828E-02   4.3102349123916667E-02   4.5500686808003246E-02   4.7909419741841999E-02   5.0327055347993491E-02   5.2752369615022984E-02
 5.5184350136610286E-02   5.7622152858080547E-02   6.0065068883669824E-02   6.2512498750249931E-02   6.4963932300931421E-02   6.7418932800809003E-02   6.9877124296868431E-02   7.2338181481151440E-02   7.4801821501885898E-02   7.7267797302627950E-02   7.9735892169085318E-02
 8.2205915237286917E-02   8.4677697772199745E-02   8.7151090067766807E-02   8.9625958851216755E-02   9.2102185098943218E-02   9.4579662190134722E-02   9.7058294339020815E-02   9.9537995258092288E-02   1.2562344526401113E-02   1.3050383136138188E-02   1.3975424859373687E-02
 1.5258194519667130E-02   1.6817030058842140E-02   1.8582585934148133E-02   2.0501524333570907E-02   2.2534695471649935E-02   2.4653853654145026E-02   2.6838638191979861E-02   2.9074258374032515E-02   3.1349840509961133E-02   3.3657280044590655E-02   3.5990450122219922E-02
 3.8344654125444917E-02   4.0716243687255828E-02   4.3102349123916667E-02   4.5500686808003246E-02   4.7909419741841999E-02   5.0327055347993491E-02   5.2752369615022984E-02   5.5184350136610286E-02   5.7622152858080547E-02   6.0065068883669824E-02   6.2512498750249931E-02
 6.4963932300931421E-02   6.7418932800809003E-02   6.9877124296868431E-02   7.2338181481151440E-02   7.4801821501885898E-02   7.7267797302627950E-02   7.9735892169085318E-02   8.2205915237286917E-02   8.4677697772199745E-02   8.7151090067766807E-02   8.9625958851216755E-02
 9.2102185098943218E-02   9.4579662190134722E-02   9.7058294339020815E-02   9.9537995258092288E-02   1.2562344526401113E-02   1.3050383136138188E-02   1.3975424859373687E-02   1.5258194519667130E-02   1.6817030058842140E-02   1.8582585934148133E-02   2.0501524333570907E-02
 2.2534695471649935E-02   2.4653853654145026E-02   2.6838638191979861E-02   2.9074258374032515E-02   3.1349840509961133E-02   3.3657280044590655E-02   3.5990450122219922E-02   3.8344654125444917E-02   4.0716243687255828E-02   4.3102349123916667E-02   4.5500686808003246E-02
 4.7909419741841999E-02   5.0327055347993491E-02   5.2752369615022984E-02   5.5184350136610286E-02   5.7622152858080547E-02   6.0065068883669824E-02   6.2512498750249931E-02   6.4963932300931421E-02   6.7418932800809003E-02   6.9877124296868431E-02   7.2338181481151440E-02
 7.4801821501885898E-02   7.7267797302627950E-02   7.9735892169085318E-02   8.2205915237286917E-02   8.4677697772199745E-02   8.7151090067766807E-02   8.9625958851216755E-02   9.2102185098943218E-02   9.4579662190134722E-02   9.7058294339020815E-02   9.9537995258092288E-02
 1.2562344526401113E-02   1.3050383136138188E-02   1.3975424859373687E-02   1.5258194519667130E-02   1.6817030058842140E-02   1.8582585934148133E-02   2.0501524333570907E-02   2.2534695471649935E-02   2.4653853654145026E-02   2.6838638191979861E-02   2.9074258374032515E-02
 3.1349840509961133E-02   3.3657280044590655E-02   3.5990450122219922E-02   3.8344654125444917E-02   4.0716243687255828E-02   4.3102349123916667E-02   4.5500686808003246E-02   4.7909419741841999E-02   5.0327055347993491E-02   5.2752369615022984E-02   5.5184350136610286E-02
 5.7622152858080547E-02   6.0065068883669824E-02   6.2512498750249931E-02   6.4963932300931421E-02   6.7418932800809003E-02   6.9877124296868431E-02   7.2338181481151440E-02   7.4801821501885898E-02   7.7267797302627950E-02   7.9735892169085318E-02   8.2205915237286917E-02
 8.4677697772199745E-02   8.7151090067766807E-02   8.9625958851216755E-02   9.2102185098943218E-02   9.4579662190134722E-02   9.7058294339020815E-02   9.9537995258092288E-02   1.2562344526401113E-02   1.3050383136138188E-02   1.3975424859373687E-02   1.5258194519667130E-02
 1.6817030058842140E-02   1.8582585934148133E-02   2.0501524333570907E-02   2.2534695471649935E-02   2.4653853654145026E-02   2.6838638191979861E-02   2.9074258374032515E-02   3.1349840509961133E-02   3.3657280044590655E-02   3.5990450122219922E-02   3.8344654125444917E-02
 4.0716243687255828E-02   4.3102349123916667E-02   4.5500686808003246E-02   4.7909419741841999E-02   5.0327055347993491E-02   5.2752369615022984E-02   5.5184350136610286E-02   5.7622152858080547E-02   6.0065068883669824E-02   6.2512498750249931E-02   6.4963932300931421E-02
 6.7418932800809003E-02   6.9877124296868431E-02   7.2338181481151440E-02   7.4801821501885898E-02   7.7267797302627950E-02   7.9735892169085318E-02   8.2205915237286917E-02   8.4677697772199745E-02   8.7151090067766807E-02   8.9625958851216755E-02   9.2102185098943218E-02
 9.4579662190134722E-02   9.7058294339020815E-02   9.9537995258092288E-02   1.2562344526401113E-02   1.3050383136138188E-02   1.3975424859373687E-02   1.5258194519667130E-02   1.6817030058842140E-02   1.8582585934148133E-02   2.0501524333570907E-02   2.2534695471649935E-02
 2.4653853654145026E-02   2.6838638191979861E-02   2.9074258374032515E-02   3.1349840509961133E-02   3.3657280044590655E-02   3.5990450122219922E-02   3.8344654125444917E-02   4.0716243687255828E-02   4.3102349123916667E-02   4.5500686808003246E-02   4.7909419741841999E-02
 5.0327055347993491E-02   5.2752369615022984E-02   5.5184350136610286E-02   5.7622152858080547E-02   6.0065068883669824E-02   6.2512498750249931E-02   6.4963932300931421E-02   6.7418932800809003E-02   6.9877124296868431E-02   7.2338181481151440E-02   7.4801821501885898E-02
 7.7267797302627950E-02   7.9735892169085318E-02   8.2205915237286917E-02   8.4677697772199745E-02   8.7151090067766807E-02   8.9625958851216755E-02   9.2102185098943218E-02   9.4579662190134722E-02   9.7058294339020815E-02   9.9537995258092288E-02   1.2562344526401113E-02
 1.3050383136138188E-02   1.3975424859373687E-02   1.5258194519667130E-02   1.6817030058842140E-02   1.8582585934148133E-02   2.0501524333570907E-02   2.2534695471649935E-02   2.4653853654145026E-02   2.6838638191979861E-02   2.9074258374032515E-02   3.1349840509961133E-02
 3.3657280044590655E-02   3.5990450122219922E-02   3.8344654125444917E-02   4.0716243687255828E-02   4.3102349123916667E-02   4.5500686808003246E-02   4.7909419741841999E-02   5.0327055347993491E-02   5.2752369615022984E-02   5.5184350136610286E-02   5.7622152858080547E-02
 6.0065068883669824E-02   6.2512498750249931E-02   6.4963932300931421E-02   6.7418932800809003E-02   6.9877124296868431E-02   7.2338181481151440E-02   7.4801821501885898E-02   7.7267797302627950E-02   7.9735892169085318E-02   8.2205915237286917E-02   8.4677697772199745E-02
 8.7151090067766807E-02   8.9625958851216755E-02   9.2102185098943218E-02   9.4579662190134722E-02   9.7058294339020815E-02   9.9537995258092288E-02   1.2562344526401113E-02   1.3050383136138188E-02   1.3975424859373687E-02   1.5258194519667130E-02   1.6817030058842140E-02
 1.8582585934148133E-02   2.0501524333570907E-02   2.2534695471649935E-02   2.4653853654145026E-02   2.6838638191979861E-02   2.9074258374032515E-02   3.1349840509961133E-02   3.3657280044590655E-02   3.5990450122219922E-02   3.8344654125444917E-02   4.0716243687255828E-02
 4.3102349123916667E-02   4.5500686808003246E-02   4.7909419741841999E-02   5.0327055347993491E-02   5.2752369615022984E-02   5.5184350136610286E-02   5.7622152858080547E-02   6.0065068883669824E-02   6.2512498750249931E-02   6.4963932300931421E-02   6.7418932800809003E-02
 6.9877124296868431E-02   7.2338181481151440E-02   7.4801821501885898E-02   7.7267797302627950E-02   7.9735892169085318E-02   8.2205915237286917E-02   8.4677697772199745E-02   8.7151090067766807E-02   8.9625958851216755E-02   9.2102185098943218E-02   9.4579662190134722E-02
 9.7058294339020815E-02   9.9537995258092288E-02   1.2562344526401113E-02   1.3050383136138188E-02   1.3975424859373687E-02   1.5258194519667130E-02   1.6817030058842140E-02   1.8582585934148133E-02   2.0501524333570907E-02   2.2534695471649935E-02   2.4653853654145026E-02
 2.6838638191979861E-02   2.9074258374032515E-02   3.1349840509961133E-02   3.3657280044590655E-02   3.5990450122219922E-02   3.8344654125444917E-02   4.0716243687255828E-02   4.3102349123916667E-02   4.5500686808003246E-02   4.7909419741841999E-02   5.0327055347993491E-02
 5.2752369615022984E-02   5.5184350136610286E-02   5.7622152858080547E-02   6.0065068883669824E-02   6.2512498750249931E-02   6.4963932300931421E-02   6.7418932800809003E-02   6.9877124296868431E-02   7.2338181481151440E-02   7.4801821501885898E-02   7.7267797302627950E-02
 7.9735892169085318E-02   8.2205915237286917E-02   8.4677697772199745E-02   8.7151090067766807E-02   8.9625958851216755E-02   9.2102185098943218E-02   9.4579662190134722E-02   9.7058294339020815E-02   9.9537995258092288E-02   1.2562344526401113E-02   1.3050383136138188E-02
 1.3975424859373687E-02   1.5258194519667130E-02   1.6817030058842140E-02   1.8582585934148133E-02   2.0501524333570907E-02   2.2534695471649935E-02   2.4653853654145026E-02   2.6838638191979861E-02   2.9074258374032515E-02   3.1349840509961133E-02   3.3657280044590655E-02
 3.5990450122219922E-02   3.8344654125444917E-02   4.0716243687255828E-02   4.3102349123916667E-02   4.5500686808003246E-02   4.7909419741841999E-02   5.0327055347993491E-02   5.2752369615022984E-02   5.5184350136610286E-02   5.7622152858080547E-02   6.0065068883669824E-02
 6.2512498750249931E-02   6.4963932300931421E-02   6.7418932800809003E-02   6.9877124296868431E-02   7.2338181481151440E-02   7.4801821501885898E-02   7.7267797302627950E-02   7.9735892169085318E-02   8.2205915237286917E-02   8.4677697772199745E-02   8.7151090067766807E-02
 8.9625958851216755E-02   9.2102185098943218E-02   9.4579662190134722E-02   9.7058294339020815E-02   9.9537995258092288E-02   1.2562344526401113E-02   1.3050383136138188E-02   1.3975424859373687E-02   1.5258194519667130E-02   1.6817030058842140E-02   1.8582585934148133E-02
 2.0501524333570907E-02   2.2534695471649935E-02   2.4653853654145026E-02   2.6838638191979861E-02   2.9074258374032515E-02   3.1349840509961133E-02   3.3657280044590655E-02   3.5990450122219922E-02   3.8344654125444917E-02   4.0716243687255828E-02   4.3102349123916667E-02
 4.5500686808003246E-02   4.7909419741841999E-02   5.0327055347993491E-02   5.2752369615022984E-02   5.5184350136610286E-02   5.7622152858080547E-02   6.0065068883669824E-02   6.2512498750249931E-02   6.4963932300931421E-02   6.7418932800809003E-02   6.9877124296868431E-02
 7.2338181481151440E-02   7.4801821501885898E-02   7.7267797302627950E-02   7.9735892169085318E-02   8.2205915237286917E-02   8.4677697772199745E-02   8.7151090067766807E-02   8.9625958851216755E-02   9.2102185098943218E-02   9.4579662190134722E-02   9.7058294339020815E-02
 9.9537995258092288E-02   1.2562344526401113E-02   1.3050383136138188E-02   1.3975424859373687E-02   1.5258194519667130E-02   1.6817030058842140E-02   1.8582585934148133E-02   2.0501524333570907E-02   2.2534695471649935E-02   2.4653853654145026E-02   2.6838638191979861E-02
 2.9074258374032515E-02   3.1349840509961133E-02   3.3657280044590655E-02   3.5990450122219922E-02   3.8344654125444917E-02   4.0716243687255828E-02   4.3102349123916667E-02   4.5500686808003246E-02   4.7909419741841999E-02   5.0327055347993491E-02   5.2752369615022984E-02
 5.5184350136610286E-02   5.7622152858080547E-02   6.0065068883669824E-02   6.2512498750249931E-02   6.4963932300931421E-02   6.7418932800809003E-02   6.9877124296868431E-02   7.2338181481151440E-02   7.4801821501885898E-02   7.7267797302627950E-02   7.9735892169085318E-02
 8.2205915237286917E-02   8.4677697772199745E-02   8.7151090067766807E-02   8.9625958851216755E-02   9.2102185098943218E-02   9.4579662190134722E-02   9.7058294339020815E-02   9.9537995258092288E-02   1.2562344526401113E-02   1.3050383136138188E-02   1.3975424859373687E-02
 1.5258194519667130E-02   1.6817030058842140E-02   1.8582585934148133E-02   2.0501524333570907E-02   2.2534695471649935E-02   2.4653853654145026E-02   2.6838638191979861E-02   2.9074258374032515E-02   3.1349840509961133E-02   3.3657280044590655E-02   3.5990450122219922E-02
 3.8344654125444917E-02   4.0716243687255828E-02   4.3102349123916667E-02   4.5500686808003246E-02   4.7909419741841999E-02   5.0327055347993491E-02   5.2752369615022984E-02   5.5184350136610286E-02   5.7622152858080547E-02   6.0065068883669824E-02   6.2512498750249931E-02
 6.4963932300931421E-02   6.7418932800809003E-02   6.9877124296868431E-02   7.2338181481151440E-02   7.4801821501885898E-02   7.7267797302627950E-02   7.9735892169085318E-02   8.2205915237286917E-02   8.4677697772199745E-02   8.7151090067766807E-02   8.9625958851216755E-02
 9.2102185098943218E-02   9.4579662190134722E-02   9.7058294339020815E-02   9.9537995258092288E-02   1.2562344526401113E-02   1.3050383136138188E-02   1.3975424859373687E-02   1.5258194519667130E-02   1.6817030058842140E-02   1.8582585934148133E-02   2.0501524333570907E-02
 2.2534695471649935E-02   2.4653853654145026E-02   2.6838638191979861E-02   2.9074258374032515E-02   3.1349840509961133E-02   3.3657280044590655E-02   3.5990450122219922E-02   3.8344654125444917E-02   4.0716243687255828E-02   4.3102349123916667E-02   4.5500686808003246E-02
 4.7909419741841999E-02   5.0327055347993491E-02   5.2752369615022984E-02   5.5184350136610286E-02   5.7622152858080547E-02   6.0065068883669824E-02   6.2512498750249931E-02   6.4963932300931421E-02   6.7418932800809003E-02   6.9877124296868431E-02   7.2338181481151440E-02
 7.4801821501885898E-02   7.7267797302627950E-02   7.9735892169085318E-02   8.2205915237286917E-02   8.4677697772199745E-02   8.7151090067766807E-02   8.9625958851216755E-02   9.2102185098943218E-02   9.4579662190134722E-02   9.7058294339020815E-02   9.9537995258092288E-02
 1.2562344526401113E-02   1.3050383136138188E-02   1.3975424859373687E-02   1.5258194519667130E-02   1.6817030058842140E-02   1.8582585934148133E-02   2.0501524333570907E-02   2.2534695471649935E-02   2.4653853654145026E-02   2.6838638191979861E-02   2.9074258374032515E-02
 3.1349840509961133E-02   3.3657280044590655E-02   3.5990450122219922E-02   3.8344654125444917E-02   4.0716243687255828E-02   4.3102349123916667E-02   4.5500686808003246E-02   4.7909419741841999E-02   5.0327055347993491E-02   5.2752369615022984E-02   5.5184350136610286E-02
 5.7622152858080547E-02   6.0065068883669824E-02   6.2512498750249931E-02   6.4963932300931421E-02   6.7418932800809003E-02   6.9877124296868431E-02   7.2338181481151440E-02   7.4801821501885898E-02   7.7267797302627950E-02   7.9735892169085318E-02   8.2205915237286917E-02
 8.4677697772199745E-02   8.7151090067766807E-02   8.9625958851216755E-02   9.2102185098943218E-02   9.4579662190134722E-02   9.7058294339020815E-02   9.9537995258092288E-02   1.2562344526401113E-02   1.3050383136138188E-02   1.3975424859373687E-02   1.5258194519667130E-02
 1.6817030058842140E-02   1.8582585934148133E-02   2.0501524333570907E-02   2.2534695471649935E-02   2.4653853654145026E-02   2.6838638191979861E-02   2.9074258374032515E-02   3.1349840509961133E-02   3.3657280044590655E-02   3.5990450122219922E-02   3.8344654125444917E-02
 4.0716243687255828E-02   4.3102349123916667E-02   4.5500686808003246E-02   4.7909419741841999E-02   5.0327055347993491E-02   5.2752369615022984E-02   5.5184350136610286E-02   5.7622152858080547E-02   6.0065068883669824E-02   6.2512498750249931E-02   6.4963932300931421E-02
 6.7418932800809003E-02   6.9877124296868431E-02   7.2338181481151440E-02   7.4801821501885898E-02   7.7267797302627950E-02   7.9735892169085318E-02   8.2205915237286917E-02   8.4677697772199745E-02   8.7151090067766807E-02   8.9625958851216755E-02   9.2102185098943218E-02
 9.4579662190134722E-02   9.7058294339020815E-02   9.9537995258092288E-02   1.2562344526401113E-02   1.3050383136138188E-02   1.3975424859373687E-02   1.5258194519667130E-02   1.6817030058842140E-02   1.8582585934148133E-02   2.0501524333570907E-02   2.2534695471649935E-02
 2.4653853654145026E-02   2.6838638191979861E-02   2.9074258374032515E-02   3.1349840509961133E-02   3.3657280044590655E-02   3.5990450122219922E-02   3.8344654125444917E-02   4.0716243687255828E-02   4.3102349123916667E-02   4.5500686808003246E-02   4.7909419741841999E-02
 5.0327055347993491E-02   5.2752369615022984E-02   5.5184350136610286E-02   5.7622152858080547E-02   6.0065068883669824E-02   6.2512498750249931E-02   6.4963932300931421E-02   6.7418932800809003E-02   6.9877124296868431E-02   7.2338181481151440E-02   7.4801821501885898E-02
 7.7267797302627950E-02   7.9735892169085318E-02   8.2205915237286917E-02   8.4677697772199745E-02   8.7151090067766807E-02   8.9625958851216755E-02   9.2102185098943218E-02   9.4579662190134722E-02   9.7058294339020815E-02   9.9537995258092288E-02   1.2562344526401113E-02
 1.3050383136138188E-02   1.3975424859373687E-02   1.5258194519667130E-02   1.6817030058842140E-02   1.8582585934148133E-02   2.0501524333570907E-02   2.2534695471649935E-02   2.4653853654145026E-02   2.6838638191979861E-02   2.9074258374032515E-02   3.1349840509961133E-02
 3.3657280044590655E-02   3.5990450122219922E-02   3.8344654125444917E-02   4.0716243687255828E-02   4.3102349123916667E-02   4.5500686808003246E-02   4.7909419741841999E-02   5.0327055347993491E-02   5.2752369615022984E-02   5.5184350136610286E-02   5.7622152858080547E-02
 6.0065068883669824E-02   6.2512498750249931E-02   6.4963932300931421E-02   6.7418932800809003E-02   6.9877124296868431E-02   7.2338181481151440E-02   7.4801821501885898E-02   7.7267797302627950E-02   7.9735892169085318E-02   8.2205915237286917E-02   8.4677697772199745E-02
 8.7151090067766807E-02   8.9625958851216755E-02   9.2102185098943218E-02   9.4579662190134722E-02   9.7058294339020815E-02   9.9537995258092288E-02   1.2562344526401113E-02   1.3050383136138188E-02   1.3975424859373687E-02   1.5258194519667130E-02   1.6817030058842140E-02
 1.8582585934148133E-02   2.0501524333570907E-02   2.2534695471649935E-02   2.4653853654145026E-02   2.6838638191979861E-02   2.9074258374032515E-02   3.1349840509961133E-02   3.3657280044590655E-02   3.5990450122219922E-02   3.8344654125444917E-02   4.0716243687255828E-02
 4.3102349123916667E-02   4.5500686808003246E-02   4.7909419741841999E-02   5.0327055347993491E-02   5.2752369615022984E-02   5.5184350136610286E-02   5.7622152858080547E-02   6.0065068883669824E-02   6.2512498750249931E-02   6.4963932300931421E-02   6.7418932800809003E-02
 6.9877124296868431E-02   7.2338181481151440E-02   7.4801821501885898E-02   7.7267797302627950E-02   7.9735892169085318E-02   8.2205915237286917E-02   8.4677697772199745E-02   8.7151090067766807E-02   8.9625958851216755E-02   9.2102185098943218E-02   9.4579662190134722E-02
 9.7058294339020815E-02   9.9537995258092288E-02   1.2562344526401113E-02   1.3050383136138188E-02   1.3975424859373687E-02   1.5258194519667130E-02   1.6817030058842140E-02   1.8582585934148133E-02   2.0501524333570907E-02   2.2534695471649935E-02   2.4653853654145026E-02
 2.6838638191979861E-02   2.9074258374032515E-02   3.1349840509961133E-02   3.3657280044590655E-02   3.5990450122219922E-02   3.8344654125444917E-02   4.0716243687255828E-02   4.3102349123916667E-02   4.5500686808003246E-02   4.7909419741841999E-02   5.0327055347993491E-02
 5.2752369615022984E-02   5.5184350136610286E-02   5.7622152858080547E-02   6.0065068883669824E-02   6.2512498750249931E-02   6.4963932300931421E-02   6.7418932800809003E-02   6.9877124296868431E-02   7.2338181481151440E-02   7.4801821501885898E-02   7.7267797302627950E-02
 7.9735892169085318E-02   8.2205915237286917E-02   8.4677697772199745E-02   8.7151090067766807E-02   8.9625958851216755E-02   9.2102185098943218E-02   9.4579662190134722E-02   9.7058294339020815E-02   9.9537995258092288E-02   1.2562344526401113E-02   1.3050383136138188E-02
 1.3975424859373687E-02   1.5258194519667130E-02   1.6817030058842140E-02   1.8582585934148133E-02   2.0501524333570907E-02   2.2534695471649935E-02   2.4653853654145026E-02   2.6838638191979861E-02   2.9074258374032515E-02   3.1349840509961133E-02   3.3657280044590655E-02
 3.5990450122219922E-02   3.8344654125444917E-02   4.0716243687255828E-02   4.3102349123916667E-02   4.5500686808003246E-02   4.7909419741841999E-02   5.0327055347993491E-02   5.2752369615022984E-02   5.5184350136610286E-02   5.7622152858080547E-02   6.0065068883669824E-02
 6.2512498750249931E-02   6.4963932300931421E-02   6.7418932800809003E-02   6.9877124296868431E-02   7.2338181481151440E-02   7.4801821501885898E-02   7.7267797302627950E-02   7.9735892169085318E-02   8.2205915237286917E-02   8.4677697772199745E-02   8.7151090067766807E-02
 8.9625958851216755E-02   9.2102185098943218E-02   9.4579662190134722E-02   9.7058294339020815E-02   9.9537995258092288E-02   1.2562344526401113E-02   1.3050383136138188E-02   1.3975424859373687E-02   1.5258194519667130E-02   1.6817030058842140E-02   1.8582585934148133E-02
 2.0501524333570907E-02   2.2534695471649935E-02   2.4653853654145026E-02   2.6838638191979861E-02   2.9074258374032515E-02   3.1349840509961133E-02   3.3657280044590655E-02   3.5990450122219922E-02   3.8344654125444917E-02   4.0716243687255828E-02   4.3102349123916667E-02
 4.5500686808003246E-02   4.7909419741841999E-02   5.0327055347993491E-02   5.2752369615022984E-02   5.5184350136610286E-02   5.7622152858080547E-02   6.0065068883669824E-02   6.2512498750249931E-02   6.4963932300931421E-02   6.7418932800809003E-02   6.9877124296868431E-02
 7.2338181481151440E-02   7.4801821501885898E-02   7.7267797302627950E-02   7.9735892169085318E-02   8.2205915237286917E-02   8.4677697772199745E-02   8.7151090067766807E-02   8.9625958851216755E-02   9.2102185098943218E-02   9.4579662190134722E-02   9.7058294339020815E-02
 9.9537995258092288E-02   1.2562344526401113E-02   1.3050383136138188E-02   1.3975424859373687E-02   1.5258194519667130E-02   1.6817030058842140E-02   1.8582585934148133E-02   2.0501524333570907E-02   2.2534695471649935E-02   2.4653853654145026E-02   2.6838638191979861E-02
 2.9074258374032515E-02   3.1349840509961133E-02   3.3657280044590655E-02   3.5990450122219922E-02   3.8344654125444917E-02   4.0716243687255828E-02   4.3102349123916667E-02   4.5500686808003246E-02   4.7909419741841999E-02   5.0327055347993491E-02   5.2752369615022984E-02
 5.5184350136610286E-02   5.7622152858080547E-02   6.0065068883669824E-02   6.2512498750249931E-02   6.4963932300931421E-02   6.7418932800809003E-02   6.9877124296868431E-02   7.2338181481151440E-02   7.4801821501885898E-02   7.7267797302627950E-02   7.9735892169085318E-02
 8.2205915237286917E-02   8.4677697772199745E-02   8.7151090067766807E-02   8.9625958851216755E-02   9.2102185098943218E-02   9.4579662190134722E-02   9.7058294339020815E-02   9.9537995258092288E-02   1.2562344526401113E-02   1.3050383136138188E-02   1.3975424859373687E-02
 1.5258194519667130E-02   1.6817030058842140E-02   1.8582585934148133E-02   2.0501524333570907E-02   2.2534695471649935E-02   2.4653853654145026E-02   2.6838638191979861E-02   2.9074258374032515E-02   3.1349840509961133E-02   3.3657280044590655E-02   3.5990450122219922E-02
 3.8344654125444917E-02   4.0716243687255828E-02   4.3102349123916667E-02   4.5500686808003246E-02   4.7909419741841999E-02   5.0327055347993491E-02   5.2752369615022984E-02   5.5184350136610286E-02   5.7622152858080547E-02   6.0065068883669824E-02   6.2512498750249931E-02
 6.4963932300931421E-02   6.7418932800809003E-02   6.9877124296868431E-02   7.2338181481151440E-02   7.4801821501885898E-02   7.7267797302627950E-02   7.9735892169085318E-02   8.2205915237286917E-02   8.4677697772199745E-02   8.7151090067766807E-02   8.9625958851216755E-02
 9.2102185098943218E-02   9.4579662190134722E-02   9.7058294339020815E-02   9.9537995258092288E-02   1.2562344526401113E-02   1.3050383136138188E-02   1.3975424859373687E-02   1.5258194519667130E-02   1.6817030058842140E-02   1.8582585934148133E-02   2.0501524333570907E-02
 2.2534695471649935E-02   2.4653853654145026E-02   2.6838638191979861E-02   2.9074258374032515E-02   3.1349840509961133E-02   3.3657280044590655E-02   3.5990450122219922E-02   3.8344654125444917E-02   4.0716243687255828E-02   4.3102349123916667E-02   4.5500686808003246E-02
 4.7909419741841999E-02   5.0327055347993491E-02   5.2752369615022984E-02   5.5184350136610286E-02   5.7622152858080547E-02   6.0065068883669824E-02   6.2512498750249931E-02   6.4963932300931421E-02   6.7418932800809003E-02   6.9877124296868431E-02   7.2338181481151440E-02
 7.4801821501885898E-02   7.7267797302627950E-02   7.9735892169085318E-02   8.2205915237286917E-02   8.4677697772199745E-02   8.7151090067766807E-02   8.9625958851216755E-02   9.2102185098943218E-02   9.4579662190134722E-02   9.7058294339020815E-02   9.9537995258092288E-02
 1.2562344526401113E-02   1.3050383136138188E-02   1.3975424859373687E-02   1.5258194519667130E-02   1.6817030058842140E-02   1.8582585934148133E-02   2.0501524333570907E-02   2.2534695471649935E-02   2.4653853654145026E-02   2.6838638191979861E-02   2.9074258374032515E-02
 3.1349840509961133E-02   3.3657280044590655E-02   3.5990450122219922E-02   3.8344654125444917E-02   4.0716243687255828E-02   4.3102349123916667E-02   4.5500686808003246E-02   4.7909419741841999E-02   5.0327055347993491E-02   5.2752369615022984E-02   5.5184350136610286E-02
 5.7622152858080547E-02   6.0065068883669824E-02   6.2512498750249931E-02   6.4963932300931421E-02   6.7418932800809003E-02   6.9877124296868431E-02   7.2338181481151440E-02   7.4801821501885898E-02   7.7267797302627950E-02   7.9735892169085318E-02   8.2205915237286917E-02
 8.4677697772199745E-02   8.7151090067766807E-02   8.9625958851216755E-02   9.2102185098943218E-02   9.4579662190134722E-02   9.7058294339020815E-02   9.9537995258092288E-02   1.2562344526401113E-02   1.3050383136138188E-02   1.3975424859373687E-02   1.5258194519667130E-02
 1.6817030058842140E-02   1.8582585934148133E-02   2.0501524333570907E-02   2.2534695471649935E-02   2.4653853654145026E-02   2.6838638191979861E-02   2.9074258374032515E-02   3.1349840509961133E-02   3.3657280044590655E-02   3.5990450122219922E-02   3.8344654125444917E-02
 4.0716243687255828E-02   4.3102349123916667E-02   4.5500686808003246E-02   4.7909419741841999E-02   5.0327055347993491E-02   5.2752369615022984E-02   5.5184350136610286E-02   5.7622152858080547E-02   6.0065068883669824E-02   6.2512498750249931E-02   6.4963932300931421E-02
 6.7418932800809003E-02   6.9877124296868431E-02   7.2338181481151440E-02   7.4801821501885898E-02   7.7267797302627950E-02   7.9735892169085318E-02   8.2205915237286917E-02   8.4677697772199745E-02   8.7151090067766807E-02   8.9625958851216755E-02   9.2102185098943218E-02
 9.4579662190134722E-02   9.7058294339020815E-02   9.9537995258092288E-02   1.2562344526401113E-02   1.3050383136138188E-02   1.3975424859373687E-02   1.5258194519667130E-02   1.6817030058842140E-02   1.8582585934148133E-02   2.0501524333570907E-02   2.2534695471649935E-02
 2.4653853654145026E-02   2.6838638191979861E-02   2.9074258374032515E-02   3.1349840509961133E-02   3.3657280044590655E-02   3.5990450122219922E-02   3.8344654125444917E-02   4.0716243687255828E-02   4.3102349123916667E-02   4.5500686808003246E-02   4.7909419741841999E-02
 5.0327055347993491E-02   5.2752369615022984E-02   5.5184350136610286E-02   5.7622152858080547E-02   6.0065068883669824E-02   6.2512498750249931E-02   6.4963932300931421E-02   6.7418932800809003E-02   6.9877124296868431E-02   7.2338181481151440E-02   7.4801821501885898E-02
 7.7267797302627950E-02   7.9735892169085318E-02   8.2205915237286917E-02   8.4677697772199745E-02   8.7151090067766807E-02   8.9625958851216755E-02   9.2102185098943218E-02   9.4579662190134722E-02   9.7058294339020815E-02   9.9537995258092288E-02   1.2562344526401113E-02
 1.3050383136138188E-02   1.3975424859373687E-02   1.5258194519667130E-02   1.6817030058842140E-02   1.8582585934148133E-02   2.0501524333570907E-02   2.2534695471649935E-02   2.4653853654145026E-02   2.6838638191979861E-02   2.9074258374032515E-02   3.1349840509961133E-02
 3.3657280044590655E-02   3.5990450122219922E-02   3.8344654125444917E-02   4.0716243687255828E-02   4.3102349123916667E-02   4.5500686808003246E-02   4.7909419741841999E-02   5.0327055347993491E-02   5.2752369615022984E-02   5.5184350136610286E-02   5.7622152858080547E-02
 6.0065068883669824E-02   6.2512498750249931E-02   6.4963932300931421E-02   6.7418932800809003E-02   6.9877124296868431E-02   7.2338181481151440E-02   7.4801821501885898E-02   7.7267797302627950E-02   7.9735892169085318E-02   8.2205915237286917E-02   8.4677697772199745E-02
 8.7151090067766807E-02   8.9625958851216755E-02   9.2102185098943218E-02   9.4579662190134722E-02   9.7058294339020815E-02   9.9537995258092288E-02   1.2562344526401113E-02   1.3050383136138188E-02   1.3975424859373687E-02   1.5258194519667130E-02   1.6817030058842140E-02
 1.8582585934148133E-02   2.0501524333570907E-02   2.2534695471649935E-02   2.4653853654145026E-02   2.6838638191979861E-02   2.9074258374032515E-02   3.1349840509961133E-02   3.3657280044590655E-02   3.5990450122219922E-02   3.8344654125444917E-02   4.0716243687255828E-02
 4.3102349123916667E-02   4.5500686808003246E-02   4.7909419741841999E-02   5.0327055347993491E-02   5.2752369615022984E-02   5.5184350136610286E-02   5.7622152858080547E-02   6.0065068883669824E-02   6.2512498750249931E-02   6.4963932300931421E-02   6.7418932800809003E-02
 6.9877124296868431E-02   7.2338181481151440E-02   7.4801821501885898E-02   7.7267797302627950E-02   7.9735892169085318E-02   8.2205915237286917E-02   8.4677697772199745E-02   8.7151090067766807E-02   8.9625958851216755E-02   9.2102185098943218E-02   9.4579662190134722E-02
 9.7058294339020815E-02   9.9537995258092288E-02   1.2562344526401113E-02   1.3050383136138188E-02   1.3975424859373687E-02   1.5258194519667130E-02   1.6817030058842140E-02   1.8582585934148133E-02   2.0501524333570907E-02   2.2534695471649935E-02   2.4653853654145026E-02
 2.6838638191979861E-02   2.9074258374032515E-02   3.1349840509961133E-02   3.3657280044590655E-02   3.5990450122219922E-02   3.8344654125444917E-02   4.0716243687255828E-02   4.3102349123916667E-02   4.5500686808003246E-02   4.7909419741841999E-02   5.0327055347993491E-02
 5.2752369615022984E-02   5.5184350136610286E-02   5.7622152858080547E-02   6.0065068883669824E-02   6.2512498750249931E-02   6.4963932300931421E-02   6.7418932800809003E-02   6.9877124296868431E-02   7.2338181481151440E-02   7.4801821501885898E-02   7.7267797302627950E-02
 7.9735892169085318E-02   8.2205915237286917E-02   8.4677697772199745E-02   8.7151090067766807E-02   8.9625958851216755E-02   9.2102185098943218E-02   9.4579662190134722E-02   9.7058294339020815E-02   9.9537995258092288E-02   1.2562344526401113E-02   1.3050383136138188E-02
 1.3975424859373687E-02   1.5258194519667130E-02   1.6817030058842140E-02   1.8582585934148133E-02   2.0501524333570907E-02   2.2534695471649935E-02   2.4653853654145026E-02   2.6838638191979861E-02   2.9074258374032515E-02   3.1349840509961133E-02   3.3657280044590655E-02
 3.5990450122219922E-02   3.8344654125444917E-02   4.0716243687255828E-02   4.3102349123916667E-02   4.5500686808003246E-02   4.7909419741841999E-02   5.0327055347993491E-02   5.2752369615022984E-02   5.5184350136610286E-02   5.7622152858080547E-02   6.0065068883669824E-02
 6.2512498750249931E-02   6.4963932300931421E-02   6.7418932800809003E-02   6.9877124296868431E-02   7.2338181481151440E-02   7.4801821501885898E-02   7.7267797302627950E-02   7.9735892169085318E-02   8.2205915237286917E-02   8.4677697772199745E-02   8.7151090067766807E-02
 8.9625958851216755E-02   9.2102185098943218E-02   9.4579662190134722E-02   9.7058294339020815E-02   9.9537995258092288E-02
 1.0000098471102354E+00   1.0000098471088128E+00   1.0000098471078038E+00   1.0000098471072532E+00   1.0000098471070276E+00   1.0000098471069740E+00   1.0000098471069929E+00   1.0000098471070309E+00   1.0000098471070682E+00   1.0000098471070991E+00   1.0000098471071190E+00
 1.0000098471071368E+00   1.0000098471071515E+00   1.0000098471071659E+00   1.0000098471071803E+00   1.0000098471071961E+00   1.0000098471072116E+00   1.0000098471072254E+00   1.0000098471072378E+00   1.0000098471072478E+00   1.0000098471072532E+00   1.0000098471072563E+00
 1.0000098471072536E+00   1.0000098471072434E+00   1.0000098471072267E+00   1.0000098471072014E+00   1.0000098471071674E+00   1.0000098471071284E+00   1.0000098471070811E+00   1.0000098471070316E+00   1.0000098471069834E+00   1.0000098471069454E+00   1.0000098471069274E+00
 1.0000098471069467E+00   1.0000098471070185E+00   1.0000098471071652E+00   1.0000098471074101E+00   1.0000098471077787E+00   1.0000098471082903E+00   1.0000098471095116E+00   1.0000098471102354E+00   1.0000098471088128E+00   1.0000098471078038E+00   1.0000098471072532E+00
 1.0000098471070276E+00   1.0000098471069740E+00   1.0000098471069929E+00   1.0000098471070309E+00   1.0000098471070682E+00   1.0000098471070991E+00   1.0000098471071190E+00   1.0000098471071368E+00   1.0000098471071515E+00   1.0000098471071659E+00   1.0000098471071803E+00
 1.0000098471071961E+00   1.0000098471072116E+00   1.0000098471072254E+00   1.0000098471072378E+00   1.0000098471072478E+00   1.0000098471072532E+00   1.0000098471072563E+00   1.0000098471072536E+00   1.0000098471072434E+00   1.0000098471072267E+00   1.0000098471072014E+00
 1.0000098471071674E+00   1.0000098471071284E+00   1.0000098471070811E+00   1.0000098471070316E+00   1.0000098471069834E+00   1.0000098471069454E+00   1.0000098471069274E+00   1.0000098471069467E+00   1.0000098471070185E+00   1.0000098471071652E+00   1.0000098471074101E+00
 1.0000098471077787E+00   1.0000098471082903E+00   1.0000098471095116E+00   1.0000098471102354E+00   1.0000098471088128E+00   1.0000098471078038E+00   1.0000098471072532E+00   1.0000098471070276E+00   1.0000098471069740E+00   1.0000098471069929E+00   1.0000098471070309E+00
 1.0000098471070682E+00   1.0000098471070991E+00   1.0000098471071190E+00   1.0000098471071368E+00   1.0000098471071515E+00   1.0000098471071659E+00   1.0000098471071803E+00   1.0000098471071961E+00   1.0000098471072116E+00   1.0000098471072254E+00   1.0000098471072378E+00
 1.0000098471072478E+00   1.0000098471072532E+00   1.0000098471072563E+00   1.0000098471072536E+00   1.0000098471072434E+00   1.0000098471072267E+00   1.0000098471072014E+00   1.0000098471071674E+00   1.0000098471071284E+00   1.0000098471070811E+00   1.0000098471070316E+00
 1.0000098471069834E+00   1.0000098471069454E+00   1.0000098471069274E+00   1.0000098471069467E+00   1.0000098471070185E+00   1.0000098471071652E+00   1.0000098471074101E+00   1.0000098471077787E+00   1.0000098471082903E+00   1.0000098471095116E+00   1.0000098471102354E+00
 1.0000098471088128E+00   1.0000098471078038E+00   1.0000098471072532E+00   1.0000098471070276E+00   1.0000098471069740E+00   1.0000098471069929E+00   1.0000098471070309E+00   1.0000098471070682E+00   1.0000098471070991E+00   1.0000098471071190E+00   1.0000098471071368E+00
 1.0000098471071515E+00   1.0000098471071659E+00   1.0000098471071803E+00   1.0000098471071961E+00   1.0000098471072116E+00   1.0000098471072254E+00   1.0000098471072378E+00   1.0000098471072478E+00   1.0000098471072532E+00   1.0000098471072563E+00   1.0000098471072536E+00
 1.0000098471072434E+00   1.0000098471072267E+00   1.0000098471072014E+00   1.0000098471071674E+00   1.0000098471071284E+00   1.0000098471070811E+00   1.0000098471070316E+00   1.0000098471069834E+00   1.0000098471069454E+00   1.0000098471069274E+00   1.0000098471069467E+00
 1.0000098471070185E+00   1.0000098471071652E+00   1.0000098471074101E+00   1.0000098471077787E+00   1.0000098471082903E+00   1.0000098471095116E+00   1.0000098471102354E+00   1.0000098471088128E+00   1.0000098471078038E+00   1.0000098471072532E+00   1.0000098471070276E+00
 1.0000098471069740E+00   1.0000098471069929E+00   1.0000098471070309E+00   1.0000098471070682E+00   1.0000098471070991E+00   1.0000098471071190E+00   1.0000098471071368E+00   1.0000098471071515E+00   1.0000098471071659E+00   1.0000098471071803E+00   1.0000098471071961E+00
 1.0000098471072116E+00   1.0000098471072254E+00   1.0000098471072378E+00   1.0000098471072478E+00   1.0000098471072532E+00   1.0000098471072563E+00   1.0000098471072536E+00   1.0000098471072434E+00   1.0000098471072267E+00   1.0000098471072014E+00   1.0000098471071674E+00
 1.0000098471071284E+00   1.0000098471070811E+00   1.0000098471070316E+00   1.0000098471069834E+00   1.0000098471069454E+00   1.0000098471069274E+00   1.0000098471069467E+00   1.0000098471070185E+00   1.0000098471071652E+00   1.0000098471074101E+00   1.0000098471077787E+00
 1.0000098471082903E+00   1.0000098471095116E+00   1.0000098471102354E+00   1.0000098471088128E+00   1.0000098471078038E+00   1.0000098471072532E+00   1.0000098471070276E+00   1.0000098471069740E+00   1.0000098471069929E+00   1.0000098471070309E+00   1.0000098471070682E+00
 1.0000098471070991E+00   1.0000098471071190E+00   1.0000098471071368E+00   1.0000098471071515E+00   1.0000098471071659E+00   1.0000098471071803E+00   1.0000098471071961E+00   1.0000098471072116E+00   1.0000098471072254E+00   1.0000098471072378E+00   1.0000098471072478E+00
 1.0000098471072532E+00   1.0000098471072563E+00   1.0000098471072536E+00   1.0000098471072434E+00   1.0000098471072267E+00   1.0000098471072014E+00   1.0000098471071674E+00   1.0000098471071284E+00   1.0000098471070811E+00   1.0000098471070316E+00   1.0000098471069834E+00
 1.0000098471069454E+00   1.0000098471069274E+00   1.0000098471069467E+00   1.0000098471070185E+00   1.0000098471071652E+00   1.0000098471074101E+00   1.0000098471077787E+00   1.0000098471082903E+00   1.0000098471095116E+00   1.0000098471102354E+00   1.0000098471088128E+00
 1.0000098471078038E+00   1.0000098471072532E+00   1.0000098471070276E+00   1.0000098471069740E+00   1.0000098471069929E+00   1.0000098471070309E+00   1.0000098471070682E+00   1.0000098471070991E+00   1.0000098471071190E+00   1.0000098471071368E+00   1.0000098471071515E+00
 1.0000098471071659E+00   1.0000098471071803E+00   1.0000098471071961E+00   1.0000098471072116E+00   1.0000098471072254E+00   1.0000098471072378E+00   1.0000098471072478E+00   1.0000098471072532E+00   1.0000098471072563E+00   1.0000098471072536E+00   1.0000098471072434E+00
 1.0000098471072267E+00   1.0000098471072014E+00   1.0000098471071674E+00   1.0000098471071284E+00   1.0000098471070811E+00   1.0000098471070316E+00   1.0000098471069834E+00   1.0000098471069454E+00   1.0000098471069274E+00   1.0000098471069467E+00   1.0000098471070185E+00
 1.0000098471071652E+00   1.0000098471074101E+00   1.0000098471077787E+00   1.0000098471082903E+00   1.0000098471095116E+00   1.0000098471102354E+00   1.0000098471088128E+00   1.0000098471078038E+00   1.0000098471072532E+00   1.0000098471070276E+00   1.0000098471069740E+00
 1.0000098471069929E+00   1.0000098471070309E+00   1.0000098471070682E+00   1.0000098471070991E+00   1.0000098471071190E+00   1.0000098471071368E+00   1.0000098471071515E+00   1.0000098471071659E+00   1.0000098471071803E+00   1.0000098471071961E+00   1.0000098471072116E+00
 1.0000098471072254E+00   1.0000098471072378E+00   1.0000098471072478E+00   1.0000098471072532E+00   1.0000098471072563E+00   1.0000098471072536E+00   1.0000098471072434E+00   1.0000098471072267E+00   1.0000098471072014E+00   1.0000098471071674E+00   1.0000098471071284E+00
 1.0000098471070811E+00   1.0000098471070316E+00   1.0000098471069834E+00   1.0000098471069454E+00   1.0000098471069274E+00   1.0000098471069467E+00   1.0000098471070185E+00   1.0000098471071652E+00   1.0000098471074101E+00   1.0000098471077787E+00   1.0000098471082903E+00
 1.0000098471095116E+00   1.0000098471102354E+00   1.0000098471088128E+00   1.0000098471078038E+00   1.0000098471072532E+00   1.0000098471070276E+00   1.0000098471069740E+00   1.0000098471069929E+00   1.0000098471070309E+00   1.0000098471070682E+00   1.0000098471070991E+00
 1.0000098471071190E+00   1.0000098471071368E+00   1.0000098471071515E+00   1.0000098471071659E+00   1.0000098471071803E+00   1.0000098471071961E+00   1.0000098471072116E+00   1.0000098471072254E+00   1.0000098471072378E+00   1.0000098471072478E+00   1.0000098471072532E+00
 1.0000098471072563E+00   1.0000098471072536E+00   1.0000098471072434E+00   1.0000098471072267E+00   1.0000098471072014E+00   1.0000098471071674E+00   1.0000098471071284E+00   1.0000098471070811E+00   1.0000098471070316E+00   1.0000098471069834E+00   1.0000098471069454E+00
 1.0000098471069274E+00   1.0000098471069467E+00   1.0000098471070185E+00   1.0000098471071652E+00   1.0000098471074101E+00   1.0000098471077787E+00   1.0000098471082903E+00   1.0000098471095116E+00   1.0000098471102354E+00   1.0000098471088128E+00   1.0000098471078038E+00
 1.0000098471072532E+00   1.0000098471070276E+00   1.0000098471069740E+00   1.0000098471069929E+00   1.0000098471070309E+00   1.0000098471070682E+00   1.0000098471070991E+00   1.0000098471071190E+00   1.0000098471071368E+00   1.0000098471071515E+00   1.0000098471071659E+00
 1.0000098471071803E+00   1.0000098471071961E+00   1.0000098471072116E+00   1.0000098471072254E+00   1.0000098471072378E+00   1.0000098471072478E+00   1.0000098471072532E+00   1.0000098471072563E+00   1.0000098471072536E+00   1.0000098471072434E+00   1.0000098471072267E+00
 1.0000098471072014E+00   1.0000098471071674E+00   1.0000098471071284E+00   1.0000098471070811E+00   1.0000098471070316E+00   1.0000098471069834E+00   1.0000098471069454E+00   1.0000098471069274E+00   1.0000098471069467E+00   1.0000098471070185E+00   1.0000098471071652E+00
 1.0000098471074101E+00   1.0000098471077787E+00   1.0000098471082903E+00   1.0000098471095116E+00   1.0000098471102354E+00   1.0000098471088128E+00   1.0000098471078038E+00   1.0000098471072532E+00   1.0000098471070276E+00   1.0000098471069740E+00   1.0000098471069929E+00
 1.0000098471070309E+00   1.0000098471070682E+00   1.0000098471070991E+00   1.0000098471071190E+00   1.0000098471071368E+00   1.0000098471071515E+00   1.0000098471071659E+00   1.0000098471071803E+00   1.0000098471071961E+00   1.0000098471072116E+00   1.0000098471072254E+00
 1.0000098471072378E+00   1.0000098471072478E+00   1.0000098471072532E+00   1.0000098471072563E+00   1.0000098471072536E+00   1.0000098471072434E+00   1.0000098471072267E+00   1.0000098471072014E+00   1.0000098471071674E+00   1.0000098471071284E+00   1.0000098471070811E+00
 1.0000098471070316E+00   1.0000098471069834E+00   1.0000098471069454E+00   1.0000098471069274E+00   1.0000098471069467E+00   1.0000098471070185E+00   1.0000098471071652E+00   1.0000098471074101E+00   1.0000098471077787E+00   1.0000098471082903E+00   1.0000098471095116E+00
 1.0000098471102354E+00   1.0000098471088128E+00   1.0000098471078038E+00   1.0000098471072532E+00   1.0000098471070276E+00   1.0000098471069740E+00   1.0000098471069929E+00   1.0000098471070309E+00   1.0000098471070682E+00   1.0000098471070991E+00   1.0000098471071190E+00
 1.0000098471071368E+00   1.0000098471071515E+00   1.0000098471071659E+00   1.0000098471071803E+00   1.0000098471071961E+00   1.0000098471072116E+00   1.0000098471072254E+00   1.0000098471072378E+00   1.0000098471072478E+00   1.0000098471072532E+00   1.0000098471072563E+00
 1.0000098471072536E+00   1.0000098471072434E+00   1.0000098471072267E+00   1.0000098471072014E+00   1.0000098471071674E+00   1.0000098471071284E+00   1.0000098471070811E+00   1.0000098471070316E+00   1.0000098471069834E+00   1.0000098471069454E+00   1.0000098471069274E+00
 1.0000098471069467E+00   1.0000098471070185E+00   1.0000098471071652E+00   1.0000098471074101E+00   1.0000098471077787E+00   1.0000098471082903E+00   1.0000098471095116E+00   1.0000098471102354E+00   1.0000098471088128E+00   1.0000098471078038E+00   1.0000098471072532E+00
 1.0000098471070276E+00   1.0000098471069740E+00   1.0000098471069929E+00   1.0000098471070309E+00   1.0000098471070682E+00   1.0000098471070991E+00   1.0000098471071190E+00   1.0000098471071368E+00   1.0000098471071515E+00   1.0000098471071659E+00   1.0000098471071803E+00
 1.0000098471071961E+00   1.0000098471072116E+00   1.0000098471072254E+00   1.0000098471072378E+00   1.0000098471072478E+00   1.0000098471072532E+00   1.0000098471072563E+00   1.0000098471072536E+00   1.0000098471072434E+00   1.0000098471072267E+00   1.0000098471072014E+00
 1.0000098471071674E+00   1.0000098471071284E+00   1.0000098471070811E+00   1.0000098471070316E+00   1.0000098471069834E+00   1.0000098471069454E+00   1.0000098471069274E+00   1.0000098471069467E+00   1.0000098471070185E+00   1.0000098471071652E+00   1.0000098471074101E+00
 1.0000098471077787E+00   1.0000098471082903E+00   1.0000098471095116E+00   1.0000098471102354E+00   1.0000098471088128E+00   1.0000098471078038E+00   1.0000098471072532E+00   1.0000098471070276E+00   1.0000098471069740E+00   1.0000098471069929E+00   1.0000098471070309E+00
 1.0000098471070682E+00   1.0000098471070991E+00   1.0000098471071190E+00   1.0000098471071368E+00   1.0000098471071515E+00   1.0000098471071659E+00   1.0000098471071803E+00   1.0000098471071961E+00   1.0000098471072116E+00   1.0000098471072254E+00   1.0000098471072378E+00
 1.0000098471072478E+00   1.0000098471072532E+00   1.0000098471072563E+00   1.0000098471072536E+00   1.0000098471072434E+00   1.0000098471072267E+00   1.0000098471072014E+00   1.0000098471071674E+00   1.0000098471071284E+00   1.0000098471070811E+00   1.0000098471070316E+00
 1.0000098471069834E+00   1.0000098471069454E+00   1.0000098471069274E+00   1.0000098471069467E+00   1.0000098471070185E+00   1.0000098471071652E+00   1.0000098471074101E+00   1.0000098471077787E+00   1.0000098471082903E+00   1.0000098471095116E+00   1.0000098471102354E+00
 1.0000098471088128E+00   1.0000098471078038E+00   1.0000098471072532E+00   1.0000098471070276E+00   1.0000098471069740E+00   1.0000098471069929E+00   1.0000098471070309E+00   1.0000098471070682E+00   1.0000098471070991E+00   1.0000098471071190E+00   1.0000098471071368E+00
 1.0000098471071515E+00   1.0000098471071659E+00   1.0000098471071803E+00   1.0000098471071961E+00   1.0000098471072116E+00   1.0000098471072254E+00   1.0000098471072378E+00   1.0000098471072478E+00   1.0000098471072532E+00   1.0000098471072563E+00   1.0000098471072536E+00
 1.0000098471072434E+00   1.0000098471072267E+00   1.0000098471072014E+00   1.0000098471071674E+00   1.0000098471071284E+00   1.0000098471070811E+00   1.0000098471070316E+00   1.0000098471069834E+00   1.0000098471069454E+00   1.0000098471069274E+00   1.0000098471069467E+00
 1.0000098471070185E+00   1.0000098471071652E+00   1.0000098471074101E+00   1.0000098471077787E+00   1.0000098471082903E+00   1.0000098471095116E+00   1.0000098471102354E+00   1.0000098471088128E+00   1.0000098471078038E+00   1.0000098471072532E+00   1.0000098471070276E+00
 1.0000098471069740E+00   1.0000098471069929E+00   1.0000098471070309E+00   1.0000098471070682E+00   1.0000098471070991E+00   1.0000098471071190E+00   1.0000098471071368E+00   1.0000098471071515E+00   1.0000098471071659E+00   1.0000098471071803E+00   1.0000098471071961E+00
 1.0000098471072116E+00   1.0000098471072254E+00   1.0000098471072378E+00   1.0000098471072478E+00   1.0000098471072532E+00   1.0000098471072563E+00   1.0000098471072536E+00   1.0000098471072434E+00   1.0000098471072267E+00   1.0000098471072014E+00   1.0000098471071674E+00
 1.0000098471071284E+00   1.0000098471070811E+00   1.0000098471070316E+00   1.0000098471069834E+00   1.0000098471069454E+00   1.0000098471069274E+00   1.0000098471069467E+00   1.0000098471070185E+00   1.0000098471071652E+00   1.0000098471074101E+00   1.0000098471077787E+00
 1.0000098471082903E+00   1.0000098471095116E+00   1.0000098471102354E+00   1.0000098471088128E+00   1.0000098471078038E+00   1.0000098471072532E+00   1.0000098471070276E+00   1.0000098471069740E+00   1.0000098471069929E+00   1.0000098471070309E+00   1.0000098471070682E+00
 1.0000098471070991E+00   1.0000098471071190E+00   1.0000098471071368E+00   1.0000098471071515E+00   1.0000098471071659E+00   1.0000098471071803E+00   1.0000098471071961E+00   1.0000098471072116E+00   1.0000098471072254E+00   1.0000098471072378E+00   1.0000098471072478E+00
 1.0000098471072532E+00   1.0000098471072563E+00   1.0000098471072536E+00   1.0000098471072434E+00   1.0000098471072267E+00   1.0000098471072014E+00   1.0000098471071674E+00   1.0000098471071284E+00   1.0000098471070811E+00   1.0000098471070316E+00   1.0000098471069834E+00
 1.0000098471069454E+00   1.0000098471069274E+00   1.0000098471069467E+00   1.0000098471070185E+00   1.0000098471071652E+00   1.0000098471074101E+00   1.0000098471077787E+00   1.0000098471082903E+00   1.0000098471095116E+00   1.0000098471102354E+00   1.0000098471088128E+00
 1.0000098471078038E+00   1.0000098471072532E+00   1.0000098471070276E+00   1.0000098471069740E+00   1.0000098471069929E+00   1.0000098471070309E+00   1.0000098471070682E+00   1.0000098471070991E+00   1.0000098471071190E+00   1.0000098471071368E+00   1.0000098471071515E+00
 1.0000098471071659E+00   1.0000098471071803E+00   1.0000098471071961E+00   1.0000098471072116E+00   1.0000098471072254E+00   1.0000098471072378E+00   1.0000098471072478E+00   1.0000098471072532E+00   1.0000098471072563E+00   1.0000098471072536E+00   1.0000098471072434E+00
 1.0000098471072267E+00   1.0000098471072014E+00   1.0000098471071674E+00   1.0000098471071284E+00   1.0000098471070811E+00   1.0000098471070316E+00   1.0000098471069834E+00   1.0000098471069454E+00   1.0000098471069274E+00   1.0000098471069467E+00   1.0000098471070185E+00
 1.0000098471071652E+00   1.0000098471074101E+00   1.0000098471077787E+00   1.0000098471082903E+00   1.0000098471095116E+00   1.0000098471102354E+00   1.0000098471088128E+00   1.0000098471078038E+00   1.0000098471072532E+00   1.0000098471070276E+00   1.0000098471069740E+00
 1.0000098471069929E+00   1.0000098471070309E+00   1.0000098471070682E+00   1.0000098471070991E+00   1.0000098471071190E+00   1.0000098471071368E+00   1.0000098471071515E+00   1.0000098471071659E+00   1.0000098471071803E+00   1.0000098471071961E+00   1.0000098471072116E+00
 1.0000098471072254E+00   1.0000098471072378E+00   1.0000098471072478E+00   1.0000098471072532E+00   1.0000098471072563E+00   1.0000098471072536E+00   1.0000098471072434E+00   1.0000098471072267E+00   1.0000098471072014E+00   1.0000098471071674E+00   1.0000098471071284E+00
 1.0000098471070811E+00   1.0000098471070316E+00   1.0000098471069834E+00   1.0000098471069454E+00   1.0000098471069274E+00   1.0000098471069467E+00   1.0000098471070185E+00   1.0000098471071652E+00   1.0000098471074101E+00   1.0000098471077787E+00   1.0000098471082903E+00
 1.0000098471095116E+00   1.0000098471102354E+00   1.0000098471088128E+00   1.0000098471078038E+00   1.0000098471072532E+00   1.0000098471070276E+00   1.0000098471069740E+00   1.0000098471069929E+00   1.0000098471070309E+00   1.0000098471070682E+00   1.0000098471070991E+00
 1.0000098471071190E+00   1.0000098471071368E+00   1.0000098471071515E+00   1.0000098471071659E+00   1.0000098471071803E+00   1.0000098471071961E+00   1.0000098471072116E+00   1.0000098471072254E+00   1.0000098471072378E+00   1.0000098471072478E+00   1.0000098471072532E+00
 1.0000098471072563E+00   1.0000098471072536E+00   1.0000098471072434E+00   1.0000098471072267E+00   1.0000098471072014E+00   1.0000098471071674E+00   1.0000098471071284E+00   1.0000098471070811E+00   1.0000098471070316E+00   1.0000098471069834E+00   1.0000098471069454E+00
 1.0000098471069274E+00   1.0000098471069467E+00   1.0000098471070185E+00   1.0000098471071652E+00   1.0000098471074101E+00   1.0000098471077787E+00   1.0000098471082903E+00   1.0000098471095116E+00   1.0000098471102354E+00   1.0000098471088128E+00   1.0000098471078038E+00
 1.0000098471072532E+00   1.0000098471070276E+00   1.0000098471069740E+00   1.0000098471069929E+00   1.0000098471070309E+00   1.0000098471070682E+00   1.0000098471070991E+00   1.0000098471071190E+00   1.0000098471071368E+00   1.0000098471071515E+00   1.0000098471071659E+00
 1.0000098471071803E+00   1.0000098471071961E+00   1.0000098471072116E+00   1.0000098471072254E+00   1.0000098471072378E+00   1.0000098471072478E+00   1.0000098471072532E+00   1.0000098471072563E+00   1.0000098471072536E+00   1.0000098471072434E+00   1.0000098471072267E+00
 1.0000098471072014E+00   1.0000098471071674E+00   1.0000098471071284E+00   1.0000098471070811E+00   1.0000098471070316E+00   1.0000098471069834E+00   1.0000098471069454E+00   1.0000098471069274E+00   1.0000098471069467E+00   1.0000098471070185E+00   1.0000098471071652E+00
 1.0000098471074101E+00   1.0000098471077787E+00   1.0000098471082903E+00   1.0000098471095116E+00   1.0000098471102354E+00   1.0000098471088128E+00   1.0000098471078038E+00   1.0000098471072532E+00   1.0000098471070276E+00   1.0000098471069740E+00   1.0000098471069929E+00
 1.0000098471070309E+00   1.0000098471070682E+00   1.0000098471070991E+00   1.0000098471071190E+00   1.0000098471071368E+00   1.0000098471071515E+00   1.0000098471071659E+00   1.0000098471071803E+00   1.0000098471071961E+00   1.0000098471072116E+00   1.0000098471072254E+00
 1.0000098471072378E+00   1.0000098471072478E+00   1.0000098471072532E+00   1.0000098471072563E+00   1.0000098471072536E+00   1.0000098471072434E+00   1.0000098471072267E+00   1.0000098471072014E+00   1.0000098471071674E+00   1.0000098471071284E+00   1.0000098471070811E+00
 1.0000098471070316E+00   1.0000098471069834E+00   1.0000098471069454E+00   1.0000098471069274E+00   1.0000098471069467E+00   1.0000098471070185E+00   1.0000098471071652E+00   1.0000098471074101E+00   1.0000098471077787E+00   1.0000098471082903E+00   1.0000098471095116E+00
 1.0000098471102354E+00   1.0000098471088128E+00   1.0000098471078038E+00   1.0000098471072532E+00   1.0000098471070276E+00   1.0000098471069740E+00   1.0000098471069929E+00   1.0000098471070309E+00   1.0000098471070682E+00   1.0000098471070991E+00   1.0000098471071190E+00
 1.0000098471071368E+00   1.0000098471071515E+00   1.0000098471071659E+00   1.0000098471071803E+00   1.0000098471071961E+00   1.0000098471072116E+00   1.0000098471072254E+00   1.0000098471072378E+00   1.0000098471072478E+00   1.0000098471072532E+00   1.0000098471072563E+00
 1.0000098471072536E+00   1.0000098471072434E+00   1.0000098471072267E+00   1.0000098471072014E+00   1.0000098471071674E+00   1.0000098471071284E+00   1.0000098471070811E+00   1.0000098471070316E+00   1.0000098471069834E+00   1.0000098471069454E+00   1.0000098471069274E+00
 1.0000098471069467E+00   1.0000098471070185E+00   1.0000098471071652E+00   1.0000098471074101E+00   1.0000098471077787E+00   1.0000098471082903E+00   1.0000098471095116E+00   1.0000098471102354E+00   1.0000098471088128E+00   1.0000098471078038E+00   1.0000098471072532E+00
 1.0000098471070276E+00   1.0000098471069740E+00   1.0000098471069929E+00   1.0000098471070309E+00   1.0000098471070682E+00   1.0000098471070991E+00   1.0000098471071190E+00   1.0000098471071368E+00   1.0000098471071515E+00   1.0000098471071659E+00   1.0000098471071803E+00
 1.0000098471071961E+00   1.0000098471072116E+00   1.0000098471072254E+00   1.0000098471072378E+00   1.0000098471072478E+00   1.0000098471072532E+00   1.0000098471072563E+00   1.0000098471072536E+00   1.0000098471072434E+00   1.0000098471072267E+00   1.0000098471072014E+00
 1.0000098471071674E+00   1.0000098471071284E+00   1.0000098471070811E+00   1.0000098471070316E+00   1.0000098471069834E+00   1.0000098471069454E+00   1.0000098471069274E+00   1.0000098471069467E+00   1.0000098471070185E+00   1.0000098471071652E+00   1.0000098471074101E+00
 1.0000098471077787E+00   1.0000098471082903E+00   1.0000098471095116E+00   1.0000098471102354E+00   1.0000098471088128E+00   1.0000098471078038E+00   1.0000098471072532E+00   1.0000098471070276E+00   1.0000098471069740E+00   1.0000098471069929E+00   1.0000098471070309E+00
 1.0000098471070682E+00   1.0000098471070991E+00   1.0000098471071190E+00   1.0000098471071368E+00   1.0000098471071515E+00   1.0000098471071659E+00   1.0000098471071803E+00   1.0000098471071961E+00   1.0000098471072116E+00   1.0000098471072254E+00   1.0000098471072378E+00
 1.0000098471072478E+00   1.0000098471072532E+00   1.0000098471072563E+00   1.0000098471072536E+00   1.0000098471072434E+00   1.0000098471072267E+00   1.0000098471072014E+00   1.0000098471071674E+00   1.0000098471071284E+00   1.0000098471070811E+00   1.0000098471070316E+00
 1.0000098471069834E+00   1.0000098471069454E+00   1.0000098471069274E+00   1.0000098471069467E+00   1.0000098471070185E+00   1.0000098471071652E+00   1.0000098471074101E+00   1.0000098471077787E+00   1.0000098471082903E+00   1.0000098471095116E+00   1.0000098471102354E+00
 1.0000098471088128E+00   1.0000098471078038E+00   1.0000098471072532E+00   1.0000098471070276E+00   1.0000098471069740E+00   1.0000098471069929E+00   1.0000098471070309E+00   1.0000098471070682E+00   1.0000098471070991E+00   1.0000098471071190E+00   1.0000098471071368E+00
 1.0000098471071515E+00   1.0000098471071659E+00   1.0000098471071803E+00   1.0000098471071961E+00   1.0000098471072116E+00   1.0000098471072254E+00   1.0000098471072378E+00   1.0000098471072478E+00   1.0000098471072532E+00   1.0000098471072563E+00   1.0000098471072536E+00
 1.0000098471072434E+00   1.0000098471072267E+00   1.0000098471072014E+00   1.0000098471071674E+00   1.0000098471071284E+00   1.0000098471070811E+00   1.0000098471070316E+00   1.0000098471069834E+00   1.0000098471069454E+00   1.0000098471069274E+00   1.0000098471069467E+00
 1.0000098471070185E+00   1.0000098471071652E+00   1.0000098471074101E+00   1.0000098471077787E+00   1.0000098471082903E+00   1.0000098471095116E+00   1.0000098471102354E+00   1.0000098471088128E+00   1.0000098471078038E+00   1.0000098471072532E+00   1.0000098471070276E+00
 1.0000098471069740E+00   1.0000098471069929E+00   1.0000098471070309E+00   1.0000098471070682E+00   1.0000098471070991E+00   1.0000098471071190E+00   1.0000098471071368E+00   1.0000098471071515E+00   1.0000098471071659E+00   1.0000098471071803E+00   1.0000098471071961E+00
 1.0000098471072116E+00   1.0000098471072254E+00   1.0000098471072378E+00   1.0000098471072478E+00   1.0000098471072532E+00   1.0000098471072563E+00   1.0000098471072536E+00   1.0000098471072434E+00   1.0000098471072267E+00   1.0000098471072014E+00   1.0000098471071674E+00
 1.0000098471071284E+00   1.0000098471070811E+00   1.0000098471070316E+00   1.0000098471069834E+00   1.0000098471069454E+00   1.0000098471069274E+00   1.0000098471069467E+00   1.0000098471070185E+00   1.0000098471071652E+00   1.0000098471074101E+00   1.0000098471077787E+00
 1.0000098471082903E+00   1.0000098471095116E+00   1.0000098471102354E+00   1.0000098471088128E+00   1.0000098471078038E+00   1.0000098471072532E+00   1.0000098471070276E+00   1.0000098471069740E+00   1.0000098471069929E+00   1.0000098471070309E+00   1.0000098471070682E+00
 1.0000098471070991E+00   1.0000098471071190E+00   1.0000098471071368E+00   1.0000098471071515E+00   1.0000098471071659E+00   1.0000098471071803E+00   1.0000098471071961E+00   1.0000098471072116E+00   1.0000098471072254E+00   1.0000098471072378E+00   1.0000098471072478E+00
 1.0000098471072532E+00   1.0000098471072563E+00   1.0000098471072536E+00   1.0000098471072434E+00   1.0000098471072267E+00   1.0000098471072014E+00   1.0000098471071674E+00   1.0000098471071284E+00   1.0000098471070811E+00   1.0000098471070316E+00   1.0000098471069834E+00
 1.0000098471069454E+00   1.0000098471069274E+00   1.0000098471069467E+00   1.0000098471070185E+00   1.0000098471071652E+00   1.0000098471074101E+00   1.0000098471077787E+00   1.0000098471082903E+00   1.0000098471095116E+00   1.0000098471102354E+00   1.0000098471088128E+00
 1.0000098471078038E+00   1.0000098471072532E+00   1.0000098471070276E+00   1.0000098471069740E+00   1.0000098471069929E+00   1.0000098471070309E+00   1.0000098471070682E+00   1.0000098471070991E+00   1.0000098471071190E+00   1.0000098471071368E+00   1.0000098471071515E+00
 1.0000098471071659E+00   1.0000098471071803E+00   1.0000098471071961E+00   1.0000098471072116E+00   1.0000098471072254E+00   1.0000098471072378E+00   1.0000098471072478E+00   1.0000098471072532E+00   1.0000098471072563E+00   1.0000098471072536E+00   1.0000098471072434E+00
 1.0000098471072267E+00   1.0000098471072014E+00   1.0000098471071674E+00   1.0000098471071284E+00   1.0000098471070811E+00   1.0000098471070316E+00   1.0000098471069834E+00   1.0000098471069454E+00   1.0000098471069274E+00   1.0000098471069467E+00   1.0000098471070185E+00
 1.0000098471071652E+00   1.0000098471074101E+00   1.0000098471077787E+00   1.0000098471082903E+00   1.0000098471095116E+00   1.0000098471102354E+00   1.0000098471088128E+00   1.0000098471078038E+00   1.0000098471072532E+00   1.0000098471070276E+00   1.0000098471069740E+00
 1.0000098471069929E+00   1.0000098471070309E+00   1.0000098471070682E+00   1.0000098471070991E+00   1.0000098471071190E+00   1.0000098471071368E+00   1.0000098471071515E+00   1.0000098471071659E+00   1.0000098471071803E+00   1.0000098471071961E+00   1.0000098471072116E+00
 1.0000098471072254E+00   1.0000098471072378E+00   1.0000098471072478E+00   1.0000098471072532E+00   1.0000098471072563E+00   1.0000098471072536E+00   1.0000098471072434E+00   1.0000098471072267E+00   1.0000098471072014E+00   1.0000098471071674E+00   1.0000098471071284E+00
 1.0000098471070811E+00   1.0000098471070316E+00   1.0000098471069834E+00   1.0000098471069454E+00   1.0000098471069274E+00   1.0000098471069467E+00   1.0000098471070185E+00   1.0000098471071652E+00   1.0000098471074101E+00   1.0000098471077787E+00   1.0000098471082903E+00
 1.0000098471095116E+00   1.0000098471102354E+00   1.0000098471088128E+00   1.0000098471078038E+00   1.0000098471072532E+00   1.0000098471070276E+00   1.0000098471069740E+00   1.0000098471069929E+00   1.0000098471070309E+00   1.0000098471070682E+00   1.0000098471070991E+00
 1.0000098471071190E+00   1.0000098471071368E+00   1.0000098471071515E+00   1.0000098471071659E+00   1.0000098471071803E+00   1.0000098471071961E+00   1.0000098471072116E+00   1.0000098471072254E+00   1.0000098471072378E+00   1.0000098471072478E+00   1.0000098471072532E+00
 1.0000098471072563E+00   1.0000098471072536E+00   1.0000098471072434E+00   1.0000098471072267E+00   1.0000098471072014E+00   1.0000098471071674E+00   1.0000098471071284E+00   1.0000098471070811E+00   1.0000098471070316E+00   1.0000098471069834E+00   1.0000098471069454E+00
 1.0000098471069274E+00   1.0000098471069467E+00   1.0000098471070185E+00   1.0000098471071652E+00   1.0000098471074101E+00   1.0000098471077787E+00   1.0000098471082903E+00   1.0000098471095116E+00   1.0000098471102354E+00   1.0000098471088128E+00   1.0000098471078038E+00
 1.0000098471072532E+00   1.0000098471070276E+00   1.0000098471069740E+00   1.0000098471069929E+00   1.0000098471070309E+00   1.0000098471070682E+00   1.0000098471070991E+00   1.0000098471071190E+00   1.0000098471071368E+00   1.0000098471071515E+00   1.0000098471071659E+00
 1.0000098471071803E+00   1.0000098471071961E+00   1.0000098471072116E+00   1.0000098471072254E+00   1.0000098471072378E+00   1.0000098471072478E+00   1.0000098471072532E+00   1.0000098471072563E+00   1.0000098471072536E+00   1.0000098471072434E+00   1.0000098471072267E+00
 1.0000098471072014E+00   1.0000098471071674E+00   1.0000098471071284E+00   1.0000098471070811E+00   1.0000098471070316E+00   1.0000098471069834E+00   1.0000098471069454E+00   1.0000098471069274E+00   1.0000098471069467E+00   1.0000098471070185E+00   1.0000098471071652E+00
 1.0000098471074101E+00   1.0000098471077787E+00   1.0000098471082903E+00   1.0000098471095116E+00   1.0000098471102354E+00   1.0000098471088128E+00   1.0000098471078038E+00   1.0000098471072532E+00   1.0000098471070276E+00   1.0000098471069740E+00   1.0000098471069929E+00
 1.0000098471070309E+00   1.0000098471070682E+00   1.0000098471070991E+00   1.0000098471071190E+00   1.0000098471071368E+00   1.0000098471071515E+00   1.0000098471071659E+00   1.0000098471071803E+00   1.0000098471071961E+00   1.0000098471072116E+00   1.0000098471072254E+00
 1.0000098471072378E+00   1.0000098471072478E+00   1.0000098471072532E+00   1.0000098471072563E+00   1.0000098471072536E+00   1.0000098471072434E+00   1.0000098471072267E+00   1.0000098471072014E+00   1.0000098471071674E+00   1.0000098471071284E+00   1.0000098471070811E+00
 1.0000098471070316E+00   1.0000098471069834E+00   1.0000098471069454E+00   1.0000098471069274E+00   1.0000098471069467E+00   1.0000098471070185E+00   1.0000098471071652E+00   1.0000098471074101E+00   1.0000098471077787E+00   1.0000098471082903E+00   1.0000098471095116E+00
 1.0000098471102354E+00   1.0000098471088128E+00   1.0000098471078038E+00   1.0000098471072532E+00   1.0000098471070276E+00   1.0000098471069740E+00   1.0000098471069929E+00   1.0000098471070309E+00   1.0000098471070682E+00   1.0000098471070991E+00   1.0000098471071190E+00
 1.0000098471071368E+00   1.0000098471071515E+00   1.0000098471071659E+00   1.0000098471071803E+00   1.0000098471071961E+00   1.0000098471072116E+00   1.0000098471072254E+00   1.0000098471072378E+00   1.0000098471072478E+00   1.0000098471072532E+00   1.0000098471072563E+00
 1.0000098471072536E+00   1.0000098471072434E+00   1.0000098471072267E+00   1.0000098471072014E+00   1.0000098471071674E+00   1.0000098471071284E+00   1.0000098471070811E+00   1.0000098471070316E+00   1.0000098471069834E+00   1.0000098471069454E+00   1.0000098471069274E+00
 1.0000098471069467E+00   1.0000098471070185E+00   1.0000098471071652E+00   1.0000098471074101E+00   1.0000098471077787E+00   1.0000098471082903E+00   1.0000098471095116E+00   1.0000098471102354E+00   1.0000098471088128E+00   1.0000098471078038E+00   1.0000098471072532E+00
 1.0000098471070276E+00   1.0000098471069740E+00   1.0000098471069929E+00   1.0000098471070309E+00   1.0000098471070682E+00   1.0000098471070991E+00   1.0000098471071190E+00   1.0000098471071368E+00   1.0000098471071515E+00   1.0000098471071659E+00   1.0000098471071803E+00
 1.0000098471071961E+00   1.0000098471072116E+00   1.0000098471072254E+00   1.0000098471072378E+00   1.0000098471072478E+00   1.0000098471072532E+00   1.0000098471072563E+00   1.0000098471072536E+00   1.0000098471072434E+00   1.0000098471072267E+00   1.0000098471072014E+00
 1.0000098471071674E+00   1.0000098471071284E+00   1.0000098471070811E+00   1.0000098471070316E+00   1.0000098471069834E+00   1.0000098471069454E+00   1.0000098471069274E+00   1.0000098471069467E+00   1.0000098471070185E+00   1.0000098471071652E+00   1.0000098471074101E+00
 1.0000098471077787E+00   1.0000098471082903E+00   1.0000098471095116E+00   1.0000098471102354E+00   1.0000098471088128E+00   1.0000098471078038E+00   1.0000098471072532E+00   1.0000098471070276E+00   1.0000098471069740E+00   1.0000098471069929E+00   1.0000098471070309E+00
 1.0000098471070682E+00   1.0000098471070991E+00   1.0000098471071190E+00   1.0000098471071368E+00   1.0000098471071515E+00   1.0000098471071659E+00   1.0000098471071803E+00   1.0000098471071961E+00   1.0000098471072116E+00   1.0000098471072254E+00   1.0000098471072378E+00
 1.0000098471072478E+00   1.0000098471072532E+00   1.0000098471072563E+00   1.0000098471072536E+00   1.0000098471072434E+00   1.0000098471072267E+00   1.0000098471072014E+00   1.0000098471071674E+00   1.0000098471071284E+00   1.0000098471070811E+00   1.0000098471070316E+00
 1.0000098471069834E+00   1.0000098471069454E+00   1.0000098471069274E+00   1.0000098471069467E+00   1.0000098471070185E+00   1.0000098471071652E+00   1.0000098471074101E+00   1.0000098471077787E+00   1.0000098471082903E+00   1.0000098471095116E+00   1.0000098471102354E+00
 1.0000098471088128E+00   1.0000098471078038E+00   1.0000098471072532E+00   1.0000098471070276E+00   1.0000098471069740E+00   1.0000098471069929E+00   1.0000098471070309E+00   1.0000098471070682E+00   1.0000098471070991E+00   1.0000098471071190E+00   1.0000098471071368E+00
 1.0000098471071515E+00   1.0000098471071659E+00   1.0000098471071803E+00   1.0000098471071961E+00   1.0000098471072116E+00   1.0000098471072254E+00   1.0000098471072378E+00   1.0000098471072478E+00   1.0000098471072532E+00   1.0000098471072563E+00   1.0000098471072536E+00
 1.0000098471072434E+00   1.0000098471072267E+00   1.0000098471072014E+00   1.0000098471071674E+00   1.0000098471071284E+00   1.0000098471070811E+00   1.0000098471070316E+00   1.0000098471069834E+00   1.0000098471069454E+00   1.0000098471069274E+00   1.0000098471069467E+00
 1.0000098471070185E+00   1.0000098471071652E+00   1.0000098471074101E+00   1.0000098471077787E+00   1.0000098471082903E+00   1.0000098471095116E+00   1.0000098471102354E+00   1.0000098471088128E+00   1.0000098471078038E+00   1.0000098471072532E+00   1.0000098471070276E+00
 1.0000098471069740E+00   1.0000098471069929E+00   1.0000098471070309E+00   1.0000098471070682E+00   1.0000098471070991E+00   1.0000098471071190E+00   1.0000098471071368E+00   1.0000098471071515E+00   1.0000098471071659E+00   1.0000098471071803E+00   1.0000098471071961E+00
 1.0000098471072116E+00   1.0000098471072254E+00   1.0000098471072378E+00   1.0000098471072478E+00   1.0000098471072532E+00   1.0000098471072563E+00   1.0000098471072536E+00   1.0000098471072434E+00   1.0000098471072267E+00   1.0000098471072014E+00   1.0000098471071674E+00
 1.0000098471071284E+00   1.0000098471070811E+00   1.0000098471070316E+00   1.0000098471069834E+00   1.0000098471069454E+00   1.0000098471069274E+00   1.0000098471069467E+00   1.0000098471070185E+00   1.0000098471071652E+00   1.0000098471074101E+00   1.0000098471077787E+00
 1.0000098471082903E+00   1.0000098471095116E+00   1.0000098471102354E+00   1.0000098471088128E+00   1.0000098471078038E+00   1.0000098471072532E+00   1.0000098471070276E+00   1.0000098471069740E+00   1.0000098471069929E+00   1.0000098471070309E+00   1.0000098471070682E+00
 1.0000098471070991E+00   1.0000098471071190E+00   1.0000098471071368E+00   1.0000098471071515E+00   1.0000098471071659E+00   1.0000098471071803E+00   1.0000098471071961E+00   1.0000098471072116E+00   1.0000098471072254E+00   1.0000098471072378E+00   1.0000098471072478E+00
 1.0000098471072532E+00   1.0000098471072563E+00   1.0000098471072536E+00   1.0000098471072434E+00   1.0000098471072267E+00   1.0000098471072014E+00   1.0000098471071674E+00   1.0000098471071284E+00   1.0000098471070811E+00   1.0000098471070316E+00   1.0000098471069834E+00
 1.0000098471069454E+00   1.0000098471069274E+00   1.0000098471069467E+00   1.0000098471070185E+00   1.0000098471071652E+00   1.0000098471074101E+00   1.0000098471077787E+00   1.0000098471082903E+00   1.0000098471095116E+00   1.0000098471102354E+00   1.0000098471088128E+00
 1.0000098471078038E+00   1.0000098471072532E+00   1.0000098471070276E+00   1.0000098471069740E+00   1.0000098471069929E+00   1.0000098471070309E+00   1.0000098471070682E+00   1.0000098471070991E+00   1.0000098471071190E+00   1.0000098471071368E+00   1.0000098471071515E+00
 1.0000098471071659E+00   1.0000098471071803E+00   1.0000098471071961E+00   1.0000098471072116E+00   1.0000098471072254E+00   1.0000098471072378E+00   1.0000098471072478E+00   1.0000098471072532E+00   1.0000098471072563E+00   1.0000098471072536E+00   1.0000098471072434E+00
 1.0000098471072267E+00   1.0000098471072014E+00   1.0000098471071674E+00   1.0000098471071284E+00   1.0000098471070811E+00   1.0000098471070316E+00   1.0000098471069834E+00   1.0000098471069454E+00   1.0000098471069274E+00   1.0000098471069467E+00   1.0000098471070185E+00
 1.0000098471071652E+00   1.0000098471074101E+00   1.0000098471077787E+00   1.0000098471082903E+00   1.0000098471095116E+00
 1.0000000000000000E+00   1.0000000000000000E+00   1.0000000000000000E+00   1.0000000000000000E+00   1.0000000000000000E+00   1.0000000000000000E+00   1.0000000000000000E+00   1.0000000000000000E+00   1.0000000000000000E+00   1.0000000000000000E+00   1.0000000000000000E+00
 1.0000000000000000E+00   1.0000000000000000E+00   1.0000000000000000E+00   1.0000000000000000E+00   1.0000000000000000E+00   1.0000000000000000E+00   1.0000000000000000E+00   1.0000000000000000E+00   1.0000000000000000E+00   1.0000000000000000E+00   1.0000000000000000E+00
 1.0000000000000000E+00   1.0000000000000000E+00   1.0000000000000000E+00   1.0000000000000000E+00   1.0000000000000000E+00   1.0000000000000000E+00   1.0000000000000000E+00   1.0000000000000000E+00   1.0000000000000000E+00   1.0000000000000000E+00   1.0000000000000000E+00
 1.0000000000000000E+00   1.0000000000000000E+00   1.0000000000000000E+00   1.0000000000000000E+00   1.0000000000000000E+00   1.0000000000000000E+00   1.0000000000000000E+00   1.0000000000000000E+00   1.0000000000000000E+00   1.0000000000000000E+00   1.0000000000000000E+00
 1.0000000000000000E+00   1.0000000000000000E+00   1.0000000000000000E+00   1.0000000000000000E+00   1.0000000000000000E+00   1.0000000000000000E+00   1.0000000000000000E+00   1.0000000000000000E+00   1.0000000000000000E+00   1.0000000000000000E+00   1.0000000000000000E+00
 1.0000000000000000E+00   1.0000000000000000E+00   1.0000000000000000E+00   1.0000000000000000E+00   1.0000000000000000E+00   1.0000000000000000E+00   1.0000000000000000E+00   1.0000000000000000E+00   1.0000000000000000E+00   1.0000000000000000E+00   1.0000000000000000E+00
 1.0000000000000000E+00   1.0000000000000000E+00   1.0000000000000000E+00   1.0000000000000000E+00   1.0000000000000000E+00   1.0000000000000000E+00   1.0000000000000000E+00   1.0000000000000000E+00   1.0000000000000000E+00   1.0000000000000000E+00   1.0000000000000000E+00
 1.0000000000000000E+00   1.0000000000000000E+00   1.0000000000000000E+00   1.0000000000000000E+00   1.0000000000000000E+00   1.0000000000000000E+00   1.0000000000000000E+00   1.0000000000000000E+00   1.0000000000000000E+00   1.0000000000000000E+00   1.0000000000000000E+00
 1.0000000000000000E+00   1.0000000000000000E+00   1.0000000000000000E+00   1.0000000000000000E+00   1.0000000000000000E+00   1.0000000000000000E+00   1.0000000000000000E+00   1.0000000000000000E+00   1.0000000000000000E+00   1.0000000000000000E+00   1.0000000000000000E+00
 1.0000000000000000E+00   1.0000000000000000E+00   1.0000000000000000E+00   1.0000000000000000E+00   1.0000000000000000E+00   1.0000000000000000E+00   1.0000000000000000E+00   1.0000000000000000E+00   1.0000000000000000E+00   1.0000000000000000E+00   1.0000000000000000E+00
 1.0000000000000000E+00   1.0000000000000000E+00   1.0000000000000000E+00   1.0000000000000000E+00   1.0000000000000000E+00   1.0000000000000000E+00   1.0000000000000000E+00   1.0000000000000000E+00   1.0000000000000000E+00   1.0000000000000000E+00   1.0000000000000000E+00
 1.0000000000000000E+00   1.0000000000000000E+00   1.0000000000000000E+00   1.0000000000000000E+00   1.0000000000000000E+00   1.0000000000000000E+00   1.0000000000000000E+00   1.0000000000000000E+00   1.0000000000000000E+00   1.0000000000000000E+00   1.0000000000000000E+00
 1.0000000000000000E+00   1.0000000000000000E+00   1.0000000000000000E+00   1.0000000000000000E+00   1.0000000000000000E+00   1.0000000000000000E+00   1.0000000000000000E+00   1.0000000000000000E+00   1.0000000000000000E+00   1.0000000000000000E+00   1.0000000000000000E+00
 1.0000000000000000E+00   1.0000000000000000E+00   1.0000000000000000E+00   1.0000000000000000E+00   1.0000000000000000E+00   1.0000000000000000E+00   1.0000000000000000E+00   1.0000000000000000E+00   1.0000000000000000E+00   1.0000000000000000E+00   1.0000000000000000E+00
 1.0000000000000000E+00   1.0000000000000000E+00   1.0000000000000000E+00   1.0000000000000000E+00   1.0000000000000000E+00   1.0000000000000000E+00   1.0000000000000000E+00   1.0000000000000000E+00   1.0000000000000000E+00   1.0000000000000000E+00   1.0000000000000000E+00
 1.0000000000000000E+00   1.0000000000000000E+00   1.0000000000000000E+00   1.0000000000000000E+00   1.0000000000000000E+00   1.0000000000000000E+00   1.0000000000000000E+00   1.0000000000000000E+00   1.0000000000000000E+00   1.0000000000000000E+00   1.0000000000000000E+00
 1.0000000000000000E+00   1.0000000000000000E+00   1.0000000000000000E+00   1.0000000000000000E+00   1.0000000000000000E+00   1.0000000000000000E+00   1.0000000000000000E+00   1.0000000000000000E+00   1.0000000000000000E+00   1.0000000000000000E+00   1.0000000000000000E+00
 1.0000000000000000E+00   1.0000000000000000E+00   1.0000000000000000E+00   1.0000000000000000E+00   1.0000000000000000E+00   1.0000000000000000E+00   1.0000000000000000E+00   1.0000000000000000E+00   1.0000000000000000E+00   1.0000000000000000E+00   1.0000000000000000E+00
 1.0000000000000000E+00   1.0000000000000000E+00   1.0000000000000000E+00   1.0000000000000000E+00   1.0000000000000000E+00   1.0000000000000000E+00   1.0000000000000000E+00   1.0000000000000000E+00   1.0000000000000000E+00   1.0000000000000000E+00   1.0000000000000000E+00
 1.0000000000000000E+00   1.0000000000000000E+00   1.0000000000000000E+00   1.0000000000000000E+00   1.0000000000000000E+00   1.0000000000000000E+00   1.0000000000000000E+00   1.0000000000000000E+00   1.0000000000000000E+00   1.0000000000000000E+00   1.0000000000000000E+00
 1.0000000000000000E+00   1.0000000000000000E+00   1.0000000000000000E+00   1.0000000000000000E+00   1.0000000000000000E+00   1.0000000000000000E+00   1.0000000000000000E+00   1.0000000000000000E+00   1.0000000000000000E+00   1.0000000000000000E+00   1.0000000000000000E+00
 1.0000000000000000E+00   1.0000000000000000E+00   1.0000000000000000E+00   1.0000000000000000E+00   1.0000000000000000E+00   1.0000000000000000E+00   1.0000000000000000E+00   1.0000000000000000E+00   1.0000000000000000E+00   1.0000000000000000E+00   1.0000000000000000E+00
 1.0000000000000000E+00   1.0000000000000000E+00   1.0000000000000000E+00   1.0000000000000000E+00   1.0000000000000000E+00   1.0000000000000000E+00   1.0000000000000000E+00   1.0000000000000000E+00   1.0000000000000000E+00   1.0000000000000000E+00   1.0000000000000000E+00
 1.0000000000000000E+00   1.0000000000000000E+00   1.0000000000000000E+00   1.0000000000000000E+00   1.0000000000000000E+00   1.0000000000000000E+00   1.0000000000000000E+00   1.0000000000000000E+00   1.0000000000000000E+00   1.0000000000000000E+00   1.0000000000000000E+00
 1.0000000000000000E+00   1.0000000000000000E+00   1.0000000000000000E+00   1.0000000000000000E+00   1.0000000000000000E+00   1.0000000000000000E+00   1.0000000000000000E+00   1.0000000000000000E+00   1.0000000000000000E+00   1.0000000000000000E+00   1.0000000000000000E+00
 1.0000000000000000E+00   1.0000000000000000E+00   1.0000000000000000E+00   1.0000000000000000E+00   1.0000000000000000E+00   1.0000000000000000E+00   1.0000000000000000E+00   1.0000000000000000E+00   1.0000000000000000E+00   1.0000000000000000E+00   1.0000000000000000E+00
 1.0000000000000000E+00   1.0000000000000000E+00   1.0000000000000000E+00   1.0000000000000000E+00   1.0000000000000000E+00   1.0000000000000000E+00   1.0000000000000000E+00   1.0000000000000000E+00   1.0000000000000000E+00   1.0000000000000000E+00   1.0000000000000000E+00
 1.0000000000000000E+00   1.0000000000000000E+00   1.0000000000000000E+00   1.0000000000000000E+00   1.0000000000000000E+00   1.0000000000000000E+00   1.0000000000000000E+00   1.0000000000000000E+00   1.0000000000000000E+00   1.0000000000000000E+00   1.0000000000000000E+00
 1.0000000000000000E+00   1.0000000000000000E+00   1.0000000000000000E+00   1.0000000000000000E+00   1.0000000000000000E+00   1.0000000000000000E+00   1.0000000000000000E+00   1.0000000000000000E+00   1.0000000000000000E+00   1.0000000000000000E+00   1.0000000000000000E+00
 1.0000000000000000E+00   1.0000000000000000E+00   1.0000000000000000E+00   1.0000000000000000E+00   1.0000000000000000E+00   1.0000000000000000E+00   1.0000000000000000E+00   1.0000000000000000E+00   1.0000000000000000E+00   1.0000000000000000E+00   1.0000000000000000E+00
 1.0000000000000000E+00   1.0000000000000000E+00   1.0000000000000000E+00   1.0000000000000000E+00   1.0000000000000000E+00   1.0000000000000000E+00   1.0000000000000000E+00   1.0000000000000000E+00   1.0000000000000000E+00   1.0000000000000000E+00   1.0000000000000000E+00
 1.0000000000000000E+00   1.0000000000000000E+00   1.0000000000000000E+00   1.0000000000000000E+00   1.0000000000000000E+00   1.0000000000000000E+00   1.0000000000000000E+00   1.0000000000000000E+00   1.0000000000000000E+00   1.0000000000000000E+00   1.0000000000000000E+00
 1.0000000000000000E+00   1.0000000000000000E+00   1.0000000000000000E+00   1.0000000000000000E+00   1.0000000000000000E+00   1.0000000000000000E+00   1.0000000000000000E+00   1.0000000000000000E+00   1.0000000000000000E+00   1.0000000000000000E+00   1.0000000000000000E+00
 1.0000000000000000E+00   1.0000000000000000E+00   1.0000000000000000E+00   1.0000000000000000E+00   1.0000000000000000E+00   1.0000000000000000E+00   1.0000000000000000E+00   1.0000000000000000E+00   1.0000000000000000E+00   1.0000000000000000E+00   1.0000000000000000E+00
 1.0000000000000000E+00   1.0000000000000000E+00   1.0000000000000000E+00   1.0000000000000000E+00   1.0000000000000000E+00   1.0000000000000000E+00   1.0000000000000000E+00   1.0000000000000000E+00   1.0000000000000000E+00   1.0000000000000000E+00   1.0000000000000000E+00
 1.0000000000000000E+00   1.0000000000000000E+00   1.0000000000000000E+00   1.0000000000000000E+00   1.0000000000000000E+00   1.0000000000000000E+00   1.0000000000000000E+00   1.0000000000000000E+00   1.0000000000000000E+00   1.0000000000000000E+00   1.0000000000000000E+00
 1.0000000000000000E+00   1.0000000000000000E+00   1.0000000000000000E+00   1.0000000000000000E+00   1.0000000000000000E+00   1.0000000000000000E+00   1.0000000000000000E+00   1.0000000000000000E+00   1.0000000000000000E+00   1.0000000000000000E+00   1.0000000000000000E+00
 1.0000000000000000E+00   1.0000000000000000E+00   1.0000000000000000E+00   1.0000000000000000E+00   1.0000000000000000E+00   1.0000000000000000E+00   1.0000000000000000E+00   1.0000000000000000E+00   1.0000000000000000E+00   1.0000000000000000E+00   1.0000000000000000E+00
 1.0000000000000000E+00   1.0000000000000000E+00   1.0000000000000000E+00   1.0000000000000000E+00   1.0000000000000000E+00   1.0000000000000000E+00   1.0000000000000000E+00   1.0000000000000000E+00   1.0000000000000000E+00   1.0000000000000000E+00   1.0000000000000000E+00
 1.0000000000000000E+00   1.0000000000000000E+00   1.0000000000000000E+00   1.0000000000000000E+00   1.0000000000000000E+00   1.0000000000000000E+00   1.0000000000000000E+00   1.0000000000000000E+00   1.0000000000000000E+00   1.0000000000000000E+00   1.0000000000000000E+00
 1.0000000000000000E+00   1.0000000000000000E+00   1.0000000000000000E+00   1.0000000000000000E+00   1.0000000000000000E+00   1.0000000000000000E+00   1.0000000000000000E+00   1.0000000000000000E+00   1.0000000000000000E+00   1.0000000000000000E+00   1.0000000000000000E+00
 1.0000000000000000E+00   1.0000000000000000E+00   1.0000000000000000E+00   1.0000000000000000E+00   1.0000000000000000E+00   1.0000000000000000E+00   1.0000000000000000E+00   1.0000000000000000E+00   1.0000000000000000E+00   1.0000000000000000E+00   1.0000000000000000E+00
 1.0000000000000000E+00   1.0000000000000000E+00   1.0000000000000000E+00   1.0000000000000000E+00   1.0000000000000000E+00   1.0000000000000000E+00   1.0000000000000000E+00   1.0000000000000000E+00   1.0000000000000000E+00   1.0000000000000000E+00   1.0000000000000000E+00
 1.0000000000000000E+00   1.0000000000000000E+00   1.0000000000000000E+00   1.0000000000000000E+00   1.0000000000000000E+00   1.0000000000000000E+00   1.0000000000000000E+00   1.0000000000000000E+00   1.0000000000000000E+00   1.0000000000000000E+00   1.0000000000000000E+00
 1.0000000000000000E+00   1.0000000000000000E+00   1.0000000000000000E+00   1.0000000000000000E+00   1.0000000000000000E+00   1.0000000000000000E+00   1.0000000000000000E+00   1.0000000000000000E+00   1.0000000000000000E+00   1.0000000000000000E+00   1.0000000000000000E+00
 1.0000000000000000E+00   1.0000000000000000E+00   1.0000000000000000E+00   1.0000000000000000E+00   1.0000000000000000E+00   1.0000000000000000E+00   1.0000000000000000E+00   1.0000000000000000E+00   1.0000000000000000E+00   1.0000000000000000E+00   1.0000000000000000E+00
 1.0000000000000000E+00   1.0000000000000000E+00   1.0000000000000000E+00   1.0000000000000000E+00   1.0000000000000000E+00   1.0000000000000000E+00   1.0000000000000000E+00   1.0000000000000000E+00   1.0000000000000000E+00   1.0000000000000000E+00   1.0000000000000000E+00
 1.0000000000000000E+00   1.0000000000000000E+00   1.0000000000000000E+00   1.0000000000000000E+00   1.0000000000000000E+00   1.0000000000000000E+00   1.0000000000000000E+00   1.0000000000000000E+00   1.0000000000000000E+00   1.0000000000000000E+00   1.0000000000000000E+00
 1.0000000000000000E+00   1.0000000000000000E+00   1.0000000000000000E+00   1.0000000000000000E+00   1.0000000000000000E+00   1.0000000000000000E+00   1.0000000000000000E+00   1.0000000000000000E+00   1.0000000000000000E+00   1.0000000000000000E+00   1.0000000000000000E+00
 1.0000000000000000E+00   1.0000000000000000E+00   1.0000000000000000E+00   1.0000000000000000E+00   1.0000000000000000E+00   1.0000000000000000E+00   1.0000000000000000E+00   1.0000000000000000E+00   1.0000000000000000E+00   1.0000000000000000E+00   1.0000000000000000E+00
 1.0000000000000000E+00   1.0000000000000000E+00   1.0000000000000000E+00   1.0000000000000000E+00   1.0000000000000000E+00   1.0000000000000000E+00   1.0000000000000000E+00   1.0000000000000000E+00   1.0000000000000000E+00   1.0000000000000000E+00   1.0000000000000000E+00
 1.0000000000000000E+00   1.0000000000000000E+00   1.0000000000000000E+00   1.0000000000000000E+00   1.0000000000000000E+00   1.0000000000000000E+00   1.0000000000000000E+00   1.0000000000000000E+00   1.0000000000000000E+00   1.0000000000000000E+00   1.0000000000000000E+00
 1.0000000000000000E+00   1.0000000000000000E+00   1.0000000000000000E+00   1.0000000000000000E+00   1.0000000000000000E+00   1.0000000000000000E+00   1.0000000000000000E+00   1.0000000000000000E+00   1.0000000000000000E+00   1.0000000000000000E+00   1.0000000000000000E+00
 1.0000000000000000E+00   1.0000000000000000E+00   1.0000000000000000E+00   1.0000000000000000E+00   1.0000000000000000E+00   1.0000000000000000E+00   1.0000000000000000E+00   1.0000000000000000E+00   1.0000000000000000E+00   1.0000000000000000E+00   1.0000000000000000E+00
 1.0000000000000000E+00   1.0000000000000000E+00   1.0000000000000000E+00   1.0000000000000000E+00   1.0000000000000000E+00   1.0000000000000000E+00   1.0000000000000000E+00   1.0000000000000000E+00   1.0000000000000000E+00   1.0000000000000000E+00   1.0000000000000000E+00
 1.0000000000000000E+00   1.0000000000000000E+00   1.0000000000000000E+00   1.0000000000000000E+00   1.0000000000000000E+00   1.0000000000000000E+00   1.0000000000000000E+00   1.0000000000000000E+00   1.0000000000000000E+00   1.0000000000000000E+00   1.0000000000000000E+00
 1.0000000000000000E+00   1.0000000000000000E+00   1.0000000000000000E+00   1.0000000000000000E+00   1.0000000000000000E+00   1.0000000000000000E+00   1.0000000000000000E+00   1.0000000000000000E+00   1.0000000000000000E+00   1.0000000000000000E+00   1.0000000000000000E+00
 1.0000000000000000E+00   1.0000000000000000E+00   1.0000000000000000E+00   1.0000000000000000E+00   1.0000000000000000E+00   1.0000000000000000E+00   1.0000000000000000E+00   1.0000000000000000E+00   1.0000000000000000E+00   1.0000000000000000E+00   1.0000000000000000E+00
 1.0000000000000000E+00   1.0000000000000000E+00   1.0000000000000000E+00   1.0000000000000000E+00   1.0000000000000000E+00   1.0000000000000000E+00   1.0000000000000000E+00   1.0000000000000000E+00   1.0000000000000000E+00   1.0000000000000000E+00   1.0000000000000000E+00
 1.0000000000000000E+00   1.0000000000000000E+00   1.0000000000000000E+00   1.0000000000000000E+00   1.0000000000000000E+00   1.0000000000000000E+00   1.0000000000000000E+00   1.0000000000000000E+00   1.0000000000000000E+00   1.0000000000000000E+00   1.0000000000000000E+00
 1.0000000000000000E+00   1.0000000000000000E+00   1.0000000000000000E+00   1.0000000000000000E+00   1.0000000000000000E+00   1.0000000000000000E+00   1.0000000000000000E+00   1.0000000000000000E+00   1.0000000000000000E+00   1.0000000000000000E+00   1.0000000000000000E+00
 1.0000000000000000E+00   1.0000000000000000E+00   1.0000000000000000E+00   1.0000000000000000E+00   1.0000000000000000E+00   1.0000000000000000E+00   1.0000000000000000E+00   1.0000000000000000E+00   1.0000000000000000E+00   1.0000000000000000E+00   1.0000000000000000E+00
 1.0000000000000000E+00   1.0000000000000000E+00   1.0000000000000000E+00   1.0000000000000000E+00   1.0000000000000000E+00   1.0000000000000000E+00   1.0000000000000000E+00   1.0000000000000000E+00   1.0000000000000000E+00   1.0000000000000000E+00   1.0000000000000000E+00
 1.0000000000000000E+00   1.0000000000000000E+00   1.0000000000000000E+00   1.0000000000000000E+00   1.0000000000000000E+00   1.0000000000000000E+00   1.0000000000000000E+00   1.0000000000000000E+00   1.0000000000000000E+00   1.0000000000000000E+00   1.0000000000000000E+00
 1.0000000000000000E+00   1.0000000000000000E+00   1.0000000000000000E+00   1.0000000000000000E+00   1.0000000000000000E+00   1.0000000000000000E+00   1.0000000000000000E+00   1.0000000000000000E+00   1.0000000000000000E+00   1.0000000000000000E+00   1.0000000000000000E+00
 1.0000000000000000E+00   1.0000000000000000E+00   1.0000000000000000E+00   1.0000000000000000E+00   1.0000000000000000E+00   1.0000000000000000E+00   1.0000000000000000E+00   1.0000000000000000E+00   1.0000000000000000E+00   1.0000000000000000E+00   1.0000000000000000E+00
 1.0000000000000000E+00   1.0000000000000000E+00   1.0000000000000000E+00   1.0000000000000000E+00   1.0000000000000000E+00   1.0000000000000000E+00   1.0000000000000000E+00   1.0000000000000000E+00   1.0000000000000000E+00   1.0000000000000000E+00   1.0000000000000000E+00
 1.0000000000000000E+00   1.0000000000000000E+00   1.0000000000000000E+00   1.0000000000000000E+00   1.0000000000000000E+00   1.0000000000000000E+00   1.0000000000000000E+00   1.0000000000000000E+00   1.0000000000000000E+00   1.0000000000000000E+00   1.0000000000000000E+00
 1.0000000000000000E+00   1.0000000000000000E+00   1.0000000000000000E+00   1.0000000000000000E+00   1.0000000000000000E+00   1.0000000000000000E+00   1.0000000000000000E+00   1.0000000000000000E+00   1.0000000000000000E+00   1.0000000000000000E+00   1.0000000000000000E+00
 1.0000000000000000E+00   1.0000000000000000E+00   1.0000000000000000E+00   1.0000000000000000E+00   1.0000000000000000E+00   1.0000000000000000E+00   1.0000000000000000E+00   1.0000000000000000E+00   1.0000000000000000E+00   1.0000000000000000E+00   1.0000000000000000E+00
 1.0000000000000000E+00   1.0000000000000000E+00   1.0000000000000000E+00   1.0000000000000000E+00   1.0000000000000000E+00   1.0000000000000000E+00   1.0000000000000000E+00   1.0000000000000000E+00   1.0000000000000000E+00   1.0000000000000000E+00   1.0000000000000000E+00
 1.0000000000000000E+00   1.0000000000000000E+00   1.0000000000000000E+00   1.0000000000000000E+00   1.0000000000000000E+00   1.0000000000000000E+00   1.0000000000000000E+00   1.0000000000000000E+00   1.0000000000000000E+00   1.0000000000000000E+00   1.0000000000000000E+00
 1.0000000000000000E+00   1.0000000000000000E+00   1.0000000000000000E+00   1.0000000000000000E+00   1.0000000000000000E+00   1.0000000000000000E+00   1.0000000000000000E+00   1.0000000000000000E+00   1.0000000000000000E+00   1.0000000000000000E+00   1.0000000000000000E+00
 1.0000000000000000E+00   1.0000000000000000E+00   1.0000000000000000E+00   1.0000000000000000E+00   1.0000000000000000E+00   1.0000000000000000E+00   1.0000000000000000E+00   1.0000000000000000E+00   1.0000000000000000E+00   1.0000000000000000E+00   1.0000000000000000E+00
 1.0000000000000000E+00   1.0000000000000000E+00   1.0000000000000000E+00   1.0000000000000000E+00   1.0000000000000000E+00   1.0000000000000000E+00   1.0000000000000000E+00   1.0000000000000000E+00   1.0000000000000000E+00   1.0000000000000000E+00   1.0000000000000000E+00
 1.0000000000000000E+00   1.0000000000000000E+00   1.0000000000000000E+00   1.0000000000000000E+00   1.0000000000000000E+00   1.0000000000000000E+00   1.0000000000000000E+00   1.0000000000000000E+00   1.0000000000000000E+00   1.0000000000000000E+00   1.0000000000000000E+00
 1.0000000000000000E+00   1.0000000000000000E+00   1.0000000000000000E+00   1.0000000000000000E+00   1.0000000000000000E+00   1.0000000000000000E+00   1.0000000000000000E+00   1.0000000000000000E+00   1.0000000000000000E+00   1.0000000000000000E+00   1.0000000000000000E+00
 1.0000000000000000E+00   1.0000000000000000E+00   1.0000000000000000E+00   1.0000000000000000E+00   1.0000000000000000E+00   1.0000000000000000E+00   1.0000000000000000E+00   1.0000000000000000E+00   1.0000000000000000E+00   1.0000000000000000E+00   1.0000000000000000E+00
 1.0000000000000000E+00   1.0000000000000000E+00   1.0000000000000000E+00   1.0000000000000000E+00   1.0000000000000000E+00   1.0000000000000000E+00   1.0000000000000000E+00   1.0000000000000000E+00   1.0000000000000000E+00   1.0000000000000000E+00   1.0000000000000000E+00
 1.0000000000000000E+00   1.0000000000000000E+00   1.0000000000000000E+00   1.0000000000000000E+00   1.0000000000000000E+00   1.0000000000000000E+00   1.0000000000000000E+00   1.0000000000000000E+00   1.0000000000000000E+00   1.0000000000000000E+00   1.0000000000000000E+00
 1.0000000000000000E+00   1.0000000000000000E+00   1.0000000000000000E+00   1.0000000000000000E+00   1.0000000000000000E+00   1.0000000000000000E+00   1.0000000000000000E+00   1.0000000000000000E+00   1.0000000000000000E+00   1.0000000000000000E+00   1.0000000000000000E+00
 1.0000000000000000E+00   1.0000000000000000E+00   1.0000000000000000E+00   1.0000000000000000E+00   1.0000000000000000E+00   1.0000000000000000E+00   1.0000000000000000E+00   1.0000000000000000E+00   1.0000000000000000E+00   1.0000000000000000E+00   1.0000000000000000E+00
 1.0000000000000000E+00   1.0000000000000000E+00   1.0000000000000000E+00   1.0000000000000000E+00   1.0000000000000000E+00   1.0000000000000000E+00   1.0000000000000000E+00   1.0000000000000000E+00   1.0000000000000000E+00   1.0000000000000000E+00   1.0000000000000000E+00
 1.0000000000000000E+00   1.0000000000000000E+00   1.0000000000000000E+00   1.0000000000000000E+00   1.0000000000000000E+00   1.0000000000000000E+00   1.0000000000000000E+00   1.0000000000000000E+00   1.0000000000000000E+00   1.0000000000000000E+00   1.0000000000000000E+00
 1.0000000000000000E+00   1.0000000000000000E+00   1.0000000000000000E+00   1.0000000000000000E+00   1.0000000000000000E+00   1.0000000000000000E+00   1.0000000000000000E+00   1.0000000000000000E+00   1.0000000000000000E+00   1.0000000000000000E+00   1.0000000000000000E+00
 1.0000000000000000E+00   1.0000000000000000E+00   1.0000000000000000E+00   1.0000000000000000E+00   1.0000000000000000E+00   1.0000000000000000E+00   1.0000000000000000E+00   1.0000000000000000E+00   1.0000000000000000E+00   1.0000000000000000E+00   1.0000000000000000E+00
 1.0000000000000000E+00   1.0000000000000000E+00   1.0000000000000000E+00   1.0000000000000000E+00   1.0000000000000000E+00   1.0000000000000000E+00   1.0000000000000000E+00   1.0000000000000000E+00   1.0000000000000000E+00   1.0000000000000000E+00   1.0000000000000000E+00
 1.0000000000000000E+00   1.0000000000000000E+00   1.0000000000000000E+00   1.0000000000000000E+00   1.0000000000000000E+00   1.0000000000000000E+00   1.0000000000000000E+00   1.0000000000000000E+00   1.0000000000000000E+00   1.0000000000000000E+00   1.0000000000000000E+00
 1.0000000000000000E+00   1.0000000000000000E+00   1.0000000000000000E+00   1.0000000000000000E+00   1.0000000000000000E+00   1.0000000000000000E+00   1.0000000000000000E+00   1.0000000000000000E+00   1.0000000000000000E+00   1.0000000000000000E+00   1.0000000000000000E+00
 1.0000000000000000E+00   1.0000000000000000E+00   1.0000000000000000E+00   1.0000000000000000E+00   1.0000000000000000E+00   1.0000000000000000E+00   1.0000000000000000E+00   1.0000000000000000E+00   1.0000000000000000E+00   1.0000000000000000E+00   1.0000000000000000E+00
 1.0000000000000000E+00   1.0000000000000000E+00   1.0000000000000000E+00   1.0000000000000000E+00   1.0000000000000000E+00   1.0000000000000000E+00   1.0000000000000000E+00   1.0000000000000000E+00   1.0000000000000000E+00   1.0000000000000000E+00   1.0000000000000000E+00
 1.0000000000000000E+00   1.0000000000000000E+00   1.0000000000000000E+00   1.0000000000000000E+00   1.0000000000000000E+00   1.0000000000000000E+00   1.0000000000000000E+00   1.0000000000000000E+00   1.0000000000000000E+00   1.0000000000000000E+00   1.0000000000000000E+00
 1.0000000000000000E+00   1.0000000000000000E+00   1.0000000000000000E+00   1.0000000000000000E+00   1.0000000000000000E+00   1.0000000000000000E+00   1.0000000000000000E+00   1.0000000000000000E+00   1.0000000000000000E+00   1.0000000000000000E+00   1.0000000000000000E+00
 1.0000000000000000E+00   1.0000000000000000E+00   1.0000000000000000E+00   1.0000000000000000E+00   1.0000000000000000E+00   1.0000000000000000E+00   1.0000000000000000E+00   1.0000000000000000E+00   1.0000000000000000E+00   1.0000000000000000E+00   1.0000000000000000E+00
 1.0000000000000000E+00   1.0000000000000000E+00   1.0000000000000000E+00   1.0000000000000000E+00   1.0000000000000000E+00   1.0000000000000000E+00   1.0000000000000000E+00   1.0000000000000000E+00   1.0000000000000000E+00   1.0000000000000000E+00   1.0000000000000000E+00
 1.0000000000000000E+00   1.0000000000000000E+00   1.0000000000000000E+00   1.0000000000000000E+00   1.0000000000000000E+00   1.0000000000000000E+00   1.0000000000000000E+00   1.0000000000000000E+00   1.0000000000000000E+00   1.0000000000000000E+00   1.0000000000000000E+00
 1.0000000000000000E+00   1.0000000000000000E+00   1.0000000000000000E+00   1.0000000000000000E+00   1.0000000000000000E+00   1.0000000000000000E+00   1.0000000000000000E+00   1.0000000000000000E+00   1.0000000000000000E+00   1.0000000000000000E+00   1.0000000000000000E+00
 1.0000000000000000E+00   1.0000000000000000E+00   1.0000000000000000E+00   1.0000000000000000E+00   1.0000000000000000E+00   1.0000000000000000E+00   1.0000000000000000E+00   1.0000000000000000E+00   1.0000000000000000E+00   1.0000000000000000E+00   1.0000000000000000E+00
 1.0000000000000000E+00   1.0000000000000000E+00   1.0000000000000000E+00   1.0000000000000000E+00   1.0000000000000000E+00   1.0000000000000000E+00   1.0000000000000000E+00   1.0000000000000000E+00   1.0000000000000000E+00   1.0000000000000000E+00   1.0000000000000000E+00
 1.0000000000000000E+00   1.0000000000000000E+00   1.0000000000000000E+00   1.0000000000000000E+00   1.0000000000000000E+00   1.0000000000000000E+00   1.0000000000000000E+00   1.0000000000000000E+00   1.0000000000000000E+00   1.0000000000000000E+00   1.0000000000000000E+00
 1.0000000000000000E+00   1.0000000000000000E+00   1.0000000000000000E+00   1.0000000000000000E+00   1.0000000000000000E+00   1.0000000000000000E+00   1.0000000000000000E+00   1.0000000000000000E+00   1.0000000000000000E+00   1.0000000000000000E+00   1.0000000000000000E+00
 1.0000000000000000E+00   1.0000000000000000E+00   1.0000000000000000E+00   1.0000000000000000E+00   1.0000000000000000E+00   1.0000000000000000E+00   1.0000000000000000E+00   1.0000000000000000E+00   1.0000000000000000E+00   1.0000000000000000E+00   1.0000000000000000E+00
 1.0000000000000000E+00   1.0000000000000000E+00   1.0000000000000000E+00   1.0000000000000000E+00   1.0000000000000000E+00   1.0000000000000000E+00   1.0000000000000000E+00   1.0000000000000000E+00   1.0000000000000000E+00   1.0000000000000000E+00   1.0000000000000000E+00
 1.0000000000000000E+00   1.0000000000000000E+00   1.0000000000000000E+00   1.0000000000000000E+00   1.0000000000000000E+00   1.0000000000000000E+00   1.0000000000000000E+00   1.0000000000000000E+00   1.0000000000000000E+00   1.0000000000000000E+00   1.0000000000000000E+00
 1.0000000000000000E+00   1.0000000000000000E+00   1.0000000000000000E+00   1.0000000000000000E+00   1.0000000000000000E+00   1.0000000000000000E+00   1.0000000000000000E+00   1.0000000000000000E+00   1.0000000000000000E+00   1.0000000000000000E+00   1.0000000000000000E+00
 1.0000000000000000E+00   1.0000000000000000E+00   1.0000000000000000E+00   1.0000000000000000E+00   1.0000000000000000E+00   1.0000000000000000E+00   1.0000000000000000E+00   1.0000000000000000E+00   1.0000000000000000E+00   1.0000000000000000E+00   1.0000000000000000E+00
 1.0000000000000000E+00   1.0000000000000000E+00   1.0000000000000000E+00   1.0000000000000000E+00   1.0000000000000000E+00   1.0000000000000000E+00   1.0000000000000000E+00   1.0000000000000000E+00   1.0000000000000000E+00   1.0000000000000000E+00   1.0000000000000000E+00
 1.0000000000000000E+00   1.0000000000000000E+00   1.0000000000000000E+00   1.0000000000000000E+00   1.0000000000000000E+00   1.0000000000000000E+00   1.0000000000000000E+00   1.0000000000000000E+00   1.0000000000000000E+00   1.0000000000000000E+00   1.0000000000000000E+00
 1.0000000000000000E+00   1.0000000000000000E+00   1.0000000000000000E+00   1.0000000000000000E+00   1.0000000000000000E+00   1.0000000000000000E+00   1.0000000000000000E+00   1.0000000000000000E+00   1.0000000000000000E+00   1.0000000000000000E+00   1.0000000000000000E+00
 1.0000000000000000E+00   1.0000000000000000E+00   1.0000000000000000E+00   1.0000000000000000E+00   1.0000000000000000E+00   1.0000000000000000E+00   1.0000000000000000E+00   1.0000000000000000E+00   1.0000000000000000E+00   1.0000000000000000E+00   1.0000000000000000E+00
 1.0000000000000000E+00   1.0000000000000000E+00   1.0000000000000000E+00   1.0000000000000000E+00   1.0000000000000000E+00   1.0000000000000000E+00   1.0000000000000000E+00   1.0000000000000000E+00   1.0000000000000000E+00   1.0000000000000000E+00   1.0000000000000000E+00
 1.0000000000000000E+00   1.0000000000000000E+00   1.0000000000000000E+00   1.0000000000000000E+00   1.0000000000000000E+00   1.0000000000000000E+00   1.0000000000000000E+00   1.0000000000000000E+00   1.0000000000000000E+00   1.0000000000000000E+00   1.0000000000000000E+00
 1.0000000000000000E+00   1.0000000000000000E+00   1.0000000000000000E+00   1.0000000000000000E+00   1.0000000000000000E+00   1.0000000000000000E+00   1.0000000000000000E+00   1.0000000000000000E+00   1.0000000000000000E+00   1.0000000000000000E+00   1.0000000000000000E+00
 1.0000000000000000E+00   1.0000000000000000E+00   1.0000000000000000E+00   1.0000000000000000E+00   1.0000000000000000E+00   1.0000000000000000E+00   1.0000000000000000E+00   1.0000000000000000E+00   1.0000000000000000E+00   1.0000000000000000E+00   1.0000000000000000E+00
 1.0000000000000000E+00   1.0000000000000000E+00   1.0000000000000000E+00   1.0000000000000000E+00   1.0000000000000000E+00   1.0000000000000000E+00   1.0000000000000000E+00   1.0000000000000000E+00   1.0000000000000000E+00   1.0000000000000000E+00   1.0000000000000000E+00
 1.0000000000000000E+00   1.0000000000000000E+00   1.0000000000000000E+00   1.0000000000000000E+00   1.0000000000000000E+00   1.0000000000000000E+00   1.0000000000000000E+00   1.0000000000000000E+00   1.0000000000000000E+00   1.0000000000000000E+00   1.0000000000000000E+00
 1.0000000000000000E+00   1.0000000000000000E+00   1.0000000000000000E+00   1.0000000000000000E+00   1.0000000000000000E+00   1.0000000000000000E+00   1.0000000000000000E+00   1.0000000000000000E+00   1.0000000000000000E+00   1.0000000000000000E+00   1.0000000000000000E+00
 1.0000000000000000E+00   1.0000000000000000E+00   1.0000000000000000E+00   1.0000000000000000E+00   1.0000000000000000E+00   1.0000000000000000E+00   1.0000000000000000E+00   1.0000000000000000E+00   1.0000000000000000E+00   1.0000000000000000E+00   1.0000000000000000E+00
 1.0000000000000000E+00   1.0000000000000000E+00   1.0000000000000000E+00   1.0000000000000000E+00   1.0000000000000000E+00   1.0000000000000000E+00   1.0000000000000000E+00   1.0000000000000000E+00   1.0000000000000000E+00   1.0000000000000000E+00   1.0000000000000000E+00
 1.0000000000000000E+00   1.0000000000000000E+00   1.0000000000000000E+00   1.0000000000000000E+00   1.0000000000000000E+00   1.0000000000000000E+00   1.0000000000000000E+00   1.0000000000000000E+00   1.0000000000000000E+00   1.0000000000000000E+00   1.0000000000000000E+00
 1.0000000000000000E+00   1.0000000000000000E+00   1.0000000000000000E+00   1.0000000000000000E+00   1.0000000000000000E+00   1.0000000000000000E+00   1.0000000000000000E+00   1.0000000000000000E+00   1.0000000000000000E+00   1.0000000000000000E+00   1.0000000000000000E+00
 1.0000000000000000E+00   1.0000000000000000E+00   1.0000000000000000E+00   1.0000000000000000E+00   1.0000000000000000E+00   1.0000000000000000E+00   1.0000000000000000E+00   1.0000000000000000E+00   1.0000000000000000E+00   1.0000000000000000E+00   1.0000000000000000E+00
 1.0000000000000000E+00   1.0000000000000000E+00   1.0000000000000000E+00   1.0000000000000000E+00   1.0000000000000000E+00   1.0000000000000000E+00   1.0000000000000000E+00   1.0000000000000000E+00   1.0000000000000000E+00   1.0000000000000000E+00   1.0000000000000000E+00
 1.0000000000000000E+00   1.0000000000000000E+00   1.0000000000000000E+00   1.0000000000000000E+00   1.0000000000000000E+00   1.0000000000000000E+00   1.0000000000000000E+00   1.0000000000000000E+00   1.0000000000000000E+00   1.0000000000000000E+00   1.0000000000000000E+00
 1.0000000000000000E+00   1.0000000000000000E+00   1.0000000000000000E+00   1.0000000000000000E+00   1.0000000000000000E+00   1.0000000000000000E+00   1.0000000000000000E+00   1.0000000000000000E+00   1.0000000000000000E+00   1.0000000000000000E+00   1.0000000000000000E+00
 1.0000000000000000E+00   1.0000000000000000E+00   1.0000000000000000E+00   1.0000000000000000E+00   1.0000000000000000E+00   1.0000000000000000E+00   1.0000000000000000E+00   1.0000000000000000E+00   1.0000000000000000E+00   1.0000000000000000E+00   1.0000000000000000E+00
 1.0000000000000000E+00   1.0000000000000000E+00   1.0000000000000000E+00   1.0000000000000000E+00   1.0000000000000000E+00   1.0000000000000000E+00   1.0000000000000000E+00   1.0000000000000000E+00   1.0000000000000000E+00   1.0000000000000000E+00   1.0000000000000000E+00
 1.0000000000000000E+00   1.0000000000000000E+00   1.0000000000000000E+00   1.0000000000000000E+00   1.0000000000000000E+00   1.0000000000000000E+00   1.0000000000000000E+00   1.0000000000000000E+00   1.0000000000000000E+00   1.0000000000000000E+00   1.0000000000000000E+00
 1.0000000000000000E+00   1.0000000000000000E+00   1.0000000000000000E+00   1.0000000000000000E+00   1.0000000000000000E+00   1.0000000000000000E+00   1.0000000000000000E+00   1.0000000000000000E+00   1.0000000000000000E+00   1.0000000000000000E+00   1.0000000000000000E+00
 1.0000000000000000E+00   1.0000000000000000E+00   1.0000000000000000E+00   1.0000000000000000E+00   1.0000000000000000E+00   1.0000000000000000E+00   1.0000000000000000E+00   1.0000000000000000E+00   1.0000000000000000E+00   1.0000000000000000E+00   1.0000000000000000E+00
 1.0000000000000000E+00   1.0000000000000000E+00   1.0000000000000000E+00   1.0000000000000000E+00   1.0000000000000000E+00   1.0000000000000000E+00   1.0000000000000000E+00   1.0000000000000000E+00   1.0000000000000000E+00   1.0000000000000000E+00   1.0000000000000000E+00
 1.0000000000000000E+00   1.0000000000000000E+00   1.0000000000000000E+00   1.0000000000000000E+00   1.0000000000000000E+00   1.0000000000000000E+00   1.0000000000000000E+00   1.0000000000000000E+00   1.0000000000000000E+00   1.0000000000000000E+00   1.0000000000000000E+00
 1.0000000000000000E+00   1.0000000000000000E+00   1.0000000000000000E+00   1.0000000000000000E+00   1.0000000000000000E+00   1.0000000000000000E+00   1.0000000000000000E+00   1.0000000000000000E+00   1.0000000000000000E+00   1.0000000000000000E+00   1.0000000000000000E+00
 1.0000000000000000E+00   1.0000000000000000E+00   1.0000000000000000E+00   1.0000000000000000E+00   1.0000000000000000E+00   1.0000000000000000E+00   1.0000000000000000E+00   1.0000000000000000E+00   1.0000000000000000E+00   1.0000000000000000E+00   1.0000000000000000E+00
 1.0000000000000000E+00   1.0000000000000000E+00   1.0000000000000000E+00   1.0000000000000000E+00   1.0000000000000000E+00   1.0000000000000000E+00   1.0000000000000000E+00   1.0000000000000000E+00   1.0000000000000000E+00   1.0000000000000000E+00   1.0000000000000000E+00
 1.0000000000000000E+00   1.0000000000000000E+00   1.0000000000000000E+00   1.0000000000000000E+00   1.0000000000000000E+00   1.0000000000000000E+00   1.0000000000000000E+00   1.0000000000000000E+00   1.0000000000000000E+00   1.0000000000000000E+00   1.0000000000000000E+00
 1.0000000000000000E+00   1.0000000000000000E+00   1.0000000000000000E+00   1.0000000000000000E+00   1.0000000000000000E+00   1.0000000000000000E+00   1.0000000000000000E+00   1.0000000000000000E+00   1.0000000000000000E+00   1.0000000000000000E+00   1.0000000000000000E+00
 1.0000000000000000E+00   1.0000000000000000E+00   1.0000000000000000E+00   1.0000000000000000E+00   1.0000000000000000E+00   1.0000000000000000E+00   1.0000000000000000E+00   1.0000000000000000E+00   1.0000000000000000E+00   1.0000000000000000E+00   1.0000000000000000E+00
 1.0000000000000000E+00   1.0000000000000000E+00   1.0000000000000000E+00   1.0000000000000000E+00   1.0000000000000000E+00   1.0000000000000000E+00   1.0000000000000000E+00   1.0000000000000000E+00   1.0000000000000000E+00   1.0000000000000000E+00   1.0000000000000000E+00
 1.0000000000000000E+00   1.0000000000000000E+00   1.0000000000000000E+00   1.0000000000000000E+00   1.0000000000000000E+00   1.0000000000000000E+00   1.0000000000000000E+00   1.0000000000000000E+00   1.0000000000000000E+00   1.0000000000000000E+00   1.0000000000000000E+00
 1.0000000000000000E+00   1.0000000000000000E+00   1.0000000000000000E+00   1.0000000000000000E+00   1.0000000000000000E+00   1.0000000000000000E+00   1.0000000000000000E+00   1.0000000000000000E+00   1.0000000000000000E+00   1.0000000000000000E+00   1.0000000000000000E+00
 1.0000000000000000E+00   1.0000000000000000E+00   1.0000000000000000E+00   1.0000000000000000E+00   1.0000000000000000E+00   1.0000000000000000E+00   1.0000000000000000E+00   1.0000000000000000E+00   1.0000000000000000E+00   1.0000000000000000E+00   1.0000000000000000E+00
 1.0000000000000000E+00   1.0000000000000000E+00   1.0000000000000000E+00   1.0000000000000000E+00   1.0000000000000000E+00   1.0000000000000000E+00   1.0000000000000000E+00   1.0000000000000000E+00   1.0000000000000000E+00   1.0000000000000000E+00   1.0000000000000000E+00
 1.0000000000000000E+00   1.0000000000000000E+00   1.0000000000000000E+00   1.0000000000000000E+00   1.0000000000000000E+00   1.0000000000000000E+00   1.0000000000000000E+00   1.0000000000000000E+00   1.0000000000000000E+00   1.0000000000000000E+00   1.0000000000000000E+00
 1.0000000000000000E+00   1.0000000000000000E+00   1.0000000000000000E+00   1.0000000000000000E+00   1.0000000000000000E+00   1.0000000000000000E+00   1.0000000000000000E+00   1.0000000000000000E+00   1.0000000000000000E+00   1.0000000000000000E+00   1.0000000000000000E+00
 1.0000000000000000E+00   1.0000000000000000E+00   1.0000000000000000E+00   1.0000000000000000E+00   1.0000000000000000E+00
